ISO-10303-21;
HEADER;
FILE_DESCRIPTION (( 'STEP AP203' ),
    '1' );
FILE_NAME ('P102258.step',
    '2014-09-25T01:20:19',
    ( 'Rick' ),
    ( 'Microsoft' ),
    'SwSTEP 2.0',
    'SolidWorks 2014',
    '' );
FILE_SCHEMA (( 'CONFIG_CONTROL_DESIGN' ));
ENDSEC;

DATA;
#1 = DIRECTION ( 'NONE',  ( -0.0000000000000000000, 1.000000000000000000, -0.0000000000000000000 ) ) ;
#2 = FACE_BOUND ( 'NONE', #2981, .T. ) ;
#3 = ORIENTED_EDGE ( 'NONE', *, *, #2255, .T. ) ;
#4 = ORIENTED_EDGE ( 'NONE', *, *, #2498, .T. ) ;
#5 = ORIENTED_EDGE ( 'NONE', *, *, #2782, .F. ) ;
#6 = DIRECTION ( 'NONE',  ( -1.000000000000000000, -1.224646799147353200E-016, 0.0000000000000000000 ) ) ;
#7 = DIRECTION ( 'NONE',  ( 0.0000000000000000000, -1.000000000000000000, 0.0000000000000000000 ) ) ;
#8 = DIRECTION ( 'NONE',  ( 0.0000000000000000000, 0.0000000000000000000, -1.000000000000000000 ) ) ;
#9 = ORIENTED_EDGE ( 'NONE', *, *, #2789, .F. ) ;
#10 = CARTESIAN_POINT ( 'NONE',  ( 0.0000000000000000000, 0.1781397504824583600, 0.0000000000000000000 ) ) ;
#11 = CARTESIAN_POINT ( 'NONE',  ( -1.365000000000000000, 0.2874999999999998700, 0.0000000000000000000 ) ) ;
#12 = ORIENTED_EDGE ( 'NONE', *, *, #2835, .T. ) ;
#13 = PRODUCT_RELATED_PRODUCT_CATEGORY ( 'detail', '', ( #2990 ) ) ;
#14 = CARTESIAN_POINT ( 'NONE',  ( 0.0000000000000000000, 0.0000000000000000000, 1.355000000000000200 ) ) ;
#15 = CARTESIAN_POINT ( 'NONE',  ( 0.0000000000000000000, -1.320000000000000100, 0.3399999999999998600 ) ) ;
#16 = B_SPLINE_CURVE_WITH_KNOTS ( 'NONE', 3,
 ( #224, #648, #679, #1402, #1896, #1348, #2133, #1341, #1352, #887, #877, #880, #893, #873 ),
 .UNSPECIFIED., .F., .F.,
 ( 4, 2, 2, 2, 2, 2, 4 ),
 ( 0.0000000000000000000, 0.0003157279354978820300, 0.0006314558709957640700, 0.0009471838064936460500, 0.001262911741991528100, 0.001894367612987292100, 0.002525823483983056300 ),
 .UNSPECIFIED. ) ;
#17 = CARTESIAN_POINT ( 'NONE',  ( 0.0000000000000000000, 0.2239999999999999200, 0.0000000000000000000 ) ) ;
#18 = DIRECTION ( 'NONE',  ( -0.0000000000000000000, 1.000000000000000000, -0.0000000000000000000 ) ) ;
#19 = DIRECTION ( 'NONE',  ( -0.0000000000000000000, -1.000000000000000000, -0.0000000000000000000 ) ) ;
#20 = ORIENTED_EDGE ( 'NONE', *, *, #2314, .F. ) ;
#21 = ADVANCED_FACE ( 'NONE', ( #1198 ), #1154, .T. ) ;
#22 = B_SPLINE_CURVE_WITH_KNOTS ( 'NONE', 3,
 ( #416, #315, #472, #2428, #1617, #264 ),
 .UNSPECIFIED., .F., .F.,
 ( 4, 2, 4 ),
 ( 0.04033258162630451400, 0.04285295469578741200, 0.04537332776527030300 ),
 .UNSPECIFIED. ) ;
#23 = ORIENTED_EDGE ( 'NONE', *, *, #2928, .F. ) ;
#24 = VERTEX_POINT ( 'NONE', #115 ) ;
#25 = ORIENTED_EDGE ( 'NONE', *, *, #2944, .F. ) ;
#26 = CARTESIAN_POINT ( 'NONE',  ( -1.365000000000000000, -0.2300000000000001800, 0.0000000000000000000 ) ) ;
#27 = CIRCLE ( 'NONE', #1180, 0.2499999999999998600 ) ;
#28 = CARTESIAN_POINT ( 'NONE',  ( -0.6850000000000000500, 0.2040000000000000700, 8.388830574159370600E-017 ) ) ;
#29 = ORIENTED_EDGE ( 'NONE', *, *, #2780, .T. ) ;
#30 = CC_DESIGN_SECURITY_CLASSIFICATION ( #197, ( #324 ) ) ;
#31 = CARTESIAN_POINT ( 'NONE',  ( 0.0000000000000000000, 0.0000000000000000000, 0.0000000000000000000 ) ) ;
#32 = DIRECTION ( 'NONE',  ( -2.449293598294706400E-016, 1.000000000000000000, 0.0000000000000000000 ) ) ;
#33 = ORIENTED_EDGE ( 'NONE', *, *, #2919, .T. ) ;
#34 = CARTESIAN_POINT ( 'NONE',  ( -0.1962990915244727500, -1.285000000000000100, -0.3399999999999999700 ) ) ;
#35 = EDGE_CURVE ( 'NONE', #771, #2369, #1793, .T. ) ;
#36 = CARTESIAN_POINT ( 'NONE',  ( 0.05208333333333341200, -0.3514235798236370900, -0.3307735917232231300 ) ) ;
#37 = ORIENTED_EDGE ( 'NONE', *, *, #2324, .F. ) ;
#38 = ADVANCED_FACE ( 'NONE', ( #916 ), #408, .T. ) ;
#39 = DIRECTION ( 'NONE',  ( 0.0000000000000000000, 0.0000000000000000000, -1.000000000000000000 ) ) ;
#40 = VERTEX_POINT ( 'NONE', #881 ) ;
#41 = CARTESIAN_POINT ( 'NONE',  ( 0.0000000000000000000, -0.8700000000000003300, 0.0000000000000000000 ) ) ;
#42 = VERTEX_POINT ( 'NONE', #555 ) ;
#43 = CARTESIAN_POINT ( 'NONE',  ( -0.3125000000000000600, -0.3514177794811619800, -0.1201437681173670700 ) ) ;
#44 = ORIENTED_EDGE ( 'NONE', *, *, #2838, .F. ) ;
#45 = DIRECTION ( 'NONE',  ( 0.03067197795516940500, -0.7167631869594159900, -0.6966417756552494300 ) ) ;
#46 = ORIENTED_EDGE ( 'NONE', *, *, #2806, .F. ) ;
#47 = CARTESIAN_POINT ( 'NONE',  ( 0.3125000000000001700, -0.6697881377964994800, -0.03069933388779227900 ) ) ;
#48 = CARTESIAN_POINT ( 'NONE',  ( 0.0000000000000000000, -0.7700000000000001300, 0.1499999999999999100 ) ) ;
#49 = ADVANCED_FACE ( 'NONE', ( #1869 ), #1843, .T. ) ;
#50 = ORIENTED_EDGE ( 'NONE', *, *, #2830, .T. ) ;
#51 = EDGE_CURVE ( 'NONE', #2055, #1635, #2610, .T. ) ;
#52 = DIRECTION ( 'NONE',  ( -0.0000000000000000000, -1.000000000000000000, -0.0000000000000000000 ) ) ;
#53 = CARTESIAN_POINT ( 'NONE',  ( 0.05208333333333323200, -0.6685764201763632100, 0.3307735917232233500 ) ) ;
#54 = CARTESIAN_POINT ( 'NONE',  ( -0.3125000000000002200, -0.3502397666830312000, -0.02953553669098718200 ) ) ;
#55 = EDGE_CURVE ( 'NONE', #2184, #414, #1230, .T. ) ;
#56 = FACE_OUTER_BOUND ( 'NONE', #1892, .T. ) ;
#57 = ORIENTED_EDGE ( 'NONE', *, *, #2482, .F. ) ;
#58 = ADVANCED_FACE ( 'NONE', ( #674 ), #1222, .T. ) ;
#59 = CARTESIAN_POINT ( 'NONE',  ( -1.344999882773571000, 0.2250014478173199800, 0.004168978868754974500 ) ) ;
#60 = CARTESIAN_POINT ( 'NONE',  ( 0.03366086504475716800, -1.320000000000000100, -0.3400000000000000800 ) ) ;
#61 = ORIENTED_EDGE ( 'NONE', *, *, #2190, .F. ) ;
#62 = ORIENTED_EDGE ( 'NONE', *, *, #2768, .F. ) ;
#63 = CARTESIAN_POINT ( 'NONE',  ( -1.364497673092419900, 0.2383783965090194000, -0.03953122448161170600 ) ) ;
#64 = DIRECTION ( 'NONE',  ( 0.0000000000000000000, 0.0000000000000000000, -1.000000000000000000 ) ) ;
#65 = ORIENTED_EDGE ( 'NONE', *, *, #2572, .F. ) ;
#66 = VERTEX_POINT ( 'NONE', #562 ) ;
#67 = DIRECTION ( 'NONE',  ( -0.8660254037844386000, 0.0000000000000000000, -0.5000000000000001100 ) ) ;
#68 = DIRECTION ( 'NONE',  ( 0.0000000000000000000, 0.0000000000000000000, 1.000000000000000000 ) ) ;
#69 = ORIENTED_EDGE ( 'NONE', *, *, #2165, .T. ) ;
#70 = CARTESIAN_POINT ( 'NONE',  ( -1.364856819924628300, 0.2072212739517508800, -0.02225790600735230000 ) ) ;
#71 = CARTESIAN_POINT ( 'NONE',  ( -1.363852330192180600, 0.2260065042642974100, -0.05610140859258391800 ) ) ;
#72 = ADVANCED_FACE ( 'NONE', ( #571 ), #1694, .T. ) ;
#73 = ORIENTED_EDGE ( 'NONE', *, *, #2803, .T. ) ;
#74 = DIRECTION ( 'NONE',  ( 0.0000000000000000000, 1.000000000000000000, 0.0000000000000000000 ) ) ;
#75 = PLANE ( 'NONE',  #911 ) ;
#76 = ORIENTED_EDGE ( 'NONE', *, *, #3016, .F. ) ;
#77 = DIRECTION ( 'NONE',  ( 0.0000000000000000000, -1.000000000000000000, 0.0000000000000000000 ) ) ;
#78 = DIRECTION ( 'NONE',  ( 0.0000000000000000000, 0.0000000000000000000, 1.000000000000000000 ) ) ;
#79 = ADVANCED_FACE ( 'NONE', ( #1567 ), #583, .F. ) ;
#80 = DIRECTION ( 'NONE',  ( 0.8660254037844399300, 0.0000000000000000000, 0.4999999999999977800 ) ) ;
#81 = DIRECTION ( 'NONE',  ( 0.8660254037844364900, 0.0000000000000000000, -0.5000000000000038900 ) ) ;
#82 = VERTEX_POINT ( 'NONE', #767 ) ;
#83 = DIRECTION ( 'NONE',  ( -0.0000000000000000000, 1.000000000000000000, -0.0000000000000000000 ) ) ;
#84 = DIRECTION ( 'NONE',  ( -1.836970198721020100E-016, 1.000000000000000000, 1.060575238724912600E-016 ) ) ;
#85 = DIRECTION ( 'NONE',  ( -0.0000000000000000000, 1.000000000000000000, -0.0000000000000000000 ) ) ;
#86 = FACE_OUTER_BOUND ( 'NONE', #1757, .T. ) ;
#87 = ORIENTED_EDGE ( 'NONE', *, *, #2755, .F. ) ;
#88 = ADVANCED_FACE ( 'NONE', ( #3168 ), #1591, .T. ) ;
#89 = DIRECTION ( 'NONE',  ( 0.0000000000000000000, 0.0000000000000000000, 1.000000000000000000 ) ) ;
#90 = ORIENTED_EDGE ( 'NONE', *, *, #2840, .F. ) ;
#91 = DIRECTION ( 'NONE',  ( 1.224646799147353200E-016, -1.000000000000000000, 0.0000000000000000000 ) ) ;
#92 = CC_DESIGN_APPROVAL ( #141, ( #197 ) ) ;
#93 = CARTESIAN_POINT ( 'NONE',  ( 8.104875836277602900E-015, -0.2500000000000006700, 1.156250000000000000 ) ) ;
#94 = CARTESIAN_POINT ( 'NONE',  ( 0.3125000000000000000, -0.6650000000000001500, 0.1804219591217584300 ) ) ;
#95 = DIRECTION ( 'NONE',  ( -1.836970198721034600E-016, 1.000000000000000000, -1.060575238724904000E-016 ) ) ;
#96 = DIRECTION ( 'NONE',  ( -0.0000000000000000000, -1.000000000000000000, -0.0000000000000000000 ) ) ;
#97 = DIRECTION ( 'NONE',  ( 0.0000000000000000000, 0.0000000000000000000, 1.000000000000000000 ) ) ;
#98 = ORIENTED_EDGE ( 'NONE', *, *, #2155, .F. ) ;
#99 = TOROIDAL_SURFACE ( 'NONE', #1176, 0.2282239798187731800, 0.2512347083656116800 ) ;
#100 = ORIENTED_EDGE ( 'NONE', *, *, #2164, .T. ) ;
#101 = ORIENTED_EDGE ( 'NONE', *, *, #2309, .F. ) ;
#102 = DIRECTION ( 'NONE',  ( 1.000000000000000000, 0.0000000000000000000, 0.0000000000000000000 ) ) ;
#103 = ORIENTED_EDGE ( 'NONE', *, *, #2426, .T. ) ;
#104 = ADVANCED_FACE ( 'NONE', ( #217 ), #1687, .T. ) ;
#105 = DIRECTION ( 'NONE',  ( -0.0000000000000000000, 1.000000000000000000, -0.0000000000000000000 ) ) ;
#106 = ORIENTED_EDGE ( 'NONE', *, *, #2876, .F. ) ;
#107 = AXIS2_PLACEMENT_3D ( 'NONE', #1677, #1667, #1646 ) ;
#108 = CARTESIAN_POINT ( 'NONE',  ( 0.1654108635387016600, -0.8916388740411753700, -0.3400000000000001400 ) ) ;
#109 = ORIENTED_EDGE ( 'NONE', *, *, #2855, .F. ) ;
#110 = VERTEX_POINT ( 'NONE', #700 ) ;
#111 = DIRECTION ( 'NONE',  ( 0.0000000000000000000, 0.0000000000000000000, 1.000000000000000000 ) ) ;
#112 = CARTESIAN_POINT ( 'NONE',  ( -1.364964762246614800, 0.2055607259548532500, 0.01122661836658421000 ) ) ;
#113 = ORIENTED_EDGE ( 'NONE', *, *, #2279, .F. ) ;
#114 = ADVANCED_FACE ( 'NONE', ( #2570 ), #1122, .F. ) ;
#115 = CARTESIAN_POINT ( 'NONE',  ( 0.3925981830489455000, -0.9050000000000003600, 3.414809992080329000E-017 ) ) ;
#116 = DIRECTION ( 'NONE',  ( 0.0000000000000000000, 0.0000000000000000000, -1.000000000000000000 ) ) ;
#117 = DIRECTION ( 'NONE',  ( -1.000000000000000000, -2.577215088362511900E-016, 0.0000000000000000000 ) ) ;
#118 = CARTESIAN_POINT ( 'NONE',  ( 1.530808498934199500E-017, -0.2500000000000005000, -1.156250000000000000 ) ) ;
#119 = DIRECTION ( 'NONE',  ( -0.0000000000000000000, 1.000000000000000000, -0.0000000000000000000 ) ) ;
#120 = CARTESIAN_POINT ( 'NONE',  ( 0.1041666666666665700, -0.6697095447247501900, 0.3007032652029303400 ) ) ;
#121 = DIRECTION ( 'NONE',  ( -0.0000000000000000000, 1.000000000000000000, -0.0000000000000000000 ) ) ;
#122 = ORIENTED_EDGE ( 'NONE', *, *, #2343, .F. ) ;
#123 = ORIENTED_EDGE ( 'NONE', *, *, #2149, .T. ) ;
#124 = CARTESIAN_POINT ( 'NONE',  ( 4.097771990496394800E-016, -0.6650000000000001500, -0.3608439182435163000 ) ) ;
#125 = ORIENTED_EDGE ( 'NONE', *, *, #2859, .F. ) ;
#126 = CARTESIAN_POINT ( 'NONE',  ( 0.2083333333333332900, -0.6697095447247505300, 0.2405626121623442600 ) ) ;
#127 = CARTESIAN_POINT ( 'NONE',  ( 0.3609381773769276800, -1.306846069879161300, 0.05483673839185381600 ) ) ;
#128 = AXIS2_PLACEMENT_3D ( 'NONE', #775, #1141, #2892 ) ;
#129 = ORIENTED_EDGE ( 'NONE', *, *, #2781, .F. ) ;
#130 = CARTESIAN_POINT ( 'NONE',  ( -1.364999881032125100, 0.2050019111463816400, 0.005584881877851061700 ) ) ;
#131 = CARTESIAN_POINT ( 'NONE',  ( 0.3111023412355503100, -0.8700000000000007700, 0.1411549386263970500 ) ) ;
#132 = B_SPLINE_CURVE_WITH_KNOTS ( 'NONE', 3,
 ( #1760, #2895, #1982, #1971, #1955, #2096, #2052, #2031 ),
 .UNSPECIFIED., .F., .F.,
 ( 4, 2, 2, 4 ),
 ( 0.001687929945903773200, 0.002531163405675091100, 0.002952780135560750000, 0.003374396865446409000 ),
 .UNSPECIFIED. ) ;
#133 = ORIENTED_EDGE ( 'NONE', *, *, #2613, .T. ) ;
#134 = DIRECTION ( 'NONE',  ( -0.0000000000000000000, 1.000000000000000000, -0.0000000000000000000 ) ) ;
#135 = DIRECTION ( 'NONE',  ( 1.000000000000000000, -0.0000000000000000000, -0.0000000000000000000 ) ) ;
#136 = VERTEX_POINT ( 'NONE', #452 ) ;
#137 = CARTESIAN_POINT ( 'NONE',  ( -0.1041666666666663900, -0.6697095447247501900, -0.3007032652029302300 ) ) ;
#138 = DIRECTION ( 'NONE',  ( 1.000000000000000000, -0.0000000000000000000, -0.0000000000000000000 ) ) ;
#139 = ORIENTED_EDGE ( 'NONE', *, *, #2037, .F. ) ;
#140 = ORIENTED_EDGE ( 'NONE', *, *, #2266, .F. ) ;
#141 = APPROVAL ( #926, 'UNSPECIFIED' ) ;
#142 = CIRCLE ( 'NONE', #1189, 0.1499999999999999100 ) ;
#143 = ORIENTED_EDGE ( 'NONE', *, *, #2335, .F. ) ;
#144 = CIRCLE ( 'NONE', #1200, 0.2999999999999998800 ) ;
#145 = CARTESIAN_POINT ( 'NONE',  ( 0.0000000000000000000, -1.320000000000000100, 0.0000000000000000000 ) ) ;
#146 = ORIENTED_EDGE ( 'NONE', *, *, #2203, .T. ) ;
#147 = CARTESIAN_POINT ( 'NONE',  ( -1.365000000000000000, 0.2499999999999998100, -0.05916079783099605100 ) ) ;
#148 = ORIENTED_EDGE ( 'NONE', *, *, #2309, .T. ) ;
#149 = CARTESIAN_POINT ( 'NONE',  ( -0.3125000000000000600, -0.3549999999999980400, 0.1804219591217581200 ) ) ;
#150 = DIRECTION ( 'NONE',  ( 0.0000000000000000000, 0.0000000000000000000, 1.000000000000000000 ) ) ;
#151 = ORIENTED_EDGE ( 'NONE', *, *, #2336, .T. ) ;
#152 = CARTESIAN_POINT ( 'NONE',  ( -1.364981533831280100, 0.2254425890200821300, 0.008548054088419607800 ) ) ;
#153 = DIRECTION ( 'NONE',  ( 1.000000000000000000, -0.0000000000000000000, -0.0000000000000000000 ) ) ;
#154 = CARTESIAN_POINT ( 'NONE',  ( 0.0000000000000000000, 0.1781397504824583600, 0.0000000000000000000 ) ) ;
#155 = ORIENTED_EDGE ( 'NONE', *, *, #3010, .F. ) ;
#156 = DIRECTION ( 'NONE',  ( 0.0000000000000000000, 0.0000000000000000000, -1.000000000000000000 ) ) ;
#157 = CARTESIAN_POINT ( 'NONE',  ( -0.3125000000000000600, -0.6674835863003313300, -0.1504038296287907600 ) ) ;
#158 = CARTESIAN_POINT ( 'NONE',  ( -0.1962990915244727000, -1.320000000000000100, 0.3400000000000000800 ) ) ;
#159 = CARTESIAN_POINT ( 'NONE',  ( 0.0000000000000000000, -0.6700000000000002600, 0.0000000000000000000 ) ) ;
#160 = VERTEX_POINT ( 'NONE', #666 ) ;
#161 = CARTESIAN_POINT ( 'NONE',  ( 0.0000000000000000000, 0.2499999999999999200, 0.0000000000000000000 ) ) ;
#162 = CARTESIAN_POINT ( 'NONE',  ( -5.914624404477005100E-017, -1.320000000000000100, -0.3399999999999998600 ) ) ;
#163 = DIRECTION ( 'NONE',  ( 0.4999999999999998900, 0.0000000000000000000, 0.8660254037844387100 ) ) ;
#164 = DIRECTION ( 'NONE',  ( -2.449293598294706400E-016, 1.000000000000000000, -0.0000000000000000000 ) ) ;
#165 = ORIENTED_EDGE ( 'NONE', *, *, #1846, .F. ) ;
#166 = CARTESIAN_POINT ( 'NONE',  ( 0.3125000000000000600, -0.3502118622035008100, -0.03069933388779222400 ) ) ;
#167 = ORIENTED_EDGE ( 'NONE', *, *, #2219, .F. ) ;
#168 = CARTESIAN_POINT ( 'NONE',  ( -0.3925981830489455000, -0.9050000000000003600, 0.0000000000000000000 ) ) ;
#169 = CARTESIAN_POINT ( 'NONE',  ( 0.2612360314138740300, -0.8722931692392219500, -0.2275259208235110300 ) ) ;
#170 = ADVANCED_FACE ( 'NONE', ( #720 ), #1227, .F. ) ;
#171 = ORIENTED_EDGE ( 'NONE', *, *, #2481, .F. ) ;
#172 = ORIENTED_EDGE ( 'NONE', *, *, #2644, .F. ) ;
#173 = CARTESIAN_POINT ( 'NONE',  ( 1.087486357642849600E-016, 0.2239999999999999200, 0.8249999999999999600 ) ) ;
#174 = DIRECTION ( 'NONE',  ( 0.8660254037844399300, 0.0000000000000000000, 0.4999999999999977800 ) ) ;
#175 = ORIENTED_EDGE ( 'NONE', *, *, #2676, .F. ) ;
#176 = CARTESIAN_POINT ( 'NONE',  ( -0.8688418731257584500, -0.2500000000000006700, 0.5781249999999976700 ) ) ;
#177 = VERTEX_POINT ( 'NONE', #632 ) ;
#178 = CARTESIAN_POINT ( 'NONE',  ( -1.364831190755842800, 0.2077502139294585000, 0.02215084366102234100 ) ) ;
#179 = ORIENTED_EDGE ( 'NONE', *, *, #2202, .F. ) ;
#180 = CIRCLE ( 'NONE', #1182, 0.2499999999999999200 ) ;
#181 = CC_DESIGN_DATE_AND_TIME_ASSIGNMENT ( #2218, #949, ( #197 ) ) ;
#182 = DIRECTION ( 'NONE',  ( 0.0000000000000000000, 0.0000000000000000000, 1.000000000000000000 ) ) ;
#183 = CARTESIAN_POINT ( 'NONE',  ( 1.364733604347203800, 0.2093669001947600400, -0.02745225593002877100 ) ) ;
#184 = CARTESIAN_POINT ( 'NONE',  ( 0.1041666666666667700, -0.3502904552752499300, -0.3007032652029301100 ) ) ;
#185 = CARTESIAN_POINT ( 'NONE',  ( 0.0000000000000000000, -1.435000000000000100, 0.0000000000000000000 ) ) ;
#186 = VERTEX_POINT ( 'NONE', #1905 ) ;
#187 = ORIENTED_EDGE ( 'NONE', *, *, #2355, .T. ) ;
#188 = DIRECTION ( 'NONE',  ( 0.0000000000000000000, -0.0000000000000000000, 1.000000000000000000 ) ) ;
#189 = CARTESIAN_POINT ( 'NONE',  ( -1.001341873125758600, -0.2500000000000007200, -0.5781249999999976700 ) ) ;
#190 = FACE_BOUND ( 'NONE', #1864, .T. ) ;
#191 = CC_DESIGN_PERSON_AND_ORGANIZATION_ASSIGNMENT ( #2257, #1500, ( #197 ) ) ;
#192 = ORIENTED_EDGE ( 'NONE', *, *, #2629, .T. ) ;
#193 = CARTESIAN_POINT ( 'NONE',  ( -1.057062624037987700E-016, -0.6650000000000001500, 0.3608439182435163000 ) ) ;
#194 = PLANE ( 'NONE',  #1993 ) ;
#195 = CIRCLE ( 'NONE', #1265, 0.02000000000000000400 ) ;
#196 = ORIENTED_EDGE ( 'NONE', *, *, #2781, .T. ) ;
#197 = SECURITY_CLASSIFICATION ( '', '', #944 ) ;
#198 = DIRECTION ( 'NONE',  ( 1.000000000000000000, 1.224646799147353200E-016, 0.0000000000000000000 ) ) ;
#199 = ORIENTED_EDGE ( 'NONE', *, *, #2280, .T. ) ;
#200 = ORIENTED_EDGE ( 'NONE', *, *, #2267, .F. ) ;
#201 = CIRCLE ( 'NONE', #1268, 0.01999999999999994500 ) ;
#202 = DIRECTION ( 'NONE',  ( 0.0000000000000000000, 0.0000000000000000000, 1.000000000000000000 ) ) ;
#203 = DIRECTION ( 'NONE',  ( -0.0000000000000000000, 1.000000000000000000, -0.0000000000000000000 ) ) ;
#204 = ORIENTED_EDGE ( 'NONE', *, *, #2812, .F. ) ;
#205 = ORIENTED_EDGE ( 'NONE', *, *, #2845, .F. ) ;
#206 = DIRECTION ( 'NONE',  ( -0.0000000000000000000, 1.000000000000000000, -0.0000000000000000000 ) ) ;
#207 = DIRECTION ( 'NONE',  ( 0.0000000000000000000, 0.0000000000000000000, 1.000000000000000000 ) ) ;
#208 = ORIENTED_EDGE ( 'NONE', *, *, #2510, .F. ) ;
#209 = CARTESIAN_POINT ( 'NONE',  ( -1.001341873125758400, 0.2500000000000002800, 0.5781249999999976700 ) ) ;
#210 = B_SPLINE_CURVE_WITH_KNOTS ( 'NONE', 3,
 ( #3048, #2741, #1271, #2750, #2757, #694, #1819, #166, #494, #2152, #402, #1642 ),
 .UNSPECIFIED., .F., .F.,
 ( 4, 2, 2, 2, 2, 4 ),
 ( 0.07549696750331222300, 0.07777619126427329200, 0.07891580314475382700, 0.08005541502523436100, 0.08233463878619544400, 0.08461386254715651300 ),
 .UNSPECIFIED. ) ;
#211 = ORIENTED_EDGE ( 'NONE', *, *, #3026, .F. ) ;
#212 = CC_DESIGN_PERSON_AND_ORGANIZATION_ASSIGNMENT ( #2268, #1645, ( #324 ) ) ;
#213 = DIRECTION ( 'NONE',  ( 0.0000000000000000000, 1.000000000000000000, 0.0000000000000000000 ) ) ;
#214 = ORIENTED_EDGE ( 'NONE', *, *, #2301, .F. ) ;
#215 = DIRECTION ( 'NONE',  ( 1.000000000000000000, -0.0000000000000000000, -0.0000000000000000000 ) ) ;
#216 = VERTEX_POINT ( 'NONE', #2207 ) ;
#217 = FACE_OUTER_BOUND ( 'NONE', #2950, .T. ) ;
#218 = CARTESIAN_POINT ( 'NONE',  ( 4.163799117100999100E-017, 0.0000000000000000000, -0.3399999999999998600 ) ) ;
#219 = FACE_OUTER_BOUND ( 'NONE', #1788, .T. ) ;
#220 = CARTESIAN_POINT ( 'NONE',  ( -0.3125000000000000600, -0.3505691137568246500, -0.07484417595973107100 ) ) ;
#221 = CARTESIAN_POINT ( 'NONE',  ( 1.659396412844664000E-016, 0.01999999999999993100, -1.355000000000000200 ) ) ;
#222 = CARTESIAN_POINT ( 'NONE',  ( -1.343698254817650800, 0.2439393939393938700, 0.04481878623560321700 ) ) ;
#223 = CARTESIAN_POINT ( 'NONE',  ( -1.133841873125758500, 0.2500000000000002200, 0.5781249999999976700 ) ) ;
#224 = CARTESIAN_POINT ( 'NONE',  ( 0.9499433016766669600, 0.2439393939393937300, -0.04481878623560307800 ) ) ;
#225 = CARTESIAN_POINT ( 'NONE',  ( 1.001341873125762600, -0.2500000000000003300, 0.7106249999999906300 ) ) ;
#226 = ORIENTED_EDGE ( 'NONE', *, *, #2769, .F. ) ;
#227 = CIRCLE ( 'NONE', #1269, 0.02000000000000000400 ) ;
#228 = VERTEX_POINT ( 'NONE', #935 ) ;
#229 = CARTESIAN_POINT ( 'NONE',  ( 0.0000000000000000000, 0.01999999999999992400, 0.0000000000000000000 ) ) ;
#230 = CARTESIAN_POINT ( 'NONE',  ( -0.3125000000000000600, -0.6685629545111510000, 0.1206799926922896400 ) ) ;
#231 = B_SPLINE_CURVE_WITH_KNOTS ( 'NONE', 3,
 ( #2896, #2097, #514, #1634, #822, #341, #345, #347, #323, #327, #330, #403, #412, #353 ),
 .UNSPECIFIED., .F., .F.,
 ( 4, 2, 2, 2, 2, 2, 4 ),
 ( 0.0000000000000000000, 0.0006356068479654691500, 0.001271213695930938300, 0.001589017119913672800, 0.001906820543896407600, 0.002224623967879142500, 0.002542427391861877000 ),
 .UNSPECIFIED. ) ;
#232 = ORIENTED_EDGE ( 'NONE', *, *, #2358, .T. ) ;
#233 = CIRCLE ( 'NONE', #1275, 0.01999999999999994500 ) ;
#234 = ORIENTED_EDGE ( 'NONE', *, *, #2162, .T. ) ;
#235 = DIRECTION ( 'NONE',  ( -0.0000000000000000000, 1.000000000000000000, -0.0000000000000000000 ) ) ;
#236 = DIRECTION ( 'NONE',  ( 0.0000000000000000000, 0.0000000000000000000, 1.000000000000000000 ) ) ;
#237 = VERTEX_POINT ( 'NONE', #831 ) ;
#238 = CARTESIAN_POINT ( 'NONE',  ( -0.3125000000000000000, -0.6694308862431755900, -0.07484417595973098800 ) ) ;
#239 = CARTESIAN_POINT ( 'NONE',  ( 0.0000000000000000000, 0.04900000000000009200, 0.0000000000000000000 ) ) ;
#240 = ORIENTED_EDGE ( 'NONE', *, *, #2821, .T. ) ;
#241 = VECTOR ( 'NONE', #858, 39.37007874015748100 ) ;
#242 = ORIENTED_EDGE ( 'NONE', *, *, #2449, .F. ) ;
#243 = CARTESIAN_POINT ( 'NONE',  ( -0.3125000000000000000, -0.3514370454888493000, 0.1206799926922902100 ) ) ;
#244 = VERTEX_POINT ( 'NONE', #2291 ) ;
#245 = CARTESIAN_POINT ( 'NONE',  ( 0.0000000000000000000, -0.6700000000000000400, 0.2499999999999999200 ) ) ;
#246 = TOROIDAL_SURFACE ( 'NONE', #2063, 0.2282239798187731800, 0.2512347083656116800 ) ;
#247 = DIRECTION ( 'NONE',  ( 1.000000000000000000, 0.0000000000000000000, 1.224646799147353200E-016 ) ) ;
#248 = LINE ( 'NONE', #942, #3171 ) ;
#249 = DIRECTION ( 'NONE',  ( -1.000000000000000000, -1.224646799147353200E-016, 0.0000000000000000000 ) ) ;
#250 = DIRECTION ( 'NONE',  ( 0.0000000000000000000, -1.000000000000000000, 0.0000000000000000000 ) ) ;
#251 = CARTESIAN_POINT ( 'NONE',  ( -0.9499433016766669600, 0.2439393939393937300, -0.04481878623560307800 ) ) ;
#252 = CC_DESIGN_PERSON_AND_ORGANIZATION_ASSIGNMENT ( #2271, #1607, ( #324 ) ) ;
#253 = CYLINDRICAL_SURFACE ( 'NONE', #2058, 0.1325000000000000300 ) ;
#254 = CARTESIAN_POINT ( 'NONE',  ( -0.2944486372867089500, -1.320000000000000100, 0.1699999999999999300 ) ) ;
#255 = ORIENTED_EDGE ( 'NONE', *, *, #2914, .F. ) ;
#256 = ADVANCED_FACE ( 'NONE', ( #947 ), #281, .F. ) ;
#257 = CARTESIAN_POINT ( 'NONE',  ( 1.364735115810286900, 0.2093414155996907400, -0.02737721880138136600 ) ) ;
#258 = CARTESIAN_POINT ( 'NONE',  ( -1.364365293986360200, 0.2157883125922049600, 0.04287299063680824500 ) ) ;
#259 = CARTESIAN_POINT ( 'NONE',  ( 0.3362149988913171700, -1.314950733715498000, 0.09765853965352534700 ) ) ;
#260 = CIRCLE ( 'NONE', #1201, 0.01999999999999994500 ) ;
#261 = DIRECTION ( 'NONE',  ( 1.000000000000000000, -0.0000000000000000000, -0.0000000000000000000 ) ) ;
#262 = VERTEX_POINT ( 'NONE', #2139 ) ;
#263 = EDGE_LOOP ( 'NONE', ( #2080, #2085, #2086 ) ) ;
#264 = CARTESIAN_POINT ( 'NONE',  ( -5.914624404477005100E-017, -1.320000000000000100, -0.3399999999999998600 ) ) ;
#265 = ORIENTED_EDGE ( 'NONE', *, *, #2770, .T. ) ;
#266 = ORIENTED_EDGE ( 'NONE', *, *, #2319, .T. ) ;
#267 = ORIENTED_EDGE ( 'NONE', *, *, #2256, .F. ) ;
#268 = DIRECTION ( 'NONE',  ( -0.0000000000000000000, -1.000000000000000000, -0.0000000000000000000 ) ) ;
#269 = CARTESIAN_POINT ( 'NONE',  ( 0.2861296477299983800, -1.320000000000000500, -0.1844089125798580000 ) ) ;
#270 = ORIENTED_EDGE ( 'NONE', *, *, #51, .T. ) ;
#271 = ADVANCED_FACE ( 'NONE', ( #3164 ), #2171, .T. ) ;
#272 = ORIENTED_EDGE ( 'NONE', *, *, #2360, .T. ) ;
#273 = DIRECTION ( 'NONE',  ( 0.0000000000000000000, -0.0000000000000000000, -1.000000000000000000 ) ) ;
#274 = CARTESIAN_POINT ( 'NONE',  ( 1.530808498934199500E-017, -0.2500000000000005000, -1.156250000000000000 ) ) ;
#275 = ORIENTED_EDGE ( 'NONE', *, *, #2755, .T. ) ;
#276 = DIRECTION ( 'NONE',  ( 0.8660254037844364900, 0.0000000000000000000, -0.5000000000000038900 ) ) ;
#277 = ORIENTED_EDGE ( 'NONE', *, *, #2186, .F. ) ;
#278 = CARTESIAN_POINT ( 'NONE',  ( 0.6850000000000000500, 0.2039999999999999900, 0.0000000000000000000 ) ) ;
#279 = ORIENTED_EDGE ( 'NONE', *, *, #2860, .T. ) ;
#280 = CARTESIAN_POINT ( 'NONE',  ( 0.0000000000000000000, -1.435000000000000100, 0.0000000000000000000 ) ) ;
#281 = CYLINDRICAL_SURFACE ( 'NONE', #2089, 0.1325000000000000900 ) ;
#282 = ADVANCED_FACE ( 'NONE', ( #624 ), #3058, .T. ) ;
#283 = FACE_OUTER_BOUND ( 'NONE', #2083, .T. ) ;
#284 = CC_DESIGN_APPROVAL ( #308, ( #324 ) ) ;
#285 = CARTESIAN_POINT ( 'NONE',  ( -0.3125000000000000600, -0.3500000000000000900, -0.1804219591217581200 ) ) ;
#286 = CARTESIAN_POINT ( 'NONE',  ( 0.3125000000000002800, -0.6650000000000001500, -0.1804219591217579600 ) ) ;
#287 = CARTESIAN_POINT ( 'NONE',  ( -0.2083333333333331500, -0.3502904552752498800, -0.2405626121623442000 ) ) ;
#288 = ADVANCED_FACE ( 'NONE', ( #190, #2363 ), #306, .F. ) ;
#289 = DIRECTION ( 'NONE',  ( -0.8660254037844433700, 0.0000000000000000000, -0.4999999999999916200 ) ) ;
#290 = VERTEX_POINT ( 'NONE', #540 ) ;
#291 = CIRCLE ( 'NONE', #1270, 0.01999999999999994500 ) ;
#292 = ORIENTED_EDGE ( 'NONE', *, *, #2281, .T. ) ;
#293 = DIRECTION ( 'NONE',  ( -0.0000000000000000000, 1.000000000000000000, -0.0000000000000000000 ) ) ;
#294 = DIRECTION ( 'NONE',  ( -1.224646799147353200E-016, 1.000000000000000000, -0.0000000000000000000 ) ) ;
#295 = ORIENTED_EDGE ( 'NONE', *, *, #2272, .T. ) ;
#296 = CIRCLE ( 'NONE', #1280, 0.01999999999999999700 ) ;
#297 = ORIENTED_EDGE ( 'NONE', *, *, #2288, .T. ) ;
#298 = CARTESIAN_POINT ( 'NONE',  ( -0.02604166666666639400, -0.3525120951153925000, -0.3458087549833697700 ) ) ;
#299 = CARTESIAN_POINT ( 'NONE',  ( 0.0000000000000000000, -1.435000000000000100, 0.0000000000000000000 ) ) ;
#300 = VERTEX_POINT ( 'NONE', #286 ) ;
#301 = DIRECTION ( 'NONE',  ( 1.000000000000000000, 0.0000000000000000000, 0.0000000000000000000 ) ) ;
#302 = CARTESIAN_POINT ( 'NONE',  ( -0.3125000000000001700, -0.6697913765443614900, -0.01434539005809420400 ) ) ;
#303 = ORIENTED_EDGE ( 'NONE', *, *, #2286, .T. ) ;
#304 = VECTOR ( 'NONE', #1029, 39.37007874015748100 ) ;
#305 = ORIENTED_EDGE ( 'NONE', *, *, #2149, .F. ) ;
#306 = PLANE ( 'NONE',  #2076 ) ;
#307 = LINE ( 'NONE', #2187, #241 ) ;
#308 = APPROVAL ( #1521, 'UNSPECIFIED' ) ;
#309 = ORIENTED_EDGE ( 'NONE', *, *, #2302, .F. ) ;
#310 = DIRECTION ( 'NONE',  ( 1.000000000000000000, -0.0000000000000000000, -0.0000000000000000000 ) ) ;
#311 = CARTESIAN_POINT ( 'NONE',  ( 4.806738686653363000E-017, -0.2499999999999999700, 0.0000000000000000000 ) ) ;
#312 = ORIENTED_EDGE ( 'NONE', *, *, #2568, .T. ) ;
#313 = FACE_OUTER_BOUND ( 'NONE', #2632, .T. ) ;
#314 = B_SPLINE_CURVE_WITH_KNOTS ( 'NONE', 3,
 ( #2591, #2522, #1619, #3068, #2912, #3131, #269, #2988 ),
 .UNSPECIFIED., .F., .F.,
 ( 4, 2, 2, 4 ),
 ( 2.477233939166565400E-007, 0.002539485630404756400, 0.003809104583910176500, 0.005078723537415596700 ),
 .UNSPECIFIED. ) ;
#315 = CARTESIAN_POINT ( 'NONE',  ( -0.1654108635387019100, -1.298361125958825200, -0.3399999999999999700 ) ) ;
#316 = DIRECTION ( 'NONE',  ( -1.000000000000000000, -1.269446093710159600E-016, 0.0000000000000000000 ) ) ;
#317 = ORIENTED_EDGE ( 'NONE', *, *, #2908, .F. ) ;
#318 = DIRECTION ( 'NONE',  ( -1.224646799147353200E-016, 1.000000000000000000, -0.0000000000000000000 ) ) ;
#319 = VERTEX_POINT ( 'NONE', #254 ) ;
#320 = CARTESIAN_POINT ( 'NONE',  ( 1.365000000000000000, 0.2049999999999998500, -1.008643065230074100E-012 ) ) ;
#321 = EDGE_LOOP ( 'NONE', ( #2039, #2043, #2050, #2078 ) ) ;
#322 = CARTESIAN_POINT ( 'NONE',  ( -0.1962990915244727500, -0.9050000000000003600, 0.3399999999999999700 ) ) ;
#323 = CARTESIAN_POINT ( 'NONE',  ( -1.344737440095717300, 0.2283091331778533400, 0.02049497205090802800 ) ) ;
#324 = PRODUCT_DEFINITION_FORMATION_WITH_SPECIFIED_SOURCE ( 'ANY', '', #2990, .NOT_KNOWN. ) ;
#325 = CARTESIAN_POINT ( 'NONE',  ( 0.0000000000000000000, 0.0000000000000000000, 0.0000000000000000000 ) ) ;
#326 = ORIENTED_EDGE ( 'NONE', *, *, #2740, .F. ) ;
#327 = CARTESIAN_POINT ( 'NONE',  ( -1.344495477274289400, 0.2315526003733877300, 0.02816897352664348600 ) ) ;
#328 = LINE ( 'NONE', #983, #304 ) ;
#329 = VERTEX_POINT ( 'NONE', #419 ) ;
#330 = CARTESIAN_POINT ( 'NONE',  ( -1.344349329418846400, 0.2335795358339689300, 0.03187473028863502900 ) ) ;
#331 = ORIENTED_EDGE ( 'NONE', *, *, #2354, .F. ) ;
#332 = DIRECTION ( 'NONE',  ( 0.0000000000000000000, 0.0000000000000000000, 1.000000000000000000 ) ) ;
#333 = ORIENTED_EDGE ( 'NONE', *, *, #55, .T. ) ;
#334 = CIRCLE ( 'NONE', #1288, 0.6850000000000000500 ) ;
#335 = DIRECTION ( 'NONE',  ( 0.0000000000000000000, 0.0000000000000000000, 1.000000000000000000 ) ) ;
#336 = ORIENTED_EDGE ( 'NONE', *, *, #2366, .T. ) ;
#337 = DIRECTION ( 'NONE',  ( 0.0000000000000000000, 0.0000000000000000000, 1.000000000000000000 ) ) ;
#338 = DIRECTION ( 'NONE',  ( -0.8660254037844433700, 0.0000000000000000000, -0.4999999999999916200 ) ) ;
#339 = ORIENTED_EDGE ( 'NONE', *, *, #3026, .T. ) ;
#340 = CARTESIAN_POINT ( 'NONE',  ( 8.104875836277602900E-015, -0.2500000000000006700, 1.156250000000000000 ) ) ;
#341 = CARTESIAN_POINT ( 'NONE',  ( -1.344999882969776700, 0.2250014454146907500, 0.004169604535152702900 ) ) ;
#342 = CARTESIAN_POINT ( 'NONE',  ( 4.097771990496394800E-016, -0.6650000000000001500, -0.3608439182435163000 ) ) ;
#343 = ORIENTED_EDGE ( 'NONE', *, *, #2820, .F. ) ;
#344 = CC_DESIGN_DATE_AND_TIME_ASSIGNMENT ( #2348, #1100, ( #415 ) ) ;
#345 = CARTESIAN_POINT ( 'NONE',  ( -1.344965265042170400, 0.2254249573098513200, 0.008381864824733922800 ) ) ;
#346 = CARTESIAN_POINT ( 'NONE',  ( 0.9491580479561873000, 0.2499999999999999200, 0.05916079783099623100 ) ) ;
#347 = CARTESIAN_POINT ( 'NONE',  ( -1.344833615569170000, 0.2270841129974234000, 0.01653744782654761200 ) ) ;
#348 = DIRECTION ( 'NONE',  ( -6.947354878030527500E-017, -1.000000000000000000, -0.0000000000000000000 ) ) ;
#349 = ORIENTED_EDGE ( 'NONE', *, *, #2276, .T. ) ;
#350 = CARTESIAN_POINT ( 'NONE',  ( -0.02604166666666627600, -0.6674879048846077400, -0.3458087549833697700 ) ) ;
#351 = CARTESIAN_POINT ( 'NONE',  ( 0.0000000000000000000, 0.01999999999999992400, 0.0000000000000000000 ) ) ;
#352 = CARTESIAN_POINT ( 'NONE',  ( 0.1562500000000002200, -0.3501289026637790000, -0.2706329386826370500 ) ) ;
#353 = CARTESIAN_POINT ( 'NONE',  ( -1.343698254817650800, 0.2439393939393938700, 0.04481878623560321700 ) ) ;
#354 = CARTESIAN_POINT ( 'NONE',  ( -0.9491580479561873000, 0.2499999999999999200, 0.05916079783099623100 ) ) ;
#355 = CARTESIAN_POINT ( 'NONE',  ( 0.0000000000000000000, -0.7226982387223702700, 0.2999999999999998800 ) ) ;
#356 = ORIENTED_EDGE ( 'NONE', *, *, #2169, .T. ) ;
#357 = CIRCLE ( 'NONE', #1287, 0.1900000000000000300 ) ;
#358 = VERTEX_POINT ( 'NONE', #2405 ) ;
#359 = CARTESIAN_POINT ( 'NONE',  ( 0.0000000000000000000, 0.0000000000000000000, 0.0000000000000000000 ) ) ;
#360 = CARTESIAN_POINT ( 'NONE',  ( -1.365000000000000000, 0.2499999999999998300, 0.0000000000000000000 ) ) ;
#361 = ORIENTED_EDGE ( 'NONE', *, *, #2370, .T. ) ;
#362 = VECTOR ( 'NONE', #1015, 39.37007874015748100 ) ;
#363 = ORIENTED_EDGE ( 'NONE', *, *, #2381, .T. ) ;
#364 = DIRECTION ( 'NONE',  ( 1.000000000000000000, 0.0000000000000000000, 0.0000000000000000000 ) ) ;
#365 = CARTESIAN_POINT ( 'NONE',  ( -0.9497664238635021800, 0.2477966381108215000, -0.04856774750706337900 ) ) ;
#366 = ORIENTED_EDGE ( 'NONE', *, *, #51, .F. ) ;
#367 = CIRCLE ( 'NONE', #1296, 0.02000000000000000000 ) ;
#368 = CARTESIAN_POINT ( 'NONE',  ( -0.6850000000000000500, 0.2040000000000000400, 8.388830574159370600E-017 ) ) ;
#369 = CARTESIAN_POINT ( 'NONE',  ( 1.001341873125758400, 0.2500000000000001700, -0.5781249999999976700 ) ) ;
#370 = ORIENTED_EDGE ( 'NONE', *, *, #2962, .F. ) ;
#371 = CC_DESIGN_PERSON_AND_ORGANIZATION_ASSIGNMENT ( #2362, #1611, ( #415 ) ) ;
#372 = DIRECTION ( 'NONE',  ( -1.000000000000000000, -0.0000000000000000000, -0.0000000000000000000 ) ) ;
#373 = VECTOR ( 'NONE', #261, 39.37007874015748100 ) ;
#374 = DIRECTION ( 'NONE',  ( -1.224646799147353200E-016, 1.000000000000000000, -0.0000000000000000000 ) ) ;
#375 = DIRECTION ( 'NONE',  ( -0.0000000000000000000, 1.000000000000000000, -0.0000000000000000000 ) ) ;
#376 = CC_DESIGN_APPROVAL ( #380, ( #415 ) ) ;
#377 = CARTESIAN_POINT ( 'NONE',  ( 1.344377860301130000, 0.2331280183173772800, 0.03191550173631536200 ) ) ;
#378 = ORIENTED_EDGE ( 'NONE', *, *, #2487, .F. ) ;
#379 = DIRECTION ( 'NONE',  ( -0.0000000000000000000, -1.000000000000000000, -0.0000000000000000000 ) ) ;
#380 = APPROVAL ( #1444, 'UNSPECIFIED' ) ;
#381 = ORIENTED_EDGE ( 'NONE', *, *, #2299, .F. ) ;
#382 = CARTESIAN_POINT ( 'NONE',  ( 1.343698254817650800, 0.2439393939393938700, 0.04481878623560322400 ) ) ;
#383 = ADVANCED_FACE ( 'NONE', ( #1769 ), #2513, .T. ) ;
#384 = VERTEX_POINT ( 'NONE', #829 ) ;
#385 = CARTESIAN_POINT ( 'NONE',  ( 1.364329657590237500, 0.2443933930440851100, 0.04526004040182184100 ) ) ;
#386 = CARTESIAN_POINT ( 'NONE',  ( 0.0000000000000000000, -1.435000000000000100, -0.2049999999999998500 ) ) ;
#387 = PLANE ( 'NONE',  #1870 ) ;
#388 = ORIENTED_EDGE ( 'NONE', *, *, #55, .F. ) ;
#389 = ORIENTED_EDGE ( 'NONE', *, *, #2267, .T. ) ;
#390 = EDGE_LOOP ( 'NONE', ( #774, #781, #1081 ) ) ;
#391 = DIRECTION ( 'NONE',  ( 0.0000000000000000000, 0.0000000000000000000, 1.000000000000000000 ) ) ;
#392 = DIRECTION ( 'NONE',  ( -0.0000000000000000000, 1.000000000000000000, -0.0000000000000000000 ) ) ;
#393 = VERTEX_POINT ( 'NONE', #426 ) ;
#394 = ORIENTED_EDGE ( 'NONE', *, *, #2615, .T. ) ;
#395 = LINE ( 'NONE', #963, #362 ) ;
#396 = CARTESIAN_POINT ( 'NONE',  ( -0.3125000000000001700, -0.3504195418113926200, -0.05974198938255249900 ) ) ;
#397 = ADVANCED_FACE ( 'NONE', ( #219 ), #2761, .T. ) ;
#398 = ORIENTED_EDGE ( 'NONE', *, *, #2498, .F. ) ;
#399 = CARTESIAN_POINT ( 'NONE',  ( 0.0000000000000000000, -0.7700000000000002400, 0.1899999999999998900 ) ) ;
#400 = ORIENTED_EDGE ( 'NONE', *, *, #2392, .T. ) ;
#401 = CARTESIAN_POINT ( 'NONE',  ( 0.9499433016766669600, 0.2439393939393938700, 0.04481878623560321700 ) ) ;
#402 = CARTESIAN_POINT ( 'NONE',  ( 0.3125000000000000000, -0.3525336462063384800, -0.1506121121501673700 ) ) ;
#403 = CARTESIAN_POINT ( 'NONE',  ( -1.344036472452603000, 0.2382587284129097100, 0.03871320264896560600 ) ) ;
#404 = B_SPLINE_CURVE_WITH_KNOTS ( 'NONE', 3,
 ( #342, #350, #558, #137, #2408, #2252, #2412, #3060, #2787 ),
 .UNSPECIFIED., .F., .F.,
 ( 4, 2, 1, 2, 4 ),
 ( 2.309401076666294000E-007, 0.002291589820953995000, 0.004582948701800324300, 0.006874307582646653700, 0.009165666463492984700 ),
 .UNSPECIFIED. ) ;
#405 = CARTESIAN_POINT ( 'NONE',  ( -1.133841873125758700, 0.2500000000000002800, -0.5781249999999976700 ) ) ;
#406 = VERTEX_POINT ( 'NONE', #2365 ) ;
#407 = DIRECTION ( 'NONE',  ( -1.224646799147353200E-016, 1.000000000000000000, -0.0000000000000000000 ) ) ;
#408 = TOROIDAL_SURFACE ( 'NONE', #2126, 0.2282239798187731800, 0.2512347083656116800 ) ;
#409 = CARTESIAN_POINT ( 'NONE',  ( 0.2279590971964906600, -0.8831539301208387600, 0.2851632616081463700 ) ) ;
#410 = CYLINDRICAL_SURFACE ( 'NONE', #2016, 0.1899999999999999700 ) ;
#411 = DIRECTION ( 'NONE',  ( 0.0000000000000000000, 0.0000000000000000000, 1.000000000000000000 ) ) ;
#412 = CARTESIAN_POINT ( 'NONE',  ( -1.343868386195885100, 0.2409274672460735800, 0.04189141217684465300 ) ) ;
#413 = CARTESIAN_POINT ( 'NONE',  ( 0.2526822756821012800, -0.8750492662845023000, 0.2423414603464747500 ) ) ;
#414 = VERTEX_POINT ( 'NONE', #2624 ) ;
#415 = PRODUCT_DEFINITION ( 'UNKNOWN', '', #324, #1762 ) ;
#416 = CARTESIAN_POINT ( 'NONE',  ( -0.1962990915244727500, -1.285000000000000100, -0.3399999999999999700 ) ) ;
#417 = DIRECTION ( 'NONE',  ( -0.0000000000000000000, -1.000000000000000000, -0.0000000000000000000 ) ) ;
#418 = ORIENTED_EDGE ( 'NONE', *, *, #2376, .F. ) ;
#419 = CARTESIAN_POINT ( 'NONE',  ( 0.2944486372867090000, -1.320000000000000100, 0.1699999999999999600 ) ) ;
#420 = DIRECTION ( 'NONE',  ( -0.8660254037844387100, 0.0000000000000000000, 0.5000000000000001100 ) ) ;
#421 = DIRECTION ( 'NONE',  ( 0.0000000000000000000, 0.0000000000000000000, 1.000000000000000000 ) ) ;
#422 = DIRECTION ( 'NONE',  ( 0.8660254037844386000, 0.0000000000000000000, -0.4999999999999998300 ) ) ;
#423 = DIRECTION ( 'NONE',  ( -0.0000000000000000000, 1.000000000000000000, -0.0000000000000000000 ) ) ;
#424 = CC_DESIGN_PERSON_AND_ORGANIZATION_ASSIGNMENT ( #2433, #1528, ( #2990 ) ) ;
#425 = CARTESIAN_POINT ( 'NONE',  ( 0.0000000000000000000, 0.01999999999999993100, 0.0000000000000000000 ) ) ;
#426 = CARTESIAN_POINT ( 'NONE',  ( 0.0000000000000000000, -0.3500000000000000900, 0.2999999999999999300 ) ) ;
#427 = ORIENTED_EDGE ( 'NONE', *, *, #2835, .F. ) ;
#428 = LINE ( 'NONE', #468, #373 ) ;
#429 = VERTEX_POINT ( 'NONE', #3042 ) ;
#430 = CARTESIAN_POINT ( 'NONE',  ( -1.345000233532588100, 0.2249971157314043800, -0.008272671700467066800 ) ) ;
#431 = DIRECTION ( 'NONE',  ( -0.5000000000000000000, 0.0000000000000000000, 0.8660254037844386000 ) ) ;
#432 = VERTEX_POINT ( 'NONE', #278 ) ;
#433 = ORIENTED_EDGE ( 'NONE', *, *, #2398, .F. ) ;
#434 = ORIENTED_EDGE ( 'NONE', *, *, #2829, .F. ) ;
#435 = CARTESIAN_POINT ( 'NONE',  ( 0.2604166666666666900, -0.6685764201763634300, 0.2104922856420513000 ) ) ;
#436 = VECTOR ( 'NONE', #739, 39.37007874015748100 ) ;
#437 = DIRECTION ( 'NONE',  ( -0.8660254037844387100, 0.0000000000000000000, -0.5000000000000001100 ) ) ;
#438 = B_SPLINE_CURVE_WITH_KNOTS ( 'NONE', 3,
 ( #2619, #2530, #127, #259, #3169, #3148, #2284, #2573 ),
 .UNSPECIFIED., .F., .F.,
 ( 4, 2, 2, 4 ),
 ( 2.477233938947642300E-007, 0.002539485630404734700, 0.003809104583910154800, 0.005078723537415574100 ),
 .UNSPECIFIED. ) ;
#439 = DIRECTION ( 'NONE',  ( 1.224646799147353200E-016, 1.499759782661857600E-032, 1.000000000000000000 ) ) ;
#440 = AXIS2_PLACEMENT_3D ( 'NONE', #1117, #1119, #1508 ) ;
#441 = ORIENTED_EDGE ( 'NONE', *, *, #2388, .F. ) ;
#442 = ORIENTED_EDGE ( 'NONE', *, *, #2602, .T. ) ;
#443 = DIRECTION ( 'NONE',  ( 0.0000000000000000000, 0.0000000000000000000, 1.000000000000000000 ) ) ;
#444 = DIRECTION ( 'NONE',  ( 0.0000000000000000000, 0.0000000000000000000, 1.000000000000000000 ) ) ;
#445 = CARTESIAN_POINT ( 'NONE',  ( -0.6850000000000000500, 0.04900000000000009200, 8.388830574159370600E-017 ) ) ;
#446 = PLANE ( 'NONE',  #2047 ) ;
#447 = CARTESIAN_POINT ( 'NONE',  ( 0.1962990915244728400, -1.320000000000000100, 0.3400000000000000800 ) ) ;
#448 = CARTESIAN_POINT ( 'NONE',  ( 0.3925981830489456700, -1.320000000000000100, 3.819511832755289400E-017 ) ) ;
#449 = ORIENTED_EDGE ( 'NONE', *, *, #2293, .F. ) ;
#450 = CARTESIAN_POINT ( 'NONE',  ( 0.0000000000000000000, -0.3500000000000000900, 0.0000000000000000000 ) ) ;
#451 = ORIENTED_EDGE ( 'NONE', *, *, #2229, .F. ) ;
#452 = CARTESIAN_POINT ( 'NONE',  ( 0.0000000000000000000, 0.2499999999999999200, -0.9509999999999999600 ) ) ;
#453 = CARTESIAN_POINT ( 'NONE',  ( 0.0000000000000000000, 0.0000000000000000000, 0.3399999999999998600 ) ) ;
#454 = DIRECTION ( 'NONE',  ( -0.0000000000000000000, 1.000000000000000000, -0.0000000000000000000 ) ) ;
#455 = CARTESIAN_POINT ( 'NONE',  ( 0.02604166666666655300, -0.6674879048846078500, 0.3458087549833698300 ) ) ;
#456 = ORIENTED_EDGE ( 'NONE', *, *, #2403, .T. ) ;
#457 = CARTESIAN_POINT ( 'NONE',  ( 0.0000000000000000000, -1.095000000000000200, 0.0000000000000000000 ) ) ;
#458 = CARTESIAN_POINT ( 'NONE',  ( 0.0000000000000000000, -0.2973017612776251400, 0.2999999999999998800 ) ) ;
#459 = CARTESIAN_POINT ( 'NONE',  ( -1.001341873125758600, 0.2500000000000003300, -0.5781249999999976700 ) ) ;
#460 = DIRECTION ( 'NONE',  ( -0.8660254037844388200, 0.0000000000000000000, 0.4999999999999998300 ) ) ;
#461 = EDGE_LOOP ( 'NONE', ( #1255, #1274 ) ) ;
#462 = CARTESIAN_POINT ( 'NONE',  ( -0.3125000000000002800, -0.6650000000000001500, 0.1804219591217580100 ) ) ;
#463 = DIRECTION ( 'NONE',  ( -0.4999999999999998300, 0.0000000000000000000, -0.8660254037844388200 ) ) ;
#464 = CIRCLE ( 'NONE', #1298, 0.02000000000000003500 ) ;
#465 = ORIENTED_EDGE ( 'NONE', *, *, #2401, .T. ) ;
#466 = CARTESIAN_POINT ( 'NONE',  ( 0.05208333333333319000, -0.3514235798236370300, 0.3307735917232233500 ) ) ;
#467 = ADVANCED_FACE ( 'NONE', ( #1683 ), #1985, .T. ) ;
#468 = CARTESIAN_POINT ( 'NONE',  ( -1.365000000000000000, 0.2439393939393938700, 0.04481878623560321700 ) ) ;
#469 = VERTEX_POINT ( 'NONE', #1945 ) ;
#470 = ORIENTED_EDGE ( 'NONE', *, *, #2324, .T. ) ;
#471 = VECTOR ( 'NONE', #215, 39.37007874015748100 ) ;
#472 = CARTESIAN_POINT ( 'NONE',  ( -0.1332184880917265900, -1.306792604487394500, -0.3400000000000000800 ) ) ;
#473 = CARTESIAN_POINT ( 'NONE',  ( 0.9499433016766669600, 0.2439393939393937300, -0.04481878623560307800 ) ) ;
#474 = ORIENTED_EDGE ( 'NONE', *, *, #2694, .T. ) ;
#475 = EDGE_LOOP ( 'NONE', ( #1416, #1419, #1423, #1430, #1457 ) ) ;
#476 = CARTESIAN_POINT ( 'NONE',  ( 1.164639105989132900E-016, 0.1781397504824583600, 0.9509999999999999600 ) ) ;
#477 = ORIENTED_EDGE ( 'NONE', *, *, #2243, .F. ) ;
#478 = LINE ( 'NONE', #530, #436 ) ;
#479 = DIRECTION ( 'NONE',  ( -0.0000000000000000000, -1.000000000000000000, -0.0000000000000000000 ) ) ;
#480 = EDGE_LOOP ( 'NONE', ( #441, #465, #470, #561 ) ) ;
#481 = CARTESIAN_POINT ( 'NONE',  ( 0.9497664207287580500, 0.2477967064714228000, -0.04856781394860428700 ) ) ;
#482 = CARTESIAN_POINT ( 'NONE',  ( 0.3925981830489455000, -0.9050000000000003600, 3.414809992080329000E-017 ) ) ;
#483 = VERTEX_POINT ( 'NONE', #162 ) ;
#484 = CYLINDRICAL_SURFACE ( 'NONE', #2008, 0.6850000000000000500 ) ;
#485 = DIRECTION ( 'NONE',  ( -1.836970198721034600E-016, 1.000000000000000000, -1.060575238724904000E-016 ) ) ;
#486 = CARTESIAN_POINT ( 'NONE',  ( -0.3125000000000000600, -0.3500000000000000900, -0.1804219591217581200 ) ) ;
#487 = DIRECTION ( 'NONE',  ( -6.123233995736642800E-017, 1.000000000000000000, 1.060575238724899900E-016 ) ) ;
#488 = DIRECTION ( 'NONE',  ( -6.123233995736790700E-017, 1.000000000000000000, -1.060575238724908400E-016 ) ) ;
#489 = CARTESIAN_POINT ( 'NONE',  ( 0.2944486372867090000, -1.320000000000000100, 0.1699999999999999600 ) ) ;
#490 = FACE_OUTER_BOUND ( 'NONE', #2045, .T. ) ;
#491 = ORIENTED_EDGE ( 'NONE', *, *, #2343, .T. ) ;
#492 = DIRECTION ( 'NONE',  ( -0.0000000000000000000, 1.000000000000000000, -0.0000000000000000000 ) ) ;
#493 = DIRECTION ( 'NONE',  ( 0.8660254037844364900, 0.0000000000000000000, -0.5000000000000038900 ) ) ;
#494 = CARTESIAN_POINT ( 'NONE',  ( 0.3124999999999999400, -0.3502955486534418700, -0.06072187223068097700 ) ) ;
#495 = AXIS2_PLACEMENT_3D ( 'NONE', #1407, #3128, #1537 ) ;
#496 = VERTEX_POINT ( 'NONE', #2737 ) ;
#497 = CARTESIAN_POINT ( 'NONE',  ( 0.0000000000000000000, -1.095000000000000200, 0.0000000000000000000 ) ) ;
#498 = DIRECTION ( 'NONE',  ( 0.0000000000000000000, 0.0000000000000000000, -1.000000000000000000 ) ) ;
#499 = DIRECTION ( 'NONE',  ( 1.224646799147353200E-016, -1.000000000000000000, 0.0000000000000000000 ) ) ;
#500 = DIRECTION ( 'NONE',  ( 0.0000000000000000000, 1.000000000000000000, 0.0000000000000000000 ) ) ;
#501 = EDGE_LOOP ( 'NONE', ( #1716, #2110, #1712, #2265 ) ) ;
#502 = ADVANCED_FACE ( 'NONE', ( #490, #876 ), #3102, .T. ) ;
#503 = DIRECTION ( 'NONE',  ( 0.0000000000000000000, -0.0000000000000000000, -1.000000000000000000 ) ) ;
#504 = ORIENTED_EDGE ( 'NONE', *, *, #2293, .T. ) ;
#505 = CIRCLE ( 'NONE', #1293, 0.02000000000000003500 ) ;
#506 = ORIENTED_EDGE ( 'NONE', *, *, #2272, .F. ) ;
#507 = CARTESIAN_POINT ( 'NONE',  ( 0.2861296477299984900, -0.8700000000000003300, 0.1844089125798578600 ) ) ;
#508 = ADVANCED_FACE ( 'NONE', ( #914 ), #868, .T. ) ;
#509 = ORIENTED_EDGE ( 'NONE', *, *, #2518, .T. ) ;
#510 = CARTESIAN_POINT ( 'NONE',  ( -1.364368609126685600, 0.2157289841991299800, -0.04275490781860354800 ) ) ;
#511 = CIRCLE ( 'NONE', #1301, 0.1899999999999999500 ) ;
#512 = ORIENTED_EDGE ( 'NONE', *, *, #2194, .F. ) ;
#513 = DIRECTION ( 'NONE',  ( 0.0000000000000000000, 1.000000000000000000, 0.0000000000000000000 ) ) ;
#514 = CARTESIAN_POINT ( 'NONE',  ( -1.344377762705694800, 0.2331293844082091600, -0.03191781678398263000 ) ) ;
#515 = CARTESIAN_POINT ( 'NONE',  ( 0.2777859695818198900, -0.8705971931359616200, 0.1988605870545053500 ) ) ;
#516 = ORIENTED_EDGE ( 'NONE', *, *, #2219, .T. ) ;
#517 = CARTESIAN_POINT ( 'NONE',  ( -1.344833664162300400, 0.2270834954448113500, 0.01653506754814061300 ) ) ;
#518 = CARTESIAN_POINT ( 'NONE',  ( -0.9491580479561873000, 0.2499999999999998100, -0.05916079783099605100 ) ) ;
#519 = ADVANCED_FACE ( 'NONE', ( #1608 ), #246, .T. ) ;
#520 = ORIENTED_EDGE ( 'NONE', *, *, #2279, .T. ) ;
#521 = CARTESIAN_POINT ( 'NONE',  ( -0.3125000000000002200, -0.3525336462063385400, 0.1506121121501674800 ) ) ;
#522 = CARTESIAN_POINT ( 'NONE',  ( -1.364024208973768900, 0.2224582797966893600, -0.05181161610998431100 ) ) ;
#523 = CARTESIAN_POINT ( 'NONE',  ( 0.2944486372867092200, -0.8700000000000003300, 0.1700000000000000400 ) ) ;
#524 = EDGE_LOOP ( 'NONE', ( #1172, #1178 ) ) ;
#525 = CARTESIAN_POINT ( 'NONE',  ( 1.001341873125758400, -0.2500000000000001100, -0.5781249999999976700 ) ) ;
#526 = DIRECTION ( 'NONE',  ( -1.000000000000000000, -1.250846150945175500E-016, 0.0000000000000000000 ) ) ;
#527 = CARTESIAN_POINT ( 'NONE',  ( 1.364365293986360400, 0.2157883125922048800, -0.04287299063680623900 ) ) ;
#528 = CARTESIAN_POINT ( 'NONE',  ( 0.2610436545117823500, -0.8731209789585037100, 0.2278591273921364000 ) ) ;
#529 = PLANE ( 'NONE',  #1804 ) ;
#530 = CARTESIAN_POINT ( 'NONE',  ( -1.365000000000000000, 0.2439393939393938700, 0.04481878623560321700 ) ) ;
#531 = CARTESIAN_POINT ( 'NONE',  ( 0.1325000000000081900, -0.2500000000000006100, 1.156250000000000000 ) ) ;
#532 = ORIENTED_EDGE ( 'NONE', *, *, #2503, .T. ) ;
#533 = CARTESIAN_POINT ( 'NONE',  ( 0.2777949333378682000, -1.320000000000000100, 0.1988450613736031100 ) ) ;
#534 = DIRECTION ( 'NONE',  ( -1.836970198721020100E-016, 1.000000000000000000, 1.060575238724912600E-016 ) ) ;
#535 = CARTESIAN_POINT ( 'NONE',  ( -1.364673620101666500, 0.2334096787710940600, -0.03243186880996377900 ) ) ;
#536 = ADVANCED_FACE ( 'NONE', ( #575 ), #253, .F. ) ;
#537 = CARTESIAN_POINT ( 'NONE',  ( 1.364497119570601000, 0.2383982127970557300, -0.03955009783833561600 ) ) ;
#538 = CARTESIAN_POINT ( 'NONE',  ( -1.316495309083403000E-017, 0.2500000000000000600, 0.0000000000000000000 ) ) ;
#539 = DIRECTION ( 'NONE',  ( -6.947354878030527500E-017, -1.000000000000000000, -0.0000000000000000000 ) ) ;
#540 = CARTESIAN_POINT ( 'NONE',  ( 1.001341873125758400, 0.2500000000000001700, -0.4456249999999976100 ) ) ;
#541 = DIRECTION ( 'NONE',  ( 0.0000000000000000000, 0.6969696969696970200, -0.7171005797696503600 ) ) ;
#542 = B_SPLINE_CURVE_WITH_KNOTS ( 'NONE', 3,
 ( #193, #455, #53, #120, #1989, #126, #435, #892, #2070 ),
 .UNSPECIFIED., .F., .F.,
 ( 4, 2, 1, 2, 4 ),
 ( 2.309401076763154100E-007, 0.002291589820954004600, 0.004582948701800332100, 0.006874307582646659700, 0.009165666463492986400 ),
 .UNSPECIFIED. ) ;
#543 = CARTESIAN_POINT ( 'NONE',  ( -1.343698254817650800, 0.2439393939393937300, -0.04481878623560307800 ) ) ;
#544 = CARTESIAN_POINT ( 'NONE',  ( -1.365000123776921800, 0.2249970024703296700, -0.008435025730216297700 ) ) ;
#545 = CARTESIAN_POINT ( 'NONE',  ( 0.2604166666666669600, -0.6685764201763632100, -0.2104922856420509100 ) ) ;
#546 = CARTESIAN_POINT ( 'NONE',  ( 0.0000000000000000000, 0.1781397504824583600, 0.0000000000000000000 ) ) ;
#547 = CARTESIAN_POINT ( 'NONE',  ( 0.2612360314138739700, -1.317706830760778400, 0.2275259208235111400 ) ) ;
#548 = VECTOR ( 'NONE', #164, 39.37007874015748100 ) ;
#549 = ORIENTED_EDGE ( 'NONE', *, *, #2477, .T. ) ;
#550 = AXIS2_PLACEMENT_3D ( 'NONE', #1396, #1360, #1433 ) ;
#551 = VERTEX_POINT ( 'NONE', #476 ) ;
#552 = ORIENTED_EDGE ( 'NONE', *, *, #2806, .T. ) ;
#553 = EDGE_LOOP ( 'NONE', ( #1632, #1639, #1641, #1644 ) ) ;
#554 = CARTESIAN_POINT ( 'NONE',  ( 0.1962990915244728400, -1.320000000000000100, 0.3400000000000000800 ) ) ;
#555 = CARTESIAN_POINT ( 'NONE',  ( -5.686801016891444600E-033, -0.2500000000000005000, -1.023749999999999900 ) ) ;
#556 = VERTEX_POINT ( 'NONE', #1657 ) ;
#557 = CARTESIAN_POINT ( 'NONE',  ( 0.2365865895631584200, -1.309697501771627700, 0.2702200064871651500 ) ) ;
#558 = CARTESIAN_POINT ( 'NONE',  ( -0.05208333333333300300, -0.6685764201763629800, -0.3307735917232233500 ) ) ;
#559 = ORIENTED_EDGE ( 'NONE', *, *, #2491, .F. ) ;
#560 = CARTESIAN_POINT ( 'NONE',  ( 0.2284025810818449100, -1.306242255905886200, 0.2843951249863748100 ) ) ;
#561 = ORIENTED_EDGE ( 'NONE', *, *, #2258, .F. ) ;
#562 = CARTESIAN_POINT ( 'NONE',  ( 0.0000000000000000000, -1.320000000000000100, 0.3399999999999998600 ) ) ;
#563 = CARTESIAN_POINT ( 'NONE',  ( -1.001341873125758600, 0.2500000000000003300, -0.5781249999999976700 ) ) ;
#564 = CARTESIAN_POINT ( 'NONE',  ( 1.364912073146070200, 0.2271628301936527700, -0.01684480996564911800 ) ) ;
#565 = CARTESIAN_POINT ( 'NONE',  ( -1.363678898011965200, 0.2299999999999999800, 0.06004051229688467400 ) ) ;
#566 = CARTESIAN_POINT ( 'NONE',  ( 1.343698254817650800, 0.2439393939393937300, -0.04481878623560308500 ) ) ;
#567 = TOROIDAL_SURFACE ( 'NONE', #2054, 0.2999999999999998800, 0.3726982387223701800 ) ;
#568 = DIRECTION ( 'NONE',  ( 0.0000000000000000000, 0.0000000000000000000, -1.000000000000000000 ) ) ;
#569 = CARTESIAN_POINT ( 'NONE',  ( 0.1562500000000003600, -0.6698710973362213000, -0.2706329386826369400 ) ) ;
#570 = DIRECTION ( 'NONE',  ( 0.0000000000000000000, 0.0000000000000000000, 1.000000000000000000 ) ) ;
#571 = FACE_OUTER_BOUND ( 'NONE', #2015, .T. ) ;
#572 = ORIENTED_EDGE ( 'NONE', *, *, #2388, .T. ) ;
#573 = CARTESIAN_POINT ( 'NONE',  ( 1.364020742405431600, 0.2221286002408160400, -0.05227632162061828700 ) ) ;
#574 = DIRECTION ( 'NONE',  ( 0.0000000000000000000, 0.0000000000000000000, 1.000000000000000000 ) ) ;
#575 = FACE_OUTER_BOUND ( 'NONE', #3145, .T. ) ;
#576 = CARTESIAN_POINT ( 'NONE',  ( -0.9499433016766669600, 0.2439393939393939000, 0.04481878623560323100 ) ) ;
#577 = CARTESIAN_POINT ( 'NONE',  ( -1.364861389510716200, 0.2284334056839171500, 0.02086448620068381100 ) ) ;
#578 = CARTESIAN_POINT ( 'NONE',  ( 0.0000000000000000000, -1.095000000000000200, 0.0000000000000000000 ) ) ;
#579 = ORIENTED_EDGE ( 'NONE', *, *, #2740, .T. ) ;
#580 = CARTESIAN_POINT ( 'NONE',  ( -0.1962990915244727500, -1.285000000000000100, 0.3399999999999999700 ) ) ;
#581 = DIRECTION ( 'NONE',  ( -6.123233995736790700E-017, 1.000000000000000000, -1.060575238724908300E-016 ) ) ;
#582 = CARTESIAN_POINT ( 'NONE',  ( 0.0000000000000000000, -1.095000000000000200, 0.0000000000000000000 ) ) ;
#583 = CYLINDRICAL_SURFACE ( 'NONE', #2106, 0.1325000000000000300 ) ;
#584 = CARTESIAN_POINT ( 'NONE',  ( 0.0000000000000000000, -0.6700000000000002600, 0.0000000000000000000 ) ) ;
#585 = CARTESIAN_POINT ( 'NONE',  ( -0.3523106850102597500, -0.8803024982283723700, -0.06977999351283506500 ) ) ;
#586 = DIRECTION ( 'NONE',  ( 0.0000000000000000000, 0.0000000000000000000, -1.000000000000000000 ) ) ;
#587 = CARTESIAN_POINT ( 'NONE',  ( -1.364344634241848200, 0.2162312644805266200, -0.04254650685923076800 ) ) ;
#588 = CARTESIAN_POINT ( 'NONE',  ( 1.344833664162300400, 0.2270834954448112100, -0.01653506754813998200 ) ) ;
#589 = EDGE_LOOP ( 'NONE', ( #1168, #1181, #1207 ) ) ;
#590 = DIRECTION ( 'NONE',  ( 0.0000000000000000000, 0.0000000000000000000, 1.000000000000000000 ) ) ;
#591 = CIRCLE ( 'NONE', #1303, 1.365000000000000000 ) ;
#592 = CARTESIAN_POINT ( 'NONE',  ( -5.914624404477007600E-017, -0.8700000000000003300, -0.3400000000000000800 ) ) ;
#593 = ORIENTED_EDGE ( 'NONE', *, *, #2355, .F. ) ;
#594 = CARTESIAN_POINT ( 'NONE',  ( 0.05208333333333360600, -0.6685764201763633200, -0.3307735917232231300 ) ) ;
#595 = CARTESIAN_POINT ( 'NONE',  ( 0.3767766447847321100, -0.8927500810825619300, 0.02740370812751286400 ) ) ;
#596 = ORIENTED_EDGE ( 'NONE', *, *, #2258, .T. ) ;
#597 = VERTEX_POINT ( 'NONE', #1232 ) ;
#598 = DIRECTION ( 'NONE',  ( -0.0000000000000000000, 1.000000000000000000, -0.0000000000000000000 ) ) ;
#599 = ORIENTED_EDGE ( 'NONE', *, *, #2201, .F. ) ;
#600 = LINE ( 'NONE', #176, #548 ) ;
#601 = ORIENTED_EDGE ( 'NONE', *, *, #2346, .T. ) ;
#602 = ORIENTED_EDGE ( 'NONE', *, *, #2404, .F. ) ;
#603 = CARTESIAN_POINT ( 'NONE',  ( 1.001341873125762600, -0.2500000000000003300, 0.4456249999999905000 ) ) ;
#604 = CARTESIAN_POINT ( 'NONE',  ( -1.344374593728716600, 0.2331729639925442200, 0.03200364772870520300 ) ) ;
#605 = CARTESIAN_POINT ( 'NONE',  ( 0.03348247628625542600, -0.8700000000000001100, -0.3400000000000000800 ) ) ;
#606 = CARTESIAN_POINT ( 'NONE',  ( -0.3276612431595442000, -0.8722931692392218400, -0.1124740791764890600 ) ) ;
#607 = VERTEX_POINT ( 'NONE', #1195 ) ;
#608 = PERSON ( 'UNSPECIFIED', 'UNSPECIFIED', 'UNSPECIFIED', ('UNSPECIFIED'), ('UNSPECIFIED'), ('UNSPECIFIED') ) ;
#609 = LINE ( 'NONE', #929, #471 ) ;
#610 = CARTESIAN_POINT ( 'NONE',  ( -0.2604166666666669600, -0.6685764201763632100, 0.2104922856420510200 ) ) ;
#611 = CARTESIAN_POINT ( 'NONE',  ( 1.343698254817651000, 0.2439393939393937300, -0.04481878623560307800 ) ) ;
#612 = CARTESIAN_POINT ( 'NONE',  ( -1.562272206996584300E-017, 0.2040000000000000400, 0.0000000000000000000 ) ) ;
#613 = ORIENTED_EDGE ( 'NONE', *, *, #2347, .F. ) ;
#614 = CARTESIAN_POINT ( 'NONE',  ( -0.3604946934915732600, -0.8837577440941140100, -0.05560487501362537700 ) ) ;
#615 = CARTESIAN_POINT ( 'NONE',  ( -1.364912073146070200, 0.2271628301936551300, 0.01684480996564931300 ) ) ;
#616 = CARTESIAN_POINT ( 'NONE',  ( 1.836970198721029400E-017, -0.2609999999999998400, -0.1499999999999999700 ) ) ;
#617 = CYLINDRICAL_SURFACE ( 'NONE', #1981, 0.8249999999999999600 ) ;
#618 = DIRECTION ( 'NONE',  ( -0.0000000000000000000, 1.000000000000000000, -0.0000000000000000000 ) ) ;
#619 = CARTESIAN_POINT ( 'NONE',  ( -1.344858324737684000, 0.2266899210356711500, -0.01664469703924610600 ) ) ;
#620 = ORIENTED_EDGE ( 'NONE', *, *, #2820, .T. ) ;
#621 = ORIENTED_EDGE ( 'NONE', *, *, #2319, .F. ) ;
#622 = CARTESIAN_POINT ( 'NONE',  ( 0.0000000000000000000, 0.01999999999999993100, 0.0000000000000000000 ) ) ;
#623 = CARTESIAN_POINT ( 'NONE',  ( -0.1041666666666668900, -0.6697095447247505300, 0.3007032652029301100 ) ) ;
#624 = FACE_OUTER_BOUND ( 'NONE', #2719, .T. ) ;
#625 = DIRECTION ( 'NONE',  ( 0.8660254037844383700, 0.0000000000000000000, 0.5000000000000003300 ) ) ;
#626 = ORIENTED_EDGE ( 'NONE', *, *, #2360, .F. ) ;
#627 = DIRECTION ( 'NONE',  ( -2.449293598294706400E-016, 1.000000000000000000, 0.0000000000000000000 ) ) ;
#628 = CARTESIAN_POINT ( 'NONE',  ( 8.104875836277602900E-015, -0.2500000000000006700, 1.156250000000000000 ) ) ;
#629 = ADVANCED_FACE ( 'NONE', ( #1681 ), #1036, .T. ) ;
#630 = CARTESIAN_POINT ( 'NONE',  ( -0.3362149988913170600, -0.8750492662845021900, 0.09765853965352523600 ) ) ;
#631 = ORIENTED_EDGE ( 'NONE', *, *, #2174, .T. ) ;
#632 = CARTESIAN_POINT ( 'NONE',  ( -1.365000000000000000, 0.2049999999999998500, 1.007951942434246300E-012 ) ) ;
#633 = CARTESIAN_POINT ( 'NONE',  ( -1.024442997624098700E-016, -0.3550000000000000900, 0.3608439182435163000 ) ) ;
#634 = CARTESIAN_POINT ( 'NONE',  ( -1.365000000000000000, 0.2499999999999998900, 0.0000000000000000000 ) ) ;
#635 = CARTESIAN_POINT ( 'NONE',  ( -0.3278536200616357600, -0.8731209789585038200, 0.1121408726078636200 ) ) ;
#636 = CYLINDRICAL_SURFACE ( 'NONE', #1994, 0.1899999999999998600 ) ;
#637 = DIRECTION ( 'NONE',  ( -1.000000000000000000, -2.577215088362511400E-016, 0.0000000000000000000 ) ) ;
#638 = CARTESIAN_POINT ( 'NONE',  ( -1.001341873125758400, -0.2500000000000006700, 0.5781249999999976700 ) ) ;
#639 = CARTESIAN_POINT ( 'NONE',  ( -0.3111113049915985000, -0.8705971931359616200, 0.1411394129454946200 ) ) ;
#640 = CARTESIAN_POINT ( 'NONE',  ( 1.344035099437542700, 0.2379760550199590500, -0.03902285378643244300 ) ) ;
#641 = CARTESIAN_POINT ( 'NONE',  ( -0.3027676268434198500, -0.8700000000000004400, 0.1555910874201420800 ) ) ;
#642 = EDGE_LOOP ( 'NONE', ( #1138, #1139, #1166 ) ) ;
#643 = CARTESIAN_POINT ( 'NONE',  ( 0.2083333333333335900, -0.6697095447247500800, -0.2405626121623439500 ) ) ;
#644 = CIRCLE ( 'NONE', #1307, 1.365000000000000000 ) ;
#645 = ORIENTED_EDGE ( 'NONE', *, *, #2404, .T. ) ;
#646 = CARTESIAN_POINT ( 'NONE',  ( -0.2944486372867092800, -0.8700000000000003300, 0.1700000000000000700 ) ) ;
#647 = ORIENTED_EDGE ( 'NONE', *, *, #2830, .F. ) ;
#648 = CARTESIAN_POINT ( 'NONE',  ( 0.9500814354343284400, 0.2409270566536473300, -0.04189101311081836600 ) ) ;
#649 = ORIENTED_EDGE ( 'NONE', *, *, #2509, .T. ) ;
#650 = CARTESIAN_POINT ( 'NONE',  ( -0.1899999999999999500, -0.2609999999999999000, 0.0000000000000000000 ) ) ;
#651 = CARTESIAN_POINT ( 'NONE',  ( -1.364329657590237500, 0.2443933930440849400, -0.04526004040182168800 ) ) ;
#652 = ORIENTED_EDGE ( 'NONE', *, *, #2407, .F. ) ;
#653 = FACE_OUTER_BOUND ( 'NONE', #3114, .T. ) ;
#654 = ORIENTED_EDGE ( 'NONE', *, *, #35, .T. ) ;
#655 = CARTESIAN_POINT ( 'NONE',  ( -0.8688418731257584500, -0.2500000000000006700, 0.5781249999999976700 ) ) ;
#656 = CARTESIAN_POINT ( 'NONE',  ( 0.02604166666666694500, -0.6674879048846078500, -0.3458087549833695500 ) ) ;
#657 = CARTESIAN_POINT ( 'NONE',  ( -0.3111023412355499700, -1.319999999999999800, 0.1411549386263969700 ) ) ;
#658 = ORIENTED_EDGE ( 'NONE', *, *, #2419, .F. ) ;
#659 = CIRCLE ( 'NONE', #1308, 0.9509999999999999600 ) ;
#660 = DIRECTION ( 'NONE',  ( 1.000000000000000000, 1.250846150945175500E-016, 0.0000000000000000000 ) ) ;
#661 = ORIENTED_EDGE ( 'NONE', *, *, #2875, .F. ) ;
#662 = CARTESIAN_POINT ( 'NONE',  ( -1.316495309083403000E-017, 0.2500000000000000600, 0.0000000000000000000 ) ) ;
#663 = DIRECTION ( 'NONE',  ( 0.0000000000000000000, 0.0000000000000000000, 1.000000000000000000 ) ) ;
#664 = CARTESIAN_POINT ( 'NONE',  ( -0.2944486372867089500, -1.320000000000000100, 0.1699999999999999300 ) ) ;
#665 = AXIS2_PLACEMENT_3D ( 'NONE', #1417, #1410, #1439 ) ;
#666 = CARTESIAN_POINT ( 'NONE',  ( 0.9499433016766669600, 0.2439393939393937300, -0.04481878623560307800 ) ) ;
#667 = CARTESIAN_POINT ( 'NONE',  ( -0.2083333333333335900, -0.6697095447247500800, 0.2405626121623440100 ) ) ;
#668 = ORIENTED_EDGE ( 'NONE', *, *, #2684, .T. ) ;
#669 = VERTEX_POINT ( 'NONE', #1340 ) ;
#670 = CARTESIAN_POINT ( 'NONE',  ( 0.3111023412355501900, -1.319999999999999600, -0.1411549386263970500 ) ) ;
#671 = B_SPLINE_CURVE_WITH_KNOTS ( 'NONE', 3,
 ( #1743, #298, #1959, #1965, #1775, #287, #1872, #1356, #1390 ),
 .UNSPECIFIED., .F., .F.,
 ( 4, 2, 1, 2, 4 ),
 ( 2.309401076695624100E-007, 0.002291589820953998900, 0.004582948701800327800, 0.006874307582646656300, 0.009165666463492984700 ),
 .UNSPECIFIED. ) ;
#672 = CARTESIAN_POINT ( 'NONE',  ( -1.363678898011965200, 0.2299999999999997600, -0.06004051229688448000 ) ) ;
#673 = VERTEX_POINT ( 'NONE', #1349 ) ;
#674 = FACE_OUTER_BOUND ( 'NONE', #1852, .T. ) ;
#675 = DIRECTION ( 'NONE',  ( 0.0000000000000000000, 0.0000000000000000000, 1.000000000000000000 ) ) ;
#676 = CARTESIAN_POINT ( 'NONE',  ( 0.1041666666666669200, -0.6697095447247505300, -0.3007032652029300600 ) ) ;
#677 = CARTESIAN_POINT ( 'NONE',  ( -0.3925981830489455000, -1.285000000000000100, 0.0000000000000000000 ) ) ;
#678 = CARTESIAN_POINT ( 'NONE',  ( 0.0000000000000000000, -1.095000000000000200, 0.0000000000000000000 ) ) ;
#679 = CARTESIAN_POINT ( 'NONE',  ( 0.9502179033953143100, 0.2382580242538900900, -0.03871234918308824600 ) ) ;
#680 = CARTESIAN_POINT ( 'NONE',  ( -1.365000000000000000, 0.2499999999999998300, 0.0000000000000000000 ) ) ;
#681 = VECTOR ( 'NONE', #138, 39.37007874015748100 ) ;
#682 = ORIENTED_EDGE ( 'NONE', *, *, #2795, .F. ) ;
#683 = DIRECTION ( 'NONE',  ( -6.947354878030527500E-017, -1.000000000000000000, -0.0000000000000000000 ) ) ;
#684 =( GEOMETRIC_REPRESENTATION_CONTEXT ( 3 ) GLOBAL_UNCERTAINTY_ASSIGNED_CONTEXT ( ( #851 ) ) GLOBAL_UNIT_ASSIGNED_CONTEXT ( ( #1478, #1110, #1391 ) ) REPRESENTATION_CONTEXT ( 'NONE', 'WORKASPACE' ) );
#685 = CARTESIAN_POINT ( 'NONE',  ( -0.3276612431595440900, -1.317706830760778200, 0.1124740791764890100 ) ) ;
#686 = ORIENTED_EDGE ( 'NONE', *, *, #2756, .T. ) ;
#687 = ORIENTED_EDGE ( 'NONE', *, *, #3016, .T. ) ;
#688 = DIRECTION ( 'NONE',  ( -0.0000000000000000000, 1.000000000000000000, -0.0000000000000000000 ) ) ;
#689 = CARTESIAN_POINT ( 'NONE',  ( 0.0000000000000000000, -0.8700000000000001100, 0.2499999999999998600 ) ) ;
#690 = CARTESIAN_POINT ( 'NONE',  ( -0.3523106850102599200, -1.309697501771627500, 0.06977999351283505100 ) ) ;
#691 = ORIENTED_EDGE ( 'NONE', *, *, #2407, .T. ) ;
#692 = CIRCLE ( 'NONE', #1344, 1.345000000000000000 ) ;
#693 = ORIENTED_EDGE ( 'NONE', *, *, #2556, .F. ) ;
#694 = CARTESIAN_POINT ( 'NONE',  ( 0.3125000000000000600, -0.3502397666830312500, 0.02953553669098784100 ) ) ;
#695 = CARTESIAN_POINT ( 'NONE',  ( 1.001341873125758400, -0.2500000000000001100, -0.5781249999999976700 ) ) ;
#696 = ORIENTED_EDGE ( 'NONE', *, *, #2424, .T. ) ;
#697 = AXIS2_PLACEMENT_3D ( 'NONE', #1367, #1535, #1386 ) ;
#698 = DIRECTION ( 'NONE',  ( 0.0000000000000000000, 0.0000000000000000000, 1.000000000000000000 ) ) ;
#699 = DIRECTION ( 'NONE',  ( 1.000000000000000000, -4.985124076029676700E-017, 0.0000000000000000000 ) ) ;
#700 = CARTESIAN_POINT ( 'NONE',  ( 3.673940397442058900E-017, -0.3500000000000000900, -0.2999999999999999900 ) ) ;
#701 = ORIENTED_EDGE ( 'NONE', *, *, #2427, .F. ) ;
#702 = LINE ( 'NONE', #1839, #681 ) ;
#703 = CARTESIAN_POINT ( 'NONE',  ( -0.3604946934915733100, -1.306242255905886200, 0.05560487501362531400 ) ) ;
#704 = CARTESIAN_POINT ( 'NONE',  ( 0.02604166666666656000, -0.3525120951153925500, 0.3458087549833698300 ) ) ;
#705 = ORIENTED_EDGE ( 'NONE', *, *, #1846, .T. ) ;
#706 = CARTESIAN_POINT ( 'NONE',  ( 1.164639105989132900E-016, 0.2499999999999999200, 0.9509999999999999600 ) ) ;
#707 = CARTESIAN_POINT ( 'NONE',  ( -0.3767766447847321600, -1.297249918917438200, 0.02740370812751271100 ) ) ;
#708 = CARTESIAN_POINT ( 'NONE',  ( -1.562272206996584600E-017, 0.2039999999999999900, 0.0000000000000000000 ) ) ;
#709 = ORIENTED_EDGE ( 'NONE', *, *, #2887, .F. ) ;
#710 = DIRECTION ( 'NONE',  ( 0.0000000000000000000, 0.0000000000000000000, 1.000000000000000000 ) ) ;
#711 = CARTESIAN_POINT ( 'NONE',  ( 0.3125000000000000600, -0.6697602333169689900, 0.02953553669098826800 ) ) ;
#712 = FACE_OUTER_BOUND ( 'NONE', #2936, .T. ) ;
#713 = ORIENTED_EDGE ( 'NONE', *, *, #2834, .T. ) ;
#714 = VERTEX_POINT ( 'NONE', #2206 ) ;
#715 = DIRECTION ( 'NONE',  ( -1.836970198721020100E-016, 1.000000000000000000, 1.060575238724912600E-016 ) ) ;
#716 = DIRECTION ( 'NONE',  ( 0.0000000000000000000, 0.0000000000000000000, 1.000000000000000000 ) ) ;
#717 = CARTESIAN_POINT ( 'NONE',  ( -0.3848150035332598700, -1.291733441744677500, 0.01348086236559665300 ) ) ;
#718 = ORIENTED_EDGE ( 'NONE', *, *, #2812, .T. ) ;
#719 = CARTESIAN_POINT ( 'NONE',  ( -1.344737507569939700, 0.2283082577695327900, 0.02049244321808794300 ) ) ;
#720 = FACE_OUTER_BOUND ( 'NONE', #2700, .T. ) ;
#721 = CARTESIAN_POINT ( 'NONE',  ( 0.0000000000000000000, 0.0000000000000000000, -0.8249999999999999600 ) ) ;
#722 = CARTESIAN_POINT ( 'NONE',  ( -0.3925981830489455000, -1.285000000000000100, 0.0000000000000000000 ) ) ;
#723 = CARTESIAN_POINT ( 'NONE',  ( 8.104875836277602900E-015, -0.2500000000000006700, 1.156250000000000000 ) ) ;
#724 = DIRECTION ( 'NONE',  ( 1.000000000000000000, 0.0000000000000000000, 1.224646799147353200E-016 ) ) ;
#725 = DIMENSIONAL_EXPONENTS ( 1.000000000000000000, 0.0000000000000000000, 0.0000000000000000000, 0.0000000000000000000, 0.0000000000000000000, 0.0000000000000000000, 0.0000000000000000000 ) ;
#726 = CARTESIAN_POINT ( 'NONE',  ( 0.9494928378943245900, 0.2499999999999999700, 0.05378952875065624900 ) ) ;
#727 = CARTESIAN_POINT ( 'NONE',  ( -0.3770652867936883400, -1.298437933925341100, -0.02690376550280156000 ) ) ;
#728 = CARTESIAN_POINT ( 'NONE',  ( 0.1962990915244726400, -1.285000000000000100, 0.3400000000000000800 ) ) ;
#729 = ORIENTED_EDGE ( 'NONE', *, *, #2432, .F. ) ;
#730 = CARTESIAN_POINT ( 'NONE',  ( 1.530808498934199500E-017, -0.2500000000000005000, -1.156250000000000000 ) ) ;
#731 = ORIENTED_EDGE ( 'NONE', *, *, #2427, .T. ) ;
#732 = VECTOR ( 'NONE', #135, 39.37007874015748100 ) ;
#733 = CARTESIAN_POINT ( 'NONE',  ( -0.2118319877797297800, -0.8915620660746594900, -0.3130962344971986400 ) ) ;
#734 = VERTEX_POINT ( 'NONE', #743 ) ;
#735 = CARTESIAN_POINT ( 'NONE',  ( -1.344036222493304200, 0.2379561729634202500, -0.03900352987105440400 ) ) ;
#736 = CARTESIAN_POINT ( 'NONE',  ( -1.344965278539754800, 0.2254247923463338100, 0.008380398334382878000 ) ) ;
#737 = ORIENTED_EDGE ( 'NONE', *, *, #2914, .T. ) ;
#738 = CARTESIAN_POINT ( 'NONE',  ( -0.3125000000000000600, -0.3500000000000000900, 0.1804219591217581200 ) ) ;
#739 = DIRECTION ( 'NONE',  ( 1.000000000000000000, -0.0000000000000000000, -0.0000000000000000000 ) ) ;
#740 = ADVANCED_FACE ( 'NONE', ( #313 ), #567, .T. ) ;
#741 = VERTEX_POINT ( 'NONE', #168 ) ;
#742 = CYLINDRICAL_SURFACE ( 'NONE', #1329, 0.06250000000000000000 ) ;
#743 = CARTESIAN_POINT ( 'NONE',  ( -0.1324999999999919600, -0.2500000000000006700, 1.156250000000000000 ) ) ;
#744 = CARTESIAN_POINT ( 'NONE',  ( -0.3609381773769276300, -1.306846069879161300, -0.05483673839185374000 ) ) ;
#745 = DIRECTION ( 'NONE',  ( -0.0000000000000000000, -1.000000000000000000, -0.0000000000000000000 ) ) ;
#746 = CARTESIAN_POINT ( 'NONE',  ( 2.510525938252072200E-017, -1.450000000000000200, 0.2049999999999998500 ) ) ;
#747 = VERTEX_POINT ( 'NONE', #746 ) ;
#748 = CARTESIAN_POINT ( 'NONE',  ( -0.3362149988913171200, -1.314950733715498000, -0.09765853965352527800 ) ) ;
#749 = ADVANCED_BREP_SHAPE_REPRESENTATION ( 'P102258', ( #813, #440 ), #684 ) ;
#750 = ORIENTED_EDGE ( 'NONE', *, *, #2358, .F. ) ;
#751 = PLANE ( 'NONE',  #1359 ) ;
#752 = CARTESIAN_POINT ( 'NONE',  ( -1.365000000000000000, 0.2049999999999998500, 1.007951942434246300E-012 ) ) ;
#753 = FACE_OUTER_BOUND ( 'NONE', #2470, .T. ) ;
#754 = CARTESIAN_POINT ( 'NONE',  ( -0.3278536200616359900, -1.316879021041496900, -0.1121408726078636500 ) ) ;
#755 = AXIS2_PLACEMENT_3D ( 'NONE', #1096, #3121, #3111 ) ;
#756 = ORIENTED_EDGE ( 'NONE', *, *, #2884, .F. ) ;
#757 = DIRECTION ( 'NONE',  ( -1.836970198721020100E-016, 1.000000000000000000, 1.060575238724912700E-016 ) ) ;
#758 = ADVANCED_FACE ( 'NONE', ( #1440 ), #446, .T. ) ;
#759 = DIRECTION ( 'NONE',  ( 0.0000000000000000000, 0.0000000000000000000, -1.000000000000000000 ) ) ;
#760 = CARTESIAN_POINT ( 'NONE',  ( -0.3111113049915985000, -1.319402806864038700, -0.1411394129454946500 ) ) ;
#761 = ORIENTED_EDGE ( 'NONE', *, *, #2186, .T. ) ;
#762 = EDGE_LOOP ( 'NONE', ( #1277, #1278, #1285, #1316, #1322 ) ) ;
#763 = DIRECTION ( 'NONE',  ( 0.0000000000000000000, 0.0000000000000000000, -1.000000000000000000 ) ) ;
#764 = DIRECTION ( 'NONE',  ( -1.000000000000000000, 0.0000000000000000000, 0.0000000000000000000 ) ) ;
#765 = PLANE ( 'NONE',  #1936 ) ;
#766 = ORIENTED_EDGE ( 'NONE', *, *, #3010, .T. ) ;
#767 = CARTESIAN_POINT ( 'NONE',  ( 4.048717061118211300E-017, -0.6700000000000002600, -0.2999999999999998800 ) ) ;
#768 = DIRECTION ( 'NONE',  ( 1.000000000000000000, -4.985124076029676700E-017, 0.0000000000000000000 ) ) ;
#769 = CARTESIAN_POINT ( 'NONE',  ( -0.3027676268434199000, -1.320000000000000500, -0.1555910874201421600 ) ) ;
#770 = ADVANCED_FACE ( 'NONE', ( #2437, #3133 ), #1792, .F. ) ;
#771 = VERTEX_POINT ( 'NONE', #2010 ) ;
#772 = FACE_OUTER_BOUND ( 'NONE', #2508, .T. ) ;
#773 = AXIS2_PLACEMENT_3D ( 'NONE', #1374, #1078, #1080 ) ;
#774 = ORIENTED_EDGE ( 'NONE', *, *, #2904, .T. ) ;
#775 = CARTESIAN_POINT ( 'NONE',  ( -1.530808498934200100E-017, 0.2500000000000002800, -1.156250000000000000 ) ) ;
#776 = DIRECTION ( 'NONE',  ( -6.123233995736790700E-017, 1.000000000000000000, -1.060575238724908300E-016 ) ) ;
#777 = ORIENTED_EDGE ( 'NONE', *, *, #2438, .T. ) ;
#778 = DIRECTION ( 'NONE',  ( 0.0000000000000000000, -1.000000000000000000, 0.0000000000000000000 ) ) ;
#779 = DIRECTION ( 'NONE',  ( -0.0000000000000000000, -1.000000000000000000, -0.0000000000000000000 ) ) ;
#780 = B_SPLINE_CURVE_WITH_KNOTS ( 'NONE', 3,
 ( #462, #1968, #610, #667, #1540, #623, #2264, #2269, #2290 ),
 .UNSPECIFIED., .F., .F.,
 ( 4, 2, 1, 2, 4 ),
 ( 2.309401076705792000E-007, 0.002291589820953998900, 0.004582948701800327800, 0.006874307582646656300, 0.009165666463492984700 ),
 .UNSPECIFIED. ) ;
#781 = ORIENTED_EDGE ( 'NONE', *, *, #2756, .F. ) ;
#782 = TOROIDAL_SURFACE ( 'NONE', #1311, 0.2282239798187731800, 0.2512347083656116800 ) ;
#783 = CARTESIAN_POINT ( 'NONE',  ( -0.2944486372867090000, -1.320000000000000100, -0.1699999999999999300 ) ) ;
#784 = ADVANCED_FACE ( 'NONE', ( #2828 ), #410, .F. ) ;
#785 = ORIENTED_EDGE ( 'NONE', *, *, #2439, .F. ) ;
#786 = CARTESIAN_POINT ( 'NONE',  ( 1.363678898011965200, 0.2299999999999997600, -0.06004051229688448600 ) ) ;
#787 = AXIS2_PLACEMENT_3D ( 'NONE', #1190, #1084, #1086 ) ;
#788 = ORIENTED_EDGE ( 'NONE', *, *, #2445, .F. ) ;
#789 = DIRECTION ( 'NONE',  ( 0.0000000000000000000, 1.000000000000000000, 0.0000000000000000000 ) ) ;
#790 = CARTESIAN_POINT ( 'NONE',  ( 1.364671920550633200, 0.2334560483682215900, -0.03252100699680526800 ) ) ;
#791 = AXIS2_PLACEMENT_3D ( 'NONE', #1247, #1070, #1045 ) ;
#792 = ORIENTED_EDGE ( 'NONE', *, *, #2684, .F. ) ;
#793 = CARTESIAN_POINT ( 'NONE',  ( -0.1962990915244727200, -0.9050000000000003600, -0.3400000000000000800 ) ) ;
#794 = VERTEX_POINT ( 'NONE', #245 ) ;
#795 = CARTESIAN_POINT ( 'NONE',  ( 0.3124999999999998900, -0.6685822205188380900, 0.1201437681173674100 ) ) ;
#796 = ADVANCED_FACE ( 'NONE', ( #2996 ), #1747, .T. ) ;
#797 = CARTESIAN_POINT ( 'NONE',  ( -0.2944486372867092800, -0.8700000000000003300, -0.1700000000000000700 ) ) ;
#798 = ORIENTED_EDGE ( 'NONE', *, *, #2364, .T. ) ;
#799 = CARTESIAN_POINT ( 'NONE',  ( 1.659396412844664000E-016, 0.0000000000000000000, -1.355000000000000200 ) ) ;
#800 = CARTESIAN_POINT ( 'NONE',  ( 0.3125000000000000000, -0.3500000000000000900, 0.1804219591217582100 ) ) ;
#801 = ORIENTED_EDGE ( 'NONE', *, *, #2328, .T. ) ;
#802 = DIRECTION ( 'NONE',  ( -0.0000000000000000000, 1.000000000000000000, -0.0000000000000000000 ) ) ;
#803 = VERTEX_POINT ( 'NONE', #2560 ) ;
#804 = CARTESIAN_POINT ( 'NONE',  ( -0.3111023412355501900, -0.8700000000000006600, -0.1411549386263970500 ) ) ;
#805 = CARTESIAN_POINT ( 'NONE',  ( -0.3125000000000000600, -0.3502118622035008100, 0.03069933388779284500 ) ) ;
#806 = B_SPLINE_CURVE_WITH_KNOTS ( 'NONE', 3,
 ( #1336, #670, #2543, #2525, #2642, #2119, #2569, #2665 ),
 .UNSPECIFIED., .F., .F.,
 ( 4, 2, 2, 4 ),
 ( 0.005078723537415596700, 0.007620361321112572300, 0.008891180212961064000, 0.01016199910480955500 ),
 .UNSPECIFIED. ) ;
#807 = DIRECTION ( 'NONE',  ( -0.0000000000000000000, 1.000000000000000000, -0.0000000000000000000 ) ) ;
#808 = ADVANCED_FACE ( 'NONE', ( #283 ), #2991, .T. ) ;
#809 = ORIENTED_EDGE ( 'NONE', *, *, #2439, .T. ) ;
#810 = CIRCLE ( 'NONE', #1317, 0.01500000000000001200 ) ;
#811 = ORIENTED_EDGE ( 'NONE', *, *, #2446, .T. ) ;
#812 = AXIS2_PLACEMENT_3D ( 'NONE', #1214, #1258, #1254 ) ;
#813 = MANIFOLD_SOLID_BREP ( 'Cut-Revolve3', #902 ) ;
#814 = DIRECTION ( 'NONE',  ( -1.000000000000000000, 0.0000000000000000000, -0.0000000000000000000 ) ) ;
#815 = LINE ( 'NONE', #147, #732 ) ;
#816 = VERTEX_POINT ( 'NONE', #2402 ) ;
#817 = CARTESIAN_POINT ( 'NONE',  ( 0.0000000000000000000, -1.435000000000000100, 0.0000000000000000000 ) ) ;
#818 = DIRECTION ( 'NONE',  ( 0.0000000000000000000, 0.0000000000000000000, 1.000000000000000000 ) ) ;
#819 = CARTESIAN_POINT ( 'NONE',  ( -0.1962990915244727500, -0.9050000000000003600, 0.3399999999999999700 ) ) ;
#820 = ORIENTED_EDGE ( 'NONE', *, *, #2903, .T. ) ;
#821 = CARTESIAN_POINT ( 'NONE',  ( 0.3125000000000000000, -0.6674663537936618200, -0.1506121121501672900 ) ) ;
#822 = CARTESIAN_POINT ( 'NONE',  ( -1.345000233143514000, 0.2249971204954548100, -0.008274041489505034800 ) ) ;
#823 = VERTEX_POINT ( 'NONE', #1000 ) ;
#824 = AXIS2_PLACEMENT_3D ( 'NONE', #1648, #1345, #1185 ) ;
#825 = DIRECTION ( 'NONE',  ( 0.0000000000000000000, 1.000000000000000000, 0.0000000000000000000 ) ) ;
#826 = ORIENTED_EDGE ( 'NONE', *, *, #2883, .T. ) ;
#827 = CIRCLE ( 'NONE', #1369, 0.1325000000000000900 ) ;
#828 = CARTESIAN_POINT ( 'NONE',  ( -5.914624404477007600E-017, -0.8700000000000003300, -0.3400000000000000800 ) ) ;
#829 = CARTESIAN_POINT ( 'NONE',  ( 0.1325000000000080800, 0.2500000000000005000, 1.156250000000000000 ) ) ;
#830 = ADVANCED_FACE ( 'NONE', ( #2442 ), #484, .F. ) ;
#831 = CARTESIAN_POINT ( 'NONE',  ( 4.163799117100999100E-017, -1.435000000000000100, -0.3399999999999998600 ) ) ;
#832 = CARTESIAN_POINT ( 'NONE',  ( -0.2121206297886862000, -0.8927500810825623700, 0.3125962918724872200 ) ) ;
#833 = CARTESIAN_POINT ( 'NONE',  ( -0.1161783126050337000, -0.8803921721646548200, -0.3400000000000001400 ) ) ;
#834 = CARTESIAN_POINT ( 'NONE',  ( -0.3609381773769276300, -0.8831539301208387600, 0.05483673839185374700 ) ) ;
#835 = ADVANCED_FACE ( 'NONE', ( #1233 ), #1262, .T. ) ;
#836 = VERTEX_POINT ( 'NONE', #611 ) ;
#837 = DIRECTION ( 'NONE',  ( -0.0000000000000000000, -1.000000000000000000, -0.0000000000000000000 ) ) ;
#838 = CARTESIAN_POINT ( 'NONE',  ( -0.3925981830489455000, -1.320000000000000100, -2.602482068104217300E-017 ) ) ;
#839 = CARTESIAN_POINT ( 'NONE',  ( 1.530808498934199500E-017, -0.2500000000000005000, -1.156250000000000000 ) ) ;
#840 = DIRECTION ( 'NONE',  ( 0.0000000000000000000, 0.0000000000000000000, -1.000000000000000000 ) ) ;
#841 = CARTESIAN_POINT ( 'NONE',  ( 0.0000000000000000000, 0.2499999999999999200, 0.0000000000000000000 ) ) ;
#842 = CARTESIAN_POINT ( 'NONE',  ( -0.2040822710401582800, -0.8982665582553232000, 0.3265191376344035400 ) ) ;
#843 = DIRECTION ( 'NONE',  ( -0.0000000000000000000, 1.000000000000000000, -0.0000000000000000000 ) ) ;
#844 = CARTESIAN_POINT ( 'NONE',  ( -0.2284025810818448000, -0.8837577440941141200, 0.2843951249863745900 ) ) ;
#845 = CIRCLE ( 'NONE', #1335, 0.1325000000000000900 ) ;
#846 = ORIENTED_EDGE ( 'NONE', *, *, #2770, .F. ) ;
#847 = ORIENTED_EDGE ( 'NONE', *, *, #2401, .F. ) ;
#848 = ORIENTED_EDGE ( 'NONE', *, *, #2169, .F. ) ;
#849 = VERTEX_POINT ( 'NONE', #576 ) ;
#850 = CARTESIAN_POINT ( 'NONE',  ( -0.2365865895631583400, -0.8803024982283723700, 0.2702200064871649900 ) ) ;
#851 = UNCERTAINTY_MEASURE_WITH_UNIT (LENGTH_MEASURE( 1.000000000000000100E-005 ), #1478, 'distance_accuracy_value', 'NONE');
#852 = VERTEX_POINT ( 'NONE', #728 ) ;
#853 = CIRCLE ( 'NONE', #1346, 0.8249999999999999600 ) ;
#854 = DIRECTION ( 'NONE',  ( 0.0000000000000000000, 1.000000000000000000, 0.0000000000000000000 ) ) ;
#855 = CARTESIAN_POINT ( 'NONE',  ( -0.3925981830489455000, -0.9050000000000003600, 0.0000000000000000000 ) ) ;
#856 = CARTESIAN_POINT ( 'NONE',  ( -0.06695242343695159700, -0.8723477475852391400, -0.3400000000000000800 ) ) ;
#857 = ORIENTED_EDGE ( 'NONE', *, *, #2881, .T. ) ;
#858 = DIRECTION ( 'NONE',  ( -0.0000000000000000000, 1.000000000000000000, -0.0000000000000000000 ) ) ;
#859 = CARTESIAN_POINT ( 'NONE',  ( -0.2612360314138739100, -0.8722931692392218400, 0.2275259208235110300 ) ) ;
#860 = ORIENTED_EDGE ( 'NONE', *, *, #2859, .T. ) ;
#861 = DIRECTION ( 'NONE',  ( 0.0000000000000000000, -1.000000000000000000, 0.0000000000000000000 ) ) ;
#862 = CARTESIAN_POINT ( 'NONE',  ( 1.344374593728716600, 0.2331729639925430000, -0.03200364772870231700 ) ) ;
#863 = CARTESIAN_POINT ( 'NONE',  ( -0.2610436545117823000, -1.316879021041496900, 0.2278591273921363500 ) ) ;
#864 = ORIENTED_EDGE ( 'NONE', *, *, #2449, .T. ) ;
#865 = CARTESIAN_POINT ( 'NONE',  ( -0.8249999999999999600, 0.2040000000000000700, 0.0000000000000000000 ) ) ;
#866 = DIRECTION ( 'NONE',  ( 0.0000000000000000000, 0.0000000000000000000, -1.000000000000000000 ) ) ;
#867 = CARTESIAN_POINT ( 'NONE',  ( -0.2944486372867089500, -1.320000000000000100, 0.1699999999999999300 ) ) ;
#868 = PLANE ( 'NONE',  #2067 ) ;
#869 = CARTESIAN_POINT ( 'NONE',  ( -0.2861296477299983300, -1.320000000000000500, 0.1844089125798579500 ) ) ;
#870 = VERTEX_POINT ( 'NONE', #1761 ) ;
#871 = CARTESIAN_POINT ( 'NONE',  ( 0.1962990915244727000, -0.9050000000000003600, -0.3400000000000000800 ) ) ;
#872 = DIRECTION ( 'NONE',  ( 0.0000000000000000000, 0.0000000000000000000, -1.000000000000000000 ) ) ;
#873 = CARTESIAN_POINT ( 'NONE',  ( 0.9499433016766669600, 0.2439393939393938700, 0.04481878623560321700 ) ) ;
#874 = CARTESIAN_POINT ( 'NONE',  ( -0.2777859695818198900, -1.319402806864038700, 0.1988605870545054300 ) ) ;
#875 = DIRECTION ( 'NONE',  ( -1.000000000000000000, -1.224646799147353200E-016, 0.0000000000000000000 ) ) ;
#876 = FACE_BOUND ( 'NONE', #3039, .T. ) ;
#877 = CARTESIAN_POINT ( 'NONE',  ( 0.9508849962816600100, 0.2266900419275322300, 0.01664517206128599700 ) ) ;
#878 = CARTESIAN_POINT ( 'NONE',  ( -0.3770652867936883400, -0.8915620660746590400, 0.02690376550280152200 ) ) ;
#879 = ORIENTED_EDGE ( 'NONE', *, *, #2180, .T. ) ;
#880 = CARTESIAN_POINT ( 'NONE',  ( 0.9504949784605134500, 0.2331283260708792700, 0.03191604342443587300 ) ) ;
#881 = CARTESIAN_POINT ( 'NONE',  ( 3.791200677927629700E-033, 0.2500000000000002800, -1.023749999999999900 ) ) ;
#882 = ADVANCED_FACE ( 'NONE', ( #2479 ), #3165, .F. ) ;
#883 = DIRECTION ( 'NONE',  ( -0.0000000000000000000, 1.000000000000000000, -0.0000000000000000000 ) ) ;
#884 = DIRECTION ( 'NONE',  ( 0.0000000000000000000, 0.0000000000000000000, 1.000000000000000000 ) ) ;
#885 = CARTESIAN_POINT ( 'NONE',  ( -0.2279590971964904600, -1.306846069879161300, 0.2851632616081462000 ) ) ;
#886 = ADVANCED_FACE ( 'NONE', ( #2824 ), #636, .F. ) ;
#887 = CARTESIAN_POINT ( 'NONE',  ( 0.9510001898970483800, 0.2249971105263375600, 0.008272912595727332400 ) ) ;
#888 = CARTESIAN_POINT ( 'NONE',  ( -0.2526822756821013900, -1.314950733715498000, 0.2423414603464747700 ) ) ;
#889 = ORIENTED_EDGE ( 'NONE', *, *, #2776, .F. ) ;
#890 = CIRCLE ( 'NONE', #1371, 0.1325000000000000900 ) ;
#891 = ORIENTED_EDGE ( 'NONE', *, *, #2398, .T. ) ;
#892 = CARTESIAN_POINT ( 'NONE',  ( 0.2864583333333332000, -0.6674879048846075200, 0.1954571223819046900 ) ) ;
#893 = CARTESIAN_POINT ( 'NONE',  ( 0.9502195700709493700, 0.2379147002000875600, 0.03896322135631060500 ) ) ;
#894 = CARTESIAN_POINT ( 'NONE',  ( -0.2777949333378682000, -0.8700000000000004400, 0.1988450613736030300 ) ) ;
#895 = ORIENTED_EDGE ( 'NONE', *, *, #2452, .T. ) ;
#896 = ORIENTED_EDGE ( 'NONE', *, *, #2455, .T. ) ;
#897 = AXIS2_PLACEMENT_3D ( 'NONE', #1327, #85, #1306 ) ;
#898 = DIRECTION ( 'NONE',  ( -0.0000000000000000000, -1.000000000000000000, -0.0000000000000000000 ) ) ;
#899 = CARTESIAN_POINT ( 'NONE',  ( -0.1962990915244727500, -0.9050000000000003600, 0.3399999999999999700 ) ) ;
#900 = ORIENTED_EDGE ( 'NONE', *, *, #2456, .T. ) ;
#901 = VECTOR ( 'NONE', #1412, 39.37007874015748100 ) ;
#902 = CLOSED_SHELL ( 'NONE', ( #740, #1041, #1127, #1609, #985, #784, #2074, #886, #2040, #1056, #1578, #170, #1090, #79, #256, #1120, #1019, #3126, #49, #3035, #1049, #1973, #3081, #3132, #2565, #508, #1802, #88, #758, #1197, #3095, #282, #2844, #2905, #2025, #1744, #2262, #835, #2321, #21, #1009, #2580, #1515, #1103, #2871, #271, #2069, #3108, #830, #2303, #383, #1231, #2356, #966, #2539, #467, #1595, #58, #1037, #2819, #536, #1832, #114, #882, #3078, #2191, #2213, #1234, #3138, #974, #2545, #502, #1625, #72, #629, #808, #397, #2028, #3101, #770, #2277, #288, #1216, #3146, #2751, #2340, #1842, #1571, #38, #2317, #2599, #519, #1817, #104, #1124, #2890, #796, #2059 ) ) ;
#903 = DIRECTION ( 'NONE',  ( -6.123233995736790700E-017, 1.000000000000000000, -1.060575238724908400E-016 ) ) ;
#904 = CARTESIAN_POINT ( 'NONE',  ( 0.1962990915244726400, -1.285000000000000100, 0.3400000000000000800 ) ) ;
#905 = VERTEX_POINT ( 'NONE', #1998 ) ;
#906 = DIRECTION ( 'NONE',  ( -1.836970198721034600E-016, 1.000000000000000000, -1.060575238724904000E-016 ) ) ;
#907 = DIRECTION ( 'NONE',  ( 0.0000000000000000000, 1.000000000000000000, 0.0000000000000000000 ) ) ;
#908 = DIRECTION ( 'NONE',  ( -0.0000000000000000000, 1.000000000000000000, -0.0000000000000000000 ) ) ;
#909 = ORIENTED_EDGE ( 'NONE', *, *, #2887, .T. ) ;
#910 = CARTESIAN_POINT ( 'NONE',  ( -0.06695242343695156900, -1.317652252414761800, 0.3400000000000000800 ) ) ;
#911 = AXIS2_PLACEMENT_3D ( 'NONE', #1126, #91, #1580 ) ;
#912 = FACE_OUTER_BOUND ( 'NONE', #480, .T. ) ;
#913 = B_SPLINE_CURVE_WITH_KNOTS ( 'NONE', 3,
 ( #3142, #3029, #917, #1705, #2603, #2611, #1820, #2329 ),
 .UNSPECIFIED., .F., .F.,
 ( 4, 2, 2, 4 ),
 ( 2.477233938956503300E-007, 0.002539485630404738600, 0.003809104583910157900, 0.005078723537415577600 ),
 .UNSPECIFIED. ) ;
#914 = FACE_OUTER_BOUND ( 'NONE', #2466, .T. ) ;
#915 = CARTESIAN_POINT ( 'NONE',  ( -1.343698254817650800, 0.2299999999999997300, -0.05916079783099605100 ) ) ;
#916 = FACE_OUTER_BOUND ( 'NONE', #965, .T. ) ;
#917 = CARTESIAN_POINT ( 'NONE',  ( 0.3609381773769278500, -0.8831539301208387600, -0.05483673839185381600 ) ) ;
#918 = FACE_OUTER_BOUND ( 'NONE', #2807, .T. ) ;
#919 = CARTESIAN_POINT ( 'NONE',  ( 0.9497664238635021800, 0.2477966381108217000, 0.04856774750706353100 ) ) ;
#920 = CARTESIAN_POINT ( 'NONE',  ( 1.365000000000000000, 0.06999999999999993700, 1.671642880836137200E-016 ) ) ;
#921 = APPROVAL_ROLE ( '' ) ;
#922 = VERTEX_POINT ( 'NONE', #2226 ) ;
#923 = EDGE_LOOP ( 'NONE', ( #1373, #1384 ) ) ;
#924 = CARTESIAN_POINT ( 'NONE',  ( 0.9491580479561873000, 0.2499999999999999200, 0.05916079783099623100 ) ) ;
#925 = AXIS2_PLACEMENT_3D ( 'NONE', #622, #618, #570 ) ;
#926 = APPROVAL_STATUS ( 'not_yet_approved' ) ;
#927 = CARTESIAN_POINT ( 'NONE',  ( 4.097771990496394800E-016, -0.6650000000000001500, -0.3608439182435163000 ) ) ;
#928 = ORIENTED_EDGE ( 'NONE', *, *, #2281, .F. ) ;
#929 = CARTESIAN_POINT ( 'NONE',  ( -1.365000000000000000, 0.2439393939393937300, -0.04481878623560307800 ) ) ;
#930 = VERTEX_POINT ( 'NONE', #2196 ) ;
#931 = DIRECTION ( 'NONE',  ( 0.0000000000000000000, 0.0000000000000000000, 1.000000000000000000 ) ) ;
#932 = ORIENTED_EDGE ( 'NONE', *, *, #2461, .T. ) ;
#933 = CIRCLE ( 'NONE', #1378, 0.9509999999999999600 ) ;
#934 = ORIENTED_EDGE ( 'NONE', *, *, #2354, .T. ) ;
#935 = CARTESIAN_POINT ( 'NONE',  ( 1.345000000000000000, -0.2499999999999998100, 0.0000000000000000000 ) ) ;
#936 = CARTESIAN_POINT ( 'NONE',  ( 0.06724104094171592900, -0.8723647936985913200, -0.3400000000000000800 ) ) ;
#937 = ORIENTED_EDGE ( 'NONE', *, *, #2463, .T. ) ;
#938 = CIRCLE ( 'NONE', #1380, 0.3399999999999998600 ) ;
#939 = ORIENTED_EDGE ( 'NONE', *, *, #2468, .T. ) ;
#940 = CARTESIAN_POINT ( 'NONE',  ( 0.3276612431595444200, -0.8722931692392219500, 0.1124740791764890800 ) ) ;
#941 = AXIS2_PLACEMENT_3D ( 'NONE', #1455, #1113, #1671 ) ;
#942 = CARTESIAN_POINT ( 'NONE',  ( 0.0000000000000000000, 0.0000000000000000000, 0.1499999999999999400 ) ) ;
#943 = ORIENTED_EDGE ( 'NONE', *, *, #2883, .F. ) ;
#944 = SECURITY_CLASSIFICATION_LEVEL ( 'unclassified' ) ;
#945 = ORIENTED_EDGE ( 'NONE', *, *, #2176, .T. ) ;
#946 = DIRECTION ( 'NONE',  ( 0.8660254037844387100, -0.0000000000000000000, 0.5000000000000001100 ) ) ;
#947 = FACE_OUTER_BOUND ( 'NONE', #2794, .T. ) ;
#948 = AXIS2_PLACEMENT_3D ( 'NONE', #2625, #3065, #1715 ) ;
#949 = DATE_TIME_ROLE ( 'classification_date' ) ;
#950 = CARTESIAN_POINT ( 'NONE',  ( 0.1332184880917266200, -0.8832073955126061900, -0.3400000000000001400 ) ) ;
#951 = PLANE ( 'NONE',  #773 ) ;
#952 = PLANE ( 'NONE',  #1875 ) ;
#953 = DIRECTION ( 'NONE',  ( 1.000000000000000000, -0.0000000000000000000, -0.0000000000000000000 ) ) ;
#954 = CARTESIAN_POINT ( 'NONE',  ( -0.02604166666666674400, -0.3525120951153925000, 0.3458087549833697700 ) ) ;
#955 = CARTESIAN_POINT ( 'NONE',  ( -0.2944486372867092800, -0.8700000000000003300, 0.1700000000000000700 ) ) ;
#956 = CARTESIAN_POINT ( 'NONE',  ( 1.343698254817651000, 0.2499999999999998100, -0.05916079783099605100 ) ) ;
#957 = ORIENTED_EDGE ( 'NONE', *, *, #2472, .T. ) ;
#958 = VERTEX_POINT ( 'NONE', #1532 ) ;
#959 = VECTOR ( 'NONE', #1318, 39.37007874015748100 ) ;
#960 = CARTESIAN_POINT ( 'NONE',  ( 1.622657008870243700E-017, -0.2500000000000005000, -1.288750000000000100 ) ) ;
#961 = ORIENTED_EDGE ( 'NONE', *, *, #2162, .F. ) ;
#962 = VERTEX_POINT ( 'NONE', #2923 ) ;
#963 = CARTESIAN_POINT ( 'NONE',  ( -1.365000000000000000, 0.2439393939393937300, -0.04481878623560307800 ) ) ;
#964 = CYLINDRICAL_SURFACE ( 'NONE', #1381, 0.1499999999999999400 ) ;
#965 = EDGE_LOOP ( 'NONE', ( #820, #826, #846 ) ) ;
#966 = ADVANCED_FACE ( 'NONE', ( #2099 ), #2561, .T. ) ;
#967 = CARTESIAN_POINT ( 'NONE',  ( -1.363678898011965200, 0.2299999999999999300, 0.06004051229688465300 ) ) ;
#968 = ORIENTED_EDGE ( 'NONE', *, *, #2286, .F. ) ;
#969 = PLANE ( 'NONE',  #697 ) ;
#970 = ORIENTED_EDGE ( 'NONE', *, *, #2476, .T. ) ;
#971 = CIRCLE ( 'NONE', #1387, 0.1325000000000000900 ) ;
#972 = VERTEX_POINT ( 'NONE', #2306 ) ;
#973 = AXIS2_PLACEMENT_3D ( 'NONE', #497, #1273, #980 ) ;
#974 = ADVANCED_FACE ( 'NONE', ( #2, #712 ), #194, .T. ) ;
#975 = DIRECTION ( 'NONE',  ( -1.000000000000000000, 0.0000000000000000000, 0.0000000000000000000 ) ) ;
#976 = B_SPLINE_CURVE_WITH_KNOTS ( 'NONE', 3,
 ( #793, #733, #1282, #1065, #1364, #1039, #1221, #1060 ),
 .UNSPECIFIED., .F., .F.,
 ( 4, 2, 2, 4 ),
 ( 2.477233939154367000E-007, 0.002539485630404757200, 0.003809104583910176500, 0.005078723537415595800 ),
 .UNSPECIFIED. ) ;
#977 = CARTESIAN_POINT ( 'NONE',  ( -0.1499999999999999100, -0.7700000000000002400, 0.0000000000000000000 ) ) ;
#978 = CARTESIAN_POINT ( 'NONE',  ( -0.03366086504475716800, -1.320000000000001000, 0.3400000000000000800 ) ) ;
#979 = CARTESIAN_POINT ( 'NONE',  ( 1.344495477274289600, 0.2315526003733876200, -0.02816897352664331200 ) ) ;
#980 = DIRECTION ( 'NONE',  ( 0.0000000000000000000, 0.0000000000000000000, 1.000000000000000000 ) ) ;
#981 = CARTESIAN_POINT ( 'NONE',  ( -0.1647213283366829600, -0.8927777437293283900, -0.3399999999999999700 ) ) ;
#982 = CIRCLE ( 'NONE', #1388, 1.345000000000000000 ) ;
#983 = CARTESIAN_POINT ( 'NONE',  ( -0.1962990915244727000, -1.320000000000000100, 0.3400000000000000800 ) ) ;
#984 = EDGE_LOOP ( 'NONE', ( #1217, #1242 ) ) ;
#985 = ADVANCED_FACE ( 'NONE', ( #753 ), #2222, .T. ) ;
#986 = ORIENTED_EDGE ( 'NONE', *, *, #2874, .T. ) ;
#987 = ORIENTED_EDGE ( 'NONE', *, *, #2256, .T. ) ;
#988 = CARTESIAN_POINT ( 'NONE',  ( 0.2040822710401582800, -1.291733441744677500, 0.3265191376344036000 ) ) ;
#989 = VERTEX_POINT ( 'NONE', #1927 ) ;
#990 = CIRCLE ( 'NONE', #1400, 0.1325000000000000300 ) ;
#991 = DIRECTION ( 'NONE',  ( 0.0000000000000000000, 0.0000000000000000000, -1.000000000000000000 ) ) ;
#992 = AXIS2_PLACEMENT_3D ( 'NONE', #2686, #2600, #2847 ) ;
#993 = CARTESIAN_POINT ( 'NONE',  ( 0.2121206297886862300, -1.297249918917438000, 0.3125962918724872800 ) ) ;
#994 = ORIENTED_EDGE ( 'NONE', *, *, #2793, .T. ) ;
#995 = DIRECTION ( 'NONE',  ( -0.0000000000000000000, 1.000000000000000000, -0.0000000000000000000 ) ) ;
#996 = ORIENTED_EDGE ( 'NONE', *, *, #2875, .T. ) ;
#997 = AXIS2_PLACEMENT_3D ( 'NONE', #1992, #1957, #2972 ) ;
#998 = CIRCLE ( 'NONE', #1395, 0.1325000000000000600 ) ;
#999 = AXIS2_PLACEMENT_3D ( 'NONE', #1022, #1740, #3062 ) ;
#1000 = CARTESIAN_POINT ( 'NONE',  ( 0.9491580479561873000, 0.2499999999999998100, -0.05916079783099605100 ) ) ;
#1001 = B_SPLINE_CURVE_WITH_KNOTS ( 'NONE', 3,
 ( #149, #2767, #2235, #2984, #2730, #1688, #1995, #954, #2774 ),
 .UNSPECIFIED., .F., .F.,
 ( 4, 2, 1, 2, 4 ),
 ( 2.309401076763871700E-007, 0.002291589820954004100, 0.004582948701800331300, 0.006874307582646658900, 0.009165666463492986400 ),
 .UNSPECIFIED. ) ;
#1002 = EDGE_LOOP ( 'NONE', ( #1504, #1516, #1541, #1546, #1549, #1556, #516, #520 ) ) ;
#1003 = AXIS2_PLACEMENT_3D ( 'NONE', #1684, #1219, #2979 ) ;
#1004 = DIRECTION ( 'NONE',  ( 0.0000000000000000000, -1.707404996040164600E-015, -1.000000000000000000 ) ) ;
#1005 = APPROVAL_ROLE ( '' ) ;
#1006 = CARTESIAN_POINT ( 'NONE',  ( 2.326828918379971200E-017, 0.04900000000000009200, -0.1900000000000000300 ) ) ;
#1007 = ORIENTED_EDGE ( 'NONE', *, *, #2785, .T. ) ;
#1008 = CARTESIAN_POINT ( 'NONE',  ( -0.1962990915244727500, -1.285000000000000100, -0.3399999999999999700 ) ) ;
#1009 = ADVANCED_FACE ( 'NONE', ( #2066 ), #617, .F. ) ;
#1010 = ORIENTED_EDGE ( 'NONE', *, *, #2208, .F. ) ;
#1011 = MECHANICAL_CONTEXT ( 'NONE', #1353, 'mechanical' ) ;
#1012 = AXIS2_PLACEMENT_3D ( 'NONE', #1236, #3036, #2758 ) ;
#1013 = DIRECTION ( 'NONE',  ( 8.881784197001252300E-016, 0.0000000000000000000, 1.000000000000000000 ) ) ;
#1014 = ORIENTED_EDGE ( 'NONE', *, *, #2765, .T. ) ;
#1015 = DIRECTION ( 'NONE',  ( 1.000000000000000000, -0.0000000000000000000, -0.0000000000000000000 ) ) ;
#1016 = CARTESIAN_POINT ( 'NONE',  ( 0.1161783126050336300, -0.8803921721646548200, 0.3399999999999999700 ) ) ;
#1017 = ORIENTED_EDGE ( 'NONE', *, *, #2228, .T. ) ;
#1018 = CARTESIAN_POINT ( 'NONE',  ( 0.0000000000000000000, -1.435000000000000100, 0.0000000000000000000 ) ) ;
#1019 = ADVANCED_FACE ( 'NONE', ( #86 ), #1355, .F. ) ;
#1020 = CARTESIAN_POINT ( 'NONE',  ( 0.06695242343695155500, -0.8723477475852390300, 0.3400000000000000800 ) ) ;
#1021 = ORIENTED_EDGE ( 'NONE', *, *, #35, .F. ) ;
#1022 = CARTESIAN_POINT ( 'NONE',  ( 0.0000000000000000000, -0.7700000000000001300, 0.0000000000000000000 ) ) ;
#1023 = ORIENTED_EDGE ( 'NONE', *, *, #2288, .F. ) ;
#1024 = VERTEX_POINT ( 'NONE', #1006 ) ;
#1025 = LINE ( 'NONE', #1326, #959 ) ;
#1026 = AXIS2_PLACEMENT_3D ( 'NONE', #3098, #2651, #1719 ) ;
#1027 = AXIS2_PLACEMENT_3D ( 'NONE', #839, #903, #1643 ) ;
#1028 = B_SPLINE_CURVE_WITH_KNOTS ( 'NONE', 3,
 ( #1083, #1276, #1179, #1175, #1184, #1194, #1186, #1780, #3089, #979, #1721, #3124, #1492, #1266 ),
 .UNSPECIFIED., .F., .F.,
 ( 4, 2, 2, 2, 2, 2, 4 ),
 ( 2.168404344971008900E-019, 0.0006356068479654692600, 0.001271213695930938300, 0.001589017119913672800, 0.001906820543896407300, 0.002224623967879141600, 0.002542427391861876200 ),
 .UNSPECIFIED. ) ;
#1029 = DIRECTION ( 'NONE',  ( 0.0000000000000000000, 1.000000000000000000, 0.0000000000000000000 ) ) ;
#1030 = ORIENTED_EDGE ( 'NONE', *, *, #2478, .T. ) ;
#1031 = EDGE_LOOP ( 'NONE', ( #1134, #1142 ) ) ;
#1032 = CARTESIAN_POINT ( 'NONE',  ( 0.3125000000000000000, -0.6697913765443614900, 0.01434539005809427700 ) ) ;
#1033 = EDGE_LOOP ( 'NONE', ( #1143, #1169 ) ) ;
#1034 = FACE_OUTER_BOUND ( 'NONE', #2946, .T. ) ;
#1035 = CARTESIAN_POINT ( 'NONE',  ( -0.06724104094171577700, -0.8723647936985916600, 0.3400000000000000800 ) ) ;
#1036 = PLANE ( 'NONE',  #2057 ) ;
#1037 = ADVANCED_FACE ( 'NONE', ( #1649 ), #3186, .F. ) ;
#1038 = ORIENTED_EDGE ( 'NONE', *, *, #2209, .T. ) ;
#1039 = CARTESIAN_POINT ( 'NONE',  ( -0.2777859695818197800, -0.8705971931359616200, -0.1988605870545053800 ) ) ;
#1040 = ORIENTED_EDGE ( 'NONE', *, *, #2855, .T. ) ;
#1041 = ADVANCED_FACE ( 'NONE', ( #1192 ), #1405, .T. ) ;
#1042 = CARTESIAN_POINT ( 'NONE',  ( -0.1654108635387016900, -0.8916388740411753700, 0.3400000000000001400 ) ) ;
#1043 = AXIS2_PLACEMENT_3D ( 'NONE', #1748, #2809, #2882 ) ;
#1044 = DIRECTION ( 'NONE',  ( -1.000000000000000000, 0.0000000000000000000, 0.0000000000000000000 ) ) ;
#1045 = DIRECTION ( 'NONE',  ( 0.0000000000000000000, 0.0000000000000000000, 1.000000000000000000 ) ) ;
#1046 = ORIENTED_EDGE ( 'NONE', *, *, #2176, .F. ) ;
#1047 = CARTESIAN_POINT ( 'NONE',  ( 1.836970198721028800E-017, -0.7700000000000001300, -0.1499999999999999100 ) ) ;
#1048 = ORIENTED_EDGE ( 'NONE', *, *, #2962, .T. ) ;
#1049 = ADVANCED_FACE ( 'NONE', ( #918 ), #3157, .T. ) ;
#1050 = CARTESIAN_POINT ( 'NONE',  ( 0.3125000000000000000, -0.6650000000000001500, 0.1804219591217584300 ) ) ;
#1051 = CARTESIAN_POINT ( 'NONE',  ( -0.03348247628625539800, -0.8700000000000001100, 0.3400000000000000800 ) ) ;
#1052 = AXIS2_PLACEMENT_3D ( 'NONE', #1125, #2945, #2965 ) ;
#1053 = AXIS2_PLACEMENT_3D ( 'NONE', #1153, #2606, #2654 ) ;
#1054 = ORIENTED_EDGE ( 'NONE', *, *, #2556, .T. ) ;
#1055 = DIRECTION ( 'NONE',  ( 0.0000000000000000000, -5.122214988120484400E-015, -1.000000000000000000 ) ) ;
#1056 = ADVANCED_FACE ( 'NONE', ( #3188 ), #3152, .F. ) ;
#1057 = DIRECTION ( 'NONE',  ( 1.000000000000000000, -7.477686114044515700E-017, 0.0000000000000000000 ) ) ;
#1058 = LINE ( 'NONE', #2053, #901 ) ;
#1059 = ORIENTED_EDGE ( 'NONE', *, *, #2519, .T. ) ;
#1060 = CARTESIAN_POINT ( 'NONE',  ( -0.2944486372867092800, -0.8700000000000003300, -0.1700000000000000700 ) ) ;
#1061 = VERTEX_POINT ( 'NONE', #1734 ) ;
#1062 = ORIENTED_EDGE ( 'NONE', *, *, #2469, .T. ) ;
#1063 = CARTESIAN_POINT ( 'NONE',  ( -0.1808224159363187900, -0.8983053520566987000, -0.3400000000000000800 ) ) ;
#1064 = CARTESIAN_POINT ( 'NONE',  ( 0.2121206297886862300, -0.8927500810825621500, -0.3125962918724872200 ) ) ;
#1065 = CARTESIAN_POINT ( 'NONE',  ( -0.2526822756821012200, -0.8750492662845023000, -0.2423414603464747500 ) ) ;
#1066 = ORIENTED_EDGE ( 'NONE', *, *, #2876, .T. ) ;
#1067 = AXIS2_PLACEMENT_3D ( 'NONE', #1018, #1121, #1809 ) ;
#1068 = FACE_OUTER_BOUND ( 'NONE', #1838, .T. ) ;
#1069 = DIRECTION ( 'NONE',  ( -6.947354878030527500E-017, -1.000000000000000000, -0.0000000000000000000 ) ) ;
#1070 = DIRECTION ( 'NONE',  ( -0.0000000000000000000, 1.000000000000000000, -0.0000000000000000000 ) ) ;
#1071 = ORIENTED_EDGE ( 'NONE', *, *, #2520, .T. ) ;
#1072 = B_SPLINE_CURVE_WITH_KNOTS ( 'NONE', 3,
 ( #797, #804, #606, #585, #614, #1620, #1314, #1638 ),
 .UNSPECIFIED., .F., .F.,
 ( 4, 2, 2, 4 ),
 ( 0.005078723537415595800, 0.007620361321112574900, 0.008891180212961064000, 0.01016199910480955100 ),
 .UNSPECIFIED. ) ;
#1073 = CARTESIAN_POINT ( 'NONE',  ( -0.9502179033953143100, 0.2382580242538902000, 0.03871234918308842600 ) ) ;
#1074 = ORIENTED_EDGE ( 'NONE', *, *, #2208, .T. ) ;
#1075 = CIRCLE ( 'NONE', #1401, 0.6850000000000000500 ) ;
#1076 = CARTESIAN_POINT ( 'NONE',  ( -0.9504718904440420100, 0.2335785500318796100, 0.03187311387344076600 ) ) ;
#1077 = AXIS2_PLACEMENT_3D ( 'NONE', #3172, #2224, #1754 ) ;
#1078 = DIRECTION ( 'NONE',  ( -1.739595413081472400E-016, 0.0000000000000000000, -1.000000000000000000 ) ) ;
#1079 = CARTESIAN_POINT ( 'NONE',  ( 1.343698254817651000, 0.2299999999999997300, -0.05916079783099605100 ) ) ;
#1080 = DIRECTION ( 'NONE',  ( -1.000000000000000000, 0.0000000000000000000, 1.739595413081472400E-016 ) ) ;
#1081 = ORIENTED_EDGE ( 'NONE', *, *, #2913, .T. ) ;
#1082 = ORIENTED_EDGE ( 'NONE', *, *, #2346, .F. ) ;
#1083 = CARTESIAN_POINT ( 'NONE',  ( 1.343698254817651000, 0.2439393939393938700, 0.04481878623560321700 ) ) ;
#1084 = DIRECTION ( 'NONE',  ( -1.224646799147353200E-016, 1.000000000000000000, -0.0000000000000000000 ) ) ;
#1085 = AXIS2_PLACEMENT_3D ( 'NONE', #2042, #898, #2030 ) ;
#1086 = DIRECTION ( 'NONE',  ( -1.000000000000000000, -1.250846150945175500E-016, 0.0000000000000000000 ) ) ;
#1087 = AXIS2_PLACEMENT_3D ( 'NONE', #2858, #348, #1664 ) ;
#1088 = CARTESIAN_POINT ( 'NONE',  ( 0.1324646439223203000, -0.8838511195773680600, 0.3400000000000000800 ) ) ;
#1089 = ORIENTED_EDGE ( 'NONE', *, *, #2840, .T. ) ;
#1090 = ADVANCED_FACE ( 'NONE', ( #3159 ), #3147, .F. ) ;
#1091 = CARTESIAN_POINT ( 'NONE',  ( -2.639112213091316200E-017, 0.04900000000000004400, 0.0000000000000000000 ) ) ;
#1092 = CARTESIAN_POINT ( 'NONE',  ( 0.2944486372867092200, -0.8700000000000003300, 0.1700000000000000400 ) ) ;
#1093 = AXIS2_PLACEMENT_3D ( 'NONE', #3000, #1871, #1914 ) ;
#1094 = AXIS2_PLACEMENT_3D ( 'NONE', #3018, #2453, #1210 ) ;
#1095 = CARTESIAN_POINT ( 'NONE',  ( -0.9505905264450461600, 0.2315516407071554800, 0.02816706570852353000 ) ) ;
#1096 = CARTESIAN_POINT ( 'NONE',  ( 0.0000000000000000000, -1.435000000000000100, 0.0000000000000000000 ) ) ;
#1097 = VERTEX_POINT ( 'NONE', #2443 ) ;
#1098 = CIRCLE ( 'NONE', #1406, 1.345000000000000000 ) ;
#1099 = ORIENTED_EDGE ( 'NONE', *, *, #2526, .T. ) ;
#1100 = DATE_TIME_ROLE ( 'creation_date' ) ;
#1101 = CARTESIAN_POINT ( 'NONE',  ( -1.363852488256193500, 0.2260028646400950600, 0.05609781854062777900 ) ) ;
#1102 = ORIENTED_EDGE ( 'NONE', *, *, #2037, .T. ) ;
#1103 = ADVANCED_FACE ( 'NONE', ( #3150 ), #3130, .T. ) ;
#1104 = AXIS2_PLACEMENT_3D ( 'NONE', #2779, #439, #2832 ) ;
#1105 = ORIENTED_EDGE ( 'NONE', *, *, #2301, .T. ) ;
#1106 = AXIS2_PLACEMENT_3D ( 'NONE', #2888, #2721, #1257 ) ;
#1107 = VERTEX_POINT ( 'NONE', #2608 ) ;
#1108 = CIRCLE ( 'NONE', #1411, 0.1325000000000000900 ) ;
#1109 = CARTESIAN_POINT ( 'NONE',  ( -0.9500814354343286600, 0.2409270566536476400, 0.04189101311081852600 ) ) ;
#1110 =( NAMED_UNIT ( * ) PLANE_ANGLE_UNIT ( ) SI_UNIT ( $, .RADIAN. ) );
#1111 = ORIENTED_EDGE ( 'NONE', *, *, #2527, .T. ) ;
#1112 = CARTESIAN_POINT ( 'NONE',  ( -1.001341873125758600, -0.2500000000000007200, -0.5781249999999976700 ) ) ;
#1113 = DIRECTION ( 'NONE',  ( 1.000000000000000000, -0.0000000000000000000, -0.0000000000000000000 ) ) ;
#1114 = VERTEX_POINT ( 'NONE', #445 ) ;
#1115 = VECTOR ( 'NONE', #1372, 39.37007874015748100 ) ;
#1116 = CARTESIAN_POINT ( 'NONE',  ( -0.9508649761485351600, 0.2270836287578346900, 0.01653557807010737700 ) ) ;
#1117 = CARTESIAN_POINT ( 'NONE',  ( 0.0000000000000000000, 0.0000000000000000000, 0.0000000000000000000 ) ) ;
#1118 = CARTESIAN_POINT ( 'NONE',  ( -0.9510001898970481500, 0.2249971105263375000, -0.008272912595727138100 ) ) ;
#1119 = DIRECTION ( 'NONE',  ( 0.0000000000000000000, 0.0000000000000000000, 1.000000000000000000 ) ) ;
#1120 = ADVANCED_FACE ( 'NONE', ( #3182 ), #3177, .T. ) ;
#1121 = DIRECTION ( 'NONE',  ( 0.0000000000000000000, -1.000000000000000000, 0.0000000000000000000 ) ) ;
#1122 = CYLINDRICAL_SURFACE ( 'NONE', #2098, 0.1325000000000000600 ) ;
#1123 = APPLICATION_CONTEXT ( 'configuration controlled 3d designs of mechanical parts and assemblies' ) ;
#1124 = ADVANCED_FACE ( 'NONE', ( #3118 ), #3154, .T. ) ;
#1125 = CARTESIAN_POINT ( 'NONE',  ( -1.343698254817650800, 0.2299999999999999300, 0.05916079783099623100 ) ) ;
#1126 = CARTESIAN_POINT ( 'NONE',  ( -1.365000000000000000, -0.2500000000000001100, 0.0000000000000000000 ) ) ;
#1127 = ADVANCED_FACE ( 'NONE', ( #3109 ), #3123, .T. ) ;
#1128 = CARTESIAN_POINT ( 'NONE',  ( -0.9509718142195400200, 0.2254248319525395400, 0.008380737918781825900 ) ) ;
#1129 = CARTESIAN_POINT ( 'NONE',  ( -0.9491580479561873000, 0.2499999999999999200, 0.05916079783099623100 ) ) ;
#1130 = CARTESIAN_POINT ( 'NONE',  ( -0.9507869217183290100, 0.2283084427379401500, 0.02049297555460885200 ) ) ;
#1131 = ORIENTED_EDGE ( 'NONE', *, *, #2472, .F. ) ;
#1132 = CARTESIAN_POINT ( 'NONE',  ( 1.001341873125762600, 0.2500000000000003900, 0.5781249999999905600 ) ) ;
#1133 = ORIENTED_EDGE ( 'NONE', *, *, #2201, .T. ) ;
#1134 = ORIENTED_EDGE ( 'NONE', *, *, #2789, .T. ) ;
#1135 = CIRCLE ( 'NONE', #1428, 0.1325000000000000600 ) ;
#1136 = CARTESIAN_POINT ( 'NONE',  ( -1.133841873125758700, -0.2500000000000007200, -0.5781249999999976700 ) ) ;
#1137 = CARTESIAN_POINT ( 'NONE',  ( 0.1962990915244726400, -0.9050000000000003600, 0.3400000000000000800 ) ) ;
#1138 = ORIENTED_EDGE ( 'NONE', *, *, #2928, .T. ) ;
#1139 = ORIENTED_EDGE ( 'NONE', *, *, #2944, .T. ) ;
#1140 = CIRCLE ( 'NONE', #1403, 0.8249999999999999600 ) ;
#1141 = DIRECTION ( 'NONE',  ( -6.123233995736790700E-017, 1.000000000000000000, -1.060575238724908300E-016 ) ) ;
#1142 = ORIENTED_EDGE ( 'NONE', *, *, #2528, .T. ) ;
#1143 = ORIENTED_EDGE ( 'NONE', *, *, #2477, .F. ) ;
#1144 = CIRCLE ( 'NONE', #1438, 0.1325000000000000900 ) ;
#1145 = CARTESIAN_POINT ( 'NONE',  ( -0.9504949784605133400, 0.2331283260708791600, -0.03191604342443571400 ) ) ;
#1146 = CARTESIAN_POINT ( 'NONE',  ( -0.2944486372867092800, -0.8700000000000003300, 0.1700000000000000700 ) ) ;
#1147 = CARTESIAN_POINT ( 'NONE',  ( 0.1962990915244727000, -0.9050000000000003600, -0.3400000000000000800 ) ) ;
#1148 = DIRECTION ( 'NONE',  ( -0.0000000000000000000, 0.0000000000000000000, 1.000000000000000000 ) ) ;
#1149 = ORIENTED_EDGE ( 'NONE', *, *, #2509, .F. ) ;
#1150 = AXIS2_PLACEMENT_3D ( 'NONE', #2077, #2088, #2673 ) ;
#1151 = AXIS2_PLACEMENT_3D ( 'NONE', #2227, #2105, #2843 ) ;
#1152 = ORIENTED_EDGE ( 'NONE', *, *, #2250, .T. ) ;
#1153 = CARTESIAN_POINT ( 'NONE',  ( 0.0000000000000000000, -0.8700000000000003300, 0.0000000000000000000 ) ) ;
#1154 = CONICAL_SURFACE ( 'NONE', #2132, 0.9509999999999999600, 1.221730476396030200 ) ;
#1155 = DIRECTION ( 'NONE',  ( -0.0000000000000000000, -1.000000000000000000, -0.0000000000000000000 ) ) ;
#1156 = CARTESIAN_POINT ( 'NONE',  ( -0.9502195700709493700, 0.2379147002000874300, -0.03896322135631048700 ) ) ;
#1157 = ORIENTED_EDGE ( 'NONE', *, *, #2366, .F. ) ;
#1158 = AXIS2_PLACEMENT_3D ( 'NONE', #2703, #375, #1483 ) ;
#1159 = AXIS2_PLACEMENT_3D ( 'NONE', #2389, #2918, #2566 ) ;
#1160 = CARTESIAN_POINT ( 'NONE',  ( 0.1808224159363186500, -0.8983053520566987000, 0.3400000000000000800 ) ) ;
#1161 = EDGE_LOOP ( 'NONE', ( #1389, #1392 ) ) ;
#1162 = CARTESIAN_POINT ( 'NONE',  ( 0.0000000000000000000, 0.04900000000000009200, 0.0000000000000000000 ) ) ;
#1163 = VERTEX_POINT ( 'NONE', #2327 ) ;
#1164 = CARTESIAN_POINT ( 'NONE',  ( 0.1647213283366828800, -0.8927777437293287200, 0.3400000000000001400 ) ) ;
#1165 = DIRECTION ( 'NONE',  ( 0.0000000000000000000, -1.000000000000000000, 0.0000000000000000000 ) ) ;
#1166 = ORIENTED_EDGE ( 'NONE', *, *, #2468, .F. ) ;
#1167 = DIRECTION ( 'NONE',  ( -0.0000000000000000000, 1.000000000000000000, -0.0000000000000000000 ) ) ;
#1168 = ORIENTED_EDGE ( 'NONE', *, *, #2893, .T. ) ;
#1169 = ORIENTED_EDGE ( 'NONE', *, *, #2821, .F. ) ;
#1170 = CIRCLE ( 'NONE', #1446, 0.1325000000000000900 ) ;
#1171 = CARTESIAN_POINT ( 'NONE',  ( 0.0000000000000000000, -0.8700000000000003300, 0.3400000000000000800 ) ) ;
#1172 = ORIENTED_EDGE ( 'NONE', *, *, #2532, .F. ) ;
#1173 = AXIS2_PLACEMENT_3D ( 'NONE', #2692, #908, #3031 ) ;
#1174 = DIRECTION ( 'NONE',  ( -0.0000000000000000000, 1.000000000000000000, -0.0000000000000000000 ) ) ;
#1175 = CARTESIAN_POINT ( 'NONE',  ( 1.344858265150995500, 0.2266906611629922200, 0.01664737751996239100 ) ) ;
#1176 = AXIS2_PLACEMENT_3D ( 'NONE', #1297, #1292, #3155 ) ;
#1177 = CARTESIAN_POINT ( 'NONE',  ( 0.3604946934915733100, -0.8837577440941143400, 0.05560487501362541800 ) ) ;
#1178 = ORIENTED_EDGE ( 'NONE', *, *, #2803, .F. ) ;
#1179 = CARTESIAN_POINT ( 'NONE',  ( 1.344377762705695000, 0.2331293844082092900, 0.03191781678398279000 ) ) ;
#1180 = AXIS2_PLACEMENT_3D ( 'NONE', #1514, #1527, #1772 ) ;
#1181 = ORIENTED_EDGE ( 'NONE', *, *, #2908, .T. ) ;
#1182 = AXIS2_PLACEMENT_3D ( 'NONE', #1803, #2935, #1695 ) ;
#1183 = DIRECTION ( 'NONE',  ( -0.8660254037844327100, 0.0000000000000000000, 0.5000000000000102100 ) ) ;
#1184 = CARTESIAN_POINT ( 'NONE',  ( 1.345000233143513800, 0.2249971204954547800, 0.008274041489505237800 ) ) ;
#1185 = DIRECTION ( 'NONE',  ( 0.0000000000000000000, 0.0000000000000000000, -1.000000000000000000 ) ) ;
#1186 = CARTESIAN_POINT ( 'NONE',  ( 1.344965265042170400, 0.2254249573098513200, -0.008381864824733719800 ) ) ;
#1187 = CARTESIAN_POINT ( 'NONE',  ( 1.343698254817651000, 0.2499999999999999200, 0.05916079783099623100 ) ) ;
#1188 = DIRECTION ( 'NONE',  ( -0.0000000000000000000, 1.000000000000000000, -0.0000000000000000000 ) ) ;
#1189 = AXIS2_PLACEMENT_3D ( 'NONE', #1732, #2146, #1797 ) ;
#1190 = CARTESIAN_POINT ( 'NONE',  ( -1.316495309083403000E-017, 0.2500000000000000600, 0.0000000000000000000 ) ) ;
#1191 = DIRECTION ( 'NONE',  ( 0.0000000000000000000, 0.0000000000000000000, 1.000000000000000000 ) ) ;
#1192 = FACE_OUTER_BOUND ( 'NONE', #1736, .T. ) ;
#1193 = DIRECTION ( 'NONE',  ( 0.0000000000000000000, 1.000000000000000000, 0.0000000000000000000 ) ) ;
#1194 = CARTESIAN_POINT ( 'NONE',  ( 1.344999882969776700, 0.2250014454146907500, -0.004169604535152486100 ) ) ;
#1195 = CARTESIAN_POINT ( 'NONE',  ( -1.133841873125758700, -0.2500000000000007200, -0.5781249999999976700 ) ) ;
#1196 = DIRECTION ( 'NONE',  ( 0.0000000000000000000, 0.0000000000000000000, 1.000000000000000000 ) ) ;
#1197 = ADVANCED_FACE ( 'NONE', ( #3107 ), #765, .T. ) ;
#1198 = FACE_OUTER_BOUND ( 'NONE', #1208, .T. ) ;
#1199 = DIRECTION ( 'NONE',  ( 0.0000000000000000000, 0.0000000000000000000, -1.000000000000000000 ) ) ;
#1200 = AXIS2_PLACEMENT_3D ( 'NONE', #584, #1498, #1468 ) ;
#1201 = AXIS2_PLACEMENT_3D ( 'NONE', #2130, #1409, #3120 ) ;
#1202 = VERTEX_POINT ( 'NONE', #2334 ) ;
#1203 = LINE ( 'NONE', #3053, #1115 ) ;
#1204 = CARTESIAN_POINT ( 'NONE',  ( 0.3124999999999999400, -0.6674835863003313300, 0.1504038296287906800 ) ) ;
#1205 = CARTESIAN_POINT ( 'NONE',  ( 0.0000000000000000000, -1.435000000000000100, 0.0000000000000000000 ) ) ;
#1206 = ORIENTED_EDGE ( 'NONE', *, *, #2538, .T. ) ;
#1207 = ORIENTED_EDGE ( 'NONE', *, *, #2463, .F. ) ;
#1208 = EDGE_LOOP ( 'NONE', ( #1589, #1592, #1594, #1631 ) ) ;
#1209 = CARTESIAN_POINT ( 'NONE',  ( -1.562272206996584600E-017, 0.2039999999999999900, 0.0000000000000000000 ) ) ;
#1210 = DIRECTION ( 'NONE',  ( 1.000000000000000000, 1.269446093710159600E-016, 0.0000000000000000000 ) ) ;
#1211 = ORIENTED_EDGE ( 'NONE', *, *, #2798, .T. ) ;
#1212 = VERTEX_POINT ( 'NONE', #2001 ) ;
#1213 = VECTOR ( 'NONE', #294, 39.37007874015748100 ) ;
#1214 = CARTESIAN_POINT ( 'NONE',  ( -0.2999999999999998800, -0.6700000000000000400, 0.0000000000000000000 ) ) ;
#1215 = EDGE_LOOP ( 'NONE', ( #1725, #1731, #1765, #1798 ) ) ;
#1216 = ADVANCED_FACE ( 'NONE', ( #3086 ), #3143, .T. ) ;
#1217 = ORIENTED_EDGE ( 'NONE', *, *, #2542, .F. ) ;
#1218 = LINE ( 'NONE', #634, #1213 ) ;
#1219 = DIRECTION ( 'NONE',  ( -0.0000000000000000000, 1.000000000000000000, -0.0000000000000000000 ) ) ;
#1220 = B_SPLINE_CURVE_WITH_KNOTS ( 'NONE', 3,
 ( #3028, #3013, #1434, #1370, #2978, #15 ),
 .UNSPECIFIED., .F., .F.,
 ( 4, 2, 4 ),
 ( 0.04033258162630453500, 0.04285295469578742600, 0.04537332776527031700 ),
 .UNSPECIFIED. ) ;
#1221 = CARTESIAN_POINT ( 'NONE',  ( -0.2861296477299983300, -0.8700000000000003300, -0.1844089125798578600 ) ) ;
#1222 = TOROIDAL_SURFACE ( 'NONE', #2114, 1.345000000000000000, 0.02000000000000000000 ) ;
#1223 = CARTESIAN_POINT ( 'NONE',  ( 0.0000000000000000000, -1.450000000000000200, 0.0000000000000000000 ) ) ;
#1224 = CARTESIAN_POINT ( 'NONE',  ( 1.001341873125758400, -0.2500000000000001100, -0.5781249999999976700 ) ) ;
#1225 = B_SPLINE_CURVE_WITH_KNOTS ( 'NONE', 3,
 ( #2024, #2020, #43, #220, #396, #54, #2869, #805, #1932, #243, #521, #2375 ),
 .UNSPECIFIED., .F., .F.,
 ( 4, 2, 2, 2, 2, 4 ),
 ( 0.07549696750331221000, 0.07777619126427327800, 0.07891580314475381300, 0.08005541502523436100, 0.08233463878619543000, 0.08461386254715649900 ),
 .UNSPECIFIED. ) ;
#1226 = CARTESIAN_POINT ( 'NONE',  ( 0.0000000000000000000, -0.8700000000000003300, 0.3400000000000000800 ) ) ;
#1227 = CYLINDRICAL_SURFACE ( 'NONE', #2093, 0.1325000000000000300 ) ;
#1228 = VERTEX_POINT ( 'NONE', #1524 ) ;
#1229 = CARTESIAN_POINT ( 'NONE',  ( -0.8688418731257585600, -0.2500000000000006700, -0.5781249999999976700 ) ) ;
#1230 = CIRCLE ( 'NONE', #2118, 1.355000000000000200 ) ;
#1231 = ADVANCED_FACE ( 'NONE', ( #3076 ), #2521, .T. ) ;
#1232 = CARTESIAN_POINT ( 'NONE',  ( 1.365000000000000000, -0.2299999999999998400, 1.671642880836137200E-016 ) ) ;
#1233 = FACE_OUTER_BOUND ( 'NONE', #2536, .T. ) ;
#1234 = ADVANCED_FACE ( 'NONE', ( #3054, #3083 ), #2060, .T. ) ;
#1235 = CARTESIAN_POINT ( 'NONE',  ( -0.9499433016766669600, 0.2439393939393939000, 0.04481878623560323100 ) ) ;
#1236 = CARTESIAN_POINT ( 'NONE',  ( 0.0000000000000000000, -1.450000000000000200, 0.0000000000000000000 ) ) ;
#1237 = DIRECTION ( 'NONE',  ( 1.000000000000000000, -0.0000000000000000000, -0.0000000000000000000 ) ) ;
#1238 = VERTEX_POINT ( 'NONE', #2667 ) ;
#1239 = CARTESIAN_POINT ( 'NONE',  ( 0.0000000000000000000, 0.2239999999999999200, 0.0000000000000000000 ) ) ;
#1240 = VERTEX_POINT ( 'NONE', #1539 ) ;
#1241 = CIRCLE ( 'NONE', #1448, 0.3726982387223701200 ) ;
#1242 = ORIENTED_EDGE ( 'NONE', *, *, #2409, .F. ) ;
#1243 = ORIENTED_EDGE ( 'NONE', *, *, #2544, .F. ) ;
#1244 = CIRCLE ( 'NONE', #1452, 0.2049999999999998500 ) ;
#1245 = ORIENTED_EDGE ( 'NONE', *, *, #2328, .F. ) ;
#1246 = DIRECTION ( 'NONE',  ( -1.224646799147353200E-016, 1.000000000000000000, -0.0000000000000000000 ) ) ;
#1247 = CARTESIAN_POINT ( 'NONE',  ( 0.0000000000000000000, 0.0000000000000000000, 0.0000000000000000000 ) ) ;
#1248 = ORIENTED_EDGE ( 'NONE', *, *, #2724, .T. ) ;
#1249 = CIRCLE ( 'NONE', #1469, 0.01500000000000001200 ) ;
#1250 = DIRECTION ( 'NONE',  ( 0.0000000000000000000, 0.0000000000000000000, -1.000000000000000000 ) ) ;
#1251 = DIRECTION ( 'NONE',  ( -0.03067197795516940500, -0.7167631869594159900, -0.6966417756552494300 ) ) ;
#1252 = ORIENTED_EDGE ( 'NONE', *, *, #2217, .F. ) ;
#1253 = CIRCLE ( 'NONE', #1447, 0.1325000000000000600 ) ;
#1254 = DIRECTION ( 'NONE',  ( 0.0000000000000000000, -0.0000000000000000000, -1.000000000000000000 ) ) ;
#1255 = ORIENTED_EDGE ( 'NONE', *, *, #2550, .F. ) ;
#1256 = CARTESIAN_POINT ( 'NONE',  ( 0.0000000000000000000, 0.0000000000000000000, 0.0000000000000000000 ) ) ;
#1257 = DIRECTION ( 'NONE',  ( 1.000000000000000000, 1.250846150945175500E-016, 0.0000000000000000000 ) ) ;
#1258 = DIRECTION ( 'NONE',  ( 0.0000000000000000000, -1.000000000000000000, 0.0000000000000000000 ) ) ;
#1259 = ORIENTED_EDGE ( 'NONE', *, *, #2486, .T. ) ;
#1260 = ORIENTED_EDGE ( 'NONE', *, *, #2795, .T. ) ;
#1261 = DIRECTION ( 'NONE',  ( 0.0000000000000000000, 0.6969696969696970200, -0.7171005797696503600 ) ) ;
#1262 = CYLINDRICAL_SURFACE ( 'NONE', #2000, 1.365000000000000000 ) ;
#1263 = CARTESIAN_POINT ( 'NONE',  ( 0.03366086504475725900, -0.8700000000000001100, 0.3400000000000000800 ) ) ;
#1264 = CARTESIAN_POINT ( 'NONE',  ( -0.1161783126050337100, -1.309607827835345100, 0.3399999999999999700 ) ) ;
#1265 = AXIS2_PLACEMENT_3D ( 'NONE', #2049, #2153, #1610 ) ;
#1266 = CARTESIAN_POINT ( 'NONE',  ( 1.343698254817651000, 0.2439393939393937300, -0.04481878623560307800 ) ) ;
#1267 = CARTESIAN_POINT ( 'NONE',  ( -0.1962990915244727200, -0.9050000000000003600, -0.3400000000000000800 ) ) ;
#1268 = AXIS2_PLACEMENT_3D ( 'NONE', #1656, #1708, #3180 ) ;
#1269 = AXIS2_PLACEMENT_3D ( 'NONE', #1432, #1450, #1561 ) ;
#1270 = AXIS2_PLACEMENT_3D ( 'NONE', #2144, #1640, #1637 ) ;
#1271 = CARTESIAN_POINT ( 'NONE',  ( 0.3124999999999999400, -0.3514177794811619300, 0.1201437681173671000 ) ) ;
#1272 = CARTESIAN_POINT ( 'NONE',  ( 0.0000000000000000000, -1.435000000000000100, -0.3249999999999999000 ) ) ;
#1273 = DIRECTION ( 'NONE',  ( -0.0000000000000000000, 1.000000000000000000, -0.0000000000000000000 ) ) ;
#1274 = ORIENTED_EDGE ( 'NONE', *, *, #2568, .F. ) ;
#1275 = AXIS2_PLACEMENT_3D ( 'NONE', #1774, #1756, #2027 ) ;
#1276 = CARTESIAN_POINT ( 'NONE',  ( 1.344038519207622300, 0.2379155116339678500, 0.03896401001112640600 ) ) ;
#1277 = ORIENTED_EDGE ( 'NONE', *, *, #2554, .F. ) ;
#1278 = ORIENTED_EDGE ( 'NONE', *, *, #2555, .T. ) ;
#1279 = PLANE ( 'NONE',  #1651 ) ;
#1280 = AXIS2_PLACEMENT_3D ( 'NONE', #1286, #1251, #1261 ) ;
#1281 = ORIENTED_EDGE ( 'NONE', *, *, #2446, .F. ) ;
#1282 = CARTESIAN_POINT ( 'NONE',  ( -0.2279590971964905500, -0.8831539301208387600, -0.2851632616081462600 ) ) ;
#1283 = DIRECTION ( 'NONE',  ( -1.224646799147353200E-016, 1.000000000000000000, -0.0000000000000000000 ) ) ;
#1284 = CARTESIAN_POINT ( 'NONE',  ( 0.3125000000000000000, -0.3500000000000000900, -0.1804219591217581000 ) ) ;
#1285 = ORIENTED_EDGE ( 'NONE', *, *, #2558, .F. ) ;
#1286 = CARTESIAN_POINT ( 'NONE',  ( -1.343698254817650800, 0.2299999999999999300, 0.05916079783099623100 ) ) ;
#1287 = AXIS2_PLACEMENT_3D ( 'NONE', #1162, #1167, #1196 ) ;
#1288 = AXIS2_PLACEMENT_3D ( 'NONE', #1091, #1069, #1057 ) ;
#1289 = PLANE ( 'NONE',  #812 ) ;
#1290 = VERTEX_POINT ( 'NONE', #1554 ) ;
#1291 = CIRCLE ( 'NONE', #1475, 0.02000000000000005900 ) ;
#1292 = DIRECTION ( 'NONE',  ( -0.0000000000000000000, 1.000000000000000000, -0.0000000000000000000 ) ) ;
#1293 = AXIS2_PLACEMENT_3D ( 'NONE', #1079, #1044, #1055 ) ;
#1294 = DIRECTION ( 'NONE',  ( -0.0000000000000000000, 1.000000000000000000, -0.0000000000000000000 ) ) ;
#1295 = B_SPLINE_CURVE_WITH_KNOTS ( 'NONE', 3,
 ( #677, #727, #744, #748, #754, #760, #769, #783 ),
 .UNSPECIFIED., .F., .F.,
 ( 4, 2, 2, 4 ),
 ( 2.477233938925347900E-007, 0.002539485630404732500, 0.003809104583910152700, 0.005078723537415572400 ),
 .UNSPECIFIED. ) ;
#1296 = AXIS2_PLACEMENT_3D ( 'NONE', #3103, #975, #1004 ) ;
#1297 = CARTESIAN_POINT ( 'NONE',  ( 0.0000000000000000000, -1.095000000000000200, 0.0000000000000000000 ) ) ;
#1298 = AXIS2_PLACEMENT_3D ( 'NONE', #915, #953, #991 ) ;
#1299 = CARTESIAN_POINT ( 'NONE',  ( 0.0000000000000000000, -1.320000000000000100, 0.3399999999999998600 ) ) ;
#1300 = ORIENTED_EDGE ( 'NONE', *, *, #2913, .F. ) ;
#1301 = AXIS2_PLACEMENT_3D ( 'NONE', #1647, #807, #818 ) ;
#1302 = ORIENTED_EDGE ( 'NONE', *, *, #2682, .T. ) ;
#1303 = AXIS2_PLACEMENT_3D ( 'NONE', #351, #105, #2107 ) ;
#1304 = DIRECTION ( 'NONE',  ( -1.836970198721034900E-016, 1.000000000000000000, -1.060575238724904300E-016 ) ) ;
#1305 = CARTESIAN_POINT ( 'NONE',  ( 8.013027326341549900E-015, 0.2500000000000004400, 1.156250000000000000 ) ) ;
#1306 = DIRECTION ( 'NONE',  ( 0.0000000000000000000, 0.0000000000000000000, 1.000000000000000000 ) ) ;
#1307 = AXIS2_PLACEMENT_3D ( 'NONE', #1850, #2865, #660 ) ;
#1308 = AXIS2_PLACEMENT_3D ( 'NONE', #161, #52, #64 ) ;
#1309 = CARTESIAN_POINT ( 'NONE',  ( -0.1324646439223203500, -0.8838511195773679500, -0.3400000000000000800 ) ) ;
#1310 = DIRECTION ( 'NONE',  ( -1.836970198721020100E-016, 1.000000000000000000, 1.060575238724912600E-016 ) ) ;
#1311 = AXIS2_PLACEMENT_3D ( 'NONE', #1767, #392, #335 ) ;
#1312 = DIRECTION ( 'NONE',  ( -0.8660254037844433700, 0.0000000000000000000, -0.4999999999999916200 ) ) ;
#1313 = VERTEX_POINT ( 'NONE', #1472 ) ;
#1314 = CARTESIAN_POINT ( 'NONE',  ( -0.3848150035332598100, -0.8982665582553232000, -0.01348086236559669300 ) ) ;
#1315 = DIRECTION ( 'NONE',  ( -0.0000000000000000000, 1.000000000000000000, -0.0000000000000000000 ) ) ;
#1316 = ORIENTED_EDGE ( 'NONE', *, *, #2562, .T. ) ;
#1317 = AXIS2_PLACEMENT_3D ( 'NONE', #386, #372, #150 ) ;
#1318 = DIRECTION ( 'NONE',  ( 1.000000000000000000, -0.0000000000000000000, -0.0000000000000000000 ) ) ;
#1319 = ORIENTED_EDGE ( 'NONE', *, *, #2424, .F. ) ;
#1320 = DIRECTION ( 'NONE',  ( -1.836970198721034900E-016, 1.000000000000000000, -1.060575238724904300E-016 ) ) ;
#1321 = VECTOR ( 'NONE', #2963, 39.37007874015748100 ) ;
#1322 = ORIENTED_EDGE ( 'NONE', *, *, #2335, .T. ) ;
#1323 = CARTESIAN_POINT ( 'NONE',  ( 0.0000000000000000000, 0.06999999999999993700, 1.355000000000000200 ) ) ;
#1324 = B_SPLINE_CURVE_WITH_KNOTS ( 'NONE', 3,
 ( #2263, #3003, #1741, #2618, #1826, #257, #1813, #1739, #2014, #320 ),
 .UNSPECIFIED., .F., .F.,
 ( 4, 2, 2, 2, 4 ),
 ( 6.436180616093477000E-018, 0.0004219824864759481200, 0.0008439649729518897400, 0.001265947459427831600, 0.001687929945903773200 ),
 .UNSPECIFIED. ) ;
#1325 = CIRCLE ( 'NONE', #1470, 0.01499999999999997700 ) ;
#1326 = CARTESIAN_POINT ( 'NONE',  ( -1.365000000000000000, 0.2499999999999999200, 0.05916079783099623100 ) ) ;
#1327 = CARTESIAN_POINT ( 'NONE',  ( 0.0000000000000000000, 0.06999999999999993700, 0.0000000000000000000 ) ) ;
#1328 = ORIENTED_EDGE ( 'NONE', *, *, #2564, .F. ) ;
#1329 = AXIS2_PLACEMENT_3D ( 'NONE', #11, #153, #3046 ) ;
#1330 = ORIENTED_EDGE ( 'NONE', *, *, #2255, .F. ) ;
#1331 = CARTESIAN_POINT ( 'NONE',  ( 3.673940397442058300E-017, -0.2500000000000001100, -0.2999999999999999300 ) ) ;
#1332 = ORIENTED_EDGE ( 'NONE', *, *, #2403, .F. ) ;
#1333 = CIRCLE ( 'NONE', #1477, 0.1325000000000000900 ) ;
#1334 = CARTESIAN_POINT ( 'NONE',  ( -1.343698254817650800, 0.2499999999999999200, 0.05916079783099623100 ) ) ;
#1335 = AXIS2_PLACEMENT_3D ( 'NONE', #369, #854, #710 ) ;
#1336 = CARTESIAN_POINT ( 'NONE',  ( 0.2944486372867089500, -1.320000000000000100, -0.1699999999999999800 ) ) ;
#1337 = VERTEX_POINT ( 'NONE', #1467 ) ;
#1338 = EDGE_LOOP ( 'NONE', ( #1805, #1835, #1854, #1885 ) ) ;
#1339 = CARTESIAN_POINT ( 'NONE',  ( 3.673940397442058300E-017, -0.7226982387223702700, -0.2999999999999998800 ) ) ;
#1340 = CARTESIAN_POINT ( 'NONE',  ( 0.0000000000000000000, -1.450000000000000200, -0.3249999999999999000 ) ) ;
#1341 = CARTESIAN_POINT ( 'NONE',  ( 0.9509718142195400200, 0.2254248319525395700, -0.008380737918781629900 ) ) ;
#1342 = ORIENTED_EDGE ( 'NONE', *, *, #2419, .T. ) ;
#1343 = CIRCLE ( 'NONE', #1479, 0.9509999999999999600 ) ;
#1344 = AXIS2_PLACEMENT_3D ( 'NONE', #2289, #2199, #316 ) ;
#1345 = DIRECTION ( 'NONE',  ( -0.0000000000000000000, -1.000000000000000000, -0.0000000000000000000 ) ) ;
#1346 = AXIS2_PLACEMENT_3D ( 'NONE', #17, #19, #8 ) ;
#1347 = CARTESIAN_POINT ( 'NONE',  ( 2.326828918379970900E-017, 0.0000000000000000000, -0.1899999999999999700 ) ) ;
#1348 = CARTESIAN_POINT ( 'NONE',  ( 0.9507869217183294600, 0.2283084427379401300, -0.02049297555460865800 ) ) ;
#1349 = CARTESIAN_POINT ( 'NONE',  ( -0.2944486372867090000, -1.320000000000000100, -0.1699999999999999300 ) ) ;
#1350 = CARTESIAN_POINT ( 'NONE',  ( 0.0000000000000000000, -0.7226982387223702700, 0.0000000000000000000 ) ) ;
#1351 = ORIENTED_EDGE ( 'NONE', *, *, #2225, .F. ) ;
#1352 = CARTESIAN_POINT ( 'NONE',  ( 0.9509999046766600700, 0.2250014504400252900, -0.004169157198132981100 ) ) ;
#1353 = APPLICATION_CONTEXT ( 'configuration controlled 3d designs of mechanical parts and assemblies' ) ;
#1354 = DIRECTION ( 'NONE',  ( -6.123233995736642800E-017, 1.000000000000000000, 1.060575238724899900E-016 ) ) ;
#1355 = CYLINDRICAL_SURFACE ( 'NONE', #1980, 0.6850000000000000500 ) ;
#1356 = CARTESIAN_POINT ( 'NONE',  ( -0.2864583333333332600, -0.3525120951153925000, -0.1954571223819047100 ) ) ;
#1357 = APPLICATION_PROTOCOL_DEFINITION ( 'international standard', 'config_control_design', 1994, #1353 ) ;
#1358 = DIRECTION ( 'NONE',  ( -1.224646799147353200E-016, 1.000000000000000000, 0.0000000000000000000 ) ) ;
#1359 = AXIS2_PLACEMENT_3D ( 'NONE', #800, #163, #422 ) ;
#1360 = DIRECTION ( 'NONE',  ( -1.224646799147353200E-016, 1.000000000000000000, -0.0000000000000000000 ) ) ;
#1361 = ORIENTED_EDGE ( 'NONE', *, *, #2347, .T. ) ;
#1362 = B_SPLINE_CURVE_WITH_KNOTS ( 'NONE', 3,
 ( #2295, #131, #940, #2980, #1177, #595, #1426, #482 ),
 .UNSPECIFIED., .F., .F.,
 ( 4, 2, 2, 4 ),
 ( 0.005078723537415599300, 0.007620361321112577500, 0.008891180212961065700, 0.01016199910480955300 ),
 .UNSPECIFIED. ) ;
#1363 = CARTESIAN_POINT ( 'NONE',  ( 1.364329657590237500, 0.2443933930440849400, -0.04526004040182170200 ) ) ;
#1364 = CARTESIAN_POINT ( 'NONE',  ( -0.2610436545117823000, -0.8731209789585037100, -0.2278591273921363700 ) ) ;
#1365 = DIRECTION ( 'NONE',  ( 0.0000000000000000000, 0.0000000000000000000, 1.000000000000000000 ) ) ;
#1366 = CARTESIAN_POINT ( 'NONE',  ( -1.365000000000000000, 0.2499999999999998900, 0.0000000000000000000 ) ) ;
#1367 = CARTESIAN_POINT ( 'NONE',  ( -0.2999999999999999900, 0.04900000000000009200, 0.0000000000000000000 ) ) ;
#1368 = B_SPLINE_CURVE_WITH_KNOTS ( 'NONE', 3,
 ( #1050, #1204, #795, #3055, #2134, #711, #1032, #47, #2032, #2488, #821, #1491 ),
 .UNSPECIFIED., .F., .F.,
 ( 4, 2, 2, 2, 2, 4 ),
 ( 0.07549696750331313900, 0.07777619126427420800, 0.07891580314475475600, 0.08005541502523529100, 0.08233463878619637400, 0.08461386254715744200 ),
 .UNSPECIFIED. ) ;
#1369 = AXIS2_PLACEMENT_3D ( 'NONE', #209, #32, #39 ) ;
#1370 = CARTESIAN_POINT ( 'NONE',  ( 0.06724104094171598500, -1.317635206301409000, 0.3400000000000000800 ) ) ;
#1371 = AXIS2_PLACEMENT_3D ( 'NONE', #459, #485, #493 ) ;
#1372 = DIRECTION ( 'NONE',  ( -6.123233995736790700E-017, 1.000000000000000000, -1.060575238724908500E-016 ) ) ;
#1373 = ORIENTED_EDGE ( 'NONE', *, *, #2220, .F. ) ;
#1374 = CARTESIAN_POINT ( 'NONE',  ( 0.1962990915244727000, -1.320000000000000100, -0.3400000000000000800 ) ) ;
#1375 = CIRCLE ( 'NONE', #1480, 0.1325000000000000300 ) ;
#1376 = VERTEX_POINT ( 'NONE', #1473 ) ;
#1377 = CIRCLE ( 'NONE', #1481, 0.2999999999999999300 ) ;
#1378 = AXIS2_PLACEMENT_3D ( 'NONE', #841, #837, #759 ) ;
#1379 = ORIENTED_EDGE ( 'NONE', *, *, #2432, .T. ) ;
#1380 = AXIS2_PLACEMENT_3D ( 'NONE', #41, #1699, #207 ) ;
#1381 = AXIS2_PLACEMENT_3D ( 'NONE', #1947, #3116, #1816 ) ;
#1382 = DIRECTION ( 'NONE',  ( 1.000000000000000000, 0.0000000000000000000, -0.0000000000000000000 ) ) ;
#1383 = DIRECTION ( 'NONE',  ( 0.0000000000000000000, -1.000000000000000000, 0.0000000000000000000 ) ) ;
#1384 = ORIENTED_EDGE ( 'NONE', *, *, #2228, .F. ) ;
#1385 = CIRCLE ( 'NONE', #1486, 0.2999999999999999300 ) ;
#1386 = DIRECTION ( 'NONE',  ( -1.000000000000000000, 6.947354878030527500E-017, 0.0000000000000000000 ) ) ;
#1387 = AXIS2_PLACEMENT_3D ( 'NONE', #2071, #2278, #1996 ) ;
#1388 = AXIS2_PLACEMENT_3D ( 'NONE', #1606, #2002, #1422 ) ;
#1389 = ORIENTED_EDGE ( 'NONE', *, *, #2582, .F. ) ;
#1390 = CARTESIAN_POINT ( 'NONE',  ( -0.3125000000000000600, -0.3550000000000000900, -0.1804219591217582900 ) ) ;
#1391 =( NAMED_UNIT ( * ) SI_UNIT ( $, .STERADIAN. ) SOLID_ANGLE_UNIT ( ) );
#1392 = ORIENTED_EDGE ( 'NONE', *, *, #2486, .F. ) ;
#1393 = DIRECTION ( 'NONE',  ( -0.8660254037844327100, 0.0000000000000000000, 0.5000000000000102100 ) ) ;
#1394 = CARTESIAN_POINT ( 'NONE',  ( -1.057062624037987700E-016, -0.6650000000000001500, 0.3608439182435163000 ) ) ;
#1395 = AXIS2_PLACEMENT_3D ( 'NONE', #1305, #1310, #1312 ) ;
#1396 = CARTESIAN_POINT ( 'NONE',  ( -1.316495309083403000E-017, 0.2500000000000000600, 0.0000000000000000000 ) ) ;
#1397 = DIRECTION ( 'NONE',  ( 0.0000000000000000000, 0.0000000000000000000, -1.000000000000000000 ) ) ;
#1398 = CARTESIAN_POINT ( 'NONE',  ( 1.001341873125758400, -0.2500000000000001100, -0.7106249999999977300 ) ) ;
#1399 = VERTEX_POINT ( 'NONE', #2238 ) ;
#1400 = AXIS2_PLACEMENT_3D ( 'NONE', #2065, #1821, #1393 ) ;
#1401 = AXIS2_PLACEMENT_3D ( 'NONE', #612, #539, #768 ) ;
#1402 = CARTESIAN_POINT ( 'NONE',  ( 0.9504718904440416800, 0.2335785500318794700, -0.03187311387344056400 ) ) ;
#1403 = AXIS2_PLACEMENT_3D ( 'NONE', #1789, #2511, #1689 ) ;
#1404 = DIRECTION ( 'NONE',  ( 0.0000000000000000000, 0.0000000000000000000, 1.000000000000000000 ) ) ;
#1405 = TOROIDAL_SURFACE ( 'NONE', #1988, 0.2999999999999998800, 0.3726982387223750100 ) ;
#1406 = AXIS2_PLACEMENT_3D ( 'NONE', #311, #1531, #2005 ) ;
#1407 = CARTESIAN_POINT ( 'NONE',  ( 0.0000000000000000000, 0.0000000000000000000, 0.0000000000000000000 ) ) ;
#1408 = CARTESIAN_POINT ( 'NONE',  ( 1.001341873125762600, 0.2500000000000003900, 0.4456249999999905000 ) ) ;
#1409 = DIRECTION ( 'NONE',  ( 0.04398572329442113800, 4.264381251758565500E-016, 0.9990321597157255700 ) ) ;
#1410 = DIRECTION ( 'NONE',  ( -0.0000000000000000000, -1.000000000000000000, -0.0000000000000000000 ) ) ;
#1411 = AXIS2_PLACEMENT_3D ( 'NONE', #695, #74, #78 ) ;
#1412 = DIRECTION ( 'NONE',  ( 1.000000000000000000, -0.0000000000000000000, -0.0000000000000000000 ) ) ;
#1413 = B_SPLINE_CURVE_WITH_KNOTS ( 'NONE', 3,
 ( #664, #657, #685, #690, #703, #707, #717, #722 ),
 .UNSPECIFIED., .F., .F.,
 ( 4, 2, 2, 4 ),
 ( 0.005078723537415596700, 0.007620361321112575700, 0.008891180212961065700, 0.01016199910480955500 ),
 .UNSPECIFIED. ) ;
#1414 = CARTESIAN_POINT ( 'NONE',  ( 7.464006177181259800E-017, -0.3500000000000000900, -0.3608439182435161900 ) ) ;
#1415 = LINE ( 'NONE', #1901, #1321 ) ;
#1416 = ORIENTED_EDGE ( 'NONE', *, *, #2586, .T. ) ;
#1417 = CARTESIAN_POINT ( 'NONE',  ( 0.0000000000000000000, 0.0000000000000000000, 0.0000000000000000000 ) ) ;
#1418 = ORIENTED_EDGE ( 'NONE', *, *, #2445, .T. ) ;
#1419 = ORIENTED_EDGE ( 'NONE', *, *, #2592, .T. ) ;
#1420 = VERTEX_POINT ( 'NONE', #1463 ) ;
#1421 = DIRECTION ( 'NONE',  ( 0.0000000000000000000, 0.0000000000000000000, -1.000000000000000000 ) ) ;
#1422 = DIRECTION ( 'NONE',  ( -1.000000000000000000, -1.269446093710159600E-016, 0.0000000000000000000 ) ) ;
#1423 = ORIENTED_EDGE ( 'NONE', *, *, #2597, .T. ) ;
#1424 = DIRECTION ( 'NONE',  ( -0.0000000000000000000, -1.000000000000000000, -0.0000000000000000000 ) ) ;
#1425 = VERTEX_POINT ( 'NONE', #1408 ) ;
#1426 = CARTESIAN_POINT ( 'NONE',  ( 0.3848150035332599800, -0.8982665582553232000, 0.01348086236559675000 ) ) ;
#1427 = EDGE_LOOP ( 'NONE', ( #1978, #552, #620, #713 ) ) ;
#1428 = AXIS2_PLACEMENT_3D ( 'NONE', #118, #776, #174 ) ;
#1429 = DIRECTION ( 'NONE',  ( -0.0000000000000000000, 1.000000000000000000, -0.0000000000000000000 ) ) ;
#1430 = ORIENTED_EDGE ( 'NONE', *, *, #2481, .T. ) ;
#1431 = CIRCLE ( 'NONE', #1494, 0.1325000000000000900 ) ;
#1432 = CARTESIAN_POINT ( 'NONE',  ( -1.343698254817650800, 0.2299999999999997600, -0.05916079783099607200 ) ) ;
#1433 = DIRECTION ( 'NONE',  ( -1.000000000000000000, -1.250846150945175500E-016, 0.0000000000000000000 ) ) ;
#1434 = CARTESIAN_POINT ( 'NONE',  ( 0.1332184880917267300, -1.306792604487394500, 0.3400000000000001400 ) ) ;
#1435 = CARTESIAN_POINT ( 'NONE',  ( 0.1962990915244727000, -1.320000000000000100, -0.3400000000000000800 ) ) ;
#1436 = CARTESIAN_POINT ( 'NONE',  ( -0.3125000000000001700, -0.6697044513465584300, 0.06072187223068101900 ) ) ;
#1437 = CARTESIAN_POINT ( 'NONE',  ( -1.365000000000000000, 0.01999999999999992800, 0.0000000000000000000 ) ) ;
#1438 = AXIS2_PLACEMENT_3D ( 'NONE', #189, #95, #276 ) ;
#1439 = DIRECTION ( 'NONE',  ( 0.0000000000000000000, 0.0000000000000000000, -1.000000000000000000 ) ) ;
#1440 = FACE_OUTER_BOUND ( 'NONE', #2626, .T. ) ;
#1441 = CARTESIAN_POINT ( 'NONE',  ( 0.0000000000000000000, -0.2973017612776251400, 0.0000000000000000000 ) ) ;
#1442 = CARTESIAN_POINT ( 'NONE',  ( -1.365000000000000000, 0.2299999999999997300, -0.05916079783099605100 ) ) ;
#1443 = CARTESIAN_POINT ( 'NONE',  ( 0.2118319877797299200, -0.8915620660746599300, 0.3130962344971986400 ) ) ;
#1444 = APPROVAL_STATUS ( 'not_yet_approved' ) ;
#1445 = ORIENTED_EDGE ( 'NONE', *, *, #2514, .F. ) ;
#1446 = AXIS2_PLACEMENT_3D ( 'NONE', #638, #627, #866 ) ;
#1447 = AXIS2_PLACEMENT_3D ( 'NONE', #93, #84, #289 ) ;
#1448 = AXIS2_PLACEMENT_3D ( 'NONE', #355, #764, #236 ) ;
#1449 = CARTESIAN_POINT ( 'NONE',  ( -0.9494928433971098200, 0.2499999999999999200, 0.05378944046562655900 ) ) ;
#1450 = DIRECTION ( 'NONE',  ( 0.03067197795516947400, 0.7167631869594145400, -0.6966417756552509800 ) ) ;
#1451 = CARTESIAN_POINT ( 'NONE',  ( -1.364733604347203800, 0.2093669001947600900, 0.02745225593002810100 ) ) ;
#1452 = AXIS2_PLACEMENT_3D ( 'NONE', #1223, #2416, #2490 ) ;
#1453 = DIRECTION ( 'NONE',  ( 0.0000000000000000000, -1.000000000000000000, 0.0000000000000000000 ) ) ;
#1454 = CARTESIAN_POINT ( 'NONE',  ( -1.364856218068839500, 0.2072306957468936000, -0.02229770642214377900 ) ) ;
#1455 = CARTESIAN_POINT ( 'NONE',  ( -1.365000000000000000, 0.2874999999999998700, 0.0000000000000000000 ) ) ;
#1456 = ORIENTED_EDGE ( 'NONE', *, *, #2514, .T. ) ;
#1457 = ORIENTED_EDGE ( 'NONE', *, *, #2607, .T. ) ;
#1458 = CARTESIAN_POINT ( 'NONE',  ( -0.3125000000000000600, -0.6697602333169689900, -0.02953553669098824000 ) ) ;
#1459 = CARTESIAN_POINT ( 'NONE',  ( 0.0000000000000000000, -1.450000000000000200, -0.2049999999999998500 ) ) ;
#1460 = ORIENTED_EDGE ( 'NONE', *, *, #2476, .F. ) ;
#1461 = ORIENTED_EDGE ( 'NONE', *, *, #2280, .F. ) ;
#1462 = ORIENTED_EDGE ( 'NONE', *, *, #2612, .T. ) ;
#1463 = CARTESIAN_POINT ( 'NONE',  ( 2.326828918379969600E-017, -0.7700000000000002400, -0.1899999999999998900 ) ) ;
#1464 = CIRCLE ( 'NONE', #1499, 0.3399999999999998600 ) ;
#1465 = CARTESIAN_POINT ( 'NONE',  ( -0.3125000000000000600, -0.6685822205188380900, -0.1201437681173668900 ) ) ;
#1466 = ORIENTED_EDGE ( 'NONE', *, *, #2510, .T. ) ;
#1467 = CARTESIAN_POINT ( 'NONE',  ( 0.9499433016766669600, 0.2439393939393938700, 0.04481878623560321700 ) ) ;
#1468 = DIRECTION ( 'NONE',  ( 0.0000000000000000000, 0.0000000000000000000, 1.000000000000000000 ) ) ;
#1469 = AXIS2_PLACEMENT_3D ( 'NONE', #2507, #2447, #2494 ) ;
#1470 = AXIS2_PLACEMENT_3D ( 'NONE', #2475, #3087, #2325 ) ;
#1471 = VERTEX_POINT ( 'NONE', #1916 ) ;
#1472 = CARTESIAN_POINT ( 'NONE',  ( -1.363678898011965200, 0.2299999999999998400, -0.06004051229688446600 ) ) ;
#1473 = CARTESIAN_POINT ( 'NONE',  ( 0.0000000000000000000, -1.435000000000000100, 0.1899999999999998600 ) ) ;
#1474 =( LENGTH_UNIT ( ) NAMED_UNIT ( * ) SI_UNIT ( $, .METRE. ) );
#1475 = AXIS2_PLACEMENT_3D ( 'NONE', #3162, #2465, #3139 ) ;
#1476 = CARTESIAN_POINT ( 'NONE',  ( 3.673940397442058300E-017, 0.0000000000000000000, -0.2999999999999999300 ) ) ;
#1477 = AXIS2_PLACEMENT_3D ( 'NONE', #2450, #2631, #2410 ) ;
#1478 =( CONVERSION_BASED_UNIT ( 'INCH', #2512 ) LENGTH_UNIT ( ) NAMED_UNIT ( #725 ) );
#1479 = AXIS2_PLACEMENT_3D ( 'NONE', #2924, #3189, #2399 ) ;
#1480 = AXIS2_PLACEMENT_3D ( 'NONE', #3134, #2168, #1906 ) ;
#1481 = AXIS2_PLACEMENT_3D ( 'NONE', #2300, #1680, #2377 ) ;
#1482 = ORIENTED_EDGE ( 'NONE', *, *, #2217, .T. ) ;
#1483 = DIRECTION ( 'NONE',  ( 0.0000000000000000000, 0.0000000000000000000, 1.000000000000000000 ) ) ;
#1484 = CARTESIAN_POINT ( 'NONE',  ( -1.365000000000000000, 0.06999999999999993700, 0.0000000000000000000 ) ) ;
#1485 = DIRECTION ( 'NONE',  ( -0.0000000000000000000, 1.000000000000000000, 0.0000000000000000000 ) ) ;
#1486 = AXIS2_PLACEMENT_3D ( 'NONE', #450, #3158, #2927 ) ;
#1487 = CARTESIAN_POINT ( 'NONE',  ( 1.365000000000000000, 0.2049999999999998500, -1.008643065230074100E-012 ) ) ;
#1488 = DIRECTION ( 'NONE',  ( -0.0000000000000000000, 1.000000000000000000, -0.0000000000000000000 ) ) ;
#1489 = CARTESIAN_POINT ( 'NONE',  ( 0.1041666666666665700, -0.3502904552752499300, 0.3007032652029303900 ) ) ;
#1490 = AXIS2_PLACEMENT_3D ( 'NONE', #2707, #2307, #2315 ) ;
#1491 = CARTESIAN_POINT ( 'NONE',  ( 0.3125000000000002800, -0.6650000000000001500, -0.1804219591217579600 ) ) ;
#1492 = CARTESIAN_POINT ( 'NONE',  ( 1.343868386195885100, 0.2409274672460734500, -0.04189141217684452800 ) ) ;
#1493 = CARTESIAN_POINT ( 'NONE',  ( 0.0000000000000000000, -1.450000000000000200, 0.0000000000000000000 ) ) ;
#1494 = AXIS2_PLACEMENT_3D ( 'NONE', #2678, #2552, #1943 ) ;
#1495 = CIRCLE ( 'NONE', #1510, 0.3399999999999998600 ) ;
#1496 = VERTEX_POINT ( 'NONE', #1946 ) ;
#1497 = CARTESIAN_POINT ( 'NONE',  ( 4.561809326823892900E-017, -0.2300000000000000100, 0.0000000000000000000 ) ) ;
#1498 = DIRECTION ( 'NONE',  ( -0.0000000000000000000, 1.000000000000000000, -0.0000000000000000000 ) ) ;
#1499 = AXIS2_PLACEMENT_3D ( 'NONE', #145, #2181, #716 ) ;
#1500 = PERSON_AND_ORGANIZATION_ROLE ( 'classification_officer' ) ;
#1501 = VERTEX_POINT ( 'NONE', #1459 ) ;
#1502 = ORIENTED_EDGE ( 'NONE', *, *, #2615, .F. ) ;
#1503 = CARTESIAN_POINT ( 'NONE',  ( -0.1899999999999998100, -1.450000000000000200, 0.0000000000000000000 ) ) ;
#1504 = ORIENTED_EDGE ( 'NONE', *, *, #2203, .F. ) ;
#1505 = AXIS2_PLACEMENT_3D ( 'NONE', #2371, #417, #884 ) ;
#1506 = CARTESIAN_POINT ( 'NONE',  ( -1.364329657590237500, 0.2443933930440851100, 0.04526004040182184100 ) ) ;
#1507 = ORIENTED_EDGE ( 'NONE', *, *, #2216, .T. ) ;
#1508 = DIRECTION ( 'NONE',  ( 1.000000000000000000, 0.0000000000000000000, 0.0000000000000000000 ) ) ;
#1509 = CARTESIAN_POINT ( 'NONE',  ( 0.0000000000000000000, 0.2499999999999999200, 0.0000000000000000000 ) ) ;
#1510 = AXIS2_PLACEMENT_3D ( 'NONE', #1773, #2783, #2204 ) ;
#1511 = CARTESIAN_POINT ( 'NONE',  ( 1.010333609296566300E-016, 0.2040000000000000700, 0.8249999999999999600 ) ) ;
#1512 = VERTEX_POINT ( 'NONE', #1900 ) ;
#1513 = AXIS2_PLACEMENT_3D ( 'NONE', #2948, #499, #526 ) ;
#1514 = CARTESIAN_POINT ( 'NONE',  ( 0.0000000000000000000, -0.8700000000000001100, 0.0000000000000000000 ) ) ;
#1515 = ADVANCED_FACE ( 'NONE', ( #3113 ), #3044, .T. ) ;
#1516 = ORIENTED_EDGE ( 'NONE', *, *, #2562, .F. ) ;
#1517 = AXIS2_PLACEMENT_3D ( 'NONE', #1533, #995, #675 ) ;
#1518 = AXIS2_PLACEMENT_3D ( 'NONE', #1132, #2167, #1183 ) ;
#1519 = AXIS2_PLACEMENT_3D ( 'NONE', #1339, #247, #2103 ) ;
#1520 = DIRECTION ( 'NONE',  ( -0.0000000000000000000, 0.0000000000000000000, -1.000000000000000000 ) ) ;
#1521 = APPROVAL_STATUS ( 'not_yet_approved' ) ;
#1522 = AXIS2_PLACEMENT_3D ( 'NONE', #1704, #1701, #2156 ) ;
#1523 = VERTEX_POINT ( 'NONE', #1720 ) ;
#1524 = CARTESIAN_POINT ( 'NONE',  ( -0.8688418731257585600, -0.2500000000000006700, -0.5781249999999976700 ) ) ;
#1525 = AXIS2_PLACEMENT_3D ( 'NONE', #159, #1188, #202 ) ;
#1526 = CARTESIAN_POINT ( 'NONE',  ( 0.0000000000000000000, -1.095000000000000200, 0.0000000000000000000 ) ) ;
#1527 = DIRECTION ( 'NONE',  ( -0.0000000000000000000, 1.000000000000000000, -0.0000000000000000000 ) ) ;
#1528 = PERSON_AND_ORGANIZATION_ROLE ( 'design_owner' ) ;
#1529 = AXIS2_PLACEMENT_3D ( 'NONE', #1272, #2464, #68 ) ;
#1530 = DIRECTION ( 'NONE',  ( 0.0000000000000000000, 0.0000000000000000000, 1.000000000000000000 ) ) ;
#1531 = DIRECTION ( 'NONE',  ( 1.224646799147353200E-016, -1.000000000000000000, 0.0000000000000000000 ) ) ;
#1532 = CARTESIAN_POINT ( 'NONE',  ( 0.0000000000000000000, 0.1781397504824583600, -0.9509999999999999600 ) ) ;
#1533 = CARTESIAN_POINT ( 'NONE',  ( 0.0000000000000000000, 0.06999999999999993700, 0.0000000000000000000 ) ) ;
#1534 = ORIENTED_EDGE ( 'NONE', *, *, #2881, .F. ) ;
#1535 = DIRECTION ( 'NONE',  ( 6.947354878030527500E-017, 1.000000000000000000, 0.0000000000000000000 ) ) ;
#1536 = DIRECTION ( 'NONE',  ( -0.0000000000000000000, 1.000000000000000000, 0.0000000000000000000 ) ) ;
#1537 = DIRECTION ( 'NONE',  ( 0.0000000000000000000, 0.0000000000000000000, 1.000000000000000000 ) ) ;
#1538 = AXIS2_PLACEMENT_3D ( 'NONE', #817, #1, #156 ) ;
#1539 = CARTESIAN_POINT ( 'NONE',  ( 0.1325000000000081700, -0.2500000000000006100, 1.156250000000000000 ) ) ;
#1540 = CARTESIAN_POINT ( 'NONE',  ( -0.1562500000000002800, -0.6698710973362213000, 0.2706329386826372700 ) ) ;
#1541 = ORIENTED_EDGE ( 'NONE', *, *, #2620, .F. ) ;
#1542 = AXIS2_PLACEMENT_3D ( 'NONE', #2742, #1922, #102 ) ;
#1543 = VERTEX_POINT ( 'NONE', #1937 ) ;
#1544 = CIRCLE ( 'NONE', #1490, 0.3399999999999998600 ) ;
#1545 = CARTESIAN_POINT ( 'NONE',  ( -0.1332184880917265700, -0.8832073955126063000, 0.3400000000000001400 ) ) ;
#1546 = ORIENTED_EDGE ( 'NONE', *, *, #2628, .F. ) ;
#1547 = CIRCLE ( 'NONE', #1517, 1.365000000000000000 ) ;
#1548 = CARTESIAN_POINT ( 'NONE',  ( -0.1962990915244727500, -1.285000000000000100, 0.3399999999999999700 ) ) ;
#1549 = ORIENTED_EDGE ( 'NONE', *, *, #2635, .F. ) ;
#1550 = VECTOR ( 'NONE', #77, 39.37007874015748100 ) ;
#1551 = DIRECTION ( 'NONE',  ( -0.0000000000000000000, 1.000000000000000000, -0.0000000000000000000 ) ) ;
#1552 = VERTEX_POINT ( 'NONE', #399 ) ;
#1553 = AXIS2_PLACEMENT_3D ( 'NONE', #1997, #3104, #1404 ) ;
#1554 = CARTESIAN_POINT ( 'NONE',  ( -0.3125000000000002800, -0.6650000000000001500, 0.1804219591217580100 ) ) ;
#1555 = CARTESIAN_POINT ( 'NONE',  ( -0.1647213283366830700, -1.297222256270672100, 0.3400000000000001400 ) ) ;
#1556 = ORIENTED_EDGE ( 'NONE', *, *, #2607, .F. ) ;
#1557 = CIRCLE ( 'NONE', #1505, 0.3399999999999998600 ) ;
#1558 = CARTESIAN_POINT ( 'NONE',  ( 0.0000000000000000000, 0.06999999999999993700, 0.0000000000000000000 ) ) ;
#1559 = CARTESIAN_POINT ( 'NONE',  ( -1.071565949253931700E-017, 0.2300000000000000100, 0.0000000000000000000 ) ) ;
#1560 = AXIS2_PLACEMENT_3D ( 'NONE', #2897, #1174, #1365 ) ;
#1561 = DIRECTION ( 'NONE',  ( 0.0000000000000000000, 0.6969696969696984600, 0.7171005797696489200 ) ) ;
#1562 = AXIS2_PLACEMENT_3D ( 'NONE', #2117, #1424, #1421 ) ;
#1563 = CARTESIAN_POINT ( 'NONE',  ( -0.1324646439223203800, -1.306148880422632400, 0.3400000000000000800 ) ) ;
#1564 = DIRECTION ( 'NONE',  ( 0.0000000000000000000, 0.0000000000000000000, 1.000000000000000000 ) ) ;
#1565 = AXIS2_PLACEMENT_3D ( 'NONE', #1509, #1155, #840 ) ;
#1566 = CARTESIAN_POINT ( 'NONE',  ( 1.344858324737684000, 0.2266899210356709000, 0.01664469703924556900 ) ) ;
#1567 = FACE_OUTER_BOUND ( 'NONE', #2671, .T. ) ;
#1568 = AXIS2_PLACEMENT_3D ( 'NONE', #359, #745, #3022 ) ;
#1569 = AXIS2_PLACEMENT_3D ( 'NONE', #1493, #7, #763 ) ;
#1570 = B_SPLINE_CURVE_WITH_KNOTS ( 'NONE', 3,
 ( #855, #878, #834, #630, #635, #639, #641, #646 ),
 .UNSPECIFIED., .F., .F.,
 ( 4, 2, 2, 4 ),
 ( 2.477233938933746200E-007, 0.002539485630404732500, 0.003809104583910151800, 0.005078723537415571500 ),
 .UNSPECIFIED. ) ;
#1571 = ADVANCED_FACE ( 'NONE', ( #3074 ), #3051, .T. ) ;
#1572 = ORIENTED_EDGE ( 'NONE', *, *, #2860, .F. ) ;
#1573 = ORIENTED_EDGE ( 'NONE', *, *, #2364, .F. ) ;
#1574 = CARTESIAN_POINT ( 'NONE',  ( -0.1808224159363188400, -1.291694647943302000, 0.3400000000000000800 ) ) ;
#1575 = AXIS2_PLACEMENT_3D ( 'NONE', #2451, #724, #3141 ) ;
#1576 = DIRECTION ( 'NONE',  ( -0.0000000000000000000, 1.000000000000000000, -0.0000000000000000000 ) ) ;
#1577 = ORIENTED_EDGE ( 'NONE', *, *, #2670, .T. ) ;
#1578 = ADVANCED_FACE ( 'NONE', ( #3041 ), #3012, .F. ) ;
#1579 = CARTESIAN_POINT ( 'NONE',  ( 1.364368609126685600, 0.2157289841991300300, 0.04275490781860374200 ) ) ;
#1580 = DIRECTION ( 'NONE',  ( 1.000000000000000000, 1.224646799147353200E-016, 0.0000000000000000000 ) ) ;
#1581 = AXIS2_PLACEMENT_3D ( 'NONE', #582, #598, #663 ) ;
#1582 = AXIS2_PLACEMENT_3D ( 'NONE', #1779, #213, #2185 ) ;
#1583 = AXIS2_PLACEMENT_3D ( 'NONE', #1558, #2836, #2842 ) ;
#1584 = AXIS2_PLACEMENT_3D ( 'NONE', #274, #581, #80 ) ;
#1585 = ORIENTED_EDGE ( 'NONE', *, *, #2839, .T. ) ;
#1586 = AXIS2_PLACEMENT_3D ( 'NONE', #723, #715, #2529 ) ;
#1587 = AXIS2_PLACEMENT_3D ( 'NONE', #2999, #2733, #2415 ) ;
#1588 = VECTOR ( 'NONE', #1165, 39.37007874015748100 ) ;
#1589 = ORIENTED_EDGE ( 'NONE', *, *, #2426, .F. ) ;
#1590 = AXIS2_PLACEMENT_3D ( 'NONE', #1256, #2849, #2818 ) ;
#1591 = PLANE ( 'NONE',  #2104 ) ;
#1592 = ORIENTED_EDGE ( 'NONE', *, *, #2572, .T. ) ;
#1593 = CIRCLE ( 'NONE', #1513, 1.365000000000000000 ) ;
#1594 = ORIENTED_EDGE ( 'NONE', *, *, #2266, .T. ) ;
#1595 = ADVANCED_FACE ( 'NONE', ( #3070 ), #3015, .T. ) ;
#1596 = VERTEX_POINT ( 'NONE', #920 ) ;
#1597 = AXIS2_PLACEMENT_3D ( 'NONE', #10, #1960, #1397 ) ;
#1598 = LINE ( 'NONE', #1948, #1550 ) ;
#1599 = CARTESIAN_POINT ( 'NONE',  ( 1.364856218068839500, 0.2072306957468936800, 0.02229770642214397000 ) ) ;
#1600 = CARTESIAN_POINT ( 'NONE',  ( 1.364924106666233900, 0.2267721501983613300, 0.01699056671799945400 ) ) ;
#1601 = AXIS2_PLACEMENT_3D ( 'NONE', #2551, #779, #1013 ) ;
#1602 = AXIS2_PLACEMENT_3D ( 'NONE', #2500, #2048, #2122 ) ;
#1603 = CARTESIAN_POINT ( 'NONE',  ( 1.364497673092419400, 0.2383783965090202400, 0.03953122448160374000 ) ) ;
#1604 = AXIS2_PLACEMENT_3D ( 'NONE', #360, #3096, #3115 ) ;
#1605 = AXIS2_PLACEMENT_3D ( 'NONE', #229, #1294, #337 ) ;
#1606 = CARTESIAN_POINT ( 'NONE',  ( -1.316495309083402100E-017, 0.2500000000000000000, 0.0000000000000000000 ) ) ;
#1607 = PERSON_AND_ORGANIZATION_ROLE ( 'creator' ) ;
#1608 = FACE_OUTER_BOUND ( 'NONE', #3185, .T. ) ;
#1609 = ADVANCED_FACE ( 'NONE', ( #2986 ), #3047, .T. ) ;
#1610 = DIRECTION ( 'NONE',  ( 0.0000000000000000000, 0.6969696969696984600, 0.7171005797696489200 ) ) ;
#1611 = PERSON_AND_ORGANIZATION_ROLE ( 'creator' ) ;
#1612 = DIRECTION ( 'NONE',  ( 0.0000000000000000000, 1.000000000000000000, 0.0000000000000000000 ) ) ;
#1613 = CARTESIAN_POINT ( 'NONE',  ( 0.2777949333378682000, -0.8700000000000006600, -0.1988450613736031400 ) ) ;
#1614 = ORIENTED_EDGE ( 'NONE', *, *, #2302, .T. ) ;
#1615 = APPLICATION_PROTOCOL_DEFINITION ( 'international standard', 'config_control_design', 1994, #1123 ) ;
#1616 = DIRECTION ( 'NONE',  ( 0.0000000000000000000, -0.0000000000000000000, -1.000000000000000000 ) ) ;
#1617 = CARTESIAN_POINT ( 'NONE',  ( -0.03348247628625555800, -1.320000000000000500, -0.3400000000000000800 ) ) ;
#1618 = CARTESIAN_POINT ( 'NONE',  ( 0.1324646439223201600, -1.306148880422632200, -0.3400000000000000800 ) ) ;
#1619 = CARTESIAN_POINT ( 'NONE',  ( 0.2279590971964905200, -1.306846069879161300, -0.2851632616081463100 ) ) ;
#1620 = CARTESIAN_POINT ( 'NONE',  ( -0.3767766447847320500, -0.8927500810825619300, -0.02740370812751281500 ) ) ;
#1621 = AXIS2_PLACEMENT_3D ( 'NONE', #563, #906, #81 ) ;
#1622 = AXIS2_PLACEMENT_3D ( 'NONE', #2422, #45, #541 ) ;
#1623 = DIRECTION ( 'NONE',  ( 0.0000000000000000000, -1.000000000000000000, 0.0000000000000000000 ) ) ;
#1624 = CARTESIAN_POINT ( 'NONE',  ( 0.1161783126050335700, -1.309607827835345800, -0.3400000000000000800 ) ) ;
#1625 = ADVANCED_FACE ( 'NONE', ( #3007 ), #2974, .F. ) ;
#1626 = CARTESIAN_POINT ( 'NONE',  ( 1.343698254817650800, 0.2299999999999997300, -0.05916079783099605100 ) ) ;
#1627 = B_SPLINE_CURVE_WITH_KNOTS ( 'NONE', 3,
 ( #489, #533, #547, #557, #560, #993, #988, #904 ),
 .UNSPECIFIED., .F., .F.,
 ( 4, 2, 2, 4 ),
 ( 0.005078723537415574100, 0.007620361321112552300, 0.008891180212961044900, 0.01016199910480953400 ),
 .UNSPECIFIED. ) ;
#1628 = DIRECTION ( 'NONE',  ( 0.0000000000000000000, -1.000000000000000000, 0.0000000000000000000 ) ) ;
#1629 = CARTESIAN_POINT ( 'NONE',  ( -0.9494928378943245900, 0.2499999999999998100, -0.05378952875065609600 ) ) ;
#1630 = AXIS2_PLACEMENT_3D ( 'NONE', #458, #2894, #97 ) ;
#1631 = ORIENTED_EDGE ( 'NONE', *, *, #2336, .F. ) ;
#1632 = ORIENTED_EDGE ( 'NONE', *, *, #2165, .F. ) ;
#1633 = CARTESIAN_POINT ( 'NONE',  ( -1.365000000000000000, 0.2299999999999997300, -0.05916079783099605100 ) ) ;
#1634 = CARTESIAN_POINT ( 'NONE',  ( -1.344858265150995500, 0.2266906611629921600, -0.01664737751996221000 ) ) ;
#1635 = VERTEX_POINT ( 'NONE', #1323 ) ;
#1636 = VERTEX_POINT ( 'NONE', #967 ) ;
#1637 = DIRECTION ( 'NONE',  ( -0.9990321597157253400, 0.0000000000000000000, -0.04398572329442113800 ) ) ;
#1638 = CARTESIAN_POINT ( 'NONE',  ( -0.3925981830489455000, -0.9050000000000003600, 0.0000000000000000000 ) ) ;
#1639 = ORIENTED_EDGE ( 'NONE', *, *, #2164, .F. ) ;
#1640 = DIRECTION ( 'NONE',  ( 0.04398572329442113800, 0.0000000000000000000, -0.9990321597157255700 ) ) ;
#1641 = ORIENTED_EDGE ( 'NONE', *, *, #2155, .T. ) ;
#1642 = CARTESIAN_POINT ( 'NONE',  ( 0.3125000000000002800, -0.3550000000000000900, -0.1804219591217581000 ) ) ;
#1643 = DIRECTION ( 'NONE',  ( 0.0000000000000000000, 0.0000000000000000000, 1.000000000000000000 ) ) ;
#1644 = ORIENTED_EDGE ( 'NONE', *, *, #2532, .T. ) ;
#1645 = PERSON_AND_ORGANIZATION_ROLE ( 'design_supplier' ) ;
#1646 = DIRECTION ( 'NONE',  ( 0.8660254037844399300, 0.0000000000000000000, 0.4999999999999977800 ) ) ;
#1647 = CARTESIAN_POINT ( 'NONE',  ( 0.0000000000000000000, -0.2609999999999999000, 0.0000000000000000000 ) ) ;
#1648 = CARTESIAN_POINT ( 'NONE',  ( 0.0000000000000000000, 0.0000000000000000000, 0.0000000000000000000 ) ) ;
#1649 = FACE_OUTER_BOUND ( 'NONE', #2856, .T. ) ;
#1650 = CARTESIAN_POINT ( 'NONE',  ( -0.1962990915244727500, -1.285000000000000100, 0.3399999999999999700 ) ) ;
#1651 = AXIS2_PLACEMENT_3D ( 'NONE', #1866, #1831, #1818 ) ;
#1652 = DIRECTION ( 'NONE',  ( 0.0000000000000000000, -1.000000000000000000, 0.0000000000000000000 ) ) ;
#1653 = VERTEX_POINT ( 'NONE', #955 ) ;
#1654 = CARTESIAN_POINT ( 'NONE',  ( -1.024442997624098700E-016, -0.3550000000000000900, 0.3608439182435163000 ) ) ;
#1655 = ORIENTED_EDGE ( 'NONE', *, *, #2919, .F. ) ;
#1656 = CARTESIAN_POINT ( 'NONE',  ( -1.343698254817650800, 0.2299999999999997300, -0.05916079783099604400 ) ) ;
#1657 = CARTESIAN_POINT ( 'NONE',  ( 1.001341873125758400, -0.2500000000000001100, -0.7106249999999977300 ) ) ;
#1658 = AXIS2_PLACEMENT_3D ( 'NONE', #2833, #2831, #338 ) ;
#1659 = CARTESIAN_POINT ( 'NONE',  ( 0.0000000000000000000, -0.2609999999999998400, 0.0000000000000000000 ) ) ;
#1660 = VECTOR ( 'NONE', #1753, 39.37007874015748100 ) ;
#1661 = ORIENTED_EDGE ( 'NONE', *, *, #2643, .F. ) ;
#1662 = CARTESIAN_POINT ( 'NONE',  ( -0.2118319877797298100, -1.298437933925341100, 0.3130962344971983100 ) ) ;
#1663 = ORIENTED_EDGE ( 'NONE', *, *, #2646, .T. ) ;
#1664 = DIRECTION ( 'NONE',  ( 1.000000000000000000, -4.985124076029676700E-017, 0.0000000000000000000 ) ) ;
#1665 = ORIENTED_EDGE ( 'NONE', *, *, #2648, .T. ) ;
#1666 = LINE ( 'NONE', #1912, #1660 ) ;
#1667 = DIRECTION ( 'NONE',  ( -6.123233995736790700E-017, 1.000000000000000000, -1.060575238724908300E-016 ) ) ;
#1668 = ORIENTED_EDGE ( 'NONE', *, *, #2676, .T. ) ;
#1669 = ORIENTED_EDGE ( 'NONE', *, *, #2597, .F. ) ;
#1670 = VECTOR ( 'NONE', #1628, 39.37007874015748100 ) ;
#1671 = DIRECTION ( 'NONE',  ( 0.0000000000000000000, 0.0000000000000000000, -1.000000000000000000 ) ) ;
#1672 = ORIENTED_EDGE ( 'NONE', *, *, #2438, .F. ) ;
#1673 = LINE ( 'NONE', #285, #1588 ) ;
#1674 = DIRECTION ( 'NONE',  ( 0.0000000000000000000, 0.0000000000000000000, 1.000000000000000000 ) ) ;
#1675 = CARTESIAN_POINT ( 'NONE',  ( 1.344965278539754800, 0.2254247923463338900, -0.008380398334383172900 ) ) ;
#1676 = VERTEX_POINT ( 'NONE', #173 ) ;
#1677 = CARTESIAN_POINT ( 'NONE',  ( -1.530808498934200100E-017, 0.2500000000000002800, -1.156250000000000000 ) ) ;
#1678 = CARTESIAN_POINT ( 'NONE',  ( -1.133841873125758500, -0.2500000000000007200, 0.5781249999999976700 ) ) ;
#1679 = AXIS2_PLACEMENT_3D ( 'NONE', #1856, #1847, #1840 ) ;
#1680 = DIRECTION ( 'NONE',  ( -6.947354878030527500E-017, -1.000000000000000000, -0.0000000000000000000 ) ) ;
#1681 = FACE_OUTER_BOUND ( 'NONE', #1958, .T. ) ;
#1682 = AXIS2_PLACEMENT_3D ( 'NONE', #1881, #1884, #1880 ) ;
#1683 = FACE_OUTER_BOUND ( 'NONE', #1786, .T. ) ;
#1684 = CARTESIAN_POINT ( 'NONE',  ( 0.0000000000000000000, -0.7700000000000002400, 0.0000000000000000000 ) ) ;
#1685 = CARTESIAN_POINT ( 'NONE',  ( -1.365000000000000000, 0.2299999999999999300, 0.05916079783099623100 ) ) ;
#1686 = DIRECTION ( 'NONE',  ( 1.224646799147353200E-016, -1.000000000000000000, 0.0000000000000000000 ) ) ;
#1687 = TOROIDAL_SURFACE ( 'NONE', #2100, 0.2282239798187731800, 0.2512347083656116800 ) ;
#1688 = CARTESIAN_POINT ( 'NONE',  ( -0.1041666666666668100, -0.3502904552752499300, 0.3007032652029302300 ) ) ;
#1689 = DIRECTION ( 'NONE',  ( 0.0000000000000000000, 0.0000000000000000000, -1.000000000000000000 ) ) ;
#1690 = CARTESIAN_POINT ( 'NONE',  ( -1.364924106666233900, 0.2267721501983707400, -0.01699056671799931100 ) ) ;
#1691 = ORIENTED_EDGE ( 'NONE', *, *, #2650, .T. ) ;
#1692 = VECTOR ( 'NONE', #250, 39.37007874015748100 ) ;
#1693 = CIRCLE ( 'NONE', #1518, 0.1325000000000000300 ) ;
#1694 = PLANE ( 'NONE',  #2108 ) ;
#1695 = DIRECTION ( 'NONE',  ( 0.0000000000000000000, 0.0000000000000000000, 1.000000000000000000 ) ) ;
#1696 = ORIENTED_EDGE ( 'NONE', *, *, #2643, .T. ) ;
#1697 = LINE ( 'NONE', #1284, #1692 ) ;
#1698 = VERTEX_POINT ( 'NONE', #2711 ) ;
#1699 = DIRECTION ( 'NONE',  ( -0.0000000000000000000, 1.000000000000000000, -0.0000000000000000000 ) ) ;
#1700 = ORIENTED_EDGE ( 'NONE', *, *, #2644, .T. ) ;
#1701 = DIRECTION ( 'NONE',  ( 1.224646799147353200E-016, -1.000000000000000000, 0.0000000000000000000 ) ) ;
#1702 = VECTOR ( 'NONE', #861, 39.37007874015748100 ) ;
#1703 = DIRECTION ( 'NONE',  ( 1.000000000000000000, 1.224646799147353200E-016, 0.0000000000000000000 ) ) ;
#1704 = CARTESIAN_POINT ( 'NONE',  ( -1.071565949253931700E-017, 0.2300000000000000100, 0.0000000000000000000 ) ) ;
#1705 = CARTESIAN_POINT ( 'NONE',  ( 0.3362149988913171200, -0.8750492662845025200, -0.09765853965352530600 ) ) ;
#1706 = APPROVAL_ROLE ( '' ) ;
#1707 = CIRCLE ( 'NONE', #1519, 0.3726982387223701200 ) ;
#1708 = DIRECTION ( 'NONE',  ( 0.04398572329442113100, -4.264381251758550200E-016, -0.9990321597157254500 ) ) ;
#1709 = B_SPLINE_CURVE_WITH_KNOTS ( 'NONE', 3,
 ( #251, #365, #1629, #518 ),
 .UNSPECIFIED., .F., .F.,
 ( 4, 4 ),
 ( 2.168404344971008900E-019, 0.0004042690684124224400 ),
 .UNSPECIFIED. ) ;
#1710 = ORIENTED_EDGE ( 'NONE', *, *, #2804, .T. ) ;
#1711 = CARTESIAN_POINT ( 'NONE',  ( -0.3125000000000000600, -0.3549999999999980400, 0.1804219591217581200 ) ) ;
#1712 = ORIENTED_EDGE ( 'NONE', *, *, #2409, .T. ) ;
#1713 = CARTESIAN_POINT ( 'NONE',  ( -1.363678898011965200, 0.2299999999999999300, 0.06004051229688465300 ) ) ;
#1714 = AXIS2_PLACEMENT_3D ( 'NONE', #325, #2657, #182 ) ;
#1715 = DIRECTION ( 'NONE',  ( 0.0000000000000000000, 0.0000000000000000000, 1.000000000000000000 ) ) ;
#1716 = ORIENTED_EDGE ( 'NONE', *, *, #2209, .F. ) ;
#1717 = CARTESIAN_POINT ( 'NONE',  ( 4.071950607164947800E-017, -1.450000000000000200, 0.3249999999999999000 ) ) ;
#1718 = AXIS2_PLACEMENT_3D ( 'NONE', #1205, #1796, #1199 ) ;
#1719 = DIRECTION ( 'NONE',  ( 0.0000000000000000000, 0.0000000000000000000, -1.000000000000000000 ) ) ;
#1720 = CARTESIAN_POINT ( 'NONE',  ( 0.3125000000000002800, -0.3550000000000000900, -0.1804219591217581000 ) ) ;
#1721 = CARTESIAN_POINT ( 'NONE',  ( 1.344349329418846000, 0.2335795358339688400, -0.03187473028863484200 ) ) ;
#1722 = VERTEX_POINT ( 'NONE', #322 ) ;
#1723 = AXIS2_PLACEMENT_3D ( 'NONE', #525, #789, #931 ) ;
#1724 = DIRECTION ( 'NONE',  ( -1.000000000000000000, -2.577215088362511900E-016, 0.0000000000000000000 ) ) ;
#1725 = ORIENTED_EDGE ( 'NONE', *, *, #2648, .F. ) ;
#1726 = LINE ( 'NONE', #1366, #1737 ) ;
#1727 = EDGE_LOOP ( 'NONE', ( #326, #761, #945, #226 ) ) ;
#1728 = EDGE_LOOP ( 'NONE', ( #1919, #1938, #1961, #1964 ) ) ;
#1729 = DIRECTION ( 'NONE',  ( -0.0000000000000000000, 1.000000000000000000, -0.0000000000000000000 ) ) ;
#1730 = LINE ( 'NONE', #2230, #1702 ) ;
#1731 = ORIENTED_EDGE ( 'NONE', *, *, #2827, .T. ) ;
#1732 = CARTESIAN_POINT ( 'NONE',  ( 0.0000000000000000000, -0.7700000000000001300, 0.0000000000000000000 ) ) ;
#1733 = EDGE_LOOP ( 'NONE', ( #788, #809, #811, #847 ) ) ;
#1734 = CARTESIAN_POINT ( 'NONE',  ( 1.363678898011965200, 0.2300000000000001800, -0.06004051229688446600 ) ) ;
#1735 = DIRECTION ( 'NONE',  ( -1.000000000000000000, -2.577215088362511400E-016, 0.0000000000000000000 ) ) ;
#1736 = EDGE_LOOP ( 'NONE', ( #2313, #801, #1149, #1082, #37, #3092 ) ) ;
#1737 = VECTOR ( 'NONE', #1246, 39.37007874015748100 ) ;
#1738 = AXIS2_PLACEMENT_3D ( 'NONE', #1877, #293, #1771 ) ;
#1739 = CARTESIAN_POINT ( 'NONE',  ( 1.364965188412899000, 0.2055539126967179700, -0.01117076175776864300 ) ) ;
#1740 = DIRECTION ( 'NONE',  ( -0.0000000000000000000, 1.000000000000000000, -0.0000000000000000000 ) ) ;
#1741 = CARTESIAN_POINT ( 'NONE',  ( 1.364023713616279800, 0.2224693666808013600, -0.05182126195062199800 ) ) ;
#1742 = AXIS2_PLACEMENT_3D ( 'NONE', #239, #203, #111 ) ;
#1743 = CARTESIAN_POINT ( 'NONE',  ( 2.390366994456230100E-016, -0.3550000000000000900, -0.3608439182435163600 ) ) ;
#1744 = ADVANCED_FACE ( 'NONE', ( #2976, #2977, #3004, #3021 ), #952, .T. ) ;
#1745 = AXIS2_PLACEMENT_3D ( 'NONE', #2766, #3025, #1812 ) ;
#1746 = AXIS2_PLACEMENT_3D ( 'NONE', #1633, #2151, #498 ) ;
#1747 = TOROIDAL_SURFACE ( 'NONE', #2036, 0.2999999999999998800, 0.3726982387223750100 ) ;
#1748 = CARTESIAN_POINT ( 'NONE',  ( -4.716371321622445000E-017, -0.2500000000000001100, 0.0000000000000000000 ) ) ;
#1749 = DIRECTION ( 'NONE',  ( 0.0000000000000000000, 0.0000000000000000000, 1.000000000000000000 ) ) ;
#1750 = CARTESIAN_POINT ( 'NONE',  ( 0.1562499999999998100, -0.3501289026637790000, 0.2706329386826373800 ) ) ;
#1751 = CARTESIAN_POINT ( 'NONE',  ( 4.561809326823892900E-017, -0.2300000000000000100, 0.0000000000000000000 ) ) ;
#1752 = DIRECTION ( 'NONE',  ( -6.123233995736790700E-017, 1.000000000000000000, -1.060575238724908500E-016 ) ) ;
#1753 = DIRECTION ( 'NONE',  ( 1.150791560227850000E-016, -0.3420201433256692700, 0.9396926207859080900 ) ) ;
#1754 = DIRECTION ( 'NONE',  ( 0.0000000000000000000, 0.0000000000000000000, 1.000000000000000000 ) ) ;
#1755 = ORIENTED_EDGE ( 'NONE', *, *, #2769, .T. ) ;
#1756 = DIRECTION ( 'NONE',  ( 0.04398572329442113800, -0.0000000000000000000, 0.9990321597157255700 ) ) ;
#1757 = EDGE_LOOP ( 'NONE', ( #2273, #631, #29, #57 ) ) ;
#1758 = VECTOR ( 'NONE', #1752, 39.37007874015748100 ) ;
#1759 = EDGE_LOOP ( 'NONE', ( #658, #691, #696, #701 ) ) ;
#1760 = CARTESIAN_POINT ( 'NONE',  ( 1.365000000000000000, 0.2049999999999998500, -1.008643065230074100E-012 ) ) ;
#1761 = CARTESIAN_POINT ( 'NONE',  ( -1.345000000000000000, -0.2500000000000001100, 1.659396412844663700E-016 ) ) ;
#1762 = DESIGN_CONTEXT ( 'detailed design', #1123, 'design' ) ;
#1763 = EDGE_LOOP ( 'NONE', ( #848, #864, #891, #895, #896, #900 ) ) ;
#1764 = CARTESIAN_POINT ( 'NONE',  ( 0.3125000000000000000, -0.3550000000000000900, 0.1804219591217584300 ) ) ;
#1765 = ORIENTED_EDGE ( 'NONE', *, *, #2554, .T. ) ;
#1766 = VERTEX_POINT ( 'NONE', #34 ) ;
#1767 = CARTESIAN_POINT ( 'NONE',  ( 0.0000000000000000000, -1.095000000000000200, 0.0000000000000000000 ) ) ;
#1768 = DIRECTION ( 'NONE',  ( -0.0000000000000000000, 1.000000000000000000, -0.0000000000000000000 ) ) ;
#1769 = FACE_OUTER_BOUND ( 'NONE', #2861, .T. ) ;
#1770 = AXIS2_PLACEMENT_3D ( 'NONE', #1659, #2921, #1749 ) ;
#1771 = DIRECTION ( 'NONE',  ( 0.0000000000000000000, 0.0000000000000000000, 1.000000000000000000 ) ) ;
#1772 = DIRECTION ( 'NONE',  ( 0.0000000000000000000, 0.0000000000000000000, 1.000000000000000000 ) ) ;
#1773 = CARTESIAN_POINT ( 'NONE',  ( 0.0000000000000000000, -1.435000000000000100, 0.0000000000000000000 ) ) ;
#1774 = CARTESIAN_POINT ( 'NONE',  ( -1.343698254817650800, 0.2299999999999999300, 0.05916079783099623100 ) ) ;
#1775 = CARTESIAN_POINT ( 'NONE',  ( -0.1562499999999997800, -0.3501289026637789400, -0.2706329386826372700 ) ) ;
#1776 = CARTESIAN_POINT ( 'NONE',  ( 1.530808498934199500E-017, -0.2500000000000005000, -1.023749999999999900 ) ) ;
#1777 = DIRECTION ( 'NONE',  ( -1.836970198721020100E-016, 1.000000000000000000, 1.060575238724912600E-016 ) ) ;
#1778 = AXIS2_PLACEMENT_3D ( 'NONE', #2706, #883, #391 ) ;
#1779 = CARTESIAN_POINT ( 'NONE',  ( -1.343698254817650800, 0.2299999999999999300, 0.05916079783099623100 ) ) ;
#1780 = CARTESIAN_POINT ( 'NONE',  ( 1.344833615569169600, 0.2270841129974232900, -0.01653744782654742100 ) ) ;
#1781 = DIRECTION ( 'NONE',  ( 1.000000000000000000, -4.985124076029676700E-017, 0.0000000000000000000 ) ) ;
#1782 = AXIS2_PLACEMENT_3D ( 'NONE', #1239, #479, #1250 ) ;
#1783 = CIRCLE ( 'NONE', #1522, 1.365000000000000000 ) ;
#1784 = EDGE_LOOP ( 'NONE', ( #613, #645, #649, #652 ) ) ;
#1785 = LINE ( 'NONE', #1414, #1670 ) ;
#1786 = EDGE_LOOP ( 'NONE', ( #2338, #2341, #2344, #2379 ) ) ;
#1787 = VECTOR ( 'NONE', #18, 39.37007874015748100 ) ;
#1788 = EDGE_LOOP ( 'NONE', ( #317, #1577, #1300, #255, #1655, #23 ) ) ;
#1789 = CARTESIAN_POINT ( 'NONE',  ( 0.0000000000000000000, 0.2040000000000000700, 0.0000000000000000000 ) ) ;
#1790 = EDGE_LOOP ( 'NONE', ( #2975, #275, #1614, #1924 ) ) ;
#1791 = DIRECTION ( 'NONE',  ( 0.0000000000000000000, 0.0000000000000000000, 1.000000000000000000 ) ) ;
#1792 = PLANE ( 'NONE',  #2023 ) ;
#1793 = B_SPLINE_CURVE_WITH_KNOTS ( 'NONE', 3,
 ( #871, #108, #950, #936, #605, #592 ),
 .UNSPECIFIED., .F., .F.,
 ( 4, 2, 4 ),
 ( 0.04033258162630455600, 0.04285295469578744700, 0.04537332776527033800 ),
 .UNSPECIFIED. ) ;
#1794 = EDGE_LOOP ( 'NONE', ( #2138, #2141, #2182, #2188, #2192 ) ) ;
#1795 = CIRCLE ( 'NONE', #1525, 0.2999999999999998800 ) ;
#1796 = DIRECTION ( 'NONE',  ( 0.0000000000000000000, -1.000000000000000000, 0.0000000000000000000 ) ) ;
#1797 = DIRECTION ( 'NONE',  ( 0.0000000000000000000, 0.0000000000000000000, 1.000000000000000000 ) ) ;
#1798 = ORIENTED_EDGE ( 'NONE', *, *, #2202, .T. ) ;
#1799 = LINE ( 'NONE', #1776, #1758 ) ;
#1800 = DIRECTION ( 'NONE',  ( -1.836970198721034900E-016, 1.000000000000000000, -1.060575238724904200E-016 ) ) ;
#1801 = B_SPLINE_CURVE_WITH_KNOTS ( 'NONE', 3,
 ( #1713, #1101, #2696, #3077, #2223, #2995, #2689, #3184, #2967, #752 ),
 .UNSPECIFIED., .F., .F.,
 ( 4, 2, 2, 2, 4 ),
 ( 0.0000000000000000000, 0.0004219824864759493700, 0.0008439649729518987300, 0.001265947459427848100, 0.001687929945903797500 ),
 .UNSPECIFIED. ) ;
#1802 = ADVANCED_FACE ( 'NONE', ( #2943 ), #387, .T. ) ;
#1803 = CARTESIAN_POINT ( 'NONE',  ( 0.0000000000000000000, -0.6700000000000000400, 0.0000000000000000000 ) ) ;
#1804 = AXIS2_PLACEMENT_3D ( 'NONE', #2127, #437, #431 ) ;
#1805 = ORIENTED_EDGE ( 'NONE', *, *, #2655, .T. ) ;
#1806 = ORIENTED_EDGE ( 'NONE', *, *, #2768, .T. ) ;
#1807 = DIRECTION ( 'NONE',  ( -0.0000000000000000000, 1.000000000000000000, -0.0000000000000000000 ) ) ;
#1808 = AXIS2_PLACEMENT_3D ( 'NONE', #2241, #1941, #1530 ) ;
#1809 = DIRECTION ( 'NONE',  ( 0.0000000000000000000, 0.0000000000000000000, -1.000000000000000000 ) ) ;
#1810 = DIRECTION ( 'NONE',  ( 0.0000000000000000000, 0.0000000000000000000, 1.000000000000000000 ) ) ;
#1811 = CARTESIAN_POINT ( 'NONE',  ( 1.001341873125762600, -0.2500000000000003300, 0.7106249999999906300 ) ) ;
#1812 = DIRECTION ( 'NONE',  ( 0.0000000000000000000, 0.0000000000000000000, 1.000000000000000000 ) ) ;
#1813 = CARTESIAN_POINT ( 'NONE',  ( 1.364832323744894900, 0.2077314717098288400, -0.02207893925031835900 ) ) ;
#1814 = CARTESIAN_POINT ( 'NONE',  ( 1.364981533831280500, 0.2254425890200844900, -0.008548054088420008500 ) ) ;
#1815 = CARTESIAN_POINT ( 'NONE',  ( -1.344377860301130000, 0.2331280183173768900, -0.03191550173631452900 ) ) ;
#1816 = DIRECTION ( 'NONE',  ( 0.0000000000000000000, 0.0000000000000000000, 1.000000000000000000 ) ) ;
#1817 = ADVANCED_FACE ( 'NONE', ( #2951 ), #2940, .T. ) ;
#1818 = DIRECTION ( 'NONE',  ( 0.0000000000000000000, 0.0000000000000000000, 1.000000000000000000 ) ) ;
#1819 = CARTESIAN_POINT ( 'NONE',  ( 0.3125000000000000600, -0.3502086234556390200, 0.01434539005809425600 ) ) ;
#1820 = CARTESIAN_POINT ( 'NONE',  ( 0.3027676268434199000, -0.8700000000000003300, -0.1555910874201421900 ) ) ;
#1821 = DIRECTION ( 'NONE',  ( -6.123233995736642800E-017, 1.000000000000000000, 1.060575238724899800E-016 ) ) ;
#1822 = DIRECTION ( 'NONE',  ( 0.0000000000000000000, 1.000000000000000000, 0.0000000000000000000 ) ) ;
#1823 = EDGE_LOOP ( 'NONE', ( #2231, #2234, #2237 ) ) ;
#1824 = CIRCLE ( 'NONE', #1529, 0.01499999999999997700 ) ;
#1825 = VERTEX_POINT ( 'NONE', #2968 ) ;
#1826 = CARTESIAN_POINT ( 'NONE',  ( 1.364490080492436500, 0.2136118315002505100, -0.03765990802909689700 ) ) ;
#1827 = DIRECTION ( 'NONE',  ( 0.0000000000000000000, 0.0000000000000000000, 1.000000000000000000 ) ) ;
#1828 = VERTEX_POINT ( 'NONE', #2732 ) ;
#1829 = CARTESIAN_POINT ( 'NONE',  ( 0.2284025810818448000, -0.8837577440941144500, -0.2843951249863747000 ) ) ;
#1830 = VERTEX_POINT ( 'NONE', #2175 ) ;
#1831 = DIRECTION ( 'NONE',  ( -0.0000000000000000000, 1.000000000000000000, 0.0000000000000000000 ) ) ;
#1832 = ADVANCED_FACE ( 'NONE', ( #2911 ), #2947, .F. ) ;
#1833 = EDGE_LOOP ( 'NONE', ( #2160, #532 ) ) ;
#1834 = CIRCLE ( 'NONE', #1538, 0.3399999999999998600 ) ;
#1835 = ORIENTED_EDGE ( 'NONE', *, *, #2687, .T. ) ;
#1836 = CIRCLE ( 'NONE', #1560, 0.2999999999999999300 ) ;
#1837 = CARTESIAN_POINT ( 'NONE',  ( 0.3125000000000002800, -0.6650000000000001500, -0.1804219591217579600 ) ) ;
#1838 = EDGE_LOOP ( 'NONE', ( #2240, #2248, #2292, #2297, #2333 ) ) ;
#1839 = CARTESIAN_POINT ( 'NONE',  ( -1.365000000000000000, 0.2499999999999998100, -0.05916079783099605100 ) ) ;
#1840 = DIRECTION ( 'NONE',  ( -0.8660254037844327100, 0.0000000000000000000, 0.5000000000000102100 ) ) ;
#1841 = AXIS2_PLACEMENT_3D ( 'NONE', #865, #1193, #188 ) ;
#1842 = ADVANCED_FACE ( 'NONE', ( #2917 ), #2938, .T. ) ;
#1843 = CONICAL_SURFACE ( 'NONE', #2131, 0.9509999999999999600, 1.221730476396030200 ) ;
#1844 = CARTESIAN_POINT ( 'NONE',  ( 2.326828918379969300E-017, 0.0000000000000000000, -0.1899999999999998600 ) ) ;
#1845 = AXIS2_PLACEMENT_3D ( 'NONE', #31, #1768, #1863 ) ;
#1846 = EDGE_CURVE ( 'NONE', #2369, #1828, #2630, .T. ) ;
#1847 = DIRECTION ( 'NONE',  ( -6.123233995736642800E-017, 1.000000000000000000, 1.060575238724899800E-016 ) ) ;
#1848 = CARTESIAN_POINT ( 'NONE',  ( 1.344999882773571000, 0.2250014478173199800, -0.004168978868754928500 ) ) ;
#1849 = CARTESIAN_POINT ( 'NONE',  ( 1.364831190755842800, 0.2077502139294584700, -0.02215084366102226800 ) ) ;
#1850 = CARTESIAN_POINT ( 'NONE',  ( 4.561809326823892900E-017, -0.2300000000000000100, 0.0000000000000000000 ) ) ;
#1851 = SPHERICAL_SURFACE ( 'NONE', #1542, 0.02000000000000000000 ) ;
#1852 = EDGE_LOOP ( 'NONE', ( #2413, #2417, #2418, #2423 ) ) ;
#1853 = EDGE_LOOP ( 'NONE', ( #2200, #474, #477 ) ) ;
#1854 = ORIENTED_EDGE ( 'NONE', *, *, #2656, .F. ) ;
#1855 = VECTOR ( 'NONE', #802, 39.37007874015748100 ) ;
#1856 = CARTESIAN_POINT ( 'NONE',  ( 1.001341873125762600, -0.2500000000000003300, 0.5781249999999905600 ) ) ;
#1857 = VERTEX_POINT ( 'NONE', #1711 ) ;
#1858 = AXIS2_PLACEMENT_3D ( 'NONE', #2800, #2163, #3166 ) ;
#1859 = DIRECTION ( 'NONE',  ( 0.8660254037844386000, 0.0000000000000000000, -0.5000000000000002200 ) ) ;
#1860 = CARTESIAN_POINT ( 'NONE',  ( 1.365000123776921800, 0.2249970024703296700, 0.008435025730216693200 ) ) ;
#1861 = EDGE_LOOP ( 'NONE', ( #1245, #1248, #2916, #1281, #1672, #1319 ) ) ;
#1862 = LINE ( 'NONE', #14, #1787 ) ;
#1863 = DIRECTION ( 'NONE',  ( 0.0000000000000000000, 0.0000000000000000000, 1.000000000000000000 ) ) ;
#1864 = EDGE_LOOP ( 'NONE', ( #370, #388 ) ) ;
#1865 = AXIS2_PLACEMENT_3D ( 'NONE', #2959, #2998, #590 ) ;
#1866 = CARTESIAN_POINT ( 'NONE',  ( -0.3399999999999998600, -0.8700000000000003300, 0.0000000000000000000 ) ) ;
#1867 = VECTOR ( 'NONE', #235, 39.37007874015748100 ) ;
#1868 = CARTESIAN_POINT ( 'NONE',  ( 1.364021878787693400, 0.2221024334425985600, 0.05225051137264704500 ) ) ;
#1869 = FACE_OUTER_BOUND ( 'NONE', #2668, .T. ) ;
#1870 = AXIS2_PLACEMENT_3D ( 'NONE', #2941, #2598, #67 ) ;
#1871 = DIRECTION ( 'NONE',  ( -0.0000000000000000000, 1.000000000000000000, -0.0000000000000000000 ) ) ;
#1872 = CARTESIAN_POINT ( 'NONE',  ( -0.2604166666666666900, -0.3514235798236370900, -0.2104922856420511900 ) ) ;
#1873 = AXIS2_PLACEMENT_3D ( 'NONE', #2952, #2145, #3045 ) ;
#1874 = CARTESIAN_POINT ( 'NONE',  ( 1.364964762246614800, 0.2055607259548532200, -0.01122661836658383300 ) ) ;
#1875 = AXIS2_PLACEMENT_3D ( 'NONE', #680, #1358, #875 ) ;
#1876 = AXIS2_PLACEMENT_3D ( 'NONE', #2649, #2634, #1674 ) ;
#1877 = CARTESIAN_POINT ( 'NONE',  ( 0.0000000000000000000, -0.6700000000000000400, 0.0000000000000000000 ) ) ;
#1878 = CARTESIAN_POINT ( 'NONE',  ( 0.0000000000000000000, 0.2040000000000000700, -0.8249999999999999600 ) ) ;
#1879 = AXIS2_PLACEMENT_3D ( 'NONE', #280, #778, #568 ) ;
#1880 = DIRECTION ( 'NONE',  ( 0.8660254037844364900, 0.0000000000000000000, -0.5000000000000038900 ) ) ;
#1881 = CARTESIAN_POINT ( 'NONE',  ( -1.001341873125758600, -0.2500000000000007200, -0.5781249999999976700 ) ) ;
#1882 = DIRECTION ( 'NONE',  ( 0.0000000000000000000, 0.0000000000000000000, 1.000000000000000000 ) ) ;
#1883 = AXIS2_PLACEMENT_3D ( 'NONE', #340, #534, #1735 ) ;
#1884 = DIRECTION ( 'NONE',  ( -1.836970198721034600E-016, 1.000000000000000000, -1.060575238724904000E-016 ) ) ;
#1885 = ORIENTED_EDGE ( 'NONE', *, *, #2628, .T. ) ;
#1886 = VERTEX_POINT ( 'NONE', #2864 ) ;
#1887 = LINE ( 'NONE', #453, #1855 ) ;
#1888 = CARTESIAN_POINT ( 'NONE',  ( 1.364999937867394000, 0.2250015046773334000, -0.004250814587452841900 ) ) ;
#1889 = ORIENTED_EDGE ( 'NONE', *, *, #2558, .T. ) ;
#1890 = ORIENTED_EDGE ( 'NONE', *, *, #2658, .T. ) ;
#1891 = LINE ( 'NONE', #1347, #1867 ) ;
#1892 = EDGE_LOOP ( 'NONE', ( #2705, #654, #682 ) ) ;
#1893 = AXIS2_PLACEMENT_3D ( 'NONE', #1442, #1931, #1944 ) ;
#1894 = EDGE_LOOP ( 'NONE', ( #389, #394 ) ) ;
#1895 = DIRECTION ( 'NONE',  ( 0.0000000000000000000, 0.0000000000000000000, 1.000000000000000000 ) ) ;
#1896 = CARTESIAN_POINT ( 'NONE',  ( 0.9505905264450461600, 0.2315516407071553700, -0.02816706570852334200 ) ) ;
#1897 = ORIENTED_EDGE ( 'NONE', *, *, #2655, .F. ) ;
#1898 = TOROIDAL_SURFACE ( 'NONE', #1553, 0.2282239798187731800, 0.2512347083656116800 ) ;
#1899 = AXIS2_PLACEMENT_3D ( 'NONE', #1626, #907, #364 ) ;
#1900 = CARTESIAN_POINT ( 'NONE',  ( -0.9499433016766669600, 0.2439393939393937300, -0.04481878623560307800 ) ) ;
#1901 = CARTESIAN_POINT ( 'NONE',  ( 0.6850000000000000500, 0.2039999999999999600, 0.0000000000000000000 ) ) ;
#1902 = ORIENTED_EDGE ( 'NONE', *, *, #2620, .T. ) ;
#1903 = DIRECTION ( 'NONE',  ( -0.5000000000000001100, 0.0000000000000000000, -0.8660254037844384900 ) ) ;
#1904 = AXIS2_PLACEMENT_3D ( 'NONE', #1503, #1623, #1616 ) ;
#1905 = CARTESIAN_POINT ( 'NONE',  ( 0.3925981830489455000, -1.285000000000000100, 3.414809992080329000E-017 ) ) ;
#1906 = DIRECTION ( 'NONE',  ( -0.8660254037844327100, 0.0000000000000000000, 0.5000000000000102100 ) ) ;
#1907 = ORIENTED_EDGE ( 'NONE', *, *, #2323, .F. ) ;
#1908 = CARTESIAN_POINT ( 'NONE',  ( 1.364999881032125100, 0.2050019111463816400, -0.005584881877851002700 ) ) ;
#1909 = ORIENTED_EDGE ( 'NONE', *, *, #2503, .F. ) ;
#1910 = B_SPLINE_CURVE_WITH_KNOTS ( 'NONE', 3,
 ( #2595, #1613, #169, #2898, #1829, #1064, #2485, #1147 ),
 .UNSPECIFIED., .F., .F.,
 ( 4, 2, 2, 4 ),
 ( 0.005078723537415577600, 0.007620361321112555800, 0.008891180212961043200, 0.01016199910480953400 ),
 .UNSPECIFIED. ) ;
#1911 = DIRECTION ( 'NONE',  ( 1.224646799147353200E-016, -1.000000000000000000, 0.0000000000000000000 ) ) ;
#1912 = CARTESIAN_POINT ( 'NONE',  ( 1.164639105989132900E-016, 0.1781397504824583600, 0.9509999999999999600 ) ) ;
#1913 = CARTESIAN_POINT ( 'NONE',  ( 0.0000000000000000000, 0.06999999999999993700, 0.0000000000000000000 ) ) ;
#1914 = DIRECTION ( 'NONE',  ( 0.0000000000000000000, 0.0000000000000000000, 1.000000000000000000 ) ) ;
#1915 = B_SPLINE_CURVE_WITH_KNOTS ( 'NONE', 3,
 ( #3179, #3052, #2749, #2786, #352, #184, #36, #2710, #1972 ),
 .UNSPECIFIED., .F., .F.,
 ( 4, 2, 1, 2, 4 ),
 ( 2.309401076705792000E-007, 0.002291589820953998900, 0.004582948701800327800, 0.006874307582646656300, 0.009165666463492984700 ),
 .UNSPECIFIED. ) ;
#1916 = CARTESIAN_POINT ( 'NONE',  ( 2.390366994456230100E-016, -0.3550000000000000900, -0.3608439182435163600 ) ) ;
#1917 = CARTESIAN_POINT ( 'NONE',  ( 1.345000233532588100, 0.2249971157314043800, 0.008272671700467455400 ) ) ;
#1918 = DIRECTION ( 'NONE',  ( -1.836970198721034900E-016, 1.000000000000000000, -1.060575238724904200E-016 ) ) ;
#1919 = ORIENTED_EDGE ( 'NONE', *, *, #2656, .T. ) ;
#1920 = FACE_OUTER_BOUND ( 'NONE', #1853, .T. ) ;
#1921 = EDGE_LOOP ( 'NONE', ( #211, #242 ) ) ;
#1922 = DIRECTION ( 'NONE',  ( 0.0000000000000000000, 1.000000000000000000, 0.0000000000000000000 ) ) ;
#1923 = AXIS2_PLACEMENT_3D ( 'NONE', #678, #1729, #411 ) ;
#1924 = ORIENTED_EDGE ( 'NONE', *, *, #2747, .F. ) ;
#1925 = CIRCLE ( 'NONE', #1562, 0.9509999999999999600 ) ;
#1926 = EDGE_LOOP ( 'NONE', ( #305, #333, #336, #366 ) ) ;
#1927 = CARTESIAN_POINT ( 'NONE',  ( -1.343698254817650800, 0.2499999999999998100, -0.05916079783099605100 ) ) ;
#1928 = CARTESIAN_POINT ( 'NONE',  ( 0.9494928433971098200, 0.2499999999999998100, -0.05378944046562637900 ) ) ;
#1929 = EDGE_LOOP ( 'NONE', ( #25, #33, #155, #76, #101, #106 ) ) ;
#1930 = AXIS2_PLACEMENT_3D ( 'NONE', #185, #1453, #2326 ) ;
#1931 = DIRECTION ( 'NONE',  ( 1.000000000000000000, -0.0000000000000000000, -0.0000000000000000000 ) ) ;
#1932 = CARTESIAN_POINT ( 'NONE',  ( -0.3125000000000001700, -0.3502955486534419200, 0.06072187223068162300 ) ) ;
#1933 = EDGE_LOOP ( 'NONE', ( #109, #139, #148, #165, #1021, #205 ) ) ;
#1934 = CYLINDRICAL_SURFACE ( 'NONE', #1568, 0.9509999999999999600 ) ;
#1935 = CARTESIAN_POINT ( 'NONE',  ( -1.001341873125758600, -0.2500000000000007200, -0.5781249999999976700 ) ) ;
#1936 = AXIS2_PLACEMENT_3D ( 'NONE', #2102, #2727, #625 ) ;
#1937 = CARTESIAN_POINT ( 'NONE',  ( 1.001341873125758400, -0.2500000000000001100, -0.4456249999999976100 ) ) ;
#1938 = ORIENTED_EDGE ( 'NONE', *, *, #2661, .T. ) ;
#1939 = CIRCLE ( 'NONE', #1569, 0.3249999999999999000 ) ;
#1940 = AXIS2_PLACEMENT_3D ( 'NONE', #299, #1977, #3183 ) ;
#1941 = DIRECTION ( 'NONE',  ( -0.0000000000000000000, 1.000000000000000000, -0.0000000000000000000 ) ) ;
#1942 = AXIS2_PLACEMENT_3D ( 'NONE', #1526, #1315, #2320 ) ;
#1943 = DIRECTION ( 'NONE',  ( 0.0000000000000000000, 0.0000000000000000000, -1.000000000000000000 ) ) ;
#1944 = DIRECTION ( 'NONE',  ( 0.0000000000000000000, 0.0000000000000000000, -1.000000000000000000 ) ) ;
#1945 = CARTESIAN_POINT ( 'NONE',  ( -1.365000000000000000, 0.06999999999999993700, 0.0000000000000000000 ) ) ;
#1946 = CARTESIAN_POINT ( 'NONE',  ( 0.3125000000000000000, -0.3550000000000000900, 0.1804219591217584300 ) ) ;
#1947 = CARTESIAN_POINT ( 'NONE',  ( 0.0000000000000000000, 0.0000000000000000000, 0.0000000000000000000 ) ) ;
#1948 = CARTESIAN_POINT ( 'NONE',  ( -0.3125000000000000600, -0.3500000000000000900, 0.1804219591217581200 ) ) ;
#1949 = CARTESIAN_POINT ( 'NONE',  ( 1.365000237001796200, 0.2049961927104153000, 0.01108230473596743400 ) ) ;
#1950 = DIRECTION ( 'NONE',  ( -6.123233995736642800E-017, 1.000000000000000000, 1.060575238724899900E-016 ) ) ;
#1951 = DIRECTION ( 'NONE',  ( 0.0000000000000000000, 0.0000000000000000000, 1.000000000000000000 ) ) ;
#1952 = AXIS2_PLACEMENT_3D ( 'NONE', #1685, #1237, #2471 ) ;
#1953 = AXIS2_PLACEMENT_3D ( 'NONE', #1112, #1918, #1724 ) ;
#1954 = ORIENTED_EDGE ( 'NONE', *, *, #2491, .T. ) ;
#1955 = CARTESIAN_POINT ( 'NONE',  ( 1.364344634241848600, 0.2162312644805266500, 0.04254650685923076800 ) ) ;
#1956 = AXIS2_PLACEMENT_3D ( 'NONE', #2331, #1950, #2444 ) ;
#1957 = DIRECTION ( 'NONE',  ( -0.0000000000000000000, 1.000000000000000000, -0.0000000000000000000 ) ) ;
#1958 = EDGE_LOOP ( 'NONE', ( #661, #279, #1534, #943, #756, #709 ) ) ;
#1959 = CARTESIAN_POINT ( 'NONE',  ( -0.05208333333333308600, -0.3514235798236370300, -0.3307735917232233500 ) ) ;
#1960 = DIRECTION ( 'NONE',  ( -0.0000000000000000000, -1.000000000000000000, -0.0000000000000000000 ) ) ;
#1961 = ORIENTED_EDGE ( 'NONE', *, *, #2586, .F. ) ;
#1962 = CIRCLE ( 'NONE', #1575, 0.3726982387223750100 ) ;
#1963 = VERTEX_POINT ( 'NONE', #1334 ) ;
#1964 = ORIENTED_EDGE ( 'NONE', *, *, #2635, .T. ) ;
#1965 = CARTESIAN_POINT ( 'NONE',  ( -0.1041666666666664400, -0.3502904552752498800, -0.3007032652029302300 ) ) ;
#1966 = ORIENTED_EDGE ( 'NONE', *, *, #2662, .F. ) ;
#1967 = FACE_OUTER_BOUND ( 'NONE', #3112, .T. ) ;
#1968 = CARTESIAN_POINT ( 'NONE',  ( -0.2864583333333335900, -0.6674879048846080700, 0.1954571223819046000 ) ) ;
#1969 = AXIS2_PLACEMENT_3D ( 'NONE', #538, #2571, #2195 ) ;
#1970 = ORIENTED_EDGE ( 'NONE', *, *, #2780, .F. ) ;
#1971 = CARTESIAN_POINT ( 'NONE',  ( 1.364491859876182600, 0.2135803793111312500, 0.03759125763110034900 ) ) ;
#1972 = CARTESIAN_POINT ( 'NONE',  ( 2.390366994456230100E-016, -0.3550000000000000900, -0.3608439182435163600 ) ) ;
#1973 = ADVANCED_FACE ( 'NONE', ( #2910 ), #2900, .T. ) ;
#1974 = CIRCLE ( 'NONE', #1565, 0.9509999999999999600 ) ;
#1975 = AXIS2_PLACEMENT_3D ( 'NONE', #1497, #1686, #198 ) ;
#1976 = DIRECTION ( 'NONE',  ( -0.0000000000000000000, -1.000000000000000000, -0.0000000000000000000 ) ) ;
#1977 = DIRECTION ( 'NONE',  ( 0.0000000000000000000, -1.000000000000000000, 0.0000000000000000000 ) ) ;
#1978 = ORIENTED_EDGE ( 'NONE', *, *, #2765, .F. ) ;
#1979 = AXIS2_PLACEMENT_3D ( 'NONE', #1224, #1576, #2762 ) ;
#1980 = AXIS2_PLACEMENT_3D ( 'NONE', #1209, #683, #1781 ) ;
#1981 = AXIS2_PLACEMENT_3D ( 'NONE', #2863, #1986, #2064 ) ;
#1982 = CARTESIAN_POINT ( 'NONE',  ( 1.364856819924628300, 0.2072212739517507500, 0.02225790600735196700 ) ) ;
#1983 = AXIS2_PLACEMENT_3D ( 'NONE', #2147, #2647, #2653 ) ;
#1984 = CARTESIAN_POINT ( 'NONE',  ( 1.364673620101666500, 0.2334096787711035800, 0.03243186880996392500 ) ) ;
#1985 = TOROIDAL_SURFACE ( 'NONE', #2072, 1.345000000000000000, 0.02000000000000000000 ) ;
#1986 = DIRECTION ( 'NONE',  ( -0.0000000000000000000, -1.000000000000000000, -0.0000000000000000000 ) ) ;
#1987 = DIRECTION ( 'NONE',  ( -1.836970198721020100E-016, 1.000000000000000000, 1.060575238724912700E-016 ) ) ;
#1988 = AXIS2_PLACEMENT_3D ( 'NONE', #1441, #134, #1827 ) ;
#1989 = CARTESIAN_POINT ( 'NONE',  ( 0.1562499999999999200, -0.6698710973362213000, 0.2706329386826372100 ) ) ;
#1990 = VERTEX_POINT ( 'NONE', #1511 ) ;
#1991 = CARTESIAN_POINT ( 'NONE',  ( 0.3125000000000000000, -0.3500000000000000900, 0.1804219591217582100 ) ) ;
#1992 = CARTESIAN_POINT ( 'NONE',  ( 0.0000000000000000000, -0.2609999999999998400, 0.0000000000000000000 ) ) ;
#1993 = AXIS2_PLACEMENT_3D ( 'NONE', #977, #1383, #503 ) ;
#1994 = AXIS2_PLACEMENT_3D ( 'NONE', #2311, #688, #1810 ) ;
#1995 = CARTESIAN_POINT ( 'NONE',  ( -0.05208333333333346100, -0.3514235798236369200, 0.3307735917232232400 ) ) ;
#1996 = DIRECTION ( 'NONE',  ( 0.0000000000000000000, 0.0000000000000000000, -1.000000000000000000 ) ) ;
#1997 = CARTESIAN_POINT ( 'NONE',  ( 0.0000000000000000000, -1.095000000000000200, 0.0000000000000000000 ) ) ;
#1998 = CARTESIAN_POINT ( 'NONE',  ( 2.326828918379969300E-017, -1.435000000000000100, -0.1899999999999998600 ) ) ;
#1999 = AXIS2_PLACEMENT_3D ( 'NONE', #2142, #2805, #698 ) ;
#2000 = AXIS2_PLACEMENT_3D ( 'NONE', #662, #407, #2275 ) ;
#2001 = CARTESIAN_POINT ( 'NONE',  ( 0.0000000000000000000, -0.8700000000000003300, 0.3400000000000000800 ) ) ;
#2002 = DIRECTION ( 'NONE',  ( -1.224646799147353200E-016, 1.000000000000000000, -0.0000000000000000000 ) ) ;
#2003 = ORIENTED_EDGE ( 'NONE', *, *, #2682, .F. ) ;
#2004 = EDGE_LOOP ( 'NONE', ( #1669, #1691, #1696, #1700 ) ) ;
#2005 = DIRECTION ( 'NONE',  ( 1.000000000000000000, 1.269446093710159600E-016, 0.0000000000000000000 ) ) ;
#2006 = CIRCLE ( 'NONE', #1583, 1.355000000000000200 ) ;
#2007 = ORIENTED_EDGE ( 'NONE', *, *, #2180, .F. ) ;
#2008 = AXIS2_PLACEMENT_3D ( 'NONE', #708, #2143, #699 ) ;
#2009 = AXIS2_PLACEMENT_3D ( 'NONE', #2961, #1612, #301 ) ;
#2010 = CARTESIAN_POINT ( 'NONE',  ( 0.1962990915244727000, -0.9050000000000003600, -0.3400000000000000800 ) ) ;
#2011 = AXIS2_PLACEMENT_3D ( 'NONE', #158, #1191, #1382 ) ;
#2012 = VERTEX_POINT ( 'NONE', #2816 ) ;
#2013 = B_SPLINE_CURVE_WITH_KNOTS ( 'NONE', 3,
 ( #2854, #60, #2735, #1624, #1618, #2563, #3023, #2955 ),
 .UNSPECIFIED., .F., .F.,
 ( 4, 2, 2, 4 ),
 ( 4.283394057749851600E-019, 0.002533801174948639400, 0.003800701762422958600, 0.005067602349897277900 ),
 .UNSPECIFIED. ) ;
#2014 = CARTESIAN_POINT ( 'NONE',  ( 1.364999999999996200, 0.2050000000000656600, -0.005543672726820856500 ) ) ;
#2015 = EDGE_LOOP ( 'NONE', ( #90, #2932, #2942, #125, #1572, #2691 ) ) ;
#2016 = AXIS2_PLACEMENT_3D ( 'NONE', #2771, #1488, #332 ) ;
#2017 = CARTESIAN_POINT ( 'NONE',  ( 1.363678898011965200, 0.2299999999999999800, 0.06004051229688467400 ) ) ;
#2018 = EDGE_LOOP ( 'NONE', ( #266, #270 ) ) ;
#2019 = TOROIDAL_SURFACE ( 'NONE', #1581, 0.2282239798187731800, 0.2512347083656116800 ) ;
#2020 = CARTESIAN_POINT ( 'NONE',  ( -0.3125000000000000600, -0.3525164136996687400, -0.1504038296287905900 ) ) ;
#2021 = DIRECTION ( 'NONE',  ( -0.0000000000000000000, 1.000000000000000000, -0.0000000000000000000 ) ) ;
#2022 = CARTESIAN_POINT ( 'NONE',  ( -0.8688418731257585600, 0.2500000000000003900, -0.5781249999999976700 ) ) ;
#2023 = AXIS2_PLACEMENT_3D ( 'NONE', #1484, #1536, #89 ) ;
#2024 = CARTESIAN_POINT ( 'NONE',  ( -0.3125000000000000600, -0.3550000000000000900, -0.1804219591217582900 ) ) ;
#2025 = ADVANCED_FACE ( 'NONE', ( #2902, #2907 ), #2870, .T. ) ;
#2026 = CARTESIAN_POINT ( 'NONE',  ( -1.071565949253931700E-017, 0.2300000000000000100, 0.0000000000000000000 ) ) ;
#2027 = DIRECTION ( 'NONE',  ( 0.9990321597157253400, 0.0000000000000000000, -0.04398572329442113800 ) ) ;
#2028 = ADVANCED_FACE ( 'NONE', ( #2920 ), #529, .T. ) ;
#2029 = CARTESIAN_POINT ( 'NONE',  ( 0.0000000000000000000, 0.0000000000000000000, 0.2499999999999998900 ) ) ;
#2030 = DIRECTION ( 'NONE',  ( 0.0000000000000000000, 0.0000000000000000000, -1.000000000000000000 ) ) ;
#2031 = CARTESIAN_POINT ( 'NONE',  ( 1.363678898011965200, 0.2300000000000001800, 0.06004051229688465300 ) ) ;
#2032 = CARTESIAN_POINT ( 'NONE',  ( 0.3125000000000000000, -0.6697044513465584300, -0.06072187223068147700 ) ) ;
#2033 = DIRECTION ( 'NONE',  ( -0.0000000000000000000, 1.000000000000000000, -0.0000000000000000000 ) ) ;
#2034 = FACE_OUTER_BOUND ( 'NONE', #2754, .T. ) ;
#2035 = EDGE_LOOP ( 'NONE', ( #559, #2116, #798, #647 ) ) ;
#2036 = AXIS2_PLACEMENT_3D ( 'NONE', #2148, #492, #2246 ) ;
#2037 = EDGE_CURVE ( 'NONE', #1766, #483, #22, .T. ) ;
#2038 = VERTEX_POINT ( 'NONE', #2559 ) ;
#2039 = ORIENTED_EDGE ( 'NONE', *, *, #2174, .F. ) ;
#2040 = ADVANCED_FACE ( 'NONE', ( #2868 ), #2850, .T. ) ;
#2041 = VECTOR ( 'NONE', #513, 39.37007874015748100 ) ;
#2042 = CARTESIAN_POINT ( 'NONE',  ( 0.0000000000000000000, 0.2040000000000000700, 0.0000000000000000000 ) ) ;
#2043 = ORIENTED_EDGE ( 'NONE', *, *, #2538, .F. ) ;
#2044 = VECTOR ( 'NONE', #1304, 39.37007874015748100 ) ;
#2045 = EDGE_LOOP ( 'NONE', ( #1585, #192 ) ) ;
#2046 = FACE_OUTER_BOUND ( 'NONE', #1002, .T. ) ;
#2047 = AXIS2_PLACEMENT_3D ( 'NONE', #738, #814, #1148 ) ;
#2048 = DIRECTION ( 'NONE',  ( -0.0000000000000000000, -1.000000000000000000, -0.0000000000000000000 ) ) ;
#2049 = CARTESIAN_POINT ( 'NONE',  ( 1.343698254817650800, 0.2299999999999997600, -0.05916079783099607200 ) ) ;
#2050 = ORIENTED_EDGE ( 'NONE', *, *, #2482, .T. ) ;
#2051 = LINE ( 'NONE', #2172, #2041 ) ;
#2052 = CARTESIAN_POINT ( 'NONE',  ( 1.363852330192181200, 0.2260065042642976600, 0.05610140859258407100 ) ) ;
#2053 = CARTESIAN_POINT ( 'NONE',  ( -1.365000000000000000, 0.2499999999999999200, 0.05916079783099623100 ) ) ;
#2054 = AXIS2_PLACEMENT_3D ( 'NONE', #1350, #83, #1564 ) ;
#2055 = VERTEX_POINT ( 'NONE', #2531 ) ;
#2056 = CARTESIAN_POINT ( 'NONE',  ( 0.0000000000000000000, -1.095000000000000200, 0.0000000000000000000 ) ) ;
#2057 = AXIS2_PLACEMENT_3D ( 'NONE', #554, #946, #3160 ) ;
#2058 = AXIS2_PLACEMENT_3D ( 'NONE', #1935, #1800, #117 ) ;
#2059 = ADVANCED_FACE ( 'NONE', ( #2852 ), #2857, .T. ) ;
#2060 = PLANE ( 'NONE',  #1904 ) ;
#2061 = CARTESIAN_POINT ( 'NONE',  ( 1.344036222493303600, 0.2379561729634198400, 0.03900352987105407800 ) ) ;
#2062 = CARTESIAN_POINT ( 'NONE',  ( 0.0000000000000000000, 0.0000000000000000000, -0.9509999999999999600 ) ) ;
#2063 = AXIS2_PLACEMENT_3D ( 'NONE', #2056, #2033, #443 ) ;
#2064 = DIRECTION ( 'NONE',  ( 0.0000000000000000000, 0.0000000000000000000, -1.000000000000000000 ) ) ;
#2065 = CARTESIAN_POINT ( 'NONE',  ( 1.001341873125762600, 0.2500000000000003900, 0.5781249999999905600 ) ) ;
#2066 = FACE_OUTER_BOUND ( 'NONE', #553, .T. ) ;
#2067 = AXIS2_PLACEMENT_3D ( 'NONE', #2504, #2969, #1520 ) ;
#2068 = AXIS2_PLACEMENT_3D ( 'NONE', #650, #1485, #421 ) ;
#2069 = ADVANCED_FACE ( 'NONE', ( #2813 ), #2802, .T. ) ;
#2070 = CARTESIAN_POINT ( 'NONE',  ( 0.3125000000000000000, -0.6650000000000001500, 0.1804219591217584300 ) ) ;
#2071 = CARTESIAN_POINT ( 'NONE',  ( -1.001341873125758400, 0.2500000000000002800, 0.5781249999999976700 ) ) ;
#2072 = AXIS2_PLACEMENT_3D ( 'NONE', #2026, #2693, #249 ) ;
#2073 = AXIS2_PLACEMENT_3D ( 'NONE', #2374, #420, #2179 ) ;
#2074 = ADVANCED_FACE ( 'NONE', ( #2817 ), #2791, .F. ) ;
#2075 = AXIS2_PLACEMENT_3D ( 'NONE', #1559, #318, #6 ) ;
#2076 = AXIS2_PLACEMENT_3D ( 'NONE', #1437, #1652, #273 ) ;
#2077 = CARTESIAN_POINT ( 'NONE',  ( -2.639112213091316200E-017, 0.04900000000000004400, 0.0000000000000000000 ) ) ;
#2078 = ORIENTED_EDGE ( 'NONE', *, *, #2662, .T. ) ;
#2079 = SPHERICAL_SURFACE ( 'NONE', #1582, 0.02000000000000000000 ) ;
#2080 = ORIENTED_EDGE ( 'NONE', *, *, #2683, .F. ) ;
#2081 = AXIS2_PLACEMENT_3D ( 'NONE', #2251, #1429, #2949 ) ;
#2082 = AXIS2_PLACEMENT_3D ( 'NONE', #2474, #310, #872 ) ;
#2083 = EDGE_LOOP ( 'NONE', ( #2441, #381, #2878, #2957, #3064, #2261 ) ) ;
#2084 = VECTOR ( 'NONE', #2723, 39.37007874015748100 ) ;
#2085 = ORIENTED_EDGE ( 'NONE', *, *, #2688, .F. ) ;
#2086 = ORIENTED_EDGE ( 'NONE', *, *, #2827, .F. ) ;
#2087 = LINE ( 'NONE', #1136, #2044 ) ;
#2088 = DIRECTION ( 'NONE',  ( -6.947354878030527500E-017, -1.000000000000000000, -0.0000000000000000000 ) ) ;
#2089 = AXIS2_PLACEMENT_3D ( 'NONE', #3067, #1551, #1951 ) ;
#2090 = ORIENTED_EDGE ( 'NONE', *, *, #2688, .T. ) ;
#2091 = CIRCLE ( 'NONE', #1584, 0.1325000000000000600 ) ;
#2092 = ORIENTED_EDGE ( 'NONE', *, *, #2381, .F. ) ;
#2093 = AXIS2_PLACEMENT_3D ( 'NONE', #2930, #2298, #2574 ) ;
#2094 = CARTESIAN_POINT ( 'NONE',  ( 1.344737507569939700, 0.2283082577695333400, -0.02049244321808912900 ) ) ;
#2095 = B_SPLINE_CURVE_WITH_KNOTS ( 'NONE', 3,
 ( #1146, #894, #859, #850, #844, #832, #842, #819 ),
 .UNSPECIFIED., .F., .F.,
 ( 4, 2, 2, 4 ),
 ( 0.005078723537415571500, 0.007620361321112548900, 0.008891180212961039700, 0.01016199910480952900 ),
 .UNSPECIFIED. ) ;
#2096 = CARTESIAN_POINT ( 'NONE',  ( 1.364024208973769300, 0.2224582797966895600, 0.05181161610998445700 ) ) ;
#2097 = CARTESIAN_POINT ( 'NONE',  ( -1.344038519207622500, 0.2379155116339678200, -0.03896401001112627400 ) ) ;
#2098 = AXIS2_PLACEMENT_3D ( 'NONE', #628, #1777, #637 ) ;
#2099 = FACE_OUTER_BOUND ( 'NONE', #1823, .T. ) ;
#2100 = AXIS2_PLACEMENT_3D ( 'NONE', #457, #454, #1882 ) ;
#2101 = ORIENTED_EDGE ( 'NONE', *, *, #2469, .F. ) ;
#2102 = CARTESIAN_POINT ( 'NONE',  ( -1.057062624037987700E-016, -0.3500000000000000900, 0.3608439182435163000 ) ) ;
#2103 = DIRECTION ( 'NONE',  ( 1.224646799147353700E-016, 0.0000000000000000000, -1.000000000000000000 ) ) ;
#2104 = AXIS2_PLACEMENT_3D ( 'NONE', #486, #463, #460 ) ;
#2105 = DIRECTION ( 'NONE',  ( -0.0000000000000000000, 1.000000000000000000, -0.0000000000000000000 ) ) ;
#2106 = AXIS2_PLACEMENT_3D ( 'NONE', #730, #488, #1895 ) ;
#2107 = DIRECTION ( 'NONE',  ( 0.0000000000000000000, 0.0000000000000000000, 1.000000000000000000 ) ) ;
#2108 = AXIS2_PLACEMENT_3D ( 'NONE', #448, #1859, #1903 ) ;
#2109 = LINE ( 'NONE', #2029, #2084 ) ;
#2110 = ORIENTED_EDGE ( 'NONE', *, *, #2214, .T. ) ;
#2111 = VERTEX_POINT ( 'NONE', #633 ) ;
#2112 = CIRCLE ( 'NONE', #1601, 0.3399999999999998600 ) ;
#2113 = VERTEX_POINT ( 'NONE', #405 ) ;
#2114 = AXIS2_PLACEMENT_3D ( 'NONE', #1751, #1911, #1703 ) ;
#2115 = B_SPLINE_CURVE_WITH_KNOTS ( 'NONE', 3,
 ( #1654, #704, #466, #1489, #1750, #2702, #2788, #2934, #1764 ),
 .UNSPECIFIED., .F., .F.,
 ( 4, 2, 1, 2, 4 ),
 ( 2.309401076753641600E-007, 0.002291589820954002800, 0.004582948701800329500, 0.006874307582646656300, 0.009165666463492983000 ),
 .UNSPECIFIED. ) ;
#2116 = ORIENTED_EDGE ( 'NONE', *, *, #2461, .F. ) ;
#2117 = CARTESIAN_POINT ( 'NONE',  ( 0.0000000000000000000, 0.1781397504824583600, 0.0000000000000000000 ) ) ;
#2118 = AXIS2_PLACEMENT_3D ( 'NONE', #425, #423, #444 ) ;
#2119 = CARTESIAN_POINT ( 'NONE',  ( 0.3767766447847322200, -1.297249918917438900, -0.02740370812751282200 ) ) ;
#2120 = VERTEX_POINT ( 'NONE', #94 ) ;
#2121 = CIRCLE ( 'NONE', #1587, 0.3399999999999998600 ) ;
#2122 = DIRECTION ( 'NONE',  ( 0.0000000000000000000, 0.0000000000000000000, 1.000000000000000000 ) ) ;
#2123 = ORIENTED_EDGE ( 'NONE', *, *, #2694, .F. ) ;
#2124 = VECTOR ( 'NONE', #2021, 39.37007874015748100 ) ;
#2125 = AXIS2_PLACEMENT_3D ( 'NONE', #1913, #1807, #1791 ) ;
#2126 = AXIS2_PLACEMENT_3D ( 'NONE', #578, #119, #574 ) ;
#2127 = CARTESIAN_POINT ( 'NONE',  ( -0.1962990915244727500, -1.320000000000000100, -0.3399999999999999700 ) ) ;
#2128 = ORIENTED_EDGE ( 'NONE', *, *, #2555, .F. ) ;
#2129 = FACE_OUTER_BOUND ( 'NONE', #263, .T. ) ;
#2130 = CARTESIAN_POINT ( 'NONE',  ( 1.343698254817650800, 0.2300000000000001800, -0.05916079783099604400 ) ) ;
#2131 = AXIS2_PLACEMENT_3D ( 'NONE', #546, #379, #586 ) ;
#2132 = AXIS2_PLACEMENT_3D ( 'NONE', #154, #96, #116 ) ;
#2133 = CARTESIAN_POINT ( 'NONE',  ( 0.9508649761485351600, 0.2270836287578346700, -0.01653557807010717900 ) ) ;
#2134 = CARTESIAN_POINT ( 'NONE',  ( 0.3125000000000000000, -0.6695804581886077900, 0.05974198938255353300 ) ) ;
#2135 = B_SPLINE_CURVE_WITH_KNOTS ( 'NONE', 3,
 ( #2588, #1928, #481, #473 ),
 .UNSPECIFIED., .F., .F.,
 ( 4, 4 ),
 ( 0.0000000000000000000, 0.0004042794988629399000 ),
 .UNSPECIFIED. ) ;
#2136 = CARTESIAN_POINT ( 'NONE',  ( 1.001341873125762600, -0.2500000000000003300, 0.4456249999999905000 ) ) ;
#2137 = VECTOR ( 'NONE', #1283, 39.37007874015748100 ) ;
#2138 = ORIENTED_EDGE ( 'NONE', *, *, #2683, .T. ) ;
#2139 = CARTESIAN_POINT ( 'NONE',  ( -0.8688418731257584500, 0.2500000000000002800, 0.5781249999999976700 ) ) ;
#2140 = VERTEX_POINT ( 'NONE', #3033 ) ;
#2141 = ORIENTED_EDGE ( 'NONE', *, *, #2646, .F. ) ;
#2142 = CARTESIAN_POINT ( 'NONE',  ( 1.001341873125762600, -0.2500000000000003300, 0.5781249999999905600 ) ) ;
#2143 = DIRECTION ( 'NONE',  ( -6.947354878030527500E-017, -1.000000000000000000, -0.0000000000000000000 ) ) ;
#2144 = CARTESIAN_POINT ( 'NONE',  ( 1.343698254817650800, 0.2300000000000001800, 0.05916079783099623100 ) ) ;
#2145 = DIRECTION ( 'NONE',  ( -0.0000000000000000000, 1.000000000000000000, -0.0000000000000000000 ) ) ;
#2146 = DIRECTION ( 'NONE',  ( -0.0000000000000000000, 1.000000000000000000, -0.0000000000000000000 ) ) ;
#2147 = CARTESIAN_POINT ( 'NONE',  ( 0.0000000000000000000, 0.0000000000000000000, 0.0000000000000000000 ) ) ;
#2148 = CARTESIAN_POINT ( 'NONE',  ( 0.0000000000000000000, -0.2973017612776251400, 0.0000000000000000000 ) ) ;
#2149 = EDGE_CURVE ( 'NONE', #2184, #2055, #2971, .T. ) ;
#2150 = CYLINDRICAL_SURFACE ( 'NONE', #1590, 1.355000000000000200 ) ;
#2151 = DIRECTION ( 'NONE',  ( 1.000000000000000000, -0.0000000000000000000, -0.0000000000000000000 ) ) ;
#2152 = CARTESIAN_POINT ( 'NONE',  ( 0.3125000000000000600, -0.3514370454888494600, -0.1206799926922895700 ) ) ;
#2153 = DIRECTION ( 'NONE',  ( -0.03067197795516735100, 0.7167631869594145400, -0.6966417756552509800 ) ) ;
#2154 = APPROVAL_DATE_TIME ( #2157, #141 ) ;
#2155 = EDGE_CURVE ( 'NONE', #714, #2697, #2808, .T. ) ;
#2156 = DIRECTION ( 'NONE',  ( -1.000000000000000000, -1.250846150945175500E-016, -8.881784197001252300E-016 ) ) ;
#2157 = DATE_AND_TIME ( #2166, #2170 ) ;
#2158 = ORIENTED_EDGE ( 'NONE', *, *, #2602, .F. ) ;
#2159 = CARTESIAN_POINT ( 'NONE',  ( -0.2777949333378681400, -1.320000000000000100, -0.1988450613736031100 ) ) ;
#2160 = ORIENTED_EDGE ( 'NONE', *, *, #2829, .T. ) ;
#2161 = CARTESIAN_POINT ( 'NONE',  ( -0.3125000000000000600, -0.3550000000000000900, -0.1804219591217582900 ) ) ;
#2162 = EDGE_CURVE ( 'NONE', #110, #3071, #2862, .T. ) ;
#2163 = DIRECTION ( 'NONE',  ( -2.449293598294706400E-016, 1.000000000000000000, -0.0000000000000000000 ) ) ;
#2164 = EDGE_CURVE ( 'NONE', #714, #1676, #2744, .T. ) ;
#2165 = EDGE_CURVE ( 'NONE', #1676, #1990, #2746, .T. ) ;
#2166 = CALENDAR_DATE ( 2014, 24, 9 ) ;
#2167 = DIRECTION ( 'NONE',  ( -6.123233995736642800E-017, 1.000000000000000000, 1.060575238724899800E-016 ) ) ;
#2168 = DIRECTION ( 'NONE',  ( -6.123233995736642800E-017, 1.000000000000000000, 1.060575238724899800E-016 ) ) ;
#2169 = EDGE_CURVE ( 'NONE', #1596, #3181, #2720, .T. ) ;
#2170 = LOCAL_TIME ( 19, 20, 19.00000000000000000, #2197 ) ;
#2171 = CYLINDRICAL_SURFACE ( 'NONE', #2082, 0.02000000000000000000 ) ;
#2172 = CARTESIAN_POINT ( 'NONE',  ( -0.1962990915244727500, -1.320000000000000100, -0.3399999999999999700 ) ) ;
#2173 = CARTESIAN_POINT ( 'NONE',  ( -0.2612360314138740800, -1.317706830760779100, -0.2275259208235110600 ) ) ;
#2174 = EDGE_CURVE ( 'NONE', #2579, #1114, #2709, .T. ) ;
#2175 = CARTESIAN_POINT ( 'NONE',  ( 0.1962990915244725900, -1.285000000000000100, -0.3400000000000000800 ) ) ;
#2176 = EDGE_CURVE ( 'NONE', #2867, #922, #2699, .T. ) ;
#2177 = CARTESIAN_POINT ( 'NONE',  ( -1.365000000000008400, 0.2049999999998684800, -0.01107773540802534400 ) ) ;
#2178 = CIRCLE ( 'NONE', #1597, 0.9509999999999999600 ) ;
#2179 = DIRECTION ( 'NONE',  ( 0.5000000000000000000, 0.0000000000000000000, 0.8660254037844386000 ) ) ;
#2180 = EDGE_CURVE ( 'NONE', #1024, #1238, #2675, .T. ) ;
#2181 = DIRECTION ( 'NONE',  ( -0.0000000000000000000, -1.000000000000000000, -0.0000000000000000000 ) ) ;
#2182 = ORIENTED_EDGE ( 'NONE', *, *, #2698, .F. ) ;
#2183 = CIRCLE ( 'NONE', #1586, 0.1325000000000000600 ) ;
#2184 = VERTEX_POINT ( 'NONE', #221 ) ;
#2185 = DIRECTION ( 'NONE',  ( 1.000000000000000000, 0.0000000000000000000, 0.0000000000000000000 ) ) ;
#2186 = EDGE_CURVE ( 'NONE', #2674, #2867, #2640, .T. ) ;
#2187 = CARTESIAN_POINT ( 'NONE',  ( 0.0000000000000000000, 0.0000000000000000000, 0.1899999999999999700 ) ) ;
#2188 = ORIENTED_EDGE ( 'NONE', *, *, #2452, .F. ) ;
#2189 = EDGE_CURVE ( 'NONE', #2764, #244, #2659, .T. ) ;
#2190 = EDGE_CURVE ( 'NONE', #794, #1399, #2669, .T. ) ;
#2191 = ADVANCED_FACE ( 'NONE', ( #2633 ), #2587, .T. ) ;
#2192 = ORIENTED_EDGE ( 'NONE', *, *, #2392, .F. ) ;
#2193 = LINE ( 'NONE', #3034, #2137 ) ;
#2194 = EDGE_CURVE ( 'NONE', #1376, #905, #2590, .T. ) ;
#2195 = DIRECTION ( 'NONE',  ( -1.000000000000000000, -1.250846150945175500E-016, 0.0000000000000000000 ) ) ;
#2196 = CARTESIAN_POINT ( 'NONE',  ( 1.365000000000000000, 0.01999999999999992400, 1.671642880836137200E-016 ) ) ;
#2197 = COORDINATED_UNIVERSAL_TIME_OFFSET ( 7, 0, .BEHIND. ) ;
#2198 = VERTEX_POINT ( 'NONE', #2161 ) ;
#2199 = DIRECTION ( 'NONE',  ( -1.224646799147353200E-016, 1.000000000000000000, -0.0000000000000000000 ) ) ;
#2200 = ORIENTED_EDGE ( 'NONE', *, *, #2658, .F. ) ;
#2201 = EDGE_CURVE ( 'NONE', #556, #1543, #2622, .T. ) ;
#2202 = EDGE_CURVE ( 'NONE', #3075, #849, #3002, .T. ) ;
#2203 = EDGE_CURVE ( 'NONE', #2534, #551, #2584, .T. ) ;
#2204 = DIRECTION ( 'NONE',  ( 0.0000000000000000000, 0.0000000000000000000, -1.000000000000000000 ) ) ;
#2205 = APPROVAL_PERSON_ORGANIZATION ( #2210, #141, #921 ) ;
#2206 = CARTESIAN_POINT ( 'NONE',  ( 0.0000000000000000000, 0.2239999999999999200, -0.8249999999999999600 ) ) ;
#2207 = CARTESIAN_POINT ( 'NONE',  ( -0.2944486372867092800, -0.8700000000000003300, -0.1700000000000000700 ) ) ;
#2208 = EDGE_CURVE ( 'NONE', #1228, #607, #2627, .T. ) ;
#2209 = EDGE_CURVE ( 'NONE', #2743, #2764, #2617, .T. ) ;
#2210 = PERSON_AND_ORGANIZATION ( #608, #2436 ) ;
#2211 = CARTESIAN_POINT ( 'NONE',  ( -0.3125000000000000600, -0.6674663537936618200, 0.1506121121501673400 ) ) ;
#2212 = CARTESIAN_POINT ( 'NONE',  ( -1.364671920550633500, 0.2334560483682268700, 0.03252100699680645500 ) ) ;
#2213 = ADVANCED_FACE ( 'NONE', ( #2578, #2575 ), #1279, .T. ) ;
#2214 = EDGE_CURVE ( 'NONE', #2743, #1425, #2541, .T. ) ;
#2215 =( BOUNDED_SURFACE ( )  B_SPLINE_SURFACE ( 3, 2, ( 
 ( #566, #1363, #786 ),
 ( #640, #537, #573 ),
 ( #862, #790, #527 ),
 ( #2094, #3057, #183 ),
 ( #588, #564, #1849 ),
 ( #1675, #1814, #1874 ),
 ( #1848, #1888, #1908 ),
 ( #1917, #1860, #1949 ),
 ( #1566, #1600, #1599 ),
 ( #377, #1984, #1579 ),
 ( #2061, #1603, #1868 ),
 ( #382, #385, #2017 ) ),
 .UNSPECIFIED., .F., .F., .F. ) 
 B_SPLINE_SURFACE_WITH_KNOTS ( ( 4, 2, 2, 2, 2, 4 ),
 ( 3, 3 ),
 ( 0.0000000000000000000, 0.0008334912669967051300, 0.001250236900495057700, 0.001666982533993410300, 0.002500473800990115400, 0.003333965067986820500 ),
 ( 0.0000000000000000000, 1.000000000000000000 ),
 .UNSPECIFIED. ) 
 GEOMETRIC_REPRESENTATION_ITEM ( )  RATIONAL_B_SPLINE_SURFACE ( (
 ( 1.000000000000000000, 0.6958655805268655300, 1.000000000000000000),
 ( 1.000000000000000000, 0.6988058424188701200, 1.000000000000000000),
 ( 1.000000000000000000, 0.7017301152504029600, 1.000000000000000000),
 ( 1.000000000000000000, 0.7048543130524922400, 1.000000000000000000),
 ( 1.000000000000000000, 0.7056799784908675000, 1.000000000000000000),
 ( 1.000000000000000000, 0.7068093368096001200, 1.000000000000000000),
 ( 1.000000000000000000, 0.7071057764398166500, 1.000000000000000000),
 ( 1.000000000000000000, 0.7071087827923889800, 1.000000000000000000),
 ( 1.000000000000000000, 0.7058943485269346700, 1.000000000000000000),
 ( 1.000000000000000000, 0.7017582728765750000, 1.000000000000000000),
 ( 1.000000000000000000, 0.6988176557870631200, 1.000000000000000000),
 ( 1.000000000000000000, 0.6958655805268655300, 1.000000000000000000) ) ) 
 REPRESENTATION_ITEM ( '' )  SURFACE ( )  );
#2216 = EDGE_CURVE ( 'NONE', #1228, #2283, #2553, .T. ) ;
#2217 = EDGE_CURVE ( 'NONE', #384, #2012, #2546, .T. ) ;
#2218 = DATE_AND_TIME ( #2221, #2247 ) ;
#2219 = EDGE_CURVE ( 'NONE', #136, #958, #2537, .T. ) ;
#2220 = EDGE_CURVE ( 'NONE', #40, #962, #2533, .T. ) ;
#2221 = CALENDAR_DATE ( 2014, 24, 9 ) ;
#2222 = CYLINDRICAL_SURFACE ( 'NONE', #1983, 1.355000000000000200 ) ;
#2223 = CARTESIAN_POINT ( 'NONE',  ( -1.364490080492436500, 0.2136118315002505100, 0.03765990802909690400 ) ) ;
#2224 = DIRECTION ( 'NONE',  ( -0.0000000000000000000, 1.000000000000000000, -0.0000000000000000000 ) ) ;
#2225 = EDGE_CURVE ( 'NONE', #734, #2012, #2506, .T. ) ;
#2226 = CARTESIAN_POINT ( 'NONE',  ( 0.0000000000000000000, -0.2609999999999998400, 0.1499999999999999700 ) ) ;
#2227 = CARTESIAN_POINT ( 'NONE',  ( 0.0000000000000000000, -0.8700000000000003300, 0.0000000000000000000 ) ) ;
#2228 = EDGE_CURVE ( 'NONE', #962, #40, #2496, .T. ) ;
#2229 = EDGE_CURVE ( 'NONE', #972, #2305, #2473, .T. ) ;
#2230 = CARTESIAN_POINT ( 'NONE',  ( -1.057062624037987700E-016, -0.3500000000000000900, 0.3608439182435163000 ) ) ;
#2231 = ORIENTED_EDGE ( 'NONE', *, *, #2698, .T. ) ;
#2232 = VECTOR ( 'NONE', #121, 39.37007874015748100 ) ;
#2233 = FACE_OUTER_BOUND ( 'NONE', #1926, .T. ) ;
#2234 = ORIENTED_EDGE ( 'NONE', *, *, #2650, .F. ) ;
#2235 = CARTESIAN_POINT ( 'NONE',  ( -0.2604166666666667400, -0.3514235798236370300, 0.2104922856420511400 ) ) ;
#2236 = LINE ( 'NONE', #218, #2124 ) ;
#2237 = ORIENTED_EDGE ( 'NONE', *, *, #2713, .F. ) ;
#2238 = CARTESIAN_POINT ( 'NONE',  ( 3.061616997868382400E-017, -0.6700000000000000400, -0.2499999999999999700 ) ) ;
#2239 = EDGE_CURVE ( 'NONE', #2244, #2414, #2458, .T. ) ;
#2240 = ORIENTED_EDGE ( 'NONE', *, *, #2243, .T. ) ;
#2241 = CARTESIAN_POINT ( 'NONE',  ( 0.0000000000000000000, -0.7226982387223702700, 0.0000000000000000000 ) ) ;
#2242 = CARTESIAN_POINT ( 'NONE',  ( 0.3925981830489456700, -1.320000000000000100, 3.819511832755289400E-017 ) ) ;
#2243 = EDGE_CURVE ( 'NONE', #1107, #1097, #2425, .T. ) ;
#2244 = VERTEX_POINT ( 'NONE', #2361 ) ;
#2245 = LINE ( 'NONE', #2677, #2232 ) ;
#2246 = DIRECTION ( 'NONE',  ( 0.0000000000000000000, 0.0000000000000000000, 1.000000000000000000 ) ) ;
#2247 = LOCAL_TIME ( 19, 20, 19.00000000000000000, #2254 ) ;
#2248 = ORIENTED_EDGE ( 'NONE', *, *, #2370, .F. ) ;
#2249 = B_SPLINE_CURVE_WITH_KNOTS ( 'NONE', 3,
 ( #2877, #2159, #2173, #3084, #2435, #2773, #2872, #1008 ),
 .UNSPECIFIED., .F., .F.,
 ( 4, 2, 2, 4 ),
 ( 0.005078723537415572400, 0.007620361321112548900, 0.008891180212961038000, 0.01016199910480952900 ),
 .UNSPECIFIED. ) ;
#2250 = EDGE_CURVE ( 'NONE', #1240, #384, #2384, .T. ) ;
#2251 = CARTESIAN_POINT ( 'NONE',  ( 0.0000000000000000000, 0.0000000000000000000, 0.0000000000000000000 ) ) ;
#2252 = CARTESIAN_POINT ( 'NONE',  ( -0.2083333333333331500, -0.6697095447247505300, -0.2405626121623443100 ) ) ;
#2253 = CARTESIAN_POINT ( 'NONE',  ( -0.9509999046766604000, 0.2250014504400253400, 0.004169157198133181500 ) ) ;
#2254 = COORDINATED_UNIVERSAL_TIME_OFFSET ( 7, 0, .BEHIND. ) ;
#2255 = EDGE_CURVE ( 'NONE', #2283, #2113, #2434, .T. ) ;
#2256 = EDGE_CURVE ( 'NONE', #393, #2038, #2378, .T. ) ;
#2257 = PERSON_AND_ORGANIZATION ( #608, #2436 ) ;
#2258 = EDGE_CURVE ( 'NONE', #1496, #2120, #2396, .T. ) ;
#2259 = VERTEX_POINT ( 'NONE', #655 ) ;
#2260 = CARTESIAN_POINT ( 'NONE',  ( -0.9508849962816602300, 0.2266900419275322300, -0.01664517206128584100 ) ) ;
#2261 = ORIENTED_EDGE ( 'NONE', *, *, #2670, .F. ) ;
#2262 = ADVANCED_FACE ( 'NONE', ( #2342, #2350, #2337, #2332 ), #2385, .T. ) ;
#2263 = CARTESIAN_POINT ( 'NONE',  ( 1.363678898011965200, 0.2300000000000001800, -0.06004051229688446600 ) ) ;
#2264 = CARTESIAN_POINT ( 'NONE',  ( -0.05208333333333355100, -0.6685764201763633200, 0.3307735917232231800 ) ) ;
#2265 = ORIENTED_EDGE ( 'NONE', *, *, #2189, .F. ) ;
#2266 = EDGE_CURVE ( 'NONE', #714, #958, #2285, .T. ) ;
#2267 = EDGE_CURVE ( 'NONE', #816, #930, #2294, .T. ) ;
#2268 = PERSON_AND_ORGANIZATION ( #608, #2436 ) ;
#2269 = CARTESIAN_POINT ( 'NONE',  ( -0.02604166666666689000, -0.6674879048846078500, 0.3458087549833697100 ) ) ;
#2270 = CARTESIAN_POINT ( 'NONE',  ( -0.9499433016766669600, 0.2439393939393937300, -0.04481878623560307800 ) ) ;
#2271 = PERSON_AND_ORGANIZATION ( #608, #2436 ) ;
#2272 = EDGE_CURVE ( 'NONE', #483, #358, #2282, .T. ) ;
#2273 = ORIENTED_EDGE ( 'NONE', *, *, #2798, .F. ) ;
#2274 = APPROVAL_DATE_TIME ( #2296, #308 ) ;
#2275 = DIRECTION ( 'NONE',  ( -1.000000000000000000, -1.250846150945175500E-016, 0.0000000000000000000 ) ) ;
#2276 = EDGE_CURVE ( 'NONE', #1886, #1399, #2245, .T. ) ;
#2277 = ADVANCED_FACE ( 'NONE', ( #2233 ), #2150, .T. ) ;
#2278 = DIRECTION ( 'NONE',  ( -2.449293598294706400E-016, 1.000000000000000000, 0.0000000000000000000 ) ) ;
#2279 = EDGE_CURVE ( 'NONE', #958, #551, #2178, .T. ) ;
#2280 = EDGE_CURVE ( 'NONE', #597, #930, #2193, .T. ) ;
#2281 = EDGE_CURVE ( 'NONE', #237, #483, #2236, .T. ) ;
#2282 = CIRCLE ( 'NONE', #1602, 0.3399999999999998600 ) ;
#2283 = VERTEX_POINT ( 'NONE', #2022 ) ;
#2284 = CARTESIAN_POINT ( 'NONE',  ( 0.3027676268434199600, -1.320000000000000500, 0.1555910874201422200 ) ) ;
#2285 = LINE ( 'NONE', #3080, #2421 ) ;
#2286 = EDGE_CURVE ( 'NONE', #329, #66, #2112, .T. ) ;
#2287 = DIRECTION ( 'NONE',  ( -0.0000000000000000000, 1.000000000000000000, -0.0000000000000000000 ) ) ;
#2288 = EDGE_CURVE ( 'NONE', #358, #329, #2121, .T. ) ;
#2289 = CARTESIAN_POINT ( 'NONE',  ( -1.316495309083402100E-017, 0.2500000000000000000, 0.0000000000000000000 ) ) ;
#2290 = CARTESIAN_POINT ( 'NONE',  ( -1.057062624037987700E-016, -0.6650000000000001500, 0.3608439182435163000 ) ) ;
#2291 = CARTESIAN_POINT ( 'NONE',  ( 1.001341873125762600, 0.2500000000000003900, 0.7106249999999906300 ) ) ;
#2292 = ORIENTED_EDGE ( 'NONE', *, *, #2456, .F. ) ;
#2293 = EDGE_CURVE ( 'NONE', #1240, #734, #2183, .T. ) ;
#2294 = CIRCLE ( 'NONE', #1605, 1.365000000000000000 ) ;
#2295 = CARTESIAN_POINT ( 'NONE',  ( 0.2944486372867092200, -0.8700000000000003300, 0.1700000000000000400 ) ) ;
#2296 = DATE_AND_TIME ( #2304, #2308 ) ;
#2297 = ORIENTED_EDGE ( 'NONE', *, *, #2714, .F. ) ;
#2298 = DIRECTION ( 'NONE',  ( -2.449293598294706400E-016, 1.000000000000000000, -0.0000000000000000000 ) ) ;
#2299 = EDGE_CURVE ( 'NONE', #852, #66, #1220, .T. ) ;
#2300 = CARTESIAN_POINT ( 'NONE',  ( -4.716371321622445000E-017, -0.2500000000000001100, 0.0000000000000000000 ) ) ;
#2301 = EDGE_CURVE ( 'NONE', #3097, #42, #2091, .T. ) ;
#2302 = EDGE_CURVE ( 'NONE', #2616, #794, #2109, .T. ) ;
#2303 = ADVANCED_FACE ( 'NONE', ( #2129 ), #2079, .T. ) ;
#2304 = CALENDAR_DATE ( 2014, 24, 9 ) ;
#2305 = VERTEX_POINT ( 'NONE', #223 ) ;
#2306 = CARTESIAN_POINT ( 'NONE',  ( -1.133841873125758500, -0.2500000000000007200, 0.5781249999999976700 ) ) ;
#2307 = DIRECTION ( 'NONE',  ( -0.0000000000000000000, -1.000000000000000000, -0.0000000000000000000 ) ) ;
#2308 = LOCAL_TIME ( 19, 20, 19.00000000000000000, #2312 ) ;
#2309 = EDGE_CURVE ( 'NONE', #1766, #1828, #2051, .T. ) ;
#2310 = CARTESIAN_POINT ( 'NONE',  ( -0.9497664207287580500, 0.2477967064714229300, 0.04856781394860446000 ) ) ;
#2311 = CARTESIAN_POINT ( 'NONE',  ( 0.0000000000000000000, 0.0000000000000000000, 0.0000000000000000000 ) ) ;
#2312 = COORDINATED_UNIVERSAL_TIME_OFFSET ( 7, 0, .BEHIND. ) ;
#2313 = ORIENTED_EDGE ( 'NONE', *, *, #2373, .T. ) ;
#2314 = EDGE_CURVE ( 'NONE', #607, #2113, #2087, .T. ) ;
#2315 = DIRECTION ( 'NONE',  ( 1.776356839400250500E-015, 0.0000000000000000000, 1.000000000000000000 ) ) ;
#2316 = APPROVAL_PERSON_ORGANIZATION ( #2318, #308, #1706 ) ;
#2317 = ADVANCED_FACE ( 'NONE', ( #2034 ), #2019, .T. ) ;
#2318 = PERSON_AND_ORGANIZATION ( #608, #2436 ) ;
#2319 = EDGE_CURVE ( 'NONE', #1635, #2055, #2006, .T. ) ;
#2320 = DIRECTION ( 'NONE',  ( 0.0000000000000000000, 0.0000000000000000000, 1.000000000000000000 ) ) ;
#2321 = ADVANCED_FACE ( 'NONE', ( #2046 ), #1934, .F. ) ;
#2322 = CARTESIAN_POINT ( 'NONE',  ( 0.6850000000000000500, 0.04899999999999999500, 0.0000000000000000000 ) ) ;
#2323 = EDGE_CURVE ( 'NONE', #669, #2391, #1939, .T. ) ;
#2324 = EDGE_CURVE ( 'NONE', #2414, #2120, #542, .T. ) ;
#2325 = DIRECTION ( 'NONE',  ( -1.224646799147354900E-016, 0.0000000000000000000, -1.000000000000000000 ) ) ;
#2326 = DIRECTION ( 'NONE',  ( 0.0000000000000000000, 0.0000000000000000000, -1.000000000000000000 ) ) ;
#2327 = CARTESIAN_POINT ( 'NONE',  ( 0.0000000000000000000, -1.435000000000000100, 0.3399999999999998600 ) ) ;
#2328 = EDGE_CURVE ( 'NONE', #82, #2430, #1962, .T. ) ;
#2329 = CARTESIAN_POINT ( 'NONE',  ( 0.2944486372867091700, -0.8700000000000003300, -0.1700000000000001000 ) ) ;
#2330 = VERTEX_POINT ( 'NONE', #346 ) ;
#2331 = CARTESIAN_POINT ( 'NONE',  ( 1.001341873125762600, -0.2500000000000003300, 0.5781249999999905600 ) ) ;
#2332 = FACE_OUTER_BOUND ( 'NONE', #475, .T. ) ;
#2333 = ORIENTED_EDGE ( 'NONE', *, *, #2687, .F. ) ;
#2334 = CARTESIAN_POINT ( 'NONE',  ( -0.9491580479561873000, 0.2499999999999998100, -0.05916079783099605100 ) ) ;
#2335 = EDGE_CURVE ( 'NONE', #2534, #3075, #1974, .T. ) ;
#2336 = EDGE_CURVE ( 'NONE', #551, #958, #1925, .T. ) ;
#2337 = FACE_BOUND ( 'NONE', #1161, .T. ) ;
#2338 = ORIENTED_EDGE ( 'NONE', *, *, #2713, .T. ) ;
#2339 = CARTESIAN_POINT ( 'NONE',  ( -1.364021878787693700, 0.2221024334426000000, -0.05225051137264526100 ) ) ;
#2340 = ADVANCED_FACE ( 'NONE', ( #1967 ), #1898, .T. ) ;
#2341 = ORIENTED_EDGE ( 'NONE', *, *, #2592, .F. ) ;
#2342 = FACE_BOUND ( 'NONE', #2505, .T. ) ;
#2343 = EDGE_CURVE ( 'NONE', #496, #1024, #1891, .T. ) ;
#2344 = ORIENTED_EDGE ( 'NONE', *, *, #2715, .F. ) ;
#2345 = VECTOR ( 'NONE', #2778, 39.37007874015748100 ) ;
#2346 = EDGE_CURVE ( 'NONE', #2120, #300, #1368, .T. ) ;
#2347 = EDGE_CURVE ( 'NONE', #1523, #1471, #1915, .T. ) ;
#2348 = DATE_AND_TIME ( #2352, #2357 ) ;
#2349 = ORIENTED_EDGE ( 'NONE', *, *, #2299, .T. ) ;
#2350 = FACE_BOUND ( 'NONE', #923, .T. ) ;
#2351 = CARTESIAN_POINT ( 'NONE',  ( 1.365000000000000000, 0.2500000000000002200, 1.671642880836137200E-016 ) ) ;
#2352 = CALENDAR_DATE ( 2014, 24, 9 ) ;
#2353 = VECTOR ( 'NONE', #2287, 39.37007874015748100 ) ;
#2354 = EDGE_CURVE ( 'NONE', #1163, #66, #1887, .T. ) ;
#2355 = EDGE_CURVE ( 'NONE', #1496, #1523, #210, .T. ) ;
#2356 = ADVANCED_FACE ( 'NONE', ( #1920 ), #1851, .T. ) ;
#2357 = LOCAL_TIME ( 19, 20, 19.00000000000000000, #2359 ) ;
#2358 = EDGE_CURVE ( 'NONE', #393, #110, #1836, .T. ) ;
#2359 = COORDINATED_UNIVERSAL_TIME_OFFSET ( 7, 0, .BEHIND. ) ;
#2360 = EDGE_CURVE ( 'NONE', #1163, #237, #1834, .T. ) ;
#2361 = CARTESIAN_POINT ( 'NONE',  ( 0.0000000000000000000, -0.6700000000000002600, 0.2999999999999998800 ) ) ;
#2362 = PERSON_AND_ORGANIZATION ( #608, #2436 ) ;
#2363 = FACE_OUTER_BOUND ( 'NONE', #1894, .T. ) ;
#2364 = EDGE_CURVE ( 'NONE', #237, #669, #1824, .T. ) ;
#2365 = CARTESIAN_POINT ( 'NONE',  ( 0.2944486372867091700, -0.8700000000000003300, -0.1700000000000001000 ) ) ;
#2366 = EDGE_CURVE ( 'NONE', #414, #1635, #1862, .T. ) ;
#2367 = DIRECTION ( 'NONE',  ( -0.0000000000000000000, 1.000000000000000000, -0.0000000000000000000 ) ) ;
#2368 = APPROVAL_DATE_TIME ( #2372, #380 ) ;
#2369 = VERTEX_POINT ( 'NONE', #828 ) ;
#2370 = EDGE_CURVE ( 'NONE', #3181, #1097, #132, .T. ) ;
#2371 = CARTESIAN_POINT ( 'NONE',  ( 0.0000000000000000000, -1.320000000000000100, 0.0000000000000000000 ) ) ;
#2372 = DATE_AND_TIME ( #2390, #2394 ) ;
#2373 = EDGE_CURVE ( 'NONE', #2244, #82, #1795, .T. ) ;
#2374 = CARTESIAN_POINT ( 'NONE',  ( -0.3925981830489455000, -1.320000000000000100, -2.602482068104217300E-017 ) ) ;
#2375 = CARTESIAN_POINT ( 'NONE',  ( -0.3125000000000000600, -0.3549999999999980400, 0.1804219591217581200 ) ) ;
#2376 = EDGE_CURVE ( 'NONE', #42, #40, #1799, .T. ) ;
#2377 = DIRECTION ( 'NONE',  ( 1.000000000000000000, -1.138269997360109900E-016, 0.0000000000000000000 ) ) ;
#2378 = LINE ( 'NONE', #2517, #2353 ) ;
#2379 = ORIENTED_EDGE ( 'NONE', *, *, #2455, .F. ) ;
#2380 = ORIENTED_EDGE ( 'NONE', *, *, #2661, .F. ) ;
#2381 = EDGE_CURVE ( 'NONE', #1097, #1636, #1783, .T. ) ;
#2382 = VECTOR ( 'NONE', #1987, 39.37007874015748100 ) ;
#2383 = ORIENTED_EDGE ( 'NONE', *, *, #2714, .T. ) ;
#2384 = LINE ( 'NONE', #531, #2382 ) ;
#2385 = PLANE ( 'NONE',  #1604 ) ;
#2386 = CARTESIAN_POINT ( 'NONE',  ( -1.344035099437542700, 0.2379760550199577200, 0.03902285378643118700 ) ) ;
#2387 = VERTEX_POINT ( 'NONE', #26 ) ;
#2388 = EDGE_CURVE ( 'NONE', #2111, #1496, #2115, .T. ) ;
#2389 = CARTESIAN_POINT ( 'NONE',  ( 0.0000000000000000000, -0.7700000000000002400, 0.0000000000000000000 ) ) ;
#2390 = CALENDAR_DATE ( 2014, 24, 9 ) ;
#2391 = VERTEX_POINT ( 'NONE', #1717 ) ;
#2392 = EDGE_CURVE ( 'NONE', #1636, #177, #1801, .T. ) ;
#2393 = DIRECTION ( 'NONE',  ( -0.0000000000000000000, 1.000000000000000000, -0.0000000000000000000 ) ) ;
#2394 = LOCAL_TIME ( 19, 20, 19.00000000000000000, #2400 ) ;
#2395 = ORIENTED_EDGE ( 'NONE', *, *, #2715, .T. ) ;
#2396 = LINE ( 'NONE', #1991, #2345 ) ;
#2397 = DIRECTION ( 'NONE',  ( -0.0000000000000000000, -1.000000000000000000, -0.0000000000000000000 ) ) ;
#2398 = EDGE_CURVE ( 'NONE', #469, #177, #1726, .T. ) ;
#2399 = DIRECTION ( 'NONE',  ( 0.0000000000000000000, 0.0000000000000000000, -1.000000000000000000 ) ) ;
#2400 = COORDINATED_UNIVERSAL_TIME_OFFSET ( 7, 0, .BEHIND. ) ;
#2401 = EDGE_CURVE ( 'NONE', #2111, #2414, #1730, .T. ) ;
#2402 = CARTESIAN_POINT ( 'NONE',  ( -1.365000000000000000, 0.01999999999999992400, 0.0000000000000000000 ) ) ;
#2403 = EDGE_CURVE ( 'NONE', #1471, #110, #1707, .T. ) ;
#2404 = EDGE_CURVE ( 'NONE', #1523, #300, #1697, .T. ) ;
#2405 = CARTESIAN_POINT ( 'NONE',  ( 0.2944486372867089500, -1.320000000000000100, -0.1699999999999999800 ) ) ;
#2406 = APPROVAL_PERSON_ORGANIZATION ( #2429, #380, #1005 ) ;
#2407 = EDGE_CURVE ( 'NONE', #1471, #2430, #1785, .T. ) ;
#2408 = CARTESIAN_POINT ( 'NONE',  ( -0.1562499999999996900, -0.6698710973362213000, -0.2706329386826372100 ) ) ;
#2409 = EDGE_CURVE ( 'NONE', #1425, #244, #1693, .T. ) ;
#2410 = DIRECTION ( 'NONE',  ( 0.0000000000000000000, 0.0000000000000000000, 1.000000000000000000 ) ) ;
#2411 = CARTESIAN_POINT ( 'NONE',  ( 0.2864583333333335900, -0.6674879048846080700, -0.1954571223819044100 ) ) ;
#2412 = CARTESIAN_POINT ( 'NONE',  ( -0.2604166666666665200, -0.6685764201763628700, -0.2104922856420511900 ) ) ;
#2413 = ORIENTED_EDGE ( 'NONE', *, *, #2785, .F. ) ;
#2414 = VERTEX_POINT ( 'NONE', #1394 ) ;
#2415 = DIRECTION ( 'NONE',  ( -8.881784197001252300E-016, 0.0000000000000000000, 1.000000000000000000 ) ) ;
#2416 = DIRECTION ( 'NONE',  ( -0.0000000000000000000, 1.000000000000000000, -0.0000000000000000000 ) ) ;
#2417 = ORIENTED_EDGE ( 'NONE', *, *, #2612, .F. ) ;
#2418 = ORIENTED_EDGE ( 'NONE', *, *, #2487, .T. ) ;
#2419 = EDGE_CURVE ( 'NONE', #1471, #2198, #671, .T. ) ;
#2420 = VERTEX_POINT ( 'NONE', #1187 ) ;
#2421 = VECTOR ( 'NONE', #3040, 39.37007874015748100 ) ;
#2422 = CARTESIAN_POINT ( 'NONE',  ( 1.343698254817650800, 0.2299999999999999300, 0.05916079783099623100 ) ) ;
#2423 = ORIENTED_EDGE ( 'NONE', *, *, #2528, .F. ) ;
#2424 = EDGE_CURVE ( 'NONE', #2430, #429, #404, .T. ) ;
#2425 = CIRCLE ( 'NONE', #1622, 0.01999999999999999700 ) ;
#2426 = EDGE_CURVE ( 'NONE', #1676, #551, #1666, .T. ) ;
#2427 = EDGE_CURVE ( 'NONE', #2198, #429, #1673, .T. ) ;
#2428 = CARTESIAN_POINT ( 'NONE',  ( -0.06724104094171576300, -1.317635206301409000, -0.3399999999999999700 ) ) ;
#2429 = PERSON_AND_ORGANIZATION ( #608, #2436 ) ;
#2430 = VERTEX_POINT ( 'NONE', #927 ) ;
#2431 = VECTOR ( 'NONE', #2499, 39.37007874015748100 ) ;
#2432 = EDGE_CURVE ( 'NONE', #2198, #1857, #1225, .T. ) ;
#2433 = PERSON_AND_ORGANIZATION ( #608, #2436 ) ;
#2434 = CIRCLE ( 'NONE', #1621, 0.1325000000000000900 ) ;
#2435 = CARTESIAN_POINT ( 'NONE',  ( -0.2284025810818447700, -1.306242255905886200, -0.2843951249863746500 ) ) ;
#2436 = ORGANIZATION ( 'UNSPECIFIED', 'UNSPECIFIED', '' ) ;
#2437 = FACE_OUTER_BOUND ( 'NONE', #1921, .T. ) ;
#2438 = EDGE_CURVE ( 'NONE', #429, #1290, #3093, .T. ) ;
#2439 = EDGE_CURVE ( 'NONE', #1857, #1290, #1598, .T. ) ;
#2440 = SHAPE_DEFINITION_REPRESENTATION ( #3094, #749 ) ;
#2441 = ORIENTED_EDGE ( 'NONE', *, *, #2893, .F. ) ;
#2442 = FACE_OUTER_BOUND ( 'NONE', #321, .T. ) ;
#2443 = CARTESIAN_POINT ( 'NONE',  ( 1.363678898011965200, 0.2300000000000001800, 0.06004051229688465300 ) ) ;
#2444 = DIRECTION ( 'NONE',  ( 0.0000000000000000000, 0.0000000000000000000, 1.000000000000000000 ) ) ;
#2445 = EDGE_CURVE ( 'NONE', #1857, #2111, #1001, .T. ) ;
#2446 = EDGE_CURVE ( 'NONE', #1290, #2414, #780, .T. ) ;
#2447 = DIRECTION ( 'NONE',  ( 1.000000000000000000, 0.0000000000000000000, -1.224646799147353200E-016 ) ) ;
#2448 = ORIENTED_EDGE ( 'NONE', *, *, #2194, .T. ) ;
#2449 = EDGE_CURVE ( 'NONE', #1596, #469, #1547, .T. ) ;
#2450 = CARTESIAN_POINT ( 'NONE',  ( 1.001341873125758400, 0.2500000000000001700, -0.5781249999999976700 ) ) ;
#2451 = CARTESIAN_POINT ( 'NONE',  ( 3.673940397442058300E-017, -0.2973017612776251400, -0.2999999999999998800 ) ) ;
#2452 = EDGE_CURVE ( 'NONE', #177, #1313, #2736, .T. ) ;
#2453 = DIRECTION ( 'NONE',  ( 1.224646799147353200E-016, -1.000000000000000000, 0.0000000000000000000 ) ) ;
#2454 = ORIENTED_EDGE ( 'NONE', *, *, #2793, .F. ) ;
#2455 = EDGE_CURVE ( 'NONE', #1313, #1061, #1593, .T. ) ;
#2456 = EDGE_CURVE ( 'NONE', #1061, #3181, #1324, .T. ) ;
#2457 = VERTEX_POINT ( 'NONE', #2716 ) ;
#2458 = CIRCLE ( 'NONE', #1630, 0.3726982387223750100 ) ;
#2459 = ORIENTED_EDGE ( 'NONE', *, *, #2527, .F. ) ;
#2460 = B_SPLINE_CURVE_WITH_KNOTS ( 'NONE', 3,
 ( #1548, #1662, #885, #888, #863, #874, #869, #867 ),
 .UNSPECIFIED., .F., .F.,
 ( 4, 2, 2, 4 ),
 ( 2.477233939185406600E-007, 0.002539485630404757700, 0.003809104583910176900, 0.005078723537415596700 ),
 .UNSPECIFIED. ) ;
#2461 = EDGE_CURVE ( 'NONE', #237, #1163, #1495, .T. ) ;
#2462 = ORIENTED_EDGE ( 'NONE', *, *, #2782, .T. ) ;
#2463 = EDGE_CURVE ( 'NONE', #66, #319, #1557, .T. ) ;
#2464 = DIRECTION ( 'NONE',  ( -1.000000000000000000, -0.0000000000000000000, -0.0000000000000000000 ) ) ;
#2465 = DIRECTION ( 'NONE',  ( 0.0000000000000000000, 0.0000000000000000000, -1.000000000000000000 ) ) ;
#2466 = EDGE_LOOP ( 'NONE', ( #593, #596, #601, #602 ) ) ;
#2467 = VECTOR ( 'NONE', #757, 39.37007874015748100 ) ;
#2468 = EDGE_CURVE ( 'NONE', #319, #673, #1464, .T. ) ;
#2469 = EDGE_CURVE ( 'NONE', #2259, #972, #1431, .T. ) ;
#2470 = EDGE_LOOP ( 'NONE', ( #1048, #123, #621, #1157 ) ) ;
#2471 = DIRECTION ( 'NONE',  ( 0.0000000000000000000, 0.0000000000000000000, -1.000000000000000000 ) ) ;
#2472 = EDGE_CURVE ( 'NONE', #673, #483, #1544, .T. ) ;
#2473 = LINE ( 'NONE', #1678, #2431 ) ;
#2474 = CARTESIAN_POINT ( 'NONE',  ( -1.365000000000000000, 0.2299999999999999300, 0.05916079783099623100 ) ) ;
#2475 = CARTESIAN_POINT ( 'NONE',  ( 3.980102097228896500E-017, -1.435000000000000100, 0.3249999999999999000 ) ) ;
#2476 = EDGE_CURVE ( 'NONE', #110, #393, #1385, .T. ) ;
#2477 = EDGE_CURVE ( 'NONE', #2038, #3071, #1377, .T. ) ;
#2478 = EDGE_CURVE ( 'NONE', #2764, #2743, #1375, .T. ) ;
#2479 = FACE_OUTER_BOUND ( 'NONE', #2973, .T. ) ;
#2480 = CARTESIAN_POINT ( 'NONE',  ( -0.9499433016766669600, 0.2439393939393939000, 0.04481878623560323100 ) ) ;
#2481 = EDGE_CURVE ( 'NONE', #1202, #136, #1343, .T. ) ;
#2482 = EDGE_CURVE ( 'NONE', #432, #2484, #1415, .T. ) ;
#2483 = B_SPLINE_CURVE_WITH_KNOTS ( 'NONE', 3,
 ( #401, #919, #726, #924 ),
 .UNSPECIFIED., .F., .F.,
 ( 4, 4 ),
 ( 0.0000000000000000000, 0.0004042690684124233100 ),
 .UNSPECIFIED. ) ;
#2484 = VERTEX_POINT ( 'NONE', #2322 ) ;
#2485 = CARTESIAN_POINT ( 'NONE',  ( 0.2040822710401582200, -0.8982665582553229800, -0.3265191376344032700 ) ) ;
#2486 = EDGE_CURVE ( 'NONE', #2140, #290, #1333, .T. ) ;
#2487 = EDGE_CURVE ( 'NONE', #597, #228, #1291, .T. ) ;
#2488 = CARTESIAN_POINT ( 'NONE',  ( 0.3125000000000000600, -0.6685629545111510000, -0.1206799926922901100 ) ) ;
#2489 = ORIENTED_EDGE ( 'NONE', *, *, #2582, .T. ) ;
#2490 = DIRECTION ( 'NONE',  ( 0.0000000000000000000, 0.0000000000000000000, -1.000000000000000000 ) ) ;
#2491 = EDGE_CURVE ( 'NONE', #1163, #2391, #1325, .T. ) ;
#2492 = ORIENTED_EDGE ( 'NONE', *, *, #2524, .F. ) ;
#2493 = ORIENTED_EDGE ( 'NONE', *, *, #2526, .F. ) ;
#2494 = DIRECTION ( 'NONE',  ( -1.224646799147352200E-016, 0.0000000000000000000, -1.000000000000000000 ) ) ;
#2495 = ORIENTED_EDGE ( 'NONE', *, *, #2376, .T. ) ;
#2496 = CIRCLE ( 'NONE', #107, 0.1325000000000000600 ) ;
#2497 = ORIENTED_EDGE ( 'NONE', *, *, #2220, .T. ) ;
#2498 = EDGE_CURVE ( 'NONE', #747, #1376, #1249, .T. ) ;
#2499 = DIRECTION ( 'NONE',  ( -2.449293598294706400E-016, 1.000000000000000000, -0.0000000000000000000 ) ) ;
#2500 = CARTESIAN_POINT ( 'NONE',  ( 0.0000000000000000000, -1.320000000000000100, 0.0000000000000000000 ) ) ;
#2501 = EDGE_LOOP ( 'NONE', ( #1206, #1211 ) ) ;
#2502 = VECTOR ( 'NONE', #1976, 39.37007874015748100 ) ;
#2503 = EDGE_CURVE ( 'NONE', #747, #1501, #1244, .T. ) ;
#2504 = CARTESIAN_POINT ( 'NONE',  ( 0.3125000000000000000, -0.3500000000000000900, -0.1804219591217581000 ) ) ;
#2505 = EDGE_LOOP ( 'NONE', ( #1328, #1330 ) ) ;
#2506 = LINE ( 'NONE', #2879, #2467 ) ;
#2507 = CARTESIAN_POINT ( 'NONE',  ( 2.510525938252072200E-017, -1.435000000000000100, 0.2049999999999998500 ) ) ;
#2508 = EDGE_LOOP ( 'NONE', ( #1661, #1663, #1665, #1668 ) ) ;
#2509 = EDGE_CURVE ( 'NONE', #300, #2430, #3009, .T. ) ;
#2510 = EDGE_CURVE ( 'NONE', #2387, #816, #1218, .T. ) ;
#2511 = DIRECTION ( 'NONE',  ( -0.0000000000000000000, -1.000000000000000000, -0.0000000000000000000 ) ) ;
#2512 = LENGTH_MEASURE_WITH_UNIT ( LENGTH_MEASURE( 0.02539999999999999900 ), #1474 );
#2513 = TOROIDAL_SURFACE ( 'NONE', #2075, 1.345000000000000000, 0.02000000000000000000 ) ;
#2514 = EDGE_CURVE ( 'NONE', #2111, #393, #1241, .T. ) ;
#2515 = B_SPLINE_CURVE_WITH_KNOTS ( 'NONE', 3,
 ( #2480, #1109, #1073, #1076, #1095, #1130, #1116, #1128, #2253, #1118, #2260, #1145, #1156, #2270 ),
 .UNSPECIFIED., .F., .F.,
 ( 4, 2, 2, 2, 2, 2, 4 ),
 ( 0.0000000000000000000, 0.0003157279354978824100, 0.0006314558709957646100, 0.0009471838064936467000, 0.001262911741991528800, 0.001894367612987293200, 0.002525823483983057100 ),
 .UNSPECIFIED. ) ;
#2516 = ORIENTED_EDGE ( 'NONE', *, *, #2804, .F. ) ;
#2517 = CARTESIAN_POINT ( 'NONE',  ( 0.0000000000000000000, 0.0000000000000000000, 0.2999999999999999300 ) ) ;
#2518 = EDGE_CURVE ( 'NONE', #734, #1240, #1253, .T. ) ;
#2519 = EDGE_CURVE ( 'NONE', #972, #2259, #1170, .T. ) ;
#2520 = EDGE_CURVE ( 'NONE', #607, #1228, #1144, .T. ) ;
#2521 =( BOUNDED_SURFACE ( )  B_SPLINE_SURFACE ( 3, 2, ( 
 ( #2994, #1506, #565 ),
 ( #2386, #2726, #3006 ),
 ( #604, #2212, #258 ),
 ( #719, #577, #1451 ),
 ( #517, #615, #178 ),
 ( #736, #152, #112 ),
 ( #59, #2645, #130 ),
 ( #430, #544, #2799 ),
 ( #619, #1690, #1454 ),
 ( #1815, #535, #510 ),
 ( #735, #63, #2339 ),
 ( #543, #651, #672 ) ),
 .UNSPECIFIED., .F., .F., .T. ) 
 B_SPLINE_SURFACE_WITH_KNOTS ( ( 4, 2, 2, 2, 2, 4 ),
 ( 3, 3 ),
 ( 1.084202172485504400E-018, 0.0008334912669967058900, 0.001250236900495058400, 0.001666982533993410700, 0.002500473800990115800, 0.003333965067986820500 ),
 ( 0.0000000000000000000, 1.000000000000000000 ),
 .UNSPECIFIED. ) 
 GEOMETRIC_REPRESENTATION_ITEM ( )  RATIONAL_B_SPLINE_SURFACE ( (
 ( 1.000000000000000000, 0.6958655805268655300, 1.000000000000000000),
 ( 1.000000000000000000, 0.6988058424189397300, 1.000000000000000000),
 ( 1.000000000000000000, 0.7017301152503092600, 1.000000000000000000),
 ( 1.000000000000000000, 0.7048543130525382100, 1.000000000000000000),
 ( 1.000000000000000000, 0.7056799784909138000, 1.000000000000000000),
 ( 1.000000000000000000, 0.7068093368095536000, 1.000000000000000000),
 ( 1.000000000000000000, 0.7071057764398166500, 1.000000000000000000),
 ( 1.000000000000000000, 0.7071087827923889800, 1.000000000000000000),
 ( 1.000000000000000000, 0.7058943485269345600, 1.000000000000000000),
 ( 1.000000000000000000, 0.7017582728765748800, 1.000000000000000000),
 ( 1.000000000000000000, 0.6988176557870645600, 1.000000000000000000),
 ( 1.000000000000000000, 0.6958655805268655300, 1.000000000000000000) ) ) 
 REPRESENTATION_ITEM ( '' )  SURFACE ( )  );
#2522 = CARTESIAN_POINT ( 'NONE',  ( 0.2118319877797297800, -1.298437933925341100, -0.3130962344971984800 ) ) ;
#2523 = ORIENTED_EDGE ( 'NONE', *, *, #2629, .F. ) ;
#2524 = EDGE_CURVE ( 'NONE', #3097, #962, #1203, .T. ) ;
#2525 = CARTESIAN_POINT ( 'NONE',  ( 0.3523106850102600800, -1.309697501771627500, -0.06977999351283509200 ) ) ;
#2526 = EDGE_CURVE ( 'NONE', #42, #3097, #1135, .T. ) ;
#2527 = EDGE_CURVE ( 'NONE', #1543, #556, #1108, .T. ) ;
#2528 = EDGE_CURVE ( 'NONE', #870, #228, #1098, .T. ) ;
#2529 = DIRECTION ( 'NONE',  ( -0.8660254037844433700, 0.0000000000000000000, -0.4999999999999916200 ) ) ;
#2530 = CARTESIAN_POINT ( 'NONE',  ( 0.3770652867936885000, -1.298437933925341100, 0.02690376550280163300 ) ) ;
#2531 = CARTESIAN_POINT ( 'NONE',  ( 1.659396412844664000E-016, 0.06999999999999993700, -1.355000000000000200 ) ) ;
#2532 = EDGE_CURVE ( 'NONE', #2697, #1990, #1140, .T. ) ;
#2533 = CIRCLE ( 'NONE', #128, 0.1325000000000000600 ) ;
#2534 = VERTEX_POINT ( 'NONE', #706 ) ;
#2535 = VECTOR ( 'NONE', #1320, 39.37007874015748100 ) ;
#2536 = EDGE_LOOP ( 'NONE', ( #1461, #1462, #1466, #1502 ) ) ;
#2537 = LINE ( 'NONE', #2062, #2502 ) ;
#2538 = EDGE_CURVE ( 'NONE', #432, #2579, #1075, .T. ) ;
#2539 = ADVANCED_FACE ( 'NONE', ( #1068 ), #2215, .T. ) ;
#2540 = VERTEX_POINT ( 'NONE', #580 ) ;
#2541 = LINE ( 'NONE', #603, #2549 ) ;
#2542 = EDGE_CURVE ( 'NONE', #244, #1425, #990, .T. ) ;
#2543 = CARTESIAN_POINT ( 'NONE',  ( 0.3276612431595443700, -1.317706830760778700, -0.1124740791764890800 ) ) ;
#2544 = EDGE_CURVE ( 'NONE', #2012, #384, #998, .T. ) ;
#2545 = ADVANCED_FACE ( 'NONE', ( #1034 ), #964, .F. ) ;
#2546 = CIRCLE ( 'NONE', #1658, 0.1325000000000000600 ) ;
#2547 = CYLINDRICAL_SURFACE ( 'NONE', #495, 0.1899999999999998600 ) ;
#2548 = EDGE_LOOP ( 'NONE', ( #1889, #1890, #1897, #1902 ) ) ;
#2549 = VECTOR ( 'NONE', #1354, 39.37007874015748100 ) ;
#2550 = EDGE_CURVE ( 'NONE', #2305, #262, #971, .T. ) ;
#2551 = CARTESIAN_POINT ( 'NONE',  ( 0.0000000000000000000, -1.320000000000000100, 0.0000000000000000000 ) ) ;
#2552 = DIRECTION ( 'NONE',  ( -2.449293598294706400E-016, 1.000000000000000000, 0.0000000000000000000 ) ) ;
#2553 = LINE ( 'NONE', #1229, #2535 ) ;
#2554 = EDGE_CURVE ( 'NONE', #1963, #3075, #1025, .T. ) ;
#2555 = EDGE_CURVE ( 'NONE', #1963, #2420, #982, .T. ) ;
#2556 = EDGE_CURVE ( 'NONE', #2369, #216, #938, .T. ) ;
#2557 = CYLINDRICAL_SURFACE ( 'NONE', #550, 1.365000000000000000 ) ;
#2558 = EDGE_CURVE ( 'NONE', #2330, #2420, #1058, .T. ) ;
#2559 = CARTESIAN_POINT ( 'NONE',  ( 0.0000000000000000000, -0.2500000000000001100, 0.2999999999999999300 ) ) ;
#2560 = CARTESIAN_POINT ( 'NONE',  ( 0.1962990915244726400, -0.9050000000000003600, 0.3400000000000000800 ) ) ;
#2561 = SPHERICAL_SURFACE ( 'NONE', #2009, 0.02000000000000000000 ) ;
#2562 = EDGE_CURVE ( 'NONE', #2330, #2534, #933, .T. ) ;
#2563 = CARTESIAN_POINT ( 'NONE',  ( 0.1647213283366827700, -1.297222256270671900, -0.3400000000000001400 ) ) ;
#2564 = EDGE_CURVE ( 'NONE', #2113, #2283, #890, .T. ) ;
#2565 = ADVANCED_FACE ( 'NONE', ( #912 ), #751, .T. ) ;
#2566 = DIRECTION ( 'NONE',  ( 0.0000000000000000000, 0.0000000000000000000, 1.000000000000000000 ) ) ;
#2567 = CYLINDRICAL_SURFACE ( 'NONE', #665, 0.8249999999999999600 ) ;
#2568 = EDGE_CURVE ( 'NONE', #262, #2305, #827, .T. ) ;
#2569 = CARTESIAN_POINT ( 'NONE',  ( 0.3848150035332600900, -1.291733441744677300, -0.01348086236559674700 ) ) ;
#2570 = FACE_OUTER_BOUND ( 'NONE', #3073, .T. ) ;
#2571 = DIRECTION ( 'NONE',  ( -1.224646799147353200E-016, 1.000000000000000000, -0.0000000000000000000 ) ) ;
#2572 = EDGE_CURVE ( 'NONE', #1676, #714, #853, .T. ) ;
#2573 = CARTESIAN_POINT ( 'NONE',  ( 0.2944486372867090000, -1.320000000000000100, 0.1699999999999999600 ) ) ;
#2574 = DIRECTION ( 'NONE',  ( -1.000000000000000000, -2.577215088362511900E-016, 0.0000000000000000000 ) ) ;
#2575 = FACE_BOUND ( 'NONE', #2983, .T. ) ;
#2576 = VERTEX_POINT ( 'NONE', #48 ) ;
#2577 = EDGE_LOOP ( 'NONE', ( #2003, #2007 ) ) ;
#2578 = FACE_OUTER_BOUND ( 'NONE', #2873, .T. ) ;
#2579 = VERTEX_POINT ( 'NONE', #28 ) ;
#2580 = ADVANCED_FACE ( 'NONE', ( #772 ), #742, .F. ) ;
#2581 = VECTOR ( 'NONE', #3170, 39.37007874015748100 ) ;
#2582 = EDGE_CURVE ( 'NONE', #290, #2140, #845, .T. ) ;
#2583 = EDGE_LOOP ( 'NONE', ( #449, #1152, #1482, #1351 ) ) ;
#2584 = LINE ( 'NONE', #3106, #2581 ) ;
#2585 = EDGE_LOOP ( 'NONE', ( #232, #234, #240, #267 ) ) ;
#2586 = EDGE_CURVE ( 'NONE', #823, #3099, #815, .T. ) ;
#2587 = CYLINDRICAL_SURFACE ( 'NONE', #1714, 0.2499999999999998900 ) ;
#2588 = CARTESIAN_POINT ( 'NONE',  ( 0.9491580479561873000, 0.2499999999999998100, -0.05916079783099605100 ) ) ;
#2589 = VERTEX_POINT ( 'NONE', #222 ) ;
#2590 = CIRCLE ( 'NONE', #1718, 0.1899999999999998600 ) ;
#2591 = CARTESIAN_POINT ( 'NONE',  ( 0.1962990915244725900, -1.285000000000000100, -0.3400000000000000800 ) ) ;
#2592 = EDGE_CURVE ( 'NONE', #3099, #989, #692, .T. ) ;
#2593 = EDGE_LOOP ( 'NONE', ( #1710, #349, #61, #309 ) ) ;
#2594 = DIRECTION ( 'NONE',  ( -6.947354878030527500E-017, -1.000000000000000000, -0.0000000000000000000 ) ) ;
#2595 = CARTESIAN_POINT ( 'NONE',  ( 0.2944486372867091700, -0.8700000000000003300, -0.1700000000000001000 ) ) ;
#2596 = TOROIDAL_SURFACE ( 'NONE', #755, 0.3249999999999999000, 0.01499999999999999900 ) ;
#2597 = EDGE_CURVE ( 'NONE', #989, #1202, #702, .T. ) ;
#2598 = DIRECTION ( 'NONE',  ( 0.5000000000000001100, 0.0000000000000000000, -0.8660254037844386000 ) ) ;
#2599 = ADVANCED_FACE ( 'NONE', ( #653 ), #782, .T. ) ;
#2600 = DIRECTION ( 'NONE',  ( -0.0000000000000000000, 1.000000000000000000, -0.0000000000000000000 ) ) ;
#2601 = FACE_OUTER_BOUND ( 'NONE', #1427, .T. ) ;
#2602 = EDGE_CURVE ( 'NONE', #1501, #905, #810, .T. ) ;
#2603 = CARTESIAN_POINT ( 'NONE',  ( 0.3278536200616360400, -0.8731209789585040500, -0.1121408726078637200 ) ) ;
#2604 = FACE_OUTER_BOUND ( 'NONE', #1933, .T. ) ;
#2605 = ORIENTED_EDGE ( 'NONE', *, *, #2838, .T. ) ;
#2606 = DIRECTION ( 'NONE',  ( -0.0000000000000000000, 1.000000000000000000, -0.0000000000000000000 ) ) ;
#2607 = EDGE_CURVE ( 'NONE', #136, #823, #659, .T. ) ;
#2608 = CARTESIAN_POINT ( 'NONE',  ( 1.343698254817651000, 0.2439393939393938700, 0.04481878623560321700 ) ) ;
#2609 = FACE_OUTER_BOUND ( 'NONE', #2752, .T. ) ;
#2610 = CIRCLE ( 'NONE', #2125, 1.355000000000000200 ) ;
#2611 = CARTESIAN_POINT ( 'NONE',  ( 0.3111113049915984500, -0.8705971931359616200, -0.1411394129454947300 ) ) ;
#2612 = EDGE_CURVE ( 'NONE', #597, #2387, #644, .T. ) ;
#2613 = EDGE_CURVE ( 'NONE', #2259, #262, #600, .T. ) ;
#2614 = DIRECTION ( 'NONE',  ( 0.0000000000000000000, 1.000000000000000000, 0.0000000000000000000 ) ) ;
#2615 = EDGE_CURVE ( 'NONE', #930, #816, #591, .T. ) ;
#2616 = VERTEX_POINT ( 'NONE', #689 ) ;
#2617 = CIRCLE ( 'NONE', #1679, 0.1325000000000000300 ) ;
#2618 = CARTESIAN_POINT ( 'NONE',  ( 1.364341826831352300, 0.2162843773358518200, -0.04263231234862274700 ) ) ;
#2619 = CARTESIAN_POINT ( 'NONE',  ( 0.3925981830489455000, -1.285000000000000100, 3.414809992080329000E-017 ) ) ;
#2620 = EDGE_CURVE ( 'NONE', #1337, #2330, #2483, .T. ) ;
#2621 = EDGE_LOOP ( 'NONE', ( #339, #356, #361, #363, #400, #433 ) ) ;
#2622 = CIRCLE ( 'NONE', #1723, 0.1325000000000000900 ) ;
#2623 = EDGE_LOOP ( 'NONE', ( #1010, #1507, #3, #20 ) ) ;
#2624 = CARTESIAN_POINT ( 'NONE',  ( 0.0000000000000000000, 0.01999999999999993100, 1.355000000000000200 ) ) ;
#2625 = CARTESIAN_POINT ( 'NONE',  ( 0.0000000000000000000, 0.0000000000000000000, 0.0000000000000000000 ) ) ;
#2626 = EDGE_LOOP ( 'NONE', ( #729, #731, #777, #785 ) ) ;
#2627 = CIRCLE ( 'NONE', #1682, 0.1325000000000000900 ) ;
#2628 = EDGE_CURVE ( 'NONE', #160, #1337, #16, .T. ) ;
#2629 = EDGE_CURVE ( 'NONE', #496, #2457, #511, .T. ) ;
#2630 = B_SPLINE_CURVE_WITH_KNOTS ( 'NONE', 3,
 ( #3001, #2929, #856, #833, #1309, #981, #1063, #1267 ),
 .UNSPECIFIED., .F., .F.,
 ( 4, 2, 2, 4 ),
 ( 1.169384793329346800E-018, 0.002533801174948642000, 0.003800701762422961200, 0.005067602349897281300 ),
 .UNSPECIFIED. ) ;
#2631 = DIRECTION ( 'NONE',  ( 0.0000000000000000000, 1.000000000000000000, 0.0000000000000000000 ) ) ;
#2632 = EDGE_LOOP ( 'NONE', ( #1361, #456, #750, #1445, #572, #187 ) ) ;
#2633 = FACE_OUTER_BOUND ( 'NONE', #1790, .T. ) ;
#2634 = DIRECTION ( 'NONE',  ( -0.0000000000000000000, 1.000000000000000000, -0.0000000000000000000 ) ) ;
#2635 = EDGE_CURVE ( 'NONE', #823, #160, #2135, .T. ) ;
#2636 = CYLINDRICAL_SURFACE ( 'NONE', #787, 1.365000000000000000 ) ;
#2637 = ORIENTED_EDGE ( 'NONE', *, *, #2216, .F. ) ;
#2638 = VECTOR ( 'NONE', #206, 39.37007874015748100 ) ;
#2639 = FACE_OUTER_BOUND ( 'NONE', #2035, .T. ) ;
#2640 = LINE ( 'NONE', #2987, #2638 ) ;
#2641 = CYLINDRICAL_SURFACE ( 'NONE', #791, 0.3399999999999998600 ) ;
#2642 = CARTESIAN_POINT ( 'NONE',  ( 0.3604946934915734300, -1.306242255905886200, -0.05560487501362543200 ) ) ;
#2643 = EDGE_CURVE ( 'NONE', #1825, #1512, #609, .T. ) ;
#2644 = EDGE_CURVE ( 'NONE', #1512, #1202, #1709, .T. ) ;
#2645 = CARTESIAN_POINT ( 'NONE',  ( -1.364999937867394000, 0.2250015046773334000, 0.004250814587452887900 ) ) ;
#2646 = EDGE_CURVE ( 'NONE', #1825, #2589, #231, .T. ) ;
#2647 = DIRECTION ( 'NONE',  ( -0.0000000000000000000, 1.000000000000000000, -0.0000000000000000000 ) ) ;
#2648 = EDGE_CURVE ( 'NONE', #2589, #849, #478, .T. ) ;
#2649 = CARTESIAN_POINT ( 'NONE',  ( 0.0000000000000000000, 0.0000000000000000000, 0.0000000000000000000 ) ) ;
#2650 = EDGE_CURVE ( 'NONE', #989, #1825, #464, .T. ) ;
#2651 = DIRECTION ( 'NONE',  ( -0.0000000000000000000, 1.000000000000000000, -0.0000000000000000000 ) ) ;
#2652 = FACE_OUTER_BOUND ( 'NONE', #2621, .T. ) ;
#2653 = DIRECTION ( 'NONE',  ( 0.0000000000000000000, 0.0000000000000000000, 1.000000000000000000 ) ) ;
#2654 = DIRECTION ( 'NONE',  ( 0.0000000000000000000, 0.0000000000000000000, 1.000000000000000000 ) ) ;
#2655 = EDGE_CURVE ( 'NONE', #1337, #1107, #428, .T. ) ;
#2656 = EDGE_CURVE ( 'NONE', #160, #836, #395, .T. ) ;
#2657 = DIRECTION ( 'NONE',  ( -0.0000000000000000000, 1.000000000000000000, -0.0000000000000000000 ) ) ;
#2658 = EDGE_CURVE ( 'NONE', #2420, #1107, #367, .T. ) ;
#2659 = LINE ( 'NONE', #225, #2664 ) ;
#2660 = ORIENTED_EDGE ( 'NONE', *, *, #2520, .F. ) ;
#2661 = EDGE_CURVE ( 'NONE', #836, #3099, #505, .T. ) ;
#2662 = EDGE_CURVE ( 'NONE', #2484, #1114, #334, .T. ) ;
#2663 = EDGE_LOOP ( 'NONE', ( #272, #292, #295, #297, #303, #331 ) ) ;
#2664 = VECTOR ( 'NONE', #487, 39.37007874015748100 ) ;
#2665 = CARTESIAN_POINT ( 'NONE',  ( 0.3925981830489455000, -1.285000000000000100, 3.414809992080329000E-017 ) ) ;
#2666 = EDGE_LOOP ( 'NONE', ( #626, #1954, #1907, #1573 ) ) ;
#2667 = CARTESIAN_POINT ( 'NONE',  ( 0.0000000000000000000, 0.04900000000000009200, 0.1900000000000000300 ) ) ;
#2668 = EDGE_LOOP ( 'NONE', ( #100, #103, #113, #140 ) ) ;
#2669 = CIRCLE ( 'NONE', #1738, 0.2499999999999999200 ) ;
#2670 = EDGE_CURVE ( 'NONE', #2540, #1722, #328, .T. ) ;
#2671 = EDGE_LOOP ( 'NONE', ( #214, #3061, #1017, #418 ) ) ;
#2672 = VECTOR ( 'NONE', #2594, 39.37007874015748100 ) ;
#2673 = DIRECTION ( 'NONE',  ( 1.000000000000000000, -7.477686114044515700E-017, 0.0000000000000000000 ) ) ;
#2674 = VERTEX_POINT ( 'NONE', #1047 ) ;
#2675 = CIRCLE ( 'NONE', #1742, 0.1900000000000000300 ) ;
#2676 = EDGE_CURVE ( 'NONE', #849, #1512, #2515, .T. ) ;
#2677 = CARTESIAN_POINT ( 'NONE',  ( 3.061616997868381800E-017, 0.0000000000000000000, -0.2499999999999998900 ) ) ;
#2678 = CARTESIAN_POINT ( 'NONE',  ( -1.001341873125758400, -0.2500000000000006700, 0.5781249999999976700 ) ) ;
#2679 = FACE_OUTER_BOUND ( 'NONE', #2851, .T. ) ;
#2680 = EDGE_LOOP ( 'NONE', ( #1909, #4, #46, #2158 ) ) ;
#2681 = VECTOR ( 'NONE', #374, 39.37007874015748100 ) ;
#2682 = EDGE_CURVE ( 'NONE', #1238, #1024, #357, .T. ) ;
#2683 = EDGE_CURVE ( 'NONE', #1636, #2589, #296, .T. ) ;
#2684 = EDGE_CURVE ( 'NONE', #2457, #1238, #307, .T. ) ;
#2685 = FACE_OUTER_BOUND ( 'NONE', #1763, .T. ) ;
#2686 = CARTESIAN_POINT ( 'NONE',  ( 0.0000000000000000000, -0.2609999999999999000, 0.0000000000000000000 ) ) ;
#2687 = EDGE_CURVE ( 'NONE', #1107, #836, #1028, .T. ) ;
#2688 = EDGE_CURVE ( 'NONE', #1963, #1636, #233, .T. ) ;
#2689 = CARTESIAN_POINT ( 'NONE',  ( -1.364832323744894900, 0.2077314717098287800, 0.02207893925031809800 ) ) ;
#2690 = CYLINDRICAL_SURFACE ( 'NONE', #824, 0.9509999999999999600 ) ;
#2691 = ORIENTED_EDGE ( 'NONE', *, *, #2874, .F. ) ;
#2692 = CARTESIAN_POINT ( 'NONE',  ( 0.0000000000000000000, -0.8700000000000003300, 0.0000000000000000000 ) ) ;
#2693 = DIRECTION ( 'NONE',  ( -1.224646799147353200E-016, 1.000000000000000000, -0.0000000000000000000 ) ) ;
#2694 = EDGE_CURVE ( 'NONE', #2420, #1097, #291, .T. ) ;
#2695 = FACE_OUTER_BOUND ( 'NONE', #2901, .T. ) ;
#2696 = CARTESIAN_POINT ( 'NONE',  ( -1.364023713616279800, 0.2224693666808016100, 0.05182126195062227600 ) ) ;
#2697 = VERTEX_POINT ( 'NONE', #1878 ) ;
#2698 = EDGE_CURVE ( 'NONE', #1313, #1825, #227, .T. ) ;
#2699 = CIRCLE ( 'NONE', #1770, 0.1499999999999999700 ) ;
#2700 = EDGE_LOOP ( 'NONE', ( #2101, #133, #312, #451 ) ) ;
#2701 = VECTOR ( 'NONE', #2397, 39.37007874015748100 ) ;
#2702 = CARTESIAN_POINT ( 'NONE',  ( 0.2083333333333332300, -0.3502904552752499300, 0.2405626121623442900 ) ) ;
#2703 = CARTESIAN_POINT ( 'NONE',  ( 0.0000000000000000000, -0.8700000000000003300, 0.0000000000000000000 ) ) ;
#2704 = ORIENTED_EDGE ( 'NONE', *, *, #2314, .T. ) ;
#2705 = ORIENTED_EDGE ( 'NONE', *, *, #2853, .T. ) ;
#2706 = CARTESIAN_POINT ( 'NONE',  ( 0.0000000000000000000, 0.0000000000000000000, 0.0000000000000000000 ) ) ;
#2707 = CARTESIAN_POINT ( 'NONE',  ( 0.0000000000000000000, -1.320000000000000100, 0.0000000000000000000 ) ) ;
#2708 = EDGE_LOOP ( 'NONE', ( #2448, #1014, #1806, #343 ) ) ;
#2709 = LINE ( 'NONE', #368, #2672 ) ;
#2710 = CARTESIAN_POINT ( 'NONE',  ( 0.02604166666666674400, -0.3525120951153925000, -0.3458087549833697100 ) ) ;
#2711 = CARTESIAN_POINT ( 'NONE',  ( -0.3925981830489455000, -1.285000000000000100, 0.0000000000000000000 ) ) ;
#2712 = EDGE_LOOP ( 'NONE', ( #129, #1007, #9, #378 ) ) ;
#2713 = EDGE_CURVE ( 'NONE', #1313, #989, #201, .T. ) ;
#2714 = EDGE_CURVE ( 'NONE', #836, #1061, #195, .T. ) ;
#2715 = EDGE_CURVE ( 'NONE', #1061, #3099, #260, .T. ) ;
#2716 = CARTESIAN_POINT ( 'NONE',  ( 0.0000000000000000000, -0.2609999999999999000, 0.1899999999999999500 ) ) ;
#2717 = CARTESIAN_POINT ( 'NONE',  ( -0.3125000000000001700, -0.6695804581886077900, -0.05974198938255351200 ) ) ;
#2718 = FACE_BOUND ( 'NONE', #2909, .T. ) ;
#2719 = EDGE_LOOP ( 'NONE', ( #928, #932, #934, #937, #939, #957 ) ) ;
#2720 = LINE ( 'NONE', #2351, #2681 ) ;
#2721 = DIRECTION ( 'NONE',  ( -1.224646799147353200E-016, 1.000000000000000000, -0.0000000000000000000 ) ) ;
#2722 = FACE_OUTER_BOUND ( 'NONE', #2663, .T. ) ;
#2723 = DIRECTION ( 'NONE',  ( -0.0000000000000000000, 1.000000000000000000, -0.0000000000000000000 ) ) ;
#2724 = EDGE_CURVE ( 'NONE', #82, #2244, #144, .T. ) ;
#2725 = FACE_BOUND ( 'NONE', #2577, .T. ) ;
#2726 = CARTESIAN_POINT ( 'NONE',  ( -1.364497119570601000, 0.2383982127970522000, 0.03955009783833701700 ) ) ;
#2727 = DIRECTION ( 'NONE',  ( -0.5000000000000004400, 0.0000000000000000000, 0.8660254037844384900 ) ) ;
#2728 = CARTESIAN_POINT ( 'NONE',  ( 1.001341873125758400, -0.2500000000000001100, -0.4456249999999976100 ) ) ;
#2729 = FACE_OUTER_BOUND ( 'NONE', #2792, .T. ) ;
#2730 = CARTESIAN_POINT ( 'NONE',  ( -0.1562500000000000000, -0.3501289026637790000, 0.2706329386826373300 ) ) ;
#2731 = CIRCLE ( 'NONE', #897, 1.365000000000000000 ) ;
#2732 = CARTESIAN_POINT ( 'NONE',  ( -0.1962990915244727200, -0.9050000000000003600, -0.3400000000000000800 ) ) ;
#2733 = DIRECTION ( 'NONE',  ( -0.0000000000000000000, -1.000000000000000000, -0.0000000000000000000 ) ) ;
#2734 = CARTESIAN_POINT ( 'NONE',  ( -1.363678898011965200, 0.2299999999999998400, -0.06004051229688446600 ) ) ;
#2735 = CARTESIAN_POINT ( 'NONE',  ( 0.06695242343695144400, -1.317652252414761800, -0.3399999999999999100 ) ) ;
#2736 = B_SPLINE_CURVE_WITH_KNOTS ( 'NONE', 3,
 ( #3014, #2177, #70, #3119, #587, #522, #71, #2734 ),
 .UNSPECIFIED., .F., .F.,
 ( 4, 2, 2, 4 ),
 ( 0.001687929945903797500, 0.002531163405675102400, 0.002952780135560754800, 0.003374396865446406800 ),
 .UNSPECIFIED. ) ;
#2737 = CARTESIAN_POINT ( 'NONE',  ( 2.326828918379970900E-017, -0.2609999999999999000, -0.1899999999999999500 ) ) ;
#2738 = VECTOR ( 'NONE', #3072, 39.37007874015748100 ) ;
#2739 = EDGE_LOOP ( 'NONE', ( #1111, #1133 ) ) ;
#2740 = EDGE_CURVE ( 'NONE', #2674, #2576, #142, .T. ) ;
#2741 = CARTESIAN_POINT ( 'NONE',  ( 0.3124999999999999400, -0.3525164136996686800, 0.1504038296287905400 ) ) ;
#2742 = CARTESIAN_POINT ( 'NONE',  ( 1.343698254817650800, 0.2299999999999999300, 0.05916079783099623100 ) ) ;
#2743 = VERTEX_POINT ( 'NONE', #2136 ) ;
#2744 = CIRCLE ( 'NONE', #1782, 0.8249999999999999600 ) ;
#2745 = EDGE_LOOP ( 'NONE', ( #509, #504 ) ) ;
#2746 = LINE ( 'NONE', #3024, #2701 ) ;
#2747 = EDGE_CURVE ( 'NONE', #1399, #794, #180, .T. ) ;
#2748 = EDGE_LOOP ( 'NONE', ( #1099, #1105 ) ) ;
#2749 = CARTESIAN_POINT ( 'NONE',  ( 0.2604166666666668500, -0.3514235798236370300, -0.2104922856420510500 ) ) ;
#2750 = CARTESIAN_POINT ( 'NONE',  ( 0.3125000000000000000, -0.3505691137568245900, 0.07484417595973119600 ) ) ;
#2751 = ADVANCED_FACE ( 'NONE', ( #56 ), #99, .T. ) ;
#2752 = EDGE_LOOP ( 'NONE', ( #65, #69, #73, #98 ) ) ;
#2753 = VECTOR ( 'NONE', #2982, 39.37007874015748100 ) ;
#2754 = EDGE_LOOP ( 'NONE', ( #857, #860, #889 ) ) ;
#2755 = EDGE_CURVE ( 'NONE', #1886, #2616, #27, .T. ) ;
#2756 = EDGE_CURVE ( 'NONE', #1653, #1212, #3091, .T. ) ;
#2757 = CARTESIAN_POINT ( 'NONE',  ( 0.3124999999999999400, -0.3504195418113925700, 0.05974198938255306100 ) ) ;
#2758 = DIRECTION ( 'NONE',  ( 0.0000000000000000000, 0.0000000000000000000, -1.000000000000000000 ) ) ;
#2759 = CIRCLE ( 'NONE', #925, 1.355000000000000200 ) ;
#2760 = EDGE_LOOP ( 'NONE', ( #1030, #1038 ) ) ;
#2761 = PLANE ( 'NONE',  #2073 ) ;
#2762 = DIRECTION ( 'NONE',  ( 0.0000000000000000000, 0.0000000000000000000, 1.000000000000000000 ) ) ;
#2763 = LINE ( 'NONE', #838, #2772 ) ;
#2764 = VERTEX_POINT ( 'NONE', #1811 ) ;
#2765 = EDGE_CURVE ( 'NONE', #905, #1420, #3088, .T. ) ;
#2766 = CARTESIAN_POINT ( 'NONE',  ( 0.0000000000000000000, 0.0000000000000000000, 0.0000000000000000000 ) ) ;
#2767 = CARTESIAN_POINT ( 'NONE',  ( -0.2864583333333334300, -0.3525120951153925000, 0.1954571223819045700 ) ) ;
#2768 = EDGE_CURVE ( 'NONE', #1420, #1552, #3090, .T. ) ;
#2769 = EDGE_CURVE ( 'NONE', #2576, #922, #248, .T. ) ;
#2770 = EDGE_CURVE ( 'NONE', #1212, #3174, #3125, .T. ) ;
#2771 = CARTESIAN_POINT ( 'NONE',  ( 0.0000000000000000000, 0.0000000000000000000, 0.0000000000000000000 ) ) ;
#2772 = VECTOR ( 'NONE', #825, 39.37007874015748100 ) ;
#2773 = CARTESIAN_POINT ( 'NONE',  ( -0.2121206297886862300, -1.297249918917438900, -0.3125962918724872800 ) ) ;
#2774 = CARTESIAN_POINT ( 'NONE',  ( -1.024442997624098700E-016, -0.3550000000000000900, 0.3608439182435163000 ) ) ;
#2775 = FACE_BOUND ( 'NONE', #1033, .T. ) ;
#2776 = EDGE_CURVE ( 'NONE', #3174, #406, #3167, .T. ) ;
#2777 = FACE_OUTER_BOUND ( 'NONE', #1031, .T. ) ;
#2778 = DIRECTION ( 'NONE',  ( 0.0000000000000000000, -1.000000000000000000, 0.0000000000000000000 ) ) ;
#2779 = CARTESIAN_POINT ( 'NONE',  ( -1.345000000000000000, -0.2300000000000001800, 1.647149944853190000E-016 ) ) ;
#2780 = EDGE_CURVE ( 'NONE', #1114, #2484, #3161, .T. ) ;
#2781 = EDGE_CURVE ( 'NONE', #2387, #597, #3156, .T. ) ;
#2782 = EDGE_CURVE ( 'NONE', #1543, #290, #3140, .T. ) ;
#2783 = DIRECTION ( 'NONE',  ( -0.0000000000000000000, 1.000000000000000000, -0.0000000000000000000 ) ) ;
#2784 = FACE_BOUND ( 'NONE', #2739, .T. ) ;
#2785 = EDGE_CURVE ( 'NONE', #2387, #870, #3137, .T. ) ;
#2786 = CARTESIAN_POINT ( 'NONE',  ( 0.2083333333333334800, -0.3502904552752498800, -0.2405626121623440100 ) ) ;
#2787 = CARTESIAN_POINT ( 'NONE',  ( -0.3125000000000000600, -0.6650000000000001500, -0.1804219591217582900 ) ) ;
#2788 = CARTESIAN_POINT ( 'NONE',  ( 0.2604166666666665200, -0.3514235798236370300, 0.2104922856420513600 ) ) ;
#2789 = EDGE_CURVE ( 'NONE', #228, #870, #3187, .T. ) ;
#2790 = ORIENTED_EDGE ( 'NONE', *, *, #2564, .T. ) ;
#2791 = CYLINDRICAL_SURFACE ( 'NONE', #1745, 0.1499999999999999400 ) ;
#2792 = EDGE_LOOP ( 'NONE', ( #143, #146, #151, #167, #171, #172, #175, #179 ) ) ;
#2793 = EDGE_CURVE ( 'NONE', #556, #2140, #3135, .T. ) ;
#2794 = EDGE_LOOP ( 'NONE', ( #599, #994, #1259, #5 ) ) ;
#2795 = EDGE_CURVE ( 'NONE', #406, #2369, #3066, .T. ) ;
#2796 = VECTOR ( 'NONE', #268, 39.37007874015748100 ) ;
#2797 = EDGE_LOOP ( 'NONE', ( #961, #970, #987, #549 ) ) ;
#2798 = EDGE_CURVE ( 'NONE', #2579, #432, #3059, .T. ) ;
#2799 = CARTESIAN_POINT ( 'NONE',  ( -1.365000237001796200, 0.2049961927104153000, -0.01108230473596690700 ) ) ;
#2800 = CARTESIAN_POINT ( 'NONE',  ( -1.001341873125758400, -0.2500000000000006700, 0.5781249999999976700 ) ) ;
#2801 = EDGE_LOOP ( 'NONE', ( #1059, #1062 ) ) ;
#2802 = CYLINDRICAL_SURFACE ( 'NONE', #1746, 0.02000000000000003500 ) ;
#2803 = EDGE_CURVE ( 'NONE', #1990, #2697, #3056, .T. ) ;
#2804 = EDGE_CURVE ( 'NONE', #2616, #1886, #3049, .T. ) ;
#2805 = DIRECTION ( 'NONE',  ( -6.123233995736642800E-017, 1.000000000000000000, 1.060575238724899900E-016 ) ) ;
#2806 = EDGE_CURVE ( 'NONE', #905, #1376, #3032, .T. ) ;
#2807 = EDGE_LOOP ( 'NONE', ( #196, #199, #200, #208 ) ) ;
#2808 = LINE ( 'NONE', #721, #2796 ) ;
#2809 = DIRECTION ( 'NONE',  ( -6.947354878030527500E-017, -1.000000000000000000, -0.0000000000000000000 ) ) ;
#2810 = FACE_BOUND ( 'NONE', #2748, .T. ) ;
#2811 = EDGE_LOOP ( 'NONE', ( #2523, #491, #879, #792 ) ) ;
#2812 = EDGE_CURVE ( 'NONE', #216, #1653, #3129, .T. ) ;
#2813 = FACE_OUTER_BOUND ( 'NONE', #1728, .T. ) ;
#2814 = CARTESIAN_POINT ( 'NONE',  ( 0.0000000000000000000, 0.0000000000000000000, 0.1899999999999998600 ) ) ;
#2815 = FACE_BOUND ( 'NONE', #2848, .T. ) ;
#2816 = CARTESIAN_POINT ( 'NONE',  ( -0.1324999999999920400, 0.2500000000000003900, 1.156250000000000000 ) ) ;
#2817 = FACE_OUTER_BOUND ( 'NONE', #1727, .T. ) ;
#2818 = DIRECTION ( 'NONE',  ( 0.0000000000000000000, 0.0000000000000000000, 1.000000000000000000 ) ) ;
#2819 = ADVANCED_FACE ( 'NONE', ( #3030 ), #2992, .F. ) ;
#2820 = EDGE_CURVE ( 'NONE', #1376, #1552, #3027, .T. ) ;
#2821 = EDGE_CURVE ( 'NONE', #3071, #2038, #2997, .T. ) ;
#2822 = FACE_BOUND ( 'NONE', #2801, .T. ) ;
#2823 = ORIENTED_EDGE ( 'NONE', *, *, #2834, .F. ) ;
#2824 = FACE_OUTER_BOUND ( 'NONE', #2708, .T. ) ;
#2825 = CARTESIAN_POINT ( 'NONE',  ( 0.1962990915244726400, -0.9050000000000003600, 0.3400000000000000800 ) ) ;
#2826 = FACE_BOUND ( 'NONE', #2760, .T. ) ;
#2827 = EDGE_CURVE ( 'NONE', #2589, #1963, #3019, .T. ) ;
#2828 = FACE_OUTER_BOUND ( 'NONE', #2811, .T. ) ;
#2829 = EDGE_CURVE ( 'NONE', #1501, #747, #2985, .T. ) ;
#2830 = EDGE_CURVE ( 'NONE', #2391, #669, #2966, .T. ) ;
#2831 = DIRECTION ( 'NONE',  ( -1.836970198721020100E-016, 1.000000000000000000, 1.060575238724912600E-016 ) ) ;
#2832 = DIRECTION ( 'NONE',  ( 1.000000000000000000, 0.0000000000000000000, -1.224646799147354400E-016 ) ) ;
#2833 = CARTESIAN_POINT ( 'NONE',  ( 8.013027326341549900E-015, 0.2500000000000004400, 1.156250000000000000 ) ) ;
#2834 = EDGE_CURVE ( 'NONE', #1552, #1420, #2964, .T. ) ;
#2835 = EDGE_CURVE ( 'NONE', #2576, #2674, #2960, .T. ) ;
#2836 = DIRECTION ( 'NONE',  ( -0.0000000000000000000, 1.000000000000000000, -0.0000000000000000000 ) ) ;
#2837 = CARTESIAN_POINT ( 'NONE',  ( -0.3125000000000002800, -0.6650000000000001500, 0.1804219591217580100 ) ) ;
#2838 = EDGE_CURVE ( 'NONE', #922, #2867, #2958, .T. ) ;
#2839 = EDGE_CURVE ( 'NONE', #2457, #496, #2956, .T. ) ;
#2840 = EDGE_CURVE ( 'NONE', #1830, #358, #314, .T. ) ;
#2841 = B_SPLINE_CURVE_WITH_KNOTS ( 'NONE', 3,
 ( #1299, #978, #910, #1264, #1563, #1555, #1574, #1650 ),
 .UNSPECIFIED., .F., .F.,
 ( 4, 2, 2, 4 ),
 ( 2.804946905565318300E-018, 0.002533801174948645000, 0.003800701762422965600, 0.005067602349897286500 ),
 .UNSPECIFIED. ) ;
#2842 = DIRECTION ( 'NONE',  ( 0.0000000000000000000, 0.0000000000000000000, 1.000000000000000000 ) ) ;
#2843 = DIRECTION ( 'NONE',  ( 0.0000000000000000000, 0.0000000000000000000, 1.000000000000000000 ) ) ;
#2844 = ADVANCED_FACE ( 'NONE', ( #2989 ), #2925, .T. ) ;
#2845 = EDGE_CURVE ( 'NONE', #1830, #771, #2953, .T. ) ;
#2846 = ORIENTED_EDGE ( 'NONE', *, *, #2613, .F. ) ;
#2847 = DIRECTION ( 'NONE',  ( 0.0000000000000000000, 0.0000000000000000000, 1.000000000000000000 ) ) ;
#2848 = EDGE_LOOP ( 'NONE', ( #1071, #1074 ) ) ;
#2849 = DIRECTION ( 'NONE',  ( -0.0000000000000000000, 1.000000000000000000, -0.0000000000000000000 ) ) ;
#2850 = CYLINDRICAL_SURFACE ( 'NONE', #1778, 0.2499999999999998900 ) ;
#2851 = EDGE_LOOP ( 'NONE', ( #1966, #1970 ) ) ;
#2852 = FACE_OUTER_BOUND ( 'NONE', #3037, .T. ) ;
#2853 = EDGE_CURVE ( 'NONE', #406, #771, #1910, .T. ) ;
#2854 = CARTESIAN_POINT ( 'NONE',  ( -5.914624404477005100E-017, -1.320000000000000100, -0.3399999999999998600 ) ) ;
#2855 = EDGE_CURVE ( 'NONE', #483, #1830, #2013, .T. ) ;
#2856 = EDGE_LOOP ( 'NONE', ( #2454, #2459, #2462, #2489 ) ) ;
#2857 = TOROIDAL_SURFACE ( 'NONE', #1808, 0.2999999999999998800, 0.3726982387223701800 ) ;
#2858 = CARTESIAN_POINT ( 'NONE',  ( -1.562272206996584300E-017, 0.2040000000000000400, 0.0000000000000000000 ) ) ;
#2859 = EDGE_CURVE ( 'NONE', #24, #406, #913, .T. ) ;
#2860 = EDGE_CURVE ( 'NONE', #186, #24, #2922, .T. ) ;
#2861 = EDGE_LOOP ( 'NONE', ( #2090, #2092, #2123, #2128 ) ) ;
#2862 = LINE ( 'NONE', #1476, #2738 ) ;
#2863 = CARTESIAN_POINT ( 'NONE',  ( 0.0000000000000000000, 0.0000000000000000000, 0.0000000000000000000 ) ) ;
#2864 = CARTESIAN_POINT ( 'NONE',  ( 3.061616997868381800E-017, -0.8700000000000001100, -0.2499999999999998600 ) ) ;
#2865 = DIRECTION ( 'NONE',  ( -1.224646799147353200E-016, 1.000000000000000000, -0.0000000000000000000 ) ) ;
#2866 = TOROIDAL_SURFACE ( 'NONE', #973, 0.2282239798187731800, 0.2512347083656116800 ) ;
#2867 = VERTEX_POINT ( 'NONE', #616 ) ;
#2868 = FACE_OUTER_BOUND ( 'NONE', #2593, .T. ) ;
#2869 = CARTESIAN_POINT ( 'NONE',  ( -0.3125000000000001700, -0.3502086234556389100, -0.01434539005809364900 ) ) ;
#2870 = PLANE ( 'NONE',  #1841 ) ;
#2871 = ADVANCED_FACE ( 'NONE', ( #2886 ), #2880, .F. ) ;
#2872 = CARTESIAN_POINT ( 'NONE',  ( -0.2040822710401583000, -1.291733441744677300, -0.3265191376344033800 ) ) ;
#2873 = EDGE_LOOP ( 'NONE', ( #686, #265, #3144, #1260, #1054, #718 ) ) ;
#2874 = EDGE_CURVE ( 'NONE', #358, #186, #806, .T. ) ;
#2875 = EDGE_CURVE ( 'NONE', #186, #329, #438, .T. ) ;
#2876 = EDGE_CURVE ( 'NONE', #673, #1766, #2249, .T. ) ;
#2877 = CARTESIAN_POINT ( 'NONE',  ( -0.2944486372867090000, -1.320000000000000100, -0.1699999999999999300 ) ) ;
#2878 = ORIENTED_EDGE ( 'NONE', *, *, #2884, .T. ) ;
#2879 = CARTESIAN_POINT ( 'NONE',  ( -0.1324999999999919600, -0.2500000000000006700, 1.156250000000000000 ) ) ;
#2880 = CYLINDRICAL_SURFACE ( 'NONE', #941, 0.06250000000000000000 ) ;
#2881 = EDGE_CURVE ( 'NONE', #3174, #24, #1362, .T. ) ;
#2882 = DIRECTION ( 'NONE',  ( 1.000000000000000000, -1.138269997360109900E-016, 0.0000000000000000000 ) ) ;
#2883 = EDGE_CURVE ( 'NONE', #803, #3174, #3127, .T. ) ;
#2884 = EDGE_CURVE ( 'NONE', #852, #803, #2926, .T. ) ;
#2885 = VECTOR ( 'NONE', #500, 39.37007874015748100 ) ;
#2886 = FACE_OUTER_BOUND ( 'NONE', #1338, .T. ) ;
#2887 = EDGE_CURVE ( 'NONE', #329, #852, #1627, .T. ) ;
#2888 = CARTESIAN_POINT ( 'NONE',  ( 4.561809326823892900E-017, -0.2300000000000000100, 0.0000000000000000000 ) ) ;
#2889 = FACE_OUTER_BOUND ( 'NONE', #589, .T. ) ;
#2890 = ADVANCED_FACE ( 'NONE', ( #2889 ), #2866, .T. ) ;
#2891 = ORIENTED_EDGE ( 'NONE', *, *, #2839, .F. ) ;
#2892 = DIRECTION ( 'NONE',  ( 0.8660254037844399300, 0.0000000000000000000, 0.4999999999999977800 ) ) ;
#2893 = EDGE_CURVE ( 'NONE', #66, #2540, #2841, .T. ) ;
#2894 = DIRECTION ( 'NONE',  ( -1.000000000000000000, 0.0000000000000000000, 0.0000000000000000000 ) ) ;
#2895 = CARTESIAN_POINT ( 'NONE',  ( 1.365000000000008200, 0.2049999999998682900, 0.01107773540802482700 ) ) ;
#2896 = CARTESIAN_POINT ( 'NONE',  ( -1.343698254817650800, 0.2439393939393937300, -0.04481878623560307800 ) ) ;
#2897 = CARTESIAN_POINT ( 'NONE',  ( 0.0000000000000000000, -0.3500000000000000900, 0.0000000000000000000 ) ) ;
#2898 = CARTESIAN_POINT ( 'NONE',  ( 0.2365865895631583700, -0.8803024982283724800, -0.2702200064871650400 ) ) ;
#2899 = ORIENTED_EDGE ( 'NONE', *, *, #2519, .F. ) ;
#2900 = CYLINDRICAL_SURFACE ( 'NONE', #1845, 0.2999999999999999300 ) ;
#2901 = EDGE_LOOP ( 'NONE', ( #3153, #3038 ) ) ;
#2902 = FACE_OUTER_BOUND ( 'NONE', #524, .T. ) ;
#2903 = EDGE_CURVE ( 'NONE', #1212, #803, #3163, .T. ) ;
#2904 = EDGE_CURVE ( 'NONE', #1722, #1212, #3069, .T. ) ;
#2905 = ADVANCED_FACE ( 'NONE', ( #2826, #2933, #2822, #2815, #2810, #2784, #2777, #2775 ), #75, .T. ) ;
#2906 = ORIENTED_EDGE ( 'NONE', *, *, #2229, .T. ) ;
#2907 = FACE_BOUND ( 'NONE', #2501, .T. ) ;
#2908 = EDGE_CURVE ( 'NONE', #2540, #319, #2460, .T. ) ;
#2909 = EDGE_LOOP ( 'NONE', ( #3122, #3117 ) ) ;
#2910 = FACE_OUTER_BOUND ( 'NONE', #2585, .T. ) ;
#2911 = FACE_OUTER_BOUND ( 'NONE', #2939, .T. ) ;
#2912 = CARTESIAN_POINT ( 'NONE',  ( 0.2610436545117823000, -1.316879021041496900, -0.2278591273921364300 ) ) ;
#2913 = EDGE_CURVE ( 'NONE', #1653, #1722, #2095, .T. ) ;
#2914 = EDGE_CURVE ( 'NONE', #741, #1653, #1570, .T. ) ;
#2915 = VECTOR ( 'NONE', #2614, 39.37007874015748100 ) ;
#2916 = ORIENTED_EDGE ( 'NONE', *, *, #2239, .T. ) ;
#2917 = FACE_OUTER_BOUND ( 'NONE', #3020, .T. ) ;
#2918 = DIRECTION ( 'NONE',  ( -0.0000000000000000000, 1.000000000000000000, -0.0000000000000000000 ) ) ;
#2919 = EDGE_CURVE ( 'NONE', #1698, #741, #2763, .T. ) ;
#2920 = FACE_OUTER_BOUND ( 'NONE', #1929, .T. ) ;
#2921 = DIRECTION ( 'NONE',  ( -0.0000000000000000000, 1.000000000000000000, -0.0000000000000000000 ) ) ;
#2922 = LINE ( 'NONE', #2242, #2915 ) ;
#2923 = CARTESIAN_POINT ( 'NONE',  ( 1.622657008870245000E-017, 0.2500000000000002800, -1.288750000000000100 ) ) ;
#2924 = CARTESIAN_POINT ( 'NONE',  ( 0.0000000000000000000, 0.2499999999999999200, 0.0000000000000000000 ) ) ;
#2925 = CYLINDRICAL_SURFACE ( 'NONE', #948, 0.2999999999999999300 ) ;
#2926 = LINE ( 'NONE', #447, #2885 ) ;
#2927 = DIRECTION ( 'NONE',  ( 0.0000000000000000000, 0.0000000000000000000, 1.000000000000000000 ) ) ;
#2928 = EDGE_CURVE ( 'NONE', #319, #1698, #1413, .T. ) ;
#2929 = CARTESIAN_POINT ( 'NONE',  ( -0.03366086504475723800, -0.8700000000000001100, -0.3400000000000001400 ) ) ;
#2930 = CARTESIAN_POINT ( 'NONE',  ( -1.001341873125758400, -0.2500000000000006700, 0.5781249999999976700 ) ) ;
#2931 = VECTOR ( 'NONE', #1822, 39.37007874015748100 ) ;
#2932 = ORIENTED_EDGE ( 'NONE', *, *, #2845, .T. ) ;
#2933 = FACE_BOUND ( 'NONE', #2745, .T. ) ;
#2934 = CARTESIAN_POINT ( 'NONE',  ( 0.2864583333333331500, -0.3525120951153923300, 0.1954571223819047100 ) ) ;
#2935 = DIRECTION ( 'NONE',  ( -0.0000000000000000000, 1.000000000000000000, -0.0000000000000000000 ) ) ;
#2936 = EDGE_LOOP ( 'NONE', ( #2823, #62 ) ) ;
#2937 = ORIENTED_EDGE ( 'NONE', *, *, #2550, .T. ) ;
#2938 = TOROIDAL_SURFACE ( 'NONE', #1873, 0.2282239798187731800, 0.2512347083656116800 ) ;
#2939 = EDGE_LOOP ( 'NONE', ( #2846, #2899, #2906, #2937 ) ) ;
#2940 = TOROIDAL_SURFACE ( 'NONE', #1865, 0.2282239798187731800, 0.2512347083656116800 ) ;
#2941 = CARTESIAN_POINT ( 'NONE',  ( 7.464006177181259800E-017, -0.3500000000000000900, -0.3608439182435161900 ) ) ;
#2942 = ORIENTED_EDGE ( 'NONE', *, *, #2853, .F. ) ;
#2943 = FACE_OUTER_BOUND ( 'NONE', #1784, .T. ) ;
#2944 = EDGE_CURVE ( 'NONE', #1698, #673, #1295, .T. ) ;
#2945 = DIRECTION ( 'NONE',  ( 1.000000000000000000, -0.0000000000000000000, -0.0000000000000000000 ) ) ;
#2946 = EDGE_LOOP ( 'NONE', ( #277, #427, #1755, #2605 ) ) ;
#2947 = CYLINDRICAL_SURFACE ( 'NONE', #1858, 0.1325000000000000300 ) ;
#2948 = CARTESIAN_POINT ( 'NONE',  ( -1.071565949253931800E-017, 0.2300000000000000100, 0.0000000000000000000 ) ) ;
#2949 = DIRECTION ( 'NONE',  ( 0.0000000000000000000, 0.0000000000000000000, 1.000000000000000000 ) ) ;
#2950 = EDGE_LOOP ( 'NONE', ( #1066, #1102, #1131 ) ) ;
#2951 = FACE_OUTER_BOUND ( 'NONE', #3178, .T. ) ;
#2952 = CARTESIAN_POINT ( 'NONE',  ( 0.0000000000000000000, -1.095000000000000200, 0.0000000000000000000 ) ) ;
#2953 = LINE ( 'NONE', #1435, #2931 ) ;
#2954 = ORIENTED_EDGE ( 'NONE', *, *, #2544, .T. ) ;
#2955 = CARTESIAN_POINT ( 'NONE',  ( 0.1962990915244725900, -1.285000000000000100, -0.3400000000000000800 ) ) ;
#2956 = CIRCLE ( 'NONE', #992, 0.1899999999999999500 ) ;
#2957 = ORIENTED_EDGE ( 'NONE', *, *, #2903, .F. ) ;
#2958 = CIRCLE ( 'NONE', #997, 0.1499999999999999700 ) ;
#2959 = CARTESIAN_POINT ( 'NONE',  ( 0.0000000000000000000, -1.095000000000000200, 0.0000000000000000000 ) ) ;
#2960 = CIRCLE ( 'NONE', #999, 0.1499999999999999100 ) ;
#2961 = CARTESIAN_POINT ( 'NONE',  ( -1.343698254817650800, 0.2299999999999997300, -0.05916079783099605100 ) ) ;
#2962 = EDGE_CURVE ( 'NONE', #414, #2184, #2759, .T. ) ;
#2963 = DIRECTION ( 'NONE',  ( -6.947354878030527500E-017, -1.000000000000000000, -0.0000000000000000000 ) ) ;
#2964 = CIRCLE ( 'NONE', #1003, 0.1899999999999998900 ) ;
#2965 = DIRECTION ( 'NONE',  ( 0.0000000000000000000, 0.0000000000000000000, -1.000000000000000000 ) ) ;
#2966 = CIRCLE ( 'NONE', #1012, 0.3249999999999999000 ) ;
#2967 = CARTESIAN_POINT ( 'NONE',  ( -1.364999999999996200, 0.2050000000000656300, 0.005543672726820268400 ) ) ;
#2968 = CARTESIAN_POINT ( 'NONE',  ( -1.343698254817650800, 0.2439393939393937300, -0.04481878623560307800 ) ) ;
#2969 = DIRECTION ( 'NONE',  ( 1.000000000000000000, 0.0000000000000000000, -0.0000000000000000000 ) ) ;
#2970 = ORIENTED_EDGE ( 'NONE', *, *, #2250, .F. ) ;
#2971 = LINE ( 'NONE', #799, #2753 ) ;
#2972 = DIRECTION ( 'NONE',  ( 0.0000000000000000000, 0.0000000000000000000, 1.000000000000000000 ) ) ;
#2973 = EDGE_LOOP ( 'NONE', ( #3005, #3079, #3011, #3008 ) ) ;
#2974 = CYLINDRICAL_SURFACE ( 'NONE', #1876, 0.1899999999999999700 ) ;
#2975 = ORIENTED_EDGE ( 'NONE', *, *, #2276, .F. ) ;
#2976 = FACE_BOUND ( 'NONE', #984, .T. ) ;
#2977 = FACE_BOUND ( 'NONE', #3176, .T. ) ;
#2978 = CARTESIAN_POINT ( 'NONE',  ( 0.03348247628625553700, -1.320000000000000500, 0.3400000000000000800 ) ) ;
#2979 = DIRECTION ( 'NONE',  ( 0.0000000000000000000, 0.0000000000000000000, 1.000000000000000000 ) ) ;
#2980 = CARTESIAN_POINT ( 'NONE',  ( 0.3523106850102597500, -0.8803024982283723700, 0.06977999351283506500 ) ) ;
#2981 = EDGE_LOOP ( 'NONE', ( #12, #579 ) ) ;
#2982 = DIRECTION ( 'NONE',  ( -0.0000000000000000000, 1.000000000000000000, -0.0000000000000000000 ) ) ;
#2983 = EDGE_LOOP ( 'NONE', ( #2516, #87 ) ) ;
#2984 = CARTESIAN_POINT ( 'NONE',  ( -0.2083333333333334000, -0.3502904552752498800, 0.2405626121623441700 ) ) ;
#2985 = CIRCLE ( 'NONE', #1026, 0.2049999999999998500 ) ;
#2986 = FACE_OUTER_BOUND ( 'NONE', #2680, .T. ) ;
#2987 = CARTESIAN_POINT ( 'NONE',  ( 1.836970198721029100E-017, 0.0000000000000000000, -0.1499999999999999400 ) ) ;
#2988 = CARTESIAN_POINT ( 'NONE',  ( 0.2944486372867089500, -1.320000000000000100, -0.1699999999999999800 ) ) ;
#2989 = FACE_OUTER_BOUND ( 'NONE', #2797, .T. ) ;
#2990 = PRODUCT ( 'P102258', 'P102258', '', ( #1011 ) ) ;
#2991 = PLANE ( 'NONE',  #2011 ) ;
#2992 = CYLINDRICAL_SURFACE ( 'NONE', #1027, 0.1325000000000000300 ) ;
#2993 = ORIENTED_EDGE ( 'NONE', *, *, #2323, .T. ) ;
#2994 = CARTESIAN_POINT ( 'NONE',  ( -1.343698254817650800, 0.2439393939393938700, 0.04481878623560322400 ) ) ;
#2995 = CARTESIAN_POINT ( 'NONE',  ( -1.364735115810286900, 0.2093414155996906900, 0.02737721880138119600 ) ) ;
#2996 = FACE_OUTER_BOUND ( 'NONE', #1861, .T. ) ;
#2997 = CIRCLE ( 'NONE', #1043, 0.2999999999999999300 ) ;
#2998 = DIRECTION ( 'NONE',  ( -0.0000000000000000000, 1.000000000000000000, -0.0000000000000000000 ) ) ;
#2999 = CARTESIAN_POINT ( 'NONE',  ( 0.0000000000000000000, -1.320000000000000100, 0.0000000000000000000 ) ) ;
#3000 = CARTESIAN_POINT ( 'NONE',  ( 0.0000000000000000000, -0.8700000000000003300, 0.0000000000000000000 ) ) ;
#3001 = CARTESIAN_POINT ( 'NONE',  ( -5.914624404477007600E-017, -0.8700000000000003300, -0.3400000000000000800 ) ) ;
#3002 = B_SPLINE_CURVE_WITH_KNOTS ( 'NONE', 3,
 ( #354, #1449, #2310, #1235 ),
 .UNSPECIFIED., .F., .F.,
 ( 4, 4 ),
 ( 0.0000000000000000000, 0.0004042794988629401200 ),
 .UNSPECIFIED. ) ;
#3003 = CARTESIAN_POINT ( 'NONE',  ( 1.363852488256193500, 0.2260028646400949700, -0.05609781854062767500 ) ) ;
#3004 = FACE_BOUND ( 'NONE', #461, .T. ) ;
#3005 = ORIENTED_EDGE ( 'NONE', *, *, #2214, .F. ) ;
#3006 = CARTESIAN_POINT ( 'NONE',  ( -1.364020742405431400, 0.2221286002408103300, 0.05227632162062317800 ) ) ;
#3007 = FACE_OUTER_BOUND ( 'NONE', #3082, .T. ) ;
#3008 = ORIENTED_EDGE ( 'NONE', *, *, #2542, .T. ) ;
#3009 = B_SPLINE_CURVE_WITH_KNOTS ( 'NONE', 3,
 ( #1837, #2411, #545, #643, #569, #676, #594, #656, #124 ),
 .UNSPECIFIED., .F., .F.,
 ( 4, 2, 1, 2, 4 ),
 ( 2.309401076686431700E-007, 0.002291589820953995900, 0.004582948701800322600, 0.006874307582646650200, 0.009165666463492977800 ),
 .UNSPECIFIED. ) ;
#3010 = EDGE_CURVE ( 'NONE', #216, #741, #1072, .T. ) ;
#3011 = ORIENTED_EDGE ( 'NONE', *, *, #2189, .T. ) ;
#3012 = CYLINDRICAL_SURFACE ( 'NONE', #1883, 0.1325000000000000600 ) ;
#3013 = CARTESIAN_POINT ( 'NONE',  ( 0.1654108635387018000, -1.298361125958825200, 0.3400000000000001400 ) ) ;
#3014 = CARTESIAN_POINT ( 'NONE',  ( -1.365000000000000000, 0.2049999999999998500, 1.007951942434246300E-012 ) ) ;
#3015 = SPHERICAL_SURFACE ( 'NONE', #1899, 0.02000000000000000000 ) ;
#3016 = EDGE_CURVE ( 'NONE', #1828, #216, #976, .T. ) ;
#3017 = VECTOR ( 'NONE', #3100, 39.37007874015748100 ) ;
#3018 = CARTESIAN_POINT ( 'NONE',  ( 4.806738686653363000E-017, -0.2499999999999999700, 0.0000000000000000000 ) ) ;
#3019 = CIRCLE ( 'NONE', #1052, 0.02000000000000000000 ) ;
#3020 = EDGE_LOOP ( 'NONE', ( #737, #204, #766 ) ) ;
#3021 = FACE_OUTER_BOUND ( 'NONE', #762, .T. ) ;
#3022 = DIRECTION ( 'NONE',  ( 0.0000000000000000000, 0.0000000000000000000, -1.000000000000000000 ) ) ;
#3023 = CARTESIAN_POINT ( 'NONE',  ( 0.1808224159363186800, -1.291694647943302000, -0.3400000000000000800 ) ) ;
#3024 = CARTESIAN_POINT ( 'NONE',  ( 1.010333609296566300E-016, 0.0000000000000000000, 0.8249999999999999600 ) ) ;
#3025 = DIRECTION ( 'NONE',  ( -0.0000000000000000000, 1.000000000000000000, -0.0000000000000000000 ) ) ;
#3026 = EDGE_CURVE ( 'NONE', #469, #1596, #2731, .T. ) ;
#3027 = LINE ( 'NONE', #2814, #3017 ) ;
#3028 = CARTESIAN_POINT ( 'NONE',  ( 0.1962990915244726400, -1.285000000000000100, 0.3400000000000000800 ) ) ;
#3029 = CARTESIAN_POINT ( 'NONE',  ( 0.3770652867936885600, -0.8915620660746594900, -0.02690376550280158100 ) ) ;
#3030 = FACE_OUTER_BOUND ( 'NONE', #3050, .T. ) ;
#3031 = DIRECTION ( 'NONE',  ( 0.0000000000000000000, 0.0000000000000000000, 1.000000000000000000 ) ) ;
#3032 = CIRCLE ( 'NONE', #1067, 0.1899999999999998600 ) ;
#3033 = CARTESIAN_POINT ( 'NONE',  ( 1.001341873125758400, 0.2500000000000001700, -0.7106249999999977300 ) ) ;
#3034 = CARTESIAN_POINT ( 'NONE',  ( 1.365000000000000000, 0.2500000000000002200, 1.671642880836137200E-016 ) ) ;
#3035 = ADVANCED_FACE ( 'NONE', ( #2729 ), #2690, .F. ) ;
#3036 = DIRECTION ( 'NONE',  ( 0.0000000000000000000, -1.000000000000000000, 0.0000000000000000000 ) ) ;
#3037 = EDGE_LOOP ( 'NONE', ( #1332, #1342, #1379, #1418, #1456, #1460 ) ) ;
#3038 = ORIENTED_EDGE ( 'NONE', *, *, #2724, .F. ) ;
#3039 = EDGE_LOOP ( 'NONE', ( #44, #1046 ) ) ;
#3040 = DIRECTION ( 'NONE',  ( 0.0000000000000000000, -0.3420201433256692700, -0.9396926207859080900 ) ) ;
#3041 = FACE_OUTER_BOUND ( 'NONE', #2583, .T. ) ;
#3042 = CARTESIAN_POINT ( 'NONE',  ( -0.3125000000000000600, -0.6650000000000001500, -0.1804219591217582900 ) ) ;
#3043 = EDGE_LOOP ( 'NONE', ( #2380, #2383, #2395 ) ) ;
#3044 = CYLINDRICAL_SURFACE ( 'NONE', #1893, 0.02000000000000003500 ) ;
#3045 = DIRECTION ( 'NONE',  ( 0.0000000000000000000, 0.0000000000000000000, 1.000000000000000000 ) ) ;
#3046 = DIRECTION ( 'NONE',  ( 0.0000000000000000000, 0.0000000000000000000, -1.000000000000000000 ) ) ;
#3047 = TOROIDAL_SURFACE ( 'NONE', #1879, 0.2049999999999998500, 0.01499999999999999900 ) ;
#3048 = CARTESIAN_POINT ( 'NONE',  ( 0.3125000000000000000, -0.3550000000000000900, 0.1804219591217584300 ) ) ;
#3049 = CIRCLE ( 'NONE', #1077, 0.2499999999999998600 ) ;
#3050 = EDGE_LOOP ( 'NONE', ( #2492, #2493, #2495, #2497 ) ) ;
#3051 = TOROIDAL_SURFACE ( 'NONE', #1923, 0.2282239798187731800, 0.2512347083656116800 ) ;
#3052 = CARTESIAN_POINT ( 'NONE',  ( 0.2864583333333335400, -0.3525120951153925000, -0.1954571223819044400 ) ) ;
#3053 = CARTESIAN_POINT ( 'NONE',  ( 3.153465507804442900E-017, -0.2500000000000005000, -1.288750000000000100 ) ) ;
#3054 = FACE_BOUND ( 'NONE', #1833, .T. ) ;
#3055 = CARTESIAN_POINT ( 'NONE',  ( 0.3125000000000001700, -0.6694308862431755900, 0.07484417595973154300 ) ) ;
#3056 = CIRCLE ( 'NONE', #1085, 0.8249999999999999600 ) ;
#3057 = CARTESIAN_POINT ( 'NONE',  ( 1.364861389510716000, 0.2284334056839193700, -0.02086448620068339200 ) ) ;
#3058 = CYLINDRICAL_SURFACE ( 'NONE', #2081, 0.3399999999999998600 ) ;
#3059 = CIRCLE ( 'NONE', #1087, 0.6850000000000000500 ) ;
#3060 = CARTESIAN_POINT ( 'NONE',  ( -0.2864583333333333100, -0.6674879048846079600, -0.1954571223819047400 ) ) ;
#3061 = ORIENTED_EDGE ( 'NONE', *, *, #2524, .T. ) ;
#3062 = DIRECTION ( 'NONE',  ( 0.0000000000000000000, 0.0000000000000000000, 1.000000000000000000 ) ) ;
#3063 = VECTOR ( 'NONE', #843, 39.37007874015748100 ) ;
#3064 = ORIENTED_EDGE ( 'NONE', *, *, #2904, .F. ) ;
#3065 = DIRECTION ( 'NONE',  ( -0.0000000000000000000, 1.000000000000000000, -0.0000000000000000000 ) ) ;
#3066 = CIRCLE ( 'NONE', #1093, 0.3399999999999998600 ) ;
#3067 = CARTESIAN_POINT ( 'NONE',  ( 1.001341873125758400, -0.2500000000000001100, -0.5781249999999976700 ) ) ;
#3068 = CARTESIAN_POINT ( 'NONE',  ( 0.2526822756821013900, -1.314950733715498000, -0.2423414603464749100 ) ) ;
#3069 = B_SPLINE_CURVE_WITH_KNOTS ( 'NONE', 3,
 ( #899, #1042, #1545, #1035, #1051, #1226 ),
 .UNSPECIFIED., .F., .F.,
 ( 4, 2, 4 ),
 ( 0.04033258162630452100, 0.04285295469578741200, 0.04537332776527030300 ),
 .UNSPECIFIED. ) ;
#3070 = FACE_OUTER_BOUND ( 'NONE', #3043, .T. ) ;
#3071 = VERTEX_POINT ( 'NONE', #1331 ) ;
#3072 = DIRECTION ( 'NONE',  ( -0.0000000000000000000, 1.000000000000000000, -0.0000000000000000000 ) ) ;
#3073 = EDGE_LOOP ( 'NONE', ( #2970, #3175, #3173, #2954 ) ) ;
#3074 = FACE_OUTER_BOUND ( 'NONE', #390, .T. ) ;
#3075 = VERTEX_POINT ( 'NONE', #1129 ) ;
#3076 = FACE_OUTER_BOUND ( 'NONE', #1794, .T. ) ;
#3077 = CARTESIAN_POINT ( 'NONE',  ( -1.364341826831352300, 0.2162843773358518700, 0.04263231234862285100 ) ) ;
#3078 = ADVANCED_FACE ( 'NONE', ( #2695, #2718 ), #1289, .T. ) ;
#3079 = ORIENTED_EDGE ( 'NONE', *, *, #2478, .F. ) ;
#3080 = CARTESIAN_POINT ( 'NONE',  ( 0.0000000000000000000, 0.1781397504824583600, -0.9509999999999999600 ) ) ;
#3081 = ADVANCED_FACE ( 'NONE', ( #2722 ), #2641, .T. ) ;
#3082 = EDGE_LOOP ( 'NONE', ( #122, #2891, #668, #1302 ) ) ;
#3083 = FACE_OUTER_BOUND ( 'NONE', #3105, .T. ) ;
#3084 = CARTESIAN_POINT ( 'NONE',  ( -0.2365865895631583900, -1.309697501771627000, -0.2702200064871650400 ) ) ;
#3085 = VECTOR ( 'NONE', #2367, 39.37007874015748100 ) ;
#3086 = FACE_OUTER_BOUND ( 'NONE', #3149, .T. ) ;
#3087 = DIRECTION ( 'NONE',  ( 1.000000000000000000, 0.0000000000000000000, -1.224646799147353200E-016 ) ) ;
#3088 = LINE ( 'NONE', #1844, #3085 ) ;
#3089 = CARTESIAN_POINT ( 'NONE',  ( 1.344737440095717900, 0.2283091331778532600, -0.02049497205090784400 ) ) ;
#3090 = CIRCLE ( 'NONE', #1159, 0.1899999999999998900 ) ;
#3091 = CIRCLE ( 'NONE', #1173, 0.3399999999999998600 ) ;
#3092 = ORIENTED_EDGE ( 'NONE', *, *, #2239, .F. ) ;
#3093 = B_SPLINE_CURVE_WITH_KNOTS ( 'NONE', 3,
 ( #3190, #157, #1465, #238, #2717, #1458, #302, #3151, #1436, #230, #2211, #2837 ),
 .UNSPECIFIED., .F., .F.,
 ( 4, 2, 2, 2, 2, 4 ),
 ( 0.07549696750331307000, 0.07777619126427415300, 0.07891580314475468700, 0.08005541502523522100, 0.08233463878619629000, 0.08461386254715737300 ),
 .UNSPECIFIED. ) ;
#3094 = PRODUCT_DEFINITION_SHAPE ( 'NONE', 'NONE',  #415 ) ;
#3095 = ADVANCED_FACE ( 'NONE', ( #2685 ), #2636, .T. ) ;
#3096 = DIRECTION ( 'NONE',  ( -1.224646799147353200E-016, 1.000000000000000000, 0.0000000000000000000 ) ) ;
#3097 = VERTEX_POINT ( 'NONE', #960 ) ;
#3098 = CARTESIAN_POINT ( 'NONE',  ( 0.0000000000000000000, -1.450000000000000200, 0.0000000000000000000 ) ) ;
#3099 = VERTEX_POINT ( 'NONE', #956 ) ;
#3100 = DIRECTION ( 'NONE',  ( -0.0000000000000000000, 1.000000000000000000, -0.0000000000000000000 ) ) ;
#3101 = ADVANCED_FACE ( 'NONE', ( #2604 ), #951, .T. ) ;
#3102 = PLANE ( 'NONE',  #2068 ) ;
#3103 = CARTESIAN_POINT ( 'NONE',  ( 1.343698254817651000, 0.2299999999999999300, 0.05916079783099623100 ) ) ;
#3104 = DIRECTION ( 'NONE',  ( -0.0000000000000000000, 1.000000000000000000, -0.0000000000000000000 ) ) ;
#3105 = EDGE_LOOP ( 'NONE', ( #2993, #50 ) ) ;
#3106 = CARTESIAN_POINT ( 'NONE',  ( 1.164639105989132900E-016, 0.0000000000000000000, 0.9509999999999999600 ) ) ;
#3107 = FACE_OUTER_BOUND ( 'NONE', #1733, .T. ) ;
#3108 = ADVANCED_FACE ( 'NONE', ( #2679, #2725 ), #969, .T. ) ;
#3109 = FACE_OUTER_BOUND ( 'NONE', #2666, .T. ) ;
#3110 = DIRECTION ( 'NONE',  ( -0.0000000000000000000, 1.000000000000000000, -0.0000000000000000000 ) ) ;
#3111 = DIRECTION ( 'NONE',  ( 0.0000000000000000000, 0.0000000000000000000, -1.000000000000000000 ) ) ;
#3112 = EDGE_LOOP ( 'NONE', ( #687, #693, #705 ) ) ;
#3113 = FACE_OUTER_BOUND ( 'NONE', #2004, .T. ) ;
#3114 = EDGE_LOOP ( 'NONE', ( #909, #2349, #968 ) ) ;
#3115 = DIRECTION ( 'NONE',  ( -1.000000000000000000, -1.224646799147353200E-016, 0.0000000000000000000 ) ) ;
#3116 = DIRECTION ( 'NONE',  ( -0.0000000000000000000, 1.000000000000000000, -0.0000000000000000000 ) ) ;
#3117 = ORIENTED_EDGE ( 'NONE', *, *, #2747, .T. ) ;
#3118 = FACE_OUTER_BOUND ( 'NONE', #642, .T. ) ;
#3119 = CARTESIAN_POINT ( 'NONE',  ( -1.364491859876181900, 0.2135803793111311600, -0.03759125763110042500 ) ) ;
#3120 = DIRECTION ( 'NONE',  ( 0.9990321597157253400, 0.0000000000000000000, -0.04398572329442113800 ) ) ;
#3121 = DIRECTION ( 'NONE',  ( 0.0000000000000000000, -1.000000000000000000, 0.0000000000000000000 ) ) ;
#3122 = ORIENTED_EDGE ( 'NONE', *, *, #2190, .T. ) ;
#3123 = TOROIDAL_SURFACE ( 'NONE', #1940, 0.3249999999999999000, 0.01499999999999999900 ) ;
#3124 = CARTESIAN_POINT ( 'NONE',  ( 1.344036472452602800, 0.2382587284129095400, -0.03871320264896542500 ) ) ;
#3125 = CIRCLE ( 'NONE', #1158, 0.3399999999999998600 ) ;
#3126 = ADVANCED_FACE ( 'NONE', ( #2609 ), #2567, .F. ) ;
#3127 = B_SPLINE_CURVE_WITH_KNOTS ( 'NONE', 3,
 ( #2825, #1443, #409, #413, #528, #515, #507, #523 ),
 .UNSPECIFIED., .F., .F.,
 ( 4, 2, 2, 4 ),
 ( 2.477233939166565400E-007, 0.002539485630404759000, 0.003809104583910178700, 0.005078723537415599300 ),
 .UNSPECIFIED. ) ;
#3128 = DIRECTION ( 'NONE',  ( -0.0000000000000000000, 1.000000000000000000, -0.0000000000000000000 ) ) ;
#3129 = CIRCLE ( 'NONE', #1053, 0.3399999999999998600 ) ;
#3130 = CYLINDRICAL_SURFACE ( 'NONE', #1952, 0.02000000000000000000 ) ;
#3131 = CARTESIAN_POINT ( 'NONE',  ( 0.2777859695818198900, -1.319402806864038700, -0.1988605870545054600 ) ) ;
#3132 = ADVANCED_FACE ( 'NONE', ( #2652 ), #2557, .T. ) ;
#3133 = FACE_BOUND ( 'NONE', #2018, .T. ) ;
#3134 = CARTESIAN_POINT ( 'NONE',  ( 1.001341873125762600, -0.2500000000000003300, 0.5781249999999905600 ) ) ;
#3135 = LINE ( 'NONE', #1398, #3063 ) ;
#3136 = VECTOR ( 'NONE', #3110, 39.37007874015748100 ) ;
#3137 = CIRCLE ( 'NONE', #1104, 0.02000000000000005900 ) ;
#3138 = ADVANCED_FACE ( 'NONE', ( #2601 ), #2547, .F. ) ;
#3139 = DIRECTION ( 'NONE',  ( -1.000000000000000000, 0.0000000000000000000, 0.0000000000000000000 ) ) ;
#3140 = LINE ( 'NONE', #2728, #3136 ) ;
#3141 = DIRECTION ( 'NONE',  ( 1.224646799147353000E-016, 0.0000000000000000000, -1.000000000000000000 ) ) ;
#3142 = CARTESIAN_POINT ( 'NONE',  ( 0.3925981830489455000, -0.9050000000000003600, 3.414809992080329000E-017 ) ) ;
#3143 = TOROIDAL_SURFACE ( 'NONE', #1930, 0.2049999999999998500, 0.01499999999999999900 ) ;
#3144 = ORIENTED_EDGE ( 'NONE', *, *, #2776, .T. ) ;
#3145 = EDGE_LOOP ( 'NONE', ( #2637, #2660, #2704, #2790 ) ) ;
#3146 = ADVANCED_FACE ( 'NONE', ( #2639 ), #2596, .T. ) ;
#3147 = CYLINDRICAL_SURFACE ( 'NONE', #1953, 0.1325000000000000300 ) ;
#3148 = CARTESIAN_POINT ( 'NONE',  ( 0.3111113049915985600, -1.319402806864038700, 0.1411394129454947300 ) ) ;
#3149 = EDGE_LOOP ( 'NONE', ( #398, #434, #442, #512 ) ) ;
#3150 = FACE_OUTER_BOUND ( 'NONE', #1215, .T. ) ;
#3151 = CARTESIAN_POINT ( 'NONE',  ( -0.3125000000000001700, -0.6697881377964994800, 0.03069933388779234500 ) ) ;
#3152 = CYLINDRICAL_SURFACE ( 'NONE', #1956, 0.1325000000000000300 ) ;
#3153 = ORIENTED_EDGE ( 'NONE', *, *, #2373, .F. ) ;
#3154 = TOROIDAL_SURFACE ( 'NONE', #1942, 0.2282239798187731800, 0.2512347083656116800 ) ;
#3155 = DIRECTION ( 'NONE',  ( 0.0000000000000000000, 0.0000000000000000000, 1.000000000000000000 ) ) ;
#3156 = CIRCLE ( 'NONE', #1106, 1.365000000000000000 ) ;
#3157 = CYLINDRICAL_SURFACE ( 'NONE', #1969, 1.365000000000000000 ) ;
#3158 = DIRECTION ( 'NONE',  ( -0.0000000000000000000, 1.000000000000000000, -0.0000000000000000000 ) ) ;
#3159 = FACE_OUTER_BOUND ( 'NONE', #2623, .T. ) ;
#3160 = DIRECTION ( 'NONE',  ( 0.5000000000000000000, 0.0000000000000000000, -0.8660254037844386000 ) ) ;
#3161 = CIRCLE ( 'NONE', #1150, 0.6850000000000000500 ) ;
#3162 = CARTESIAN_POINT ( 'NONE',  ( 1.345000000000000000, -0.2299999999999998400, 0.0000000000000000000 ) ) ;
#3163 = B_SPLINE_CURVE_WITH_KNOTS ( 'NONE', 3,
 ( #1171, #1263, #1020, #1016, #1088, #1164, #1160, #1137 ),
 .UNSPECIFIED., .F., .F.,
 ( 4, 2, 2, 4 ),
 ( 1.207222706460997400E-018, 0.002533801174948640200, 0.003800701762422959000, 0.005067602349897277900 ),
 .UNSPECIFIED. ) ;
#3164 = FACE_OUTER_BOUND ( 'NONE', #2548, .T. ) ;
#3165 = CYLINDRICAL_SURFACE ( 'NONE', #1999, 0.1325000000000000300 ) ;
#3166 = DIRECTION ( 'NONE',  ( -1.000000000000000000, -2.577215088362511900E-016, 0.0000000000000000000 ) ) ;
#3167 = CIRCLE ( 'NONE', #1151, 0.3399999999999998600 ) ;
#3168 = FACE_OUTER_BOUND ( 'NONE', #1759, .T. ) ;
#3169 = CARTESIAN_POINT ( 'NONE',  ( 0.3278536200616359900, -1.316879021041496900, 0.1121408726078637200 ) ) ;
#3170 = DIRECTION ( 'NONE',  ( -0.0000000000000000000, -1.000000000000000000, -0.0000000000000000000 ) ) ;
#3171 = VECTOR ( 'NONE', #2393, 39.37007874015748100 ) ;
#3172 = CARTESIAN_POINT ( 'NONE',  ( 0.0000000000000000000, -0.8700000000000001100, 0.0000000000000000000 ) ) ;
#3173 = ORIENTED_EDGE ( 'NONE', *, *, #2225, .T. ) ;
#3174 = VERTEX_POINT ( 'NONE', #1092 ) ;
#3175 = ORIENTED_EDGE ( 'NONE', *, *, #2518, .F. ) ;
#3176 = EDGE_LOOP ( 'NONE', ( #1243, #1252 ) ) ;
#3177 = TOROIDAL_SURFACE ( 'NONE', #1975, 1.345000000000000000, 0.02000000000000000000 ) ;
#3178 = EDGE_LOOP ( 'NONE', ( #1089, #506, #1040 ) ) ;
#3179 = CARTESIAN_POINT ( 'NONE',  ( 0.3125000000000002800, -0.3550000000000000900, -0.1804219591217581000 ) ) ;
#3180 = DIRECTION ( 'NONE',  ( -0.9990321597157253400, 0.0000000000000000000, -0.04398572329442113800 ) ) ;
#3181 = VERTEX_POINT ( 'NONE', #1487 ) ;
#3182 = FACE_OUTER_BOUND ( 'NONE', #2712, .T. ) ;
#3183 = DIRECTION ( 'NONE',  ( 0.0000000000000000000, 0.0000000000000000000, -1.000000000000000000 ) ) ;
#3184 = CARTESIAN_POINT ( 'NONE',  ( -1.364965188412899000, 0.2055539126967178600, 0.01117076175776816200 ) ) ;
#3185 = EDGE_LOOP ( 'NONE', ( #986, #996, #1023 ) ) ;
#3186 = CYLINDRICAL_SURFACE ( 'NONE', #1979, 0.1325000000000000900 ) ;
#3187 = CIRCLE ( 'NONE', #1094, 1.345000000000000000 ) ;
#3188 = FACE_OUTER_BOUND ( 'NONE', #501, .T. ) ;
#3189 = DIRECTION ( 'NONE',  ( -0.0000000000000000000, -1.000000000000000000, -0.0000000000000000000 ) ) ;
#3190 = CARTESIAN_POINT ( 'NONE',  ( -0.3125000000000000600, -0.6650000000000001500, -0.1804219591217582900 ) ) ;
ENDSEC;
END-ISO-10303-21;
