ISO-10303-21;
HEADER;
FILE_DESCRIPTION (( 'STEP AP203' ),
    '1' );
FILE_NAME ('P102263.step',
    '2014-09-25T01:22:02',
    ( 'Rick' ),
    ( 'Microsoft' ),
    'SwSTEP 2.0',
    'SolidWorks 2014',
    '' );
FILE_SCHEMA (( 'CONFIG_CONTROL_DESIGN' ));
ENDSEC;

DATA;
#1 = CARTESIAN_POINT ( 'NONE',  ( -1.634173204260898700, 0.3374393939393936500, -0.04481878623560304300 ) ) ;
#2 = ORIENTED_EDGE ( 'NONE', *, *, #943, .F. ) ;
#3 = VERTEX_POINT ( 'NONE', #2239 ) ;
#4 = ORIENTED_EDGE ( 'NONE', *, *, #1589, .F. ) ;
#5 = CARTESIAN_POINT ( 'NONE',  ( -2.223392241941204900, 0.3304696969696966400, -0.05198979203329955800 ) ) ;
#6 = ORIENTED_EDGE ( 'NONE', *, *, #1534, .F. ) ;
#7 = ORIENTED_EDGE ( 'NONE', *, *, #1593, .F. ) ;
#8 = ORIENTED_EDGE ( 'NONE', *, *, #1747, .F. ) ;
#9 = ORIENTED_EDGE ( 'NONE', *, *, #1781, .F. ) ;
#10 = ORIENTED_EDGE ( 'NONE', *, *, #1605, .F. ) ;
#11 = ORIENTED_EDGE ( 'NONE', *, *, #1620, .T. ) ;
#12 = ORIENTED_EDGE ( 'NONE', *, *, #1151, .F. ) ;
#13 = CARTESIAN_POINT ( 'NONE',  ( -1.634026619858683700, 0.3434999999999996400, -0.05378587136217097300 ) ) ;
#14 = ORIENTED_EDGE ( 'NONE', *, *, #1798, .F. ) ;
#15 = CARTESIAN_POINT ( 'NONE',  ( -1.633929313036521300, 0.3434999999999996400, -0.05916079783099604400 ) ) ;
#16 = CARTESIAN_POINT ( 'NONE',  ( 0.0000000000000000000, 0.3174999999999998400, 0.0000000000000000000 ) ) ;
#17 = LINE ( 'NONE', #486, #20 ) ;
#18 = CARTESIAN_POINT ( 'NONE',  ( -1.634113607602686500, 0.3412941605279054000, -0.04856533947635906200 ) ) ;
#19 = CIRCLE ( 'NONE', #399, 1.575000000000000200 ) ;
#20 = VECTOR ( 'NONE', #524, 39.37007874015748100 ) ;
#21 = CARTESIAN_POINT ( 'NONE',  ( -1.624401088719375600, 0.3372840112771401900, -0.04466776556977128400 ) ) ;
#22 = CARTESIAN_POINT ( 'NONE',  ( -1.575000000000000000, -0.05649999999999980700, 0.0000000000000000000 ) ) ;
#23 = ORIENTED_EDGE ( 'NONE', *, *, #982, .F. ) ;
#24 = ORIENTED_EDGE ( 'NONE', *, *, #1900, .F. ) ;
#25 = ORIENTED_EDGE ( 'NONE', *, *, #1611, .F. ) ;
#26 = CARTESIAN_POINT ( 'NONE',  ( -1.634977945970449700, 0.3189247046803303500, -0.008379659502397362700 ) ) ;
#27 = ORIENTED_EDGE ( 'NONE', *, *, #943, .T. ) ;
#28 = DIRECTION ( 'NONE',  ( -3.586907429118493800E-017, 1.000000000000000000, 8.659560562354828100E-017 ) ) ;
#29 = VERTEX_POINT ( 'NONE', #2185 ) ;
#30 = ORIENTED_EDGE ( 'NONE', *, *, #1247, .F. ) ;
#31 = VERTEX_POINT ( 'NONE', #2258 ) ;
#32 = ORIENTED_EDGE ( 'NONE', *, *, #1942, .T. ) ;
#33 = ORIENTED_EDGE ( 'NONE', *, *, #1237, .F. ) ;
#34 = CARTESIAN_POINT ( 'NONE',  ( 1.928818708657081100E-016, -0.3435000000000000300, -1.575000000000000000 ) ) ;
#35 = ORIENTED_EDGE ( 'NONE', *, *, #1625, .F. ) ;
#36 = ORIENTED_EDGE ( 'NONE', *, *, #1557, .F. ) ;
#37 = ORIENTED_EDGE ( 'NONE', *, *, #1496, .F. ) ;
#38 = PLANE ( 'NONE',  #443 ) ;
#39 = ORIENTED_EDGE ( 'NONE', *, *, #1386, .T. ) ;
#40 = VECTOR ( 'NONE', #439, 39.37007874015748100 ) ;
#41 = DIRECTION ( 'NONE',  ( 0.0000000000000000000, -0.6969696969696939100, 0.7171005797696533600 ) ) ;
#42 = CARTESIAN_POINT ( 'NONE',  ( -2.234000000000000400, 0.3809999999999998400, 0.0000000000000000000 ) ) ;
#43 =( BOUNDED_SURFACE ( )  B_SPLINE_SURFACE ( 3, 2, ( 
 ( #438, #391, #472 ),
 ( #478, #491, #501 ),
 ( #512, #553, #324 ),
 ( #581, #583, #593 ) ),
 .UNSPECIFIED., .F., .F., .T. ) 
 B_SPLINE_SURFACE_WITH_KNOTS ( ( 4, 4 ),
 ( 3, 3 ),
 ( 1.084202172485504400E-019, 0.0002019807271188823200 ),
 ( 0.0000000000000000000, 1.000000000000000000 ),
 .UNSPECIFIED. ) 
 GEOMETRIC_REPRESENTATION_ITEM ( )  RATIONAL_B_SPLINE_SURFACE ( (
 ( 1.000000000000000000, 0.7151232031765314400, 1.000000000000000000),
 ( 1.000000000000000000, 0.7133556937388261200, 1.000000000000000000),
 ( 1.000000000000000000, 0.7105608650427558400, 1.000000000000000000),
 ( 1.000000000000000000, 0.7071067811865475700, 1.000000000000000000) ) ) 
 REPRESENTATION_ITEM ( '' )  SURFACE ( )  );
#44 = CARTESIAN_POINT ( 'NONE',  ( -2.234000000000000400, 0.3234999999999999000, 0.05916079783099630100 ) ) ;
#45 = DIRECTION ( 'NONE',  ( 0.0000000000000000000, 0.0000000000000000000, 1.000000000000000000 ) ) ;
#46 = CARTESIAN_POINT ( 'NONE',  ( -1.623935861580640500, 0.3334999999999996900, 0.05879895808891066900 ) ) ;
#47 = ORIENTED_EDGE ( 'NONE', *, *, #1384, .F. ) ;
#48 = EDGE_LOOP ( 'NONE', ( #1484, #2250, #1697, #1417 ) ) ;
#49 = ORIENTED_EDGE ( 'NONE', *, *, #1410, .F. ) ;
#50 = EDGE_LOOP ( 'NONE', ( #231, #234 ) ) ;
#51 = CARTESIAN_POINT ( 'NONE',  ( -2.234000000000000400, 0.3434999999999997500, 0.0000000000000000000 ) ) ;
#52 = ORIENTED_EDGE ( 'NONE', *, *, #982, .T. ) ;
#53 = ORIENTED_EDGE ( 'NONE', *, *, #1979, .F. ) ;
#54 = CARTESIAN_POINT ( 'NONE',  ( -1.634173204260898700, 0.3374393939393936500, -0.04481878623560302300 ) ) ;
#55 = EDGE_LOOP ( 'NONE', ( #423, #1613, #429, #431, #452, #454, #455, #458 ) ) ;
#56 = ORIENTED_EDGE ( 'NONE', *, *, #1498, .F. ) ;
#57 = CARTESIAN_POINT ( 'NONE',  ( 1.675895648049516400, -0.3435000000000003100, 0.6941787065441379400 ) ) ;
#58 = EDGE_LOOP ( 'NONE', ( #612, #616 ) ) ;
#59 = ORIENTED_EDGE ( 'NONE', *, *, #1377, .F. ) ;
#60 = EDGE_LOOP ( 'NONE', ( #104, #119 ) ) ;
#61 = B_SPLINE_CURVE_WITH_KNOTS ( 'NONE', 3,
 ( #701, #760, #1986, #697, #683, #736 ),
 .UNSPECIFIED., .F., .F.,
 ( 4, 2, 4 ),
 ( 0.001470665974590337800, 0.002205363115525027600, 0.002940060256459717200 ),
 .UNSPECIFIED. ) ;
#62 = CARTESIAN_POINT ( 'NONE',  ( 2.223284506213734500, 0.3434999999999996400, -0.05378577810215661600 ) ) ;
#63 = LINE ( 'NONE', #396, #40 ) ;
#64 = CIRCLE ( 'NONE', #402, 1.575000000000000200 ) ;
#65 = CARTESIAN_POINT ( 'NONE',  ( -1.624178261115572400, 0.3304696969696966400, -0.05167181165389094600 ) ) ;
#66 = CARTESIAN_POINT ( 'NONE',  ( -1.634387124939281200, 0.3314753500460371800, -0.03902216860296647100 ) ) ;
#67 = VECTOR ( 'NONE', #376, 39.37007874015748100 ) ;
#68 = EDGE_LOOP ( 'NONE', ( #25, #30 ) ) ;
#69 = CARTESIAN_POINT ( 'NONE',  ( 0.6941787065441557000, -0.3435000000000004700, -1.675895648049509300 ) ) ;
#70 = AXIS2_PLACEMENT_3D ( 'NONE', #264, #257, #271 ) ;
#71 = EDGE_LOOP ( 'NONE', ( #357, #363 ) ) ;
#72 = DIRECTION ( 'NONE',  ( -0.0000000000000000000, 1.000000000000000000, -0.0000000000000000000 ) ) ;
#73 = VERTEX_POINT ( 'NONE', #2100 ) ;
#74 = CARTESIAN_POINT ( 'NONE',  ( 0.0000000000000000000, 0.0000000000000000000, 0.0000000000000000000 ) ) ;
#75 = ORIENTED_EDGE ( 'NONE', *, *, #1785, .F. ) ;
#76 = VERTEX_POINT ( 'NONE', #1985 ) ;
#77 = ORIENTED_EDGE ( 'NONE', *, *, #1612, .T. ) ;
#78 = CARTESIAN_POINT ( 'NONE',  ( -2.233389509216120200, 0.3304696969696966400, -0.05222355908380897600 ) ) ;
#79 = EDGE_LOOP ( 'NONE', ( #331, #351 ) ) ;
#80 = ORIENTED_EDGE ( 'NONE', *, *, #1413, .F. ) ;
#81 = ORIENTED_EDGE ( 'NONE', *, *, #1617, .F. ) ;
#82 = CARTESIAN_POINT ( 'NONE',  ( -1.841895648049511700, -0.3435000000000010800, 0.6941787065441498200 ) ) ;
#83 = CARTESIAN_POINT ( 'NONE',  ( -1.634173204260898700, 0.3374393939393936500, -0.04481878623560304300 ) ) ;
#84 = EDGE_LOOP ( 'NONE', ( #302, #321 ) ) ;
#85 = ORIENTED_EDGE ( 'NONE', *, *, #1625, .T. ) ;
#86 = AXIS2_PLACEMENT_3D ( 'NONE', #1681, #101, #1922 ) ;
#87 = CIRCLE ( 'NONE', #1540, 1.624999999999999800 ) ;
#88 = CIRCLE ( 'NONE', #1545, 0.1660000000000002300 ) ;
#89 = CARTESIAN_POINT ( 'NONE',  ( 1.624588822109053400, 0.3184624394129335100, 0.03676525748941993100 ) ) ;
#90 = CARTESIAN_POINT ( 'NONE',  ( -1.624557850373997200, 0.3313199634377642100, -0.03883081257940561300 ) ) ;
#91 = CIRCLE ( 'NONE', #405, 1.575000000000000200 ) ;
#92 = DIRECTION ( 'NONE',  ( 0.02216803274104239100, -0.7169243587330337300, 0.6967984229170015600 ) ) ;
#93 = ORIENTED_EDGE ( 'NONE', *, *, #1777, .T. ) ;
#94 = CARTESIAN_POINT ( 'NONE',  ( -1.624390875412128600, 0.3235513395609604900, -0.04498879614860736700 ) ) ;
#95 = CARTESIAN_POINT ( 'NONE',  ( -1.634602762857522400, 0.3266720751893801800, -0.03200215491526449400 ) ) ;
#96 = EDGE_LOOP ( 'NONE', ( #179, #182, #201, #204 ) ) ;
#97 = CARTESIAN_POINT ( 'NONE',  ( -1.624713962145492700, 0.3265688015207048300, -0.03181173236030309500 ) ) ;
#98 = DIRECTION ( 'NONE',  ( -1.224646799147340400E-016, 1.000000000000000000, 1.224646799147353200E-016 ) ) ;
#99 = VERTEX_POINT ( 'NONE', #2124 ) ;
#100 = EDGE_LOOP ( 'NONE', ( #278, #296 ) ) ;
#101 = DIRECTION ( 'NONE',  ( 0.0000000000000000000, 1.000000000000000000, 0.0000000000000000000 ) ) ;
#102 = CARTESIAN_POINT ( 'NONE',  ( -1.634281263660193300, 0.3344267296328019000, -0.04189069527030058600 ) ) ;
#103 = CARTESIAN_POINT ( 'NONE',  ( -1.624605192425662100, 0.3179796073590611700, -0.03689545071503984300 ) ) ;
#104 = ORIENTED_EDGE ( 'NONE', *, *, #1626, .F. ) ;
#105 = CARTESIAN_POINT ( 'NONE',  ( -1.634679587092689100, 0.3250508970215289000, -0.02816559450360207200 ) ) ;
#106 = LINE ( 'NONE', #367, #67 ) ;
#107 = VECTOR ( 'NONE', #248, 39.37007874015748100 ) ;
#108 = DIRECTION ( 'NONE',  ( -0.0000000000000000000, 1.000000000000000000, -0.0000000000000000000 ) ) ;
#109 = DIRECTION ( 'NONE',  ( -0.0000000000000000000, -1.000000000000000000, -0.0000000000000000000 ) ) ;
#110 = CARTESIAN_POINT ( 'NONE',  ( -1.634833276246714200, 0.3218076613831227200, -0.02049072674229009100 ) ) ;
#111 = DIRECTION ( 'NONE',  ( 0.7071067811865438000, 0.0000000000000000000, -0.7071067811865512400 ) ) ;
#112 = CIRCLE ( 'NONE', #407, 1.624999999999999800 ) ;
#113 = EDGE_LOOP ( 'NONE', ( #552, #554, #556, #577 ) ) ;
#114 = CARTESIAN_POINT ( 'NONE',  ( -1.624880175196196500, 0.3217620293773218500, -0.02035567014727252700 ) ) ;
#115 = DIRECTION ( 'NONE',  ( 0.0000000000000000000, 0.0000000000000000000, 1.000000000000000000 ) ) ;
#116 = EDGE_LOOP ( 'NONE', ( #236, #252 ) ) ;
#117 = ORIENTED_EDGE ( 'NONE', *, *, #1496, .T. ) ;
#118 = EDGE_LOOP ( 'NONE', ( #208, #226 ) ) ;
#119 = ORIENTED_EDGE ( 'NONE', *, *, #1914, .F. ) ;
#120 = CARTESIAN_POINT ( 'NONE',  ( -2.223471670728292400, 0.3344264980509774600, 0.04189047018958181500 ) ) ;
#121 = ORIENTED_EDGE ( 'NONE', *, *, #1923, .F. ) ;
#122 = CARTESIAN_POINT ( 'NONE',  ( -1.624834295972274100, 0.3123368871347324000, -0.02362386541731407300 ) ) ;
#123 = ORIENTED_EDGE ( 'NONE', *, *, #1629, .F. ) ;
#124 = CARTESIAN_POINT ( 'NONE',  ( -1.634894352465816600, 0.3205830655722635100, -0.01653342126865488600 ) ) ;
#125 = ORIENTED_EDGE ( 'NONE', *, *, #1410, .T. ) ;
#126 = CARTESIAN_POINT ( 'NONE',  ( -1.624924086203761700, 0.3205543395723454700, -0.01642103839709427700 ) ) ;
#127 = EDGE_LOOP ( 'NONE', ( #297, #300 ) ) ;
#128 = VERTEX_POINT ( 'NONE', #703 ) ;
#129 = CARTESIAN_POINT ( 'NONE',  ( -1.624894998619166800, 0.3109163559984852200, -0.01906146734732726600 ) ) ;
#130 = CARTESIAN_POINT ( 'NONE',  ( -1.634977948046757900, 0.3189246645989546900, -0.008379303034259417600 ) ) ;
#131 = VECTOR ( 'NONE', #218, 39.37007874015748100 ) ;
#132 = CARTESIAN_POINT ( 'NONE',  ( -1.624984193382799300, 0.3189179895550153200, -0.008317590847827672400 ) ) ;
#133 = CARTESIAN_POINT ( 'NONE',  ( 1.675895648049516400, 0.3435000000000003600, 0.6941787065441379400 ) ) ;
#134 = LINE ( 'NONE', #219, #107 ) ;
#135 = CARTESIAN_POINT ( 'NONE',  ( -1.624978082930028000, 0.3089926110001279300, -0.009660542017194724200 ) ) ;
#136 = CIRCLE ( 'NONE', #462, 1.499000000000000100 ) ;
#137 = CARTESIAN_POINT ( 'NONE',  ( -2.233209451533402700, 0.3334999999999995700, 0.05942680861261045300 ) ) ;
#138 = CIRCLE ( 'NONE', #430, 1.575000000000000200 ) ;
#139 = CARTESIAN_POINT ( 'NONE',  ( -1.624682651406537300, 0.3160714080412699900, 0.03241391549840042000 ) ) ;
#140 = CARTESIAN_POINT ( 'NONE',  ( -1.634999925963771300, 0.3185014393222384600, -0.004168403422864052100 ) ) ;
#141 = CARTESIAN_POINT ( 'NONE',  ( -1.634586757203863900, 0.3270777830527883400, -0.03187185550955373000 ) ) ;
#142 = LINE ( 'NONE', #240, #131 ) ;
#143 = CARTESIAN_POINT ( 'NONE',  ( -1.624999946840444100, 0.3185014189240139600, -0.004138825255633055100 ) ) ;
#144 = CARTESIAN_POINT ( 'NONE',  ( 1.624032681127814700, 0.3334999999999999600, 0.05612495263254859600 ) ) ;
#145 = VERTEX_POINT ( 'NONE', #2236 ) ;
#146 = CARTESIAN_POINT ( 'NONE',  ( 2.233549245520954200, 0.3234725752136011800, 0.04539228611588881600 ) ) ;
#147 = B_SPLINE_CURVE_WITH_KNOTS ( 'NONE', 3,
 ( #673, #1164, #595, #626 ),
 .UNSPECIFIED., .F., .F.,
 ( 4, 4 ),
 ( 0.0000000000000000000, 0.0004088134155790802100 ),
 .UNSPECIFIED. ) ;
#148 = ORIENTED_EDGE ( 'NONE', *, *, #1921, .F. ) ;
#149 = CARTESIAN_POINT ( 'NONE',  ( -1.624999926417954000, 0.3085016696451127200, -0.004805773976808043500 ) ) ;
#150 = ORIENTED_EDGE ( 'NONE', *, *, #1907, .F. ) ;
#151 = ORIENTED_EDGE ( 'NONE', *, *, #1637, .F. ) ;
#152 = VERTEX_POINT ( 'NONE', #1847 ) ;
#153 = VERTEX_POINT ( 'NONE', #1630 ) ;
#154 = CARTESIAN_POINT ( 'NONE',  ( -1.634894344953208300, 0.3205832157195880300, -0.01653400010930435400 ) ) ;
#155 = CARTESIAN_POINT ( 'NONE',  ( -1.635000147494515100, 0.3184971325913497100, 0.008271895867754874500 ) ) ;
#156 = ORIENTED_EDGE ( 'NONE', *, *, #1000, .F. ) ;
#157 = CARTESIAN_POINT ( 'NONE',  ( -1.625000105904461600, 0.3184971732197177700, 0.008213225225644630800 ) ) ;
#158 = CARTESIAN_POINT ( 'NONE',  ( -1.625000146589684800, 0.3084966737433335600, 0.009536711749653065100 ) ) ;
#159 = EDGE_LOOP ( 'NONE', ( #273, #275 ) ) ;
#160 = CARTESIAN_POINT ( 'NONE',  ( -1.634910011033218900, 0.3201895315252164500, 0.01664316657256046200 ) ) ;
#161 = CARTESIAN_POINT ( 'NONE',  ( -1.635000147430606000, 0.3184971337805435600, 0.008272229234810512000 ) ) ;
#162 = DIRECTION ( 'NONE',  ( -1.224646799147353200E-016, 1.000000000000000000, 0.0000000000000000000 ) ) ;
#163 = CYLINDRICAL_SURFACE ( 'NONE', #445, 0.1660000000000000900 ) ;
#164 = CARTESIAN_POINT ( 'NONE',  ( 0.0000000000000000000, 0.0000000000000000000, 0.0000000000000000000 ) ) ;
#165 = CARTESIAN_POINT ( 'NONE',  ( -1.624935733313953600, 0.3201564589643465200, 0.01651079061395904400 ) ) ;
#166 = CARTESIAN_POINT ( 'NONE',  ( -1.634910001840741000, 0.3201897116005019700, 0.01664381884142688100 ) ) ;
#167 = PRODUCT ( 'P102263', 'P102263', '', ( #1099 ) ) ;
#168 = CARTESIAN_POINT ( 'NONE',  ( -1.624910561445821000, 0.3104598565461697000, 0.01918799327565416300 ) ) ;
#169 = CARTESIAN_POINT ( 'NONE',  ( -1.634604827510687000, 0.3266273594294740700, 0.03191432026919481500 ) ) ;
#170 = ORIENTED_EDGE ( 'NONE', *, *, #1715, .F. ) ;
#171 = CARTESIAN_POINT ( 'NONE',  ( 0.0000000000000000000, 0.2975000000000002600, 0.0000000000000000000 ) ) ;
#172 = VERTEX_POINT ( 'NONE', #2207 ) ;
#173 = ORIENTED_EDGE ( 'NONE', *, *, #1643, .F. ) ;
#174 = CARTESIAN_POINT ( 'NONE',  ( -1.634604842611121000, 0.3266270270472723700, 0.03191375693907856600 ) ) ;
#175 = ORIENTED_EDGE ( 'NONE', *, *, #1422, .T. ) ;
#176 = ORIENTED_EDGE ( 'NONE', *, *, #1667, .F. ) ;
#177 = ORIENTED_EDGE ( 'NONE', *, *, #1643, .T. ) ;
#178 = CARTESIAN_POINT ( 'NONE',  ( -1.634173204260898700, 0.3374393939393936500, -0.04481878623560304300 ) ) ;
#179 = ORIENTED_EDGE ( 'NONE', *, *, #1648, .T. ) ;
#180 = CARTESIAN_POINT ( 'NONE',  ( -1.634999925995988400, 0.3185014387225375000, -0.004168555359763831600 ) ) ;
#181 = ORIENTED_EDGE ( 'NONE', *, *, #1825, .F. ) ;
#182 = ORIENTED_EDGE ( 'NONE', *, *, #1654, .T. ) ;
#183 = CARTESIAN_POINT ( 'NONE',  ( -1.624715462362740400, 0.3265242944283512400, 0.03172376009539714500 ) ) ;
#184 = ORIENTED_EDGE ( 'NONE', *, *, #1708, .F. ) ;
#185 = CARTESIAN_POINT ( 'NONE',  ( -1.624607259454516500, 0.3179273513979173300, 0.03679353627751989100 ) ) ;
#186 = DIRECTION ( 'NONE',  ( -0.7071067811865540100, 0.0000000000000000000, -0.7071067811865409100 ) ) ;
#187 = FACE_OUTER_BOUND ( 'NONE', #246, .T. ) ;
#188 = CARTESIAN_POINT ( 'NONE',  ( -1.634387849138178700, 0.3314551595960639200, 0.03900254495156180200 ) ) ;
#189 = CARTESIAN_POINT ( 'NONE',  ( -1.624558383660319500, 0.3312996743055135500, 0.03881095596534645700 ) ) ;
#190 = DIRECTION ( 'NONE',  ( -0.0000000000000000000, -1.000000000000000000, -0.0000000000000000000 ) ) ;
#191 = FACE_OUTER_BOUND ( 'NONE', #1768, .T. ) ;
#192 = CYLINDRICAL_SURFACE ( 'NONE', #450, 0.02000000000000000700 ) ;
#193 = CARTESIAN_POINT ( 'NONE',  ( -1.624391595973153000, 0.3235278927023717000, 0.04496614705784630200 ) ) ;
#194 = CARTESIAN_POINT ( 'NONE',  ( -1.634173204260898700, 0.3374393939393938700, 0.04481878623560325200 ) ) ;
#195 = CIRCLE ( 'NONE', #476, 0.1660000000000002300 ) ;
#196 = CARTESIAN_POINT ( 'NONE',  ( -1.624401088719375400, 0.3372840112771404700, 0.04466776556977152000 ) ) ;
#197 = CARTESIAN_POINT ( 'NONE',  ( -1.624178261115572400, 0.3304696969696969100, 0.05167181165389120300 ) ) ;
#198 = VERTEX_POINT ( 'NONE', #1726 ) ;
#199 = PLANE ( 'NONE',  #824 ) ;
#200 = CARTESIAN_POINT ( 'NONE',  ( 1.634910001840740800, 0.3201897116005019100, -0.01664381884142660700 ) ) ;
#201 = ORIENTED_EDGE ( 'NONE', *, *, #1657, .T. ) ;
#202 = CARTESIAN_POINT ( 'NONE',  ( -2.234000000000000400, 0.3434999999999996400, 0.0000000000000000000 ) ) ;
#203 = VERTEX_POINT ( 'NONE', #1965 ) ;
#204 = ORIENTED_EDGE ( 'NONE', *, *, #1661, .T. ) ;
#205 = VERTEX_POINT ( 'NONE', #2114 ) ;
#206 = CARTESIAN_POINT ( 'NONE',  ( -2.234000000000000400, 0.3434999999999999200, 0.05916079783099623100 ) ) ;
#207 = ORIENTED_EDGE ( 'NONE', *, *, #1932, .T. ) ;
#208 = ORIENTED_EDGE ( 'NONE', *, *, #1662, .T. ) ;
#209 = ORIENTED_EDGE ( 'NONE', *, *, #1637, .T. ) ;
#210 = DIRECTION ( 'NONE',  ( -1.224646799147353200E-016, 1.000000000000000000, -0.0000000000000000000 ) ) ;
#211 = CARTESIAN_POINT ( 'NONE',  ( -1.634389323472519500, 0.3314140538110009700, 0.03896259311305092000 ) ) ;
#212 = CARTESIAN_POINT ( 'NONE',  ( -2.339075386371440400E-017, 0.3334999999999998500, 0.0000000000000000000 ) ) ;
#213 = CYLINDRICAL_SURFACE ( 'NONE', #461, 0.1660000000000000900 ) ;
#214 = B_SPLINE_CURVE_WITH_KNOTS ( 'NONE', 3,
 ( #2135, #2043, #250, #416, #1651, #1990, #842, #2191, #668, #440 ),
 .UNSPECIFIED., .F., .F.,
 ( 4, 2, 2, 2, 4 ),
 ( 0.0000000000000000000, 0.0003676664936475844500, 0.0007353329872951689000, 0.001102999480942753400, 0.001470665974590337800 ),
 .UNSPECIFIED. ) ;
#215 = FACE_BOUND ( 'NONE', #1717, .T. ) ;
#216 = DIRECTION ( 'NONE',  ( 0.0000000000000000000, 0.0000000000000000000, 1.000000000000000000 ) ) ;
#217 = CARTESIAN_POINT ( 'NONE',  ( 0.0000000000000000000, 0.2235000000000002800, 0.0000000000000000000 ) ) ;
#218 = DIRECTION ( 'NONE',  ( -0.0000000000000000000, -1.000000000000000000, -0.0000000000000000000 ) ) ;
#219 = CARTESIAN_POINT ( 'NONE',  ( 1.928818708657081600E-016, -4.798272721475250100, -1.575000000000000200 ) ) ;
#220 = EDGE_LOOP ( 'NONE', ( #859, #1242, #1245, #875 ) ) ;
#221 = DIRECTION ( 'NONE',  ( -1.000000000000000000, -1.224646799147353200E-016, 0.0000000000000000000 ) ) ;
#222 = ORIENTED_EDGE ( 'NONE', *, *, #1883, .F. ) ;
#223 = ADVANCED_FACE ( 'NONE', ( #1329 ), #1724, .T. ) ;
#224 = VERTEX_POINT ( 'NONE', #1412 ) ;
#225 = CARTESIAN_POINT ( 'NONE',  ( 0.0000000000000000000, 0.0000000000000000000, 0.0000000000000000000 ) ) ;
#226 = ORIENTED_EDGE ( 'NONE', *, *, #1945, .T. ) ;
#227 = DIRECTION ( 'NONE',  ( -1.000000000000000000, -1.224646799147353200E-016, 0.0000000000000000000 ) ) ;
#228 = CARTESIAN_POINT ( 'NONE',  ( 0.0000000000000000000, 0.2716397504824582000, 0.0000000000000000000 ) ) ;
#229 = VERTEX_POINT ( 'NONE', #1063 ) ;
#230 = ORIENTED_EDGE ( 'NONE', *, *, #1414, .T. ) ;
#231 = ORIENTED_EDGE ( 'NONE', *, *, #1672, .T. ) ;
#232 = CARTESIAN_POINT ( 'NONE',  ( 1.675895648049511500, 0.3435000000000000800, -0.5281787065441495600 ) ) ;
#233 = ORIENTED_EDGE ( 'NONE', *, *, #1703, .F. ) ;
#234 = ORIENTED_EDGE ( 'NONE', *, *, #1749, .T. ) ;
#235 = ORIENTED_EDGE ( 'NONE', *, *, #1492, .T. ) ;
#236 = ORIENTED_EDGE ( 'NONE', *, *, #1680, .T. ) ;
#237 = DIRECTION ( 'NONE',  ( 1.000000000000000000, -0.0000000000000000000, -0.0000000000000000000 ) ) ;
#238 = FACE_OUTER_BOUND ( 'NONE', #266, .T. ) ;
#239 = CARTESIAN_POINT ( 'NONE',  ( 1.675895648049511500, -0.3435000000000000300, -0.6941787065441498200 ) ) ;
#240 = CARTESIAN_POINT ( 'NONE',  ( 0.0000000000000000000, 0.0000000000000000000, -1.499000000000000100 ) ) ;
#241 = CARTESIAN_POINT ( 'NONE',  ( 0.0000000000000000000, -0.05649999999999980700, 1.575000000000000000 ) ) ;
#242 = CARTESIAN_POINT ( 'NONE',  ( 0.0000000000000000000, 0.3174999999999998400, 0.0000000000000000000 ) ) ;
#243 = DIRECTION ( 'NONE',  ( -0.0000000000000000000, -1.000000000000000000, -0.0000000000000000000 ) ) ;
#244 = FACE_OUTER_BOUND ( 'NONE', #1678, .T. ) ;
#245 = DIRECTION ( 'NONE',  ( 0.0000000000000000000, 0.0000000000000000000, -1.000000000000000000 ) ) ;
#246 = EDGE_LOOP ( 'NONE', ( #2238, #2263, #2220, #2102 ) ) ;
#247 = CARTESIAN_POINT ( 'NONE',  ( -1.634388032200504000, 0.3317574698549464200, -0.03871167626230523400 ) ) ;
#248 = DIRECTION ( 'NONE',  ( -0.0000000000000000000, 1.000000000000000000, -0.0000000000000000000 ) ) ;
#249 = ORIENTED_EDGE ( 'NONE', *, *, #1873, .F. ) ;
#250 = CARTESIAN_POINT ( 'NONE',  ( -2.233548395250431800, 0.3238678973285570300, 0.04509426687426264900 ) ) ;
#251 = EDGE_LOOP ( 'NONE', ( #629, #638, #641, #656 ) ) ;
#252 = ORIENTED_EDGE ( 'NONE', *, *, #1224, .T. ) ;
#253 = DIRECTION ( 'NONE',  ( -2.090602855382839300E-016, 1.000000000000000000, 8.659560562355010500E-017 ) ) ;
#254 = EDGE_LOOP ( 'NONE', ( #579, #580 ) ) ;
#255 = ORIENTED_EDGE ( 'NONE', *, *, #1629, .T. ) ;
#256 = ORIENTED_EDGE ( 'NONE', *, *, #1414, .F. ) ;
#257 = DIRECTION ( 'NONE',  ( -1.224646799147353200E-016, 1.000000000000000000, -0.0000000000000000000 ) ) ;
#258 = CARTESIAN_POINT ( 'NONE',  ( 1.634999925995988600, 0.3185014387225376100, 0.004168555359764121300 ) ) ;
#259 = ORIENTED_EDGE ( 'NONE', *, *, #1581, .T. ) ;
#260 = CARTESIAN_POINT ( 'NONE',  ( -2.223392241941204400, 0.3374393939393938700, 0.04481878623560323100 ) ) ;
#261 = VECTOR ( 'NONE', #975, 39.37007874015748100 ) ;
#262 = DIMENSIONAL_EXPONENTS ( 1.000000000000000000, 0.0000000000000000000, 0.0000000000000000000, 0.0000000000000000000, 0.0000000000000000000, 0.0000000000000000000, 0.0000000000000000000 ) ;
#263 = CARTESIAN_POINT ( 'NONE',  ( 0.0000000000000000000, -0.3234999999999994500, 0.0000000000000000000 ) ) ;
#264 = CARTESIAN_POINT ( 'NONE',  ( -2.461540066286176000E-017, 0.3434999999999999200, 0.0000000000000000000 ) ) ;
#265 = DIRECTION ( 'NONE',  ( 1.000000000000000000, -0.0000000000000000000, -0.0000000000000000000 ) ) ;
#266 = EDGE_LOOP ( 'NONE', ( #732, #737, #754, #759 ) ) ;
#267 = LINE ( 'NONE', #206, #2130 ) ;
#268 = AXIS2_PLACEMENT_3D ( 'NONE', #1745, #621, #111 ) ;
#269 = DIRECTION ( 'NONE',  ( 1.224646799147353200E-016, -1.000000000000000000, 0.0000000000000000000 ) ) ;
#270 = VERTEX_POINT ( 'NONE', #1032 ) ;
#271 = DIRECTION ( 'NONE',  ( -1.000000000000000000, -1.228348918014506700E-016, 0.0000000000000000000 ) ) ;
#272 = ORIENTED_EDGE ( 'NONE', *, *, #1806, .F. ) ;
#273 = ORIENTED_EDGE ( 'NONE', *, *, #1684, .T. ) ;
#274 = VERTEX_POINT ( 'NONE', #2018 ) ;
#275 = ORIENTED_EDGE ( 'NONE', *, *, #1805, .T. ) ;
#276 = EDGE_LOOP ( 'NONE', ( #977, #980, #981, #984 ) ) ;
#277 = EDGE_LOOP ( 'NONE', ( #936, #951, #962, #965 ) ) ;
#278 = ORIENTED_EDGE ( 'NONE', *, *, #1686, .T. ) ;
#279 = AXIS2_PLACEMENT_3D ( 'NONE', #2168, #2020, #2219 ) ;
#280 = LINE ( 'NONE', #985, #261 ) ;
#281 = CIRCLE ( 'NONE', #477, 0.1660000000000001500 ) ;
#282 = AXIS2_PLACEMENT_3D ( 'NONE', #1638, #693, #41 ) ;
#283 = AXIS2_PLACEMENT_3D ( 'NONE', #1646, #92, #1128 ) ;
#284 = CARTESIAN_POINT ( 'NONE',  ( -2.223550153932060800, 0.3317570754030025900, 0.03871119774594026400 ) ) ;
#285 = CIRCLE ( 'NONE', #1533, 1.399999999999999900 ) ;
#286 = CARTESIAN_POINT ( 'NONE',  ( -2.223764472740096000, 0.3250503644936538200, 0.02816453890661769000 ) ) ;
#287 = AXIS2_PLACEMENT_3D ( 'NONE', #1477, #479, #1690 ) ;
#288 = AXIS2_PLACEMENT_3D ( 'NONE', #1021, #444, #186 ) ;
#289 = CIRCLE ( 'NONE', #488, 0.1660000000000002300 ) ;
#290 = EDGE_LOOP ( 'NONE', ( #353, #2136, #2138, #2188, #2223 ) ) ;
#291 = DIRECTION ( 'NONE',  ( 1.000000000000000000, 1.300879996982982200E-016, 0.0000000000000000000 ) ) ;
#292 = ORIENTED_EDGE ( 'NONE', *, *, #1512, .F. ) ;
#293 = ADVANCED_FACE ( 'NONE', ( #1350 ), #1259, .T. ) ;
#294 = DIRECTION ( 'NONE',  ( 0.0000000000000000000, -0.6969696969696939100, 0.7171005797696533600 ) ) ;
#295 = VERTEX_POINT ( 'NONE', #1170 ) ;
#296 = ORIENTED_EDGE ( 'NONE', *, *, #1511, .T. ) ;
#297 = ORIENTED_EDGE ( 'NONE', *, *, #1512, .T. ) ;
#298 = DIRECTION ( 'NONE',  ( -0.01629514477188006100, 0.7170053669652529700, 0.6968771570369389800 ) ) ;
#299 = DIRECTION ( 'NONE',  ( -0.0000000000000000000, 1.000000000000000000, -0.0000000000000000000 ) ) ;
#300 = ORIENTED_EDGE ( 'NONE', *, *, #1920, .T. ) ;
#301 = CARTESIAN_POINT ( 'NONE',  ( -2.234000000000000400, -0.3235000000000001800, 0.0000000000000000000 ) ) ;
#302 = ORIENTED_EDGE ( 'NONE', *, *, #1703, .T. ) ;
#303 = AXIS2_PLACEMENT_3D ( 'NONE', #2179, #794, #780 ) ;
#304 = AXIS2_PLACEMENT_3D ( 'NONE', #2052, #2105, #877 ) ;
#305 = CARTESIAN_POINT ( 'NONE',  ( 2.223392241941204000, 0.3304696969696969100, 0.05198979203329975200 ) ) ;
#306 = VERTEX_POINT ( 'NONE', #1072 ) ;
#307 = AXIS2_PLACEMENT_3D ( 'NONE', #947, #1801, #2280 ) ;
#308 = FACE_OUTER_BOUND ( 'NONE', #1485, .T. ) ;
#309 = CARTESIAN_POINT ( 'NONE',  ( 1.635000147430605700, 0.3184971337805434500, -0.008272229234810238000 ) ) ;
#310 = CIRCLE ( 'NONE', #509, 1.399999999999999900 ) ;
#311 = CARTESIAN_POINT ( 'NONE',  ( 0.0000000000000000000, 0.3334999999999998500, 0.0000000000000000000 ) ) ;
#312 = CIRCLE ( 'NONE', #557, 0.1660000000000002300 ) ;
#313 = ADVANCED_FACE ( 'NONE', ( #1294 ), #1824, .T. ) ;
#314 = CARTESIAN_POINT ( 'NONE',  ( -2.339075386371440400E-017, 0.3334999999999998500, 0.0000000000000000000 ) ) ;
#315 = FACE_OUTER_BOUND ( 'NONE', #1552, .T. ) ;
#316 = DIRECTION ( 'NONE',  ( 0.0000000000000000000, 0.0000000000000000000, 1.000000000000000000 ) ) ;
#317 = AXIS2_PLACEMENT_3D ( 'NONE', #314, #1395, #1763 ) ;
#318 = CARTESIAN_POINT ( 'NONE',  ( -2.223877439968374900, 0.3218074765612296600, 0.02049019604752493800 ) ) ;
#319 = DIRECTION ( 'NONE',  ( -1.224646799147353200E-016, 1.000000000000000000, -0.0000000000000000000 ) ) ;
#320 = CARTESIAN_POINT ( 'NONE',  ( 2.234000000000000400, 0.3435000000000003100, 2.735860949295187200E-016 ) ) ;
#321 = ORIENTED_EDGE ( 'NONE', *, *, #1298, .T. ) ;
#322 = VERTEX_POINT ( 'NONE', #2198 ) ;
#323 = ADVANCED_FACE ( 'NONE', ( #1292 ), #1238, .F. ) ;
#324 = CARTESIAN_POINT ( 'NONE',  ( 1.624032920701828700, 0.3334999975289862900, -0.05611833597052332000 ) ) ;
#325 = ORIENTED_EDGE ( 'NONE', *, *, #1933, .T. ) ;
#326 = AXIS2_PLACEMENT_3D ( 'NONE', #1935, #748, #2259 ) ;
#327 = ADVANCED_FACE ( 'NONE', ( #1340 ), #1231, .T. ) ;
#328 = ADVANCED_FACE ( 'NONE', ( #1254 ), #1202, .T. ) ;
#329 = ORIENTED_EDGE ( 'NONE', *, *, #1626, .T. ) ;
#330 = PLANE ( 'NONE',  #795 ) ;
#331 = ORIENTED_EDGE ( 'NONE', *, *, #1708, .T. ) ;
#332 = AXIS2_PLACEMENT_3D ( 'NONE', #2226, #2095, #368 ) ;
#333 = DIRECTION ( 'NONE',  ( -1.224646799147353200E-016, 1.000000000000000000, -0.0000000000000000000 ) ) ;
#334 = DIRECTION ( 'NONE',  ( -1.000000000000000000, -1.260852920152737000E-016, 0.0000000000000000000 ) ) ;
#335 = VECTOR ( 'NONE', #758, 39.37007874015748100 ) ;
#336 = FACE_OUTER_BOUND ( 'NONE', #498, .T. ) ;
#337 = LINE ( 'NONE', #757, #335 ) ;
#338 = ADVANCED_FACE ( 'NONE', ( #1235 ), #1196, .F. ) ;
#339 = CARTESIAN_POINT ( 'NONE',  ( -2.223922337886286900, 0.3205829305498390000, 0.01653290621729726000 ) ) ;
#340 = AXIS2_PLACEMENT_3D ( 'NONE', #1991, #2265, #1650 ) ;
#341 = DIRECTION ( 'NONE',  ( 0.0000000000000000000, 0.0000000000000000000, 1.000000000000000000 ) ) ;
#342 = AXIS2_PLACEMENT_3D ( 'NONE', #1303, #1967, #1122 ) ;
#343 = ADVANCED_FACE ( 'NONE', ( #1226 ), #1177, .F. ) ;
#344 = CARTESIAN_POINT ( 'NONE',  ( -2.223999945747166000, 0.3185014347004881400, 0.004168195879958418200 ) ) ;
#345 = CARTESIAN_POINT ( 'NONE',  ( 0.0000000000000000000, -0.05649999999999980700, 0.0000000000000000000 ) ) ;
#346 = ADVANCED_FACE ( 'NONE', ( #1287 ), #1157, .F. ) ;
#347 = CARTESIAN_POINT ( 'NONE',  ( -1.634833265830824700, 0.3218078742609506400, -0.02049134178938678500 ) ) ;
#348 = AXIS2_PLACEMENT_3D ( 'NONE', #604, #1601, #1848 ) ;
#349 = DIRECTION ( 'NONE',  ( 1.224646799147353200E-016, -1.000000000000000000, 0.0000000000000000000 ) ) ;
#350 = EDGE_LOOP ( 'NONE', ( #1431, #1998, #2003, #451 ) ) ;
#351 = ORIENTED_EDGE ( 'NONE', *, *, #1117, .T. ) ;
#352 = AXIS2_PLACEMENT_3D ( 'NONE', #1371, #969, #622 ) ;
#353 = ORIENTED_EDGE ( 'NONE', *, *, #1973, .T. ) ;
#354 = ADVANCED_FACE ( 'NONE', ( #1195 ), #1150, .F. ) ;
#355 = EDGE_LOOP ( 'NONE', ( #1559, #1899, #1597, #1623 ) ) ;
#356 = DIRECTION ( 'NONE',  ( 1.000000000000000000, 1.224646799147353200E-016, 0.0000000000000000000 ) ) ;
#357 = ORIENTED_EDGE ( 'NONE', *, *, #1715, .T. ) ;
#358 = VERTEX_POINT ( 'NONE', #82 ) ;
#359 = EDGE_LOOP ( 'NONE', ( #1472, #1311, #1320, #1070 ) ) ;
#360 = ORIENTED_EDGE ( 'NONE', *, *, #1892, .F. ) ;
#361 = AXIS2_PLACEMENT_3D ( 'NONE', #2244, #1349, #1572 ) ;
#362 = ORIENTED_EDGE ( 'NONE', *, *, #1506, .T. ) ;
#363 = ORIENTED_EDGE ( 'NONE', *, *, #1387, .T. ) ;
#364 = AXIS2_PLACEMENT_3D ( 'NONE', #2257, #1293, #2193 ) ;
#365 = DIRECTION ( 'NONE',  ( 0.0000000000000000000, -1.000000000000000000, 0.0000000000000000000 ) ) ;
#366 = DIRECTION ( 'NONE',  ( 0.0000000000000000000, 0.0000000000000000000, -1.000000000000000000 ) ) ;
#367 = CARTESIAN_POINT ( 'NONE',  ( 0.0000000000000000000, 0.2716397504824582000, -1.624999999999999800 ) ) ;
#368 = DIRECTION ( 'NONE',  ( 0.0000000000000000000, 0.0000000000000000000, -1.000000000000000000 ) ) ;
#369 = DIRECTION ( 'NONE',  ( -1.000000000000000000, 0.0000000000000000000, 9.874149374690094300E-015 ) ) ;
#370 = DIRECTION ( 'NONE',  ( -0.0000000000000000000, 1.000000000000000000, -0.0000000000000000000 ) ) ;
#371 = ADVANCED_FACE ( 'NONE', ( #1199 ), #1127, .F. ) ;
#372 = CONICAL_SURFACE ( 'NONE', #582, 1.399999999999999900, 0.7853981633974573800 ) ;
#373 = AXIS2_PLACEMENT_3D ( 'NONE', #945, #2091, #2214 ) ;
#374 = DIRECTION ( 'NONE',  ( 1.000000000000000000, -0.0000000000000000000, -0.0000000000000000000 ) ) ;
#375 = AXIS2_PLACEMENT_3D ( 'NONE', #519, #560, #559 ) ;
#376 = DIRECTION ( 'NONE',  ( 0.0000000000000000000, -0.3420201433256702700, -0.9396926207859077600 ) ) ;
#377 = CARTESIAN_POINT ( 'NONE',  ( 1.675895648049511500, -0.3435000000000000300, -0.6941787065441498200 ) ) ;
#378 = B_SPLINE_CURVE_WITH_KNOTS ( 'NONE', 3,
 ( #137, #1263, #1539, #1799 ),
 .UNSPECIFIED., .F., .F.,
 ( 4, 4 ),
 ( 1.517883041479706200E-018, 0.0002026862539641751500 ),
 .UNSPECIFIED. ) ;
#379 = DIRECTION ( 'NONE',  ( 0.0000000000000000000, 1.000000000000000000, 0.0000000000000000000 ) ) ;
#380 = AXIS2_PLACEMENT_3D ( 'NONE', #305, #298, #294 ) ;
#381 = CARTESIAN_POINT ( 'NONE',  ( 0.0000000000000000000, 0.0000000000000000000, 0.0000000000000000000 ) ) ;
#382 = CARTESIAN_POINT ( 'NONE',  ( -0.8601787065441559600, -0.3435000000000008600, -1.675895648049509100 ) ) ;
#383 = FACE_BOUND ( 'NONE', #730, .T. ) ;
#384 = ADVANCED_FACE ( 'NONE', ( #1154 ), #1107, .F. ) ;
#385 = EDGE_LOOP ( 'NONE', ( #395, #422 ) ) ;
#386 = DIRECTION ( 'NONE',  ( 0.0000000000000000000, 0.0000000000000000000, 1.000000000000000000 ) ) ;
#387 = CARTESIAN_POINT ( 'NONE',  ( -0.8601787065441559600, 0.3435000000000003600, -1.675895648049509100 ) ) ;
#388 = EDGE_LOOP ( 'NONE', ( #1619, #1699, #1701, #1707 ) ) ;
#389 = AXIS2_PLACEMENT_3D ( 'NONE', #506, #474, #441 ) ;
#390 = AXIS2_PLACEMENT_3D ( 'NONE', #545, #548, #551 ) ;
#391 = CARTESIAN_POINT ( 'NONE',  ( 1.624401088719375400, 0.3372840112771401400, -0.04466776556977131200 ) ) ;
#392 = EDGE_LOOP ( 'NONE', ( #2030, #2035, #2040, #2054 ) ) ;
#393 = DIRECTION ( 'NONE',  ( -1.000000000000000000, -4.114228906120875900E-016, 0.0000000000000000000 ) ) ;
#394 = ORIENTED_EDGE ( 'NONE', *, *, #1686, .F. ) ;
#395 = ORIENTED_EDGE ( 'NONE', *, *, #1538, .F. ) ;
#396 = CARTESIAN_POINT ( 'NONE',  ( 0.0000000000000000000, -4.798272721475250100, 1.575000000000000200 ) ) ;
#397 = CARTESIAN_POINT ( 'NONE',  ( 1.633929313036521600, 0.3434999999999996400, -0.05916079783099604400 ) ) ;
#398 = EDGE_LOOP ( 'NONE', ( #1930, #1434, #1946, #1994 ) ) ;
#399 = AXIS2_PLACEMENT_3D ( 'NONE', #500, #505, #508 ) ;
#400 = CARTESIAN_POINT ( 'NONE',  ( -1.675895648049511500, -0.3435000000000009700, 0.6941787065441498200 ) ) ;
#401 = ADVANCED_FACE ( 'NONE', ( #1129, #1299, #1126, #1160, #1103 ), #199, .T. ) ;
#402 = AXIS2_PLACEMENT_3D ( 'NONE', #473, #482, #483 ) ;
#403 = VERTEX_POINT ( 'NONE', #178 ) ;
#404 = CARTESIAN_POINT ( 'NONE',  ( -2.224000108083477900, 0.3184971417637391100, -0.008271686518605768000 ) ) ;
#405 = AXIS2_PLACEMENT_3D ( 'NONE', #345, #365, #366 ) ;
#406 = FACE_BOUND ( 'NONE', #2062, .T. ) ;
#407 = AXIS2_PLACEMENT_3D ( 'NONE', #311, #319, #334 ) ;
#408 = FACE_BOUND ( 'NONE', #1119, .T. ) ;
#409 = DIRECTION ( 'NONE',  ( -0.0000000000000000000, -1.000000000000000000, -0.0000000000000000000 ) ) ;
#410 = ADVANCED_FACE ( 'NONE', ( #1057 ), #1076, .T. ) ;
#411 = CARTESIAN_POINT ( 'NONE',  ( 0.0000000000000000000, 0.2716397504824582000, 0.0000000000000000000 ) ) ;
#412 = FACE_OUTER_BOUND ( 'NONE', #96, .T. ) ;
#413 = ORIENTED_EDGE ( 'NONE', *, *, #1808, .T. ) ;
#414 = ADVANCED_FACE ( 'NONE', ( #1075 ), #1048, .F. ) ;
#415 = ORIENTED_EDGE ( 'NONE', *, *, #1906, .T. ) ;
#416 = CARTESIAN_POINT ( 'NONE',  ( -2.233695252923522600, 0.3184359048995648000, 0.03711393131460141700 ) ) ;
#417 = ADVANCED_FACE ( 'NONE', ( #1100 ), #1045, .T. ) ;
#418 = DIRECTION ( 'NONE',  ( -0.0000000000000000000, -1.000000000000000000, -0.0000000000000000000 ) ) ;
#419 = DIRECTION ( 'NONE',  ( -2.449293598294705900E-016, 1.000000000000000000, -0.0000000000000000000 ) ) ;
#420 = ORIENTED_EDGE ( 'NONE', *, *, #1386, .F. ) ;
#421 = CARTESIAN_POINT ( 'NONE',  ( -2.223709519749133400, 0.3266267088913348300, -0.03191318519049705200 ) ) ;
#422 = ORIENTED_EDGE ( 'NONE', *, *, #1725, .F. ) ;
#423 = ORIENTED_EDGE ( 'NONE', *, *, #1561, .F. ) ;
#424 = DIRECTION ( 'NONE',  ( 0.0000000000000000000, 0.0000000000000000000, -1.000000000000000000 ) ) ;
#425 = EDGE_LOOP ( 'NONE', ( #459, #463, #467, #490, #493, #494, #525, #526 ) ) ;
#426 = ORIENTED_EDGE ( 'NONE', *, *, #1413, .T. ) ;
#427 = DIRECTION ( 'NONE',  ( -0.0000000000000000000, 1.000000000000000000, -0.0000000000000000000 ) ) ;
#428 = VERTEX_POINT ( 'NONE', #241 ) ;
#429 = ORIENTED_EDGE ( 'NONE', *, *, #1589, .T. ) ;
#430 = AXIS2_PLACEMENT_3D ( 'NONE', #263, #269, #291 ) ;
#431 = ORIENTED_EDGE ( 'NONE', *, *, #1728, .T. ) ;
#432 = CARTESIAN_POINT ( 'NONE',  ( -1.624978025418551700, 0.3089938997008938600, -0.009672114272246588900 ) ) ;
#433 = FACE_BOUND ( 'NONE', #60, .T. ) ;
#434 = CYLINDRICAL_SURFACE ( 'NONE', #584, 0.01999999999999993100 ) ;
#435 = CARTESIAN_POINT ( 'NONE',  ( 2.233389509216120200, 0.3304696969696966900, -0.05222355908380896200 ) ) ;
#436 = CIRCLE ( 'NONE', #601, 0.1660000000000001200 ) ;
#437 = ADVANCED_FACE ( 'NONE', ( #1047 ), #1027, .F. ) ;
#438 = CARTESIAN_POINT ( 'NONE',  ( 1.634173204260898700, 0.3374393939393935900, -0.04481878623560304300 ) ) ;
#439 = DIRECTION ( 'NONE',  ( -0.0000000000000000000, 1.000000000000000000, -0.0000000000000000000 ) ) ;
#440 = CARTESIAN_POINT ( 'NONE',  ( -2.234000000000000400, 0.3084999999999998900, 9.747817361331074700E-013 ) ) ;
#441 = DIRECTION ( 'NONE',  ( 0.0000000000000000000, -0.6969696969696939100, 0.7171005797696533600 ) ) ;
#442 = ADVANCED_FACE ( 'NONE', ( #1096 ), #330, .T. ) ;
#443 = AXIS2_PLACEMENT_3D ( 'NONE', #22, #1062, #45 ) ;
#444 = DIRECTION ( 'NONE',  ( -2.090602855382839300E-016, 1.000000000000000000, 8.659560562355010500E-017 ) ) ;
#445 = AXIS2_PLACEMENT_3D ( 'NONE', #1052, #1073, #1069 ) ;
#446 = CIRCLE ( 'NONE', #630, 0.01000000000000009400 ) ;
#447 = ADVANCED_FACE ( 'NONE', ( #1051 ), #999, .F. ) ;
#448 = CARTESIAN_POINT ( 'NONE',  ( -2.233559955155442400, 0.3375582220665330200, -0.04493427854742135900 ) ) ;
#449 = ORIENTED_EDGE ( 'NONE', *, *, #1557, .T. ) ;
#450 = AXIS2_PLACEMENT_3D ( 'NONE', #1040, #1044, #1017 ) ;
#451 = ORIENTED_EDGE ( 'NONE', *, *, #1492, .F. ) ;
#452 = ORIENTED_EDGE ( 'NONE', *, *, #1736, .T. ) ;
#453 = EDGE_LOOP ( 'NONE', ( #1795, #2192, #2190, #2120 ) ) ;
#454 = ORIENTED_EDGE ( 'NONE', *, *, #1737, .T. ) ;
#455 = ORIENTED_EDGE ( 'NONE', *, *, #1433, .T. ) ;
#456 = DIRECTION ( 'NONE',  ( 0.9993451455880866300, 0.0000000000000000000, -0.03618397420856191100 ) ) ;
#457 = ORIENTED_EDGE ( 'NONE', *, *, #1865, .F. ) ;
#458 = ORIENTED_EDGE ( 'NONE', *, *, #1773, .T. ) ;
#459 = ORIENTED_EDGE ( 'NONE', *, *, #1426, .F. ) ;
#460 = ADVANCED_FACE ( 'NONE', ( #1055 ), #970, .F. ) ;
#461 = AXIS2_PLACEMENT_3D ( 'NONE', #1024, #1023, #1025 ) ;
#462 = AXIS2_PLACEMENT_3D ( 'NONE', #242, #243, #245 ) ;
#463 = ORIENTED_EDGE ( 'NONE', *, *, #1781, .T. ) ;
#464 = ADVANCED_FACE ( 'NONE', ( #1030 ), #43, .T. ) ;
#465 = B_SPLINE_CURVE_WITH_KNOTS ( 'NONE', 3,
 ( #1705, #1529, #2199, #1564 ),
 .UNSPECIFIED., .F., .F.,
 ( 4, 4 ),
 ( 0.0000000000000000000, 0.0004088134155790809700 ),
 .UNSPECIFIED. ) ;
#466 = EDGE_LOOP ( 'NONE', ( #1067, #1535, #1536, #1537, #1573 ) ) ;
#467 = ORIENTED_EDGE ( 'NONE', *, *, #1785, .T. ) ;
#468 = CARTESIAN_POINT ( 'NONE',  ( 0.6941787065441557000, 0.3435000000000003100, -1.675895648049509300 ) ) ;
#469 = EDGE_LOOP ( 'NONE', ( #1013, #1015, #1035, #1039, #1041 ) ) ;
#470 = CIRCLE ( 'NONE', #585, 0.009999999999999993300 ) ;
#471 = FACE_OUTER_BOUND ( 'NONE', #1457, .T. ) ;
#472 = CARTESIAN_POINT ( 'NONE',  ( 1.624178261115572400, 0.3304696969696966400, -0.05167181165389098800 ) ) ;
#473 = CARTESIAN_POINT ( 'NONE',  ( 0.0000000000000000000, -0.3234999999999994500, 0.0000000000000000000 ) ) ;
#474 = DIRECTION ( 'NONE',  ( 0.01629514477188110500, 0.7170053669652527400, 0.6968771570369393100 ) ) ;
#475 = CARTESIAN_POINT ( 'NONE',  ( -2.223696234060320400, 0.3270772347313716800, 0.03187095605053715700 ) ) ;
#476 = AXIS2_PLACEMENT_3D ( 'NONE', #1077, #1078, #1079 ) ;
#477 = AXIS2_PLACEMENT_3D ( 'NONE', #1031, #1034, #1038 ) ;
#478 = CARTESIAN_POINT ( 'NONE',  ( 1.634113778149518500, 0.3412831259974989900, -0.04855461471398883600 ) ) ;
#479 = DIRECTION ( 'NONE',  ( -1.224646799147353200E-016, 1.000000000000000000, -0.0000000000000000000 ) ) ;
#480 = CARTESIAN_POINT ( 'NONE',  ( 2.233548395250431800, 0.3238678973285564200, -0.04509426687426194200 ) ) ;
#481 = ADVANCED_FACE ( 'NONE', ( #996 ), #1353, .T. ) ;
#482 = DIRECTION ( 'NONE',  ( 1.224646799147353200E-016, -1.000000000000000000, 0.0000000000000000000 ) ) ;
#483 = DIRECTION ( 'NONE',  ( 1.000000000000000000, 1.300879996982982200E-016, 0.0000000000000000000 ) ) ;
#484 = CYLINDRICAL_SURFACE ( 'NONE', #609, 0.1660000000000000900 ) ;
#485 = EDGE_LOOP ( 'NONE', ( #876, #878, #897, #919 ) ) ;
#486 = CARTESIAN_POINT ( 'NONE',  ( 1.990051048614448400E-016, 0.2716397504824582000, 1.624999999999999800 ) ) ;
#487 = ADVANCED_FACE ( 'NONE', ( #954 ), #1578, .T. ) ;
#488 = AXIS2_PLACEMENT_3D ( 'NONE', #994, #998, #1005 ) ;
#489 = CARTESIAN_POINT ( 'NONE',  ( 1.634910011033218900, 0.3201895315252165100, -0.01664316657256062100 ) ) ;
#490 = ORIENTED_EDGE ( 'NONE', *, *, #1798, .T. ) ;
#491 = CARTESIAN_POINT ( 'NONE',  ( 1.624292915930086300, 0.3411254307767404000, -0.04832024749219812600 ) ) ;
#492 = CARTESIAN_POINT ( 'NONE',  ( -2.233389509216120200, 0.3304696969696966400, -0.05222355908380897600 ) ) ;
#493 = ORIENTED_EDGE ( 'NONE', *, *, #1926, .T. ) ;
#494 = ORIENTED_EDGE ( 'NONE', *, *, #1804, .T. ) ;
#495 = DIRECTION ( 'NONE',  ( 0.0000000000000000000, 0.0000000000000000000, -1.000000000000000000 ) ) ;
#496 = CARTESIAN_POINT ( 'NONE',  ( 0.6941787065441674700, -0.3435000000000006900, 1.675895648049504200 ) ) ;
#497 = CARTESIAN_POINT ( 'NONE',  ( 1.624935733313953100, 0.3201564589643464100, -0.01651079061395981800 ) ) ;
#498 = EDGE_LOOP ( 'NONE', ( #1141, #1120, #1381, #1470 ) ) ;
#499 = ORIENTED_EDGE ( 'NONE', *, *, #1379, .T. ) ;
#500 = CARTESIAN_POINT ( 'NONE',  ( 0.0000000000000000000, -0.05649999999999980700, 0.0000000000000000000 ) ) ;
#501 = CARTESIAN_POINT ( 'NONE',  ( 1.624119197093052900, 0.3323915994181488900, -0.05352834616118723500 ) ) ;
#502 = VERTEX_POINT ( 'NONE', #1791 ) ;
#503 = VERTEX_POINT ( 'NONE', #1583 ) ;
#504 = ADVANCED_FACE ( 'NONE', ( #957 ), #941, .F. ) ;
#505 = DIRECTION ( 'NONE',  ( 0.0000000000000000000, -1.000000000000000000, 0.0000000000000000000 ) ) ;
#506 = CARTESIAN_POINT ( 'NONE',  ( -2.223392241941204400, 0.3304696969696969100, 0.05198979203329975200 ) ) ;
#507 = CARTESIAN_POINT ( 'NONE',  ( 0.0000000000000000000, 0.0000000000000000000, -1.624999999999999800 ) ) ;
#508 = DIRECTION ( 'NONE',  ( 0.0000000000000000000, 0.0000000000000000000, -1.000000000000000000 ) ) ;
#509 = AXIS2_PLACEMENT_3D ( 'NONE', #872, #873, #874 ) ;
#510 = DESIGN_CONTEXT ( 'detailed design', #1081, 'design' ) ;
#511 = DIRECTION ( 'NONE',  ( -1.000000000000000000, -1.222850489554280500E-016, 0.0000000000000000000 ) ) ;
#512 = CARTESIAN_POINT ( 'NONE',  ( 1.634026967912813000, 0.3434999999999996900, -0.05376664505352574100 ) ) ;
#513 = ADVANCED_FACE ( 'NONE', ( #946 ), #1616, .T. ) ;
#514 = CYLINDRICAL_SURFACE ( 'NONE', #610, 1.399999999999999900 ) ;
#515 = ADVANCED_FACE ( 'NONE', ( #933 ), #932, .F. ) ;
#516 = ORIENTED_EDGE ( 'NONE', *, *, #1684, .F. ) ;
#517 = ORIENTED_EDGE ( 'NONE', *, *, #1837, .T. ) ;
#518 = CLOSED_SHELL ( 'NONE', ( #328, #327, #735, #442 ) ) ;
#519 = CARTESIAN_POINT ( 'NONE',  ( 1.633929313036521600, 0.3335000000000000700, 0.05916079783099626600 ) ) ;
#520 = CARTESIAN_POINT ( 'NONE',  ( 1.675895648049511500, -0.3435000000000000300, -0.5281787065441495600 ) ) ;
#521 = ORIENTED_EDGE ( 'NONE', *, *, #1611, .T. ) ;
#522 = VERTEX_POINT ( 'NONE', #1884 ) ;
#523 = VERTEX_POINT ( 'NONE', #1887 ) ;
#524 = DIRECTION ( 'NONE',  ( 1.150791560227849800E-016, -0.3420201433256702700, 0.9396926207859077600 ) ) ;
#525 = ORIENTED_EDGE ( 'NONE', *, *, #1483, .T. ) ;
#526 = ORIENTED_EDGE ( 'NONE', *, *, #1406, .T. ) ;
#527 = ORIENTED_EDGE ( 'NONE', *, *, #1766, .F. ) ;
#528 = ORIENTED_EDGE ( 'NONE', *, *, #1418, .F. ) ;
#529 = ADVANCED_FACE ( 'NONE', ( #944 ), #1968, .T. ) ;
#530 = VERTEX_POINT ( 'NONE', #1901 ) ;
#531 = ORIENTED_EDGE ( 'NONE', *, *, #1826, .T. ) ;
#532 = CARTESIAN_POINT ( 'NONE',  ( 2.233389509216119800, 0.3304696969696969100, 0.05222355908380921900 ) ) ;
#533 = CARTESIAN_POINT ( 'NONE',  ( 2.223392241941204900, 0.3374393939393936500, -0.04481878623560304300 ) ) ;
#534 = CARTESIAN_POINT ( 'NONE',  ( -2.234000000000000400, 0.3434999999999999200, 0.05916079783099623100 ) ) ;
#535 = ADVANCED_FACE ( 'NONE', ( #938 ), #924, .F. ) ;
#536 = CARTESIAN_POINT ( 'NONE',  ( 1.634173204260898700, 0.3374393939393936500, -0.04481878623560304300 ) ) ;
#537 = ADVANCED_FACE ( 'NONE', ( #928 ), #922, .F. ) ;
#538 = CIRCLE ( 'NONE', #572, 0.1660000000000001200 ) ;
#539 = CARTESIAN_POINT ( 'NONE',  ( 2.223392241941204900, 0.3374393939393936500, -0.04481878623560304300 ) ) ;
#540 = ORIENTED_EDGE ( 'NONE', *, *, #1680, .F. ) ;
#541 = DIRECTION ( 'NONE',  ( -0.0000000000000000000, -1.000000000000000000, -0.0000000000000000000 ) ) ;
#542 = ADVANCED_FACE ( 'NONE', ( #929 ), #908, .T. ) ;
#543 = ORIENTED_EDGE ( 'NONE', *, *, #1105, .T. ) ;
#544 = ADVANCED_FACE ( 'NONE', ( #923 ), #903, .T. ) ;
#545 = CARTESIAN_POINT ( 'NONE',  ( 0.0000000000000000000, 0.2716397504824582000, 0.0000000000000000000 ) ) ;
#546 = ORIENTED_EDGE ( 'NONE', *, *, #1605, .T. ) ;
#547 = ORIENTED_EDGE ( 'NONE', *, *, #1393, .T. ) ;
#548 = DIRECTION ( 'NONE',  ( -0.0000000000000000000, -1.000000000000000000, -0.0000000000000000000 ) ) ;
#549 = ORIENTED_EDGE ( 'NONE', *, *, #1419, .F. ) ;
#550 = CARTESIAN_POINT ( 'NONE',  ( 1.714505518806294400E-016, 0.0000000000000000000, -1.399999999999999900 ) ) ;
#551 = DIRECTION ( 'NONE',  ( 0.0000000000000000000, 0.0000000000000000000, -1.000000000000000000 ) ) ;
#552 = ORIENTED_EDGE ( 'NONE', *, *, #1754, .F. ) ;
#553 = CARTESIAN_POINT ( 'NONE',  ( 1.624129450985751100, 0.3434029018241082600, -0.05345231770332315600 ) ) ;
#554 = ORIENTED_EDGE ( 'NONE', *, *, #1368, .F. ) ;
#555 = ADVANCED_FACE ( 'NONE', ( #931 ), #888, .F. ) ;
#556 = ORIENTED_EDGE ( 'NONE', *, *, #1376, .T. ) ;
#557 = AXIS2_PLACEMENT_3D ( 'NONE', #833, #835, #839 ) ;
#558 = CYLINDRICAL_SURFACE ( 'NONE', #624, 0.1660000000000000900 ) ;
#559 = DIRECTION ( 'NONE',  ( -0.9993451455880868500, 0.0000000000000000000, -0.03618397420856021100 ) ) ;
#560 = DIRECTION ( 'NONE',  ( 0.03618397420856021800, -3.412573788691160100E-015, -0.9993451455880867400 ) ) ;
#561 = CARTESIAN_POINT ( 'NONE',  ( 2.233281217893312100, 0.3334999999999996900, -0.05672988920883784100 ) ) ;
#562 = ADVANCED_FACE ( 'NONE', ( #940 ), #871, .F. ) ;
#563 = DIRECTION ( 'NONE',  ( -0.0000000000000000000, 1.000000000000000000, -0.0000000000000000000 ) ) ;
#564 = FACE_OUTER_BOUND ( 'NONE', #1712, .T. ) ;
#565 = CARTESIAN_POINT ( 'NONE',  ( 1.990051048614448400E-016, 0.0000000000000000000, 1.624999999999999800 ) ) ;
#566 = VECTOR ( 'NONE', #1210, 39.37007874015748100 ) ;
#567 = AXIS2_PLACEMENT_3D ( 'NONE', #728, #675, #738 ) ;
#568 = CARTESIAN_POINT ( 'NONE',  ( -2.234000000000000400, 0.3374393939393938700, 0.04481878623560323100 ) ) ;
#569 = ADVANCED_FACE ( 'NONE', ( #902, #866 ), #2076, .F. ) ;
#570 = CARTESIAN_POINT ( 'NONE',  ( -1.623935861580640500, 0.3334999999999996900, 0.05879895808891066900 ) ) ;
#571 = FACE_OUTER_BOUND ( 'NONE', #1819, .T. ) ;
#572 = AXIS2_PLACEMENT_3D ( 'NONE', #776, #778, #781 ) ;
#573 = CARTESIAN_POINT ( 'NONE',  ( 1.624910561445821000, 0.3104598565461612100, -0.01918799327565332000 ) ) ;
#574 = CARTESIAN_POINT ( 'NONE',  ( 1.625000146589684800, 0.3084966737433335600, -0.009536711749652719900 ) ) ;
#575 = VERTEX_POINT ( 'NONE', #2073 ) ;
#576 = ADVANCED_FACE ( 'NONE', ( #840 ), #838, .F. ) ;
#577 = ORIENTED_EDGE ( 'NONE', *, *, #1586, .T. ) ;
#578 = VERTEX_POINT ( 'NONE', #1104 ) ;
#579 = ORIENTED_EDGE ( 'NONE', *, *, #1813, .T. ) ;
#580 = ORIENTED_EDGE ( 'NONE', *, *, #1818, .T. ) ;
#581 = CARTESIAN_POINT ( 'NONE',  ( 1.633929313036521300, 0.3434999999999996900, -0.05916079783099603700 ) ) ;
#582 = AXIS2_PLACEMENT_3D ( 'NONE', #702, #608, #696 ) ;
#583 = CARTESIAN_POINT ( 'NONE',  ( 1.623935861580640500, 0.3434999999999996900, -0.05879895808891043300 ) ) ;
#584 = AXIS2_PLACEMENT_3D ( 'NONE', #1502, #1082, #617 ) ;
#585 = AXIS2_PLACEMENT_3D ( 'NONE', #684, #686, #690 ) ;
#586 = DIRECTION ( 'NONE',  ( 1.000000000000000000, -0.0000000000000000000, -0.0000000000000000000 ) ) ;
#587 = CARTESIAN_POINT ( 'NONE',  ( 2.233209451533402700, 0.3334999999999996900, -0.05942680861261023100 ) ) ;
#588 = ADVANCED_BREP_SHAPE_REPRESENTATION ( 'P102263', ( #2072, #1193, #1019 ), #1046 ) ;
#589 = FACE_OUTER_BOUND ( 'NONE', #485, .T. ) ;
#590 = CARTESIAN_POINT ( 'NONE',  ( 2.223348440285633800, 0.3412940417582287500, -0.04856522404085685000 ) ) ;
#591 = DIRECTION ( 'NONE',  ( -1.224646799147353200E-016, 1.000000000000000000, -0.0000000000000000000 ) ) ;
#592 = DIRECTION ( 'NONE',  ( 1.000000000000000000, -0.0000000000000000000, -0.0000000000000000000 ) ) ;
#593 = CARTESIAN_POINT ( 'NONE',  ( 1.623935861580640300, 0.3334999999999996900, -0.05879895808891041900 ) ) ;
#594 = VERTEX_POINT ( 'NONE', #1088 ) ;
#595 = CARTESIAN_POINT ( 'NONE',  ( -2.223348440454259800, 0.3412940269187358400, -0.04856520961794726100 ) ) ;
#596 = CARTESIAN_POINT ( 'NONE',  ( 2.233345443141166300, 0.3323999763265628700, -0.05410808612946280800 ) ) ;
#597 = ADVANCED_FACE ( 'NONE', ( #882 ), #836, .F. ) ;
#598 = FACE_OUTER_BOUND ( 'NONE', #398, .T. ) ;
#599 = CARTESIAN_POINT ( 'NONE',  ( 2.233389509216120200, 0.3304696969696966900, -0.05222355908380896200 ) ) ;
#600 = FACE_OUTER_BOUND ( 'NONE', #1110, .T. ) ;
#601 = AXIS2_PLACEMENT_3D ( 'NONE', #705, #711, #715 ) ;
#602 = FACE_OUTER_BOUND ( 'NONE', #385, .T. ) ;
#603 = ADVANCED_FACE ( 'NONE', ( #905 ), #2278, .T. ) ;
#604 = CARTESIAN_POINT ( 'NONE',  ( -1.675895648049511500, -0.3435000000000009700, 0.6941787065441498200 ) ) ;
#605 = DIRECTION ( 'NONE',  ( -2.090602855382839300E-016, 1.000000000000000000, 8.659560562355010500E-017 ) ) ;
#606 = CARTESIAN_POINT ( 'NONE',  ( 1.625000105904461600, 0.3184971732197177700, -0.008213225225644329000 ) ) ;
#607 = ADVANCED_FACE ( 'NONE', ( #785 ), #784, .T. ) ;
#608 = DIRECTION ( 'NONE',  ( 0.0000000000000000000, 1.000000000000000000, 0.0000000000000000000 ) ) ;
#609 = AXIS2_PLACEMENT_3D ( 'NONE', #1382, #1375, #1360 ) ;
#610 = AXIS2_PLACEMENT_3D ( 'NONE', #1373, #1351, #1364 ) ;
#611 = CARTESIAN_POINT ( 'NONE',  ( 0.0000000000000000000, -0.3435000000000000300, 0.0000000000000000000 ) ) ;
#612 = ORIENTED_EDGE ( 'NONE', *, *, #1586, .F. ) ;
#613 = ADVANCED_FACE ( 'NONE', ( #788 ), #769, .F. ) ;
#614 = CARTESIAN_POINT ( 'NONE',  ( -1.624833984992516400, 0.3123442842848760400, -0.02364533586841058000 ) ) ;
#615 = CARTESIAN_POINT ( 'NONE',  ( -1.624285450058105200, 0.3269818247939002600, -0.04830258683436600800 ) ) ;
#616 = ORIENTED_EDGE ( 'NONE', *, *, #1880, .F. ) ;
#617 = DIRECTION ( 'NONE',  ( 0.0000000000000000000, 0.0000000000000000000, -1.000000000000000000 ) ) ;
#618 = VERTEX_POINT ( 'NONE', #1175 ) ;
#619 = ADVANCED_FACE ( 'NONE', ( #822 ), #742, .F. ) ;
#620 = B_SPLINE_CURVE_WITH_KNOTS ( 'NONE', 3,
 ( #632, #1842, #1660, #2074 ),
 .UNSPECIFIED., .F., .F.,
 ( 4, 4 ),
 ( 0.0000000000000000000, 0.0002026783575465402500 ),
 .UNSPECIFIED. ) ;
#621 = DIRECTION ( 'NONE',  ( -2.090602855382850900E-016, 1.000000000000000000, -8.659560562354887300E-017 ) ) ;
#622 = DIRECTION ( 'NONE',  ( 0.0000000000000000000, 0.0000000000000000000, 1.000000000000000000 ) ) ;
#623 = CARTESIAN_POINT ( 'NONE',  ( 2.223392241941204900, 0.3374393939393936500, -0.04481878623560302300 ) ) ;
#624 = AXIS2_PLACEMENT_3D ( 'NONE', #1344, #1333, #1309 ) ;
#625 = FACE_BOUND ( 'NONE', #71, .T. ) ;
#626 = CARTESIAN_POINT ( 'NONE',  ( -2.223392241941204900, 0.3374393939393936500, -0.04481878623560304300 ) ) ;
#627 = CARTESIAN_POINT ( 'NONE',  ( -1.633929313036521600, 0.3334999999999999600, 0.05916079783099627300 ) ) ;
#628 = DIRECTION ( 'NONE',  ( 0.03618397420856021100, 3.277226062419428600E-015, 0.9993451455880868500 ) ) ;
#629 = ORIENTED_EDGE ( 'NONE', *, *, #1830, .F. ) ;
#630 = AXIS2_PLACEMENT_3D ( 'NONE', #627, #628, #637 ) ;
#631 = AXIS2_PLACEMENT_3D ( 'NONE', #1316, #1322, #1327 ) ;
#632 = CARTESIAN_POINT ( 'NONE',  ( 2.233389509216119800, 0.3304696969696969100, 0.05222355908380921900 ) ) ;
#633 = ADVANCED_FACE ( 'NONE', ( #846, #763 ), #1187, .T. ) ;
#634 = AXIS2_PLACEMENT_3D ( 'NONE', #1301, #1290, #1280 ) ;
#635 = AXIS2_PLACEMENT_3D ( 'NONE', #1281, #1277, #1257 ) ;
#636 = UNCERTAINTY_MEASURE_WITH_UNIT (LENGTH_MEASURE( 1.000000000000000100E-005 ), #1158, 'distance_accuracy_value', 'NONE');
#637 = DIRECTION ( 'NONE',  ( 0.9993451455880868500, 0.0000000000000000000, -0.03618397420856021100 ) ) ;
#638 = ORIENTED_EDGE ( 'NONE', *, *, #1843, .T. ) ;
#639 = CARTESIAN_POINT ( 'NONE',  ( -2.223392241941204900, 0.3374393939393935900, -0.04481878623560304300 ) ) ;
#640 = DIRECTION ( 'NONE',  ( -0.7071067811865388000, 0.0000000000000000000, 0.7071067811865561200 ) ) ;
#641 = ORIENTED_EDGE ( 'NONE', *, *, #1575, .T. ) ;
#642 = CARTESIAN_POINT ( 'NONE',  ( 2.233559955155442400, 0.3375582220665330200, -0.04493427854742133900 ) ) ;
#643 = FACE_BOUND ( 'NONE', #79, .T. ) ;
#644 = AXIS2_PLACEMENT_3D ( 'NONE', #1211, #1232, #1240 ) ;
#645 = FACE_BOUND ( 'NONE', #84, .T. ) ;
#646 = FACE_BOUND ( 'NONE', #100, .T. ) ;
#647 = CARTESIAN_POINT ( 'NONE',  ( 1.624833984992515700, 0.3123442842848759800, 0.02364533586841088100 ) ) ;
#648 = FACE_BOUND ( 'NONE', #118, .T. ) ;
#649 = CARTESIAN_POINT ( 'NONE',  ( 1.634173204260898700, 0.3374393939393938700, 0.04481878623560323100 ) ) ;
#650 = DIRECTION ( 'NONE',  ( 0.0000000000000000000, 0.0000000000000000000, 1.000000000000000000 ) ) ;
#651 = AXIS2_PLACEMENT_3D ( 'NONE', #1219, #1201, #1205 ) ;
#652 = ADVANCED_FACE ( 'NONE', ( #746 ), #771, .T. ) ;
#653 = AXIS2_PLACEMENT_3D ( 'NONE', #1203, #1198, #1192 ) ;
#654 = CARTESIAN_POINT ( 'NONE',  ( -2.233389509216120200, 0.3304696969696966400, -0.05222355908380898300 ) ) ;
#655 = DIRECTION ( 'NONE',  ( -1.000000000000000000, -1.260852920152737000E-016, 0.0000000000000000000 ) ) ;
#656 = ORIENTED_EDGE ( 'NONE', *, *, #1846, .T. ) ;
#657 = ORIENTED_EDGE ( 'NONE', *, *, #1657, .F. ) ;
#658 = AXIS2_PLACEMENT_3D ( 'NONE', #1182, #1181, #1194 ) ;
#659 = CARTESIAN_POINT ( 'NONE',  ( -2.223348569054723900, 0.3412827063893577000, -0.04855420688534199700 ) ) ;
#660 = ORIENTED_EDGE ( 'NONE', *, *, #1720, .T. ) ;
#661 = AXIS2_PLACEMENT_3D ( 'NONE', #1246, #1239, #1252 ) ;
#662 = CARTESIAN_POINT ( 'NONE',  ( -2.233477265772403800, 0.3414022419757090600, -0.04873225151841469000 ) ) ;
#663 = CARTESIAN_POINT ( 'NONE',  ( -2.233345640540160800, 0.3323913194564623300, -0.05409964417624244000 ) ) ;
#664 = CYLINDRICAL_SURFACE ( 'NONE', #634, 0.1660000000000000900 ) ;
#665 = ADVANCED_FACE ( 'NONE', ( #741 ), #837, .T. ) ;
#666 = FACE_BOUND ( 'NONE', #116, .T. ) ;
#667 = CARTESIAN_POINT ( 'NONE',  ( 1.624285452318169300, 0.3269817512525948200, -0.04830251579472371500 ) ) ;
#668 = CARTESIAN_POINT ( 'NONE',  ( -2.233999999999997800, 0.3085000000000642200, 0.004829796397254141800 ) ) ;
#669 = AXIS2_PLACEMENT_3D ( 'NONE', #1147, #1167, #1144 ) ;
#670 = CYLINDRICAL_SURFACE ( 'NONE', #635, 0.1660000000000002300 ) ;
#671 = FACE_BOUND ( 'NONE', #50, .T. ) ;
#672 = FACE_BOUND ( 'NONE', #159, .T. ) ;
#673 = CARTESIAN_POINT ( 'NONE',  ( -2.223212990246324200, 0.3434999999999996400, -0.05916079783099604400 ) ) ;
#674 = CARTESIAN_POINT ( 'NONE',  ( -2.223284767956136100, 0.3434999999999996900, -0.05376610510281799900 ) ) ;
#675 = DIRECTION ( 'NONE',  ( -1.224646799147353200E-016, 1.000000000000000000, 0.0000000000000000000 ) ) ;
#676 = AXIS2_PLACEMENT_3D ( 'NONE', #1145, #1114, #1113 ) ;
#677 = CARTESIAN_POINT ( 'NONE',  ( 1.635000147494515100, 0.3184971325913497100, -0.008271895867754570900 ) ) ;
#678 = VERTEX_POINT ( 'NONE', #1212 ) ;
#679 = ADVANCED_FACE ( 'NONE', ( #695 ), #692, .F. ) ;
#680 = CARTESIAN_POINT ( 'NONE',  ( -2.233281218275859000, 0.3334999999999996900, -0.05672987483304604100 ) ) ;
#681 = DIRECTION ( 'NONE',  ( 0.7071067811865492400, 0.0000000000000000000, 0.7071067811865459100 ) ) ;
#682 = DIRECTION ( 'NONE',  ( -3.586907429118613400E-017, 1.000000000000000000, -8.659560562354948900E-017 ) ) ;
#683 = CARTESIAN_POINT ( 'NONE',  ( -2.233549245520954200, 0.3234725752136005100, -0.04539228611588812200 ) ) ;
#684 = CARTESIAN_POINT ( 'NONE',  ( 1.634173204260898700, 0.3304696969696969100, 0.05198979203329975200 ) ) ;
#685 = FACE_OUTER_BOUND ( 'NONE', #1767, .T. ) ;
#686 = DIRECTION ( 'NONE',  ( -0.02216803274103985900, 0.7169243587330383900, 0.6967984229169967800 ) ) ;
#687 = FACE_BOUND ( 'NONE', #127, .T. ) ;
#688 = CARTESIAN_POINT ( 'NONE',  ( 1.624999926417954000, 0.3085016696451127200, 0.004805773976808386900 ) ) ;
#689 = CARTESIAN_POINT ( 'NONE',  ( -2.233209451533402700, 0.3334999999999995700, -0.05942680861261021700 ) ) ;
#690 = DIRECTION ( 'NONE',  ( 0.0000000000000000000, -0.6969696969696939100, 0.7171005797696533600 ) ) ;
#691 = LOCAL_TIME ( 19, 22, 2.000000000000000000, #1328 ) ;
#692 = CYLINDRICAL_SURFACE ( 'NONE', #644, 1.499000000000000100 ) ;
#693 = DIRECTION ( 'NONE',  ( 0.02216803274104045500, 0.7169243587330383900, 0.6967984229169967800 ) ) ;
#694 = CARTESIAN_POINT ( 'NONE',  ( -1.634173204260898700, 0.3374393939393938700, 0.04481878623560323100 ) ) ;
#695 = FACE_OUTER_BOUND ( 'NONE', #113, .T. ) ;
#696 = DIRECTION ( 'NONE',  ( 0.0000000000000000000, 0.0000000000000000000, 1.000000000000000000 ) ) ;
#697 = CARTESIAN_POINT ( 'NONE',  ( -2.233708351522693600, 0.3179223034191325200, -0.03717632965465892500 ) ) ;
#698 = CARTESIAN_POINT ( 'NONE',  ( -1.624285452318169300, 0.3269817512525951000, 0.04830251579472392300 ) ) ;
#699 = ADVANCED_FACE ( 'NONE', ( #719 ), #700, .T. ) ;
#700 = TOROIDAL_SURFACE ( 'NONE', #661, 1.634999999999999600, 0.01000000000000000000 ) ;
#701 = CARTESIAN_POINT ( 'NONE',  ( -2.234000000000000400, 0.3084999999999998900, 9.747817361331074700E-013 ) ) ;
#702 = CARTESIAN_POINT ( 'NONE',  ( 0.0000000000000000000, 0.2675000000000002900, 0.0000000000000000000 ) ) ;
#703 = CARTESIAN_POINT ( 'NONE',  ( 2.234000000000000400, -0.3434999999999994700, 2.735860949295187200E-016 ) ) ;
#704 = CARTESIAN_POINT ( 'NONE',  ( -2.233876893048109200, 0.3123365393176723000, 0.02387511352660801100 ) ) ;
#705 = CARTESIAN_POINT ( 'NONE',  ( 0.6941787065441557000, 0.3435000000000003100, -1.675895648049509300 ) ) ;
#706 = ORIENTED_EDGE ( 'NONE', *, *, #1830, .T. ) ;
#707 = AXIS2_PLACEMENT_3D ( 'NONE', #1108, #1084, #1109 ) ;
#708 = AXIS2_PLACEMENT_3D ( 'NONE', #2081, #1508, #1087 ) ;
#709 = EDGE_LOOP ( 'NONE', ( #2055, #2057, #2069, #2080 ) ) ;
#710 = ORIENTED_EDGE ( 'NONE', *, *, #1435, .T. ) ;
#711 = DIRECTION ( 'NONE',  ( -3.586907429118613400E-017, 1.000000000000000000, -8.659560562354948900E-017 ) ) ;
#712 = CARTESIAN_POINT ( 'NONE',  ( -2.223922340873117200, 0.3205828494299759500, 0.01653259346366773800 ) ) ;
#713 = VERTEX_POINT ( 'NONE', #1262 ) ;
#714 = DIRECTION ( 'NONE',  ( 0.0000000000000000000, 0.0000000000000000000, -1.000000000000000000 ) ) ;
#715 = DIRECTION ( 'NONE',  ( 0.7071067811865492400, 0.0000000000000000000, 0.7071067811865459100 ) ) ;
#716 = VERTEX_POINT ( 'NONE', #1266 ) ;
#717 = PLANE ( 'NONE',  #567 ) ;
#718 = CARTESIAN_POINT ( 'NONE',  ( -2.233943443226766000, 0.3206040639800038500, 0.01661560753829214100 ) ) ;
#719 = FACE_OUTER_BOUND ( 'NONE', #1563, .T. ) ;
#720 = CARTESIAN_POINT ( 'NONE',  ( -2.233910757372033800, 0.3218411524928532200, 0.02058992958816653300 ) ) ;
#721 = CARTESIAN_POINT ( 'NONE',  ( 0.6941787065441674700, 0.3435000000000005300, 1.509895648049504000 ) ) ;
#722 = CARTESIAN_POINT ( 'NONE',  ( -2.234000000000000400, 0.3434999999999996400, -0.05916079783099604400 ) ) ;
#723 = LINE ( 'NONE', #1011, #1944 ) ;
#724 = CARTESIAN_POINT ( 'NONE',  ( -2.233921991679753900, 0.3109161052735866000, 0.01926403958408509300 ) ) ;
#725 = FACE_OUTER_BOUND ( 'NONE', #1542, .T. ) ;
#726 = CARTESIAN_POINT ( 'NONE',  ( -2.233389509216119800, 0.3304696969696969100, 0.05222355908380919800 ) ) ;
#727 = CARTESIAN_POINT ( 'NONE',  ( -2.223983790565883500, 0.3189246003444246000, 0.008378752128834619800 ) ) ;
#728 = CARTESIAN_POINT ( 'NONE',  ( -2.234000000000000400, 0.3434999999999996400, 0.0000000000000000000 ) ) ;
#729 = AXIS2_PLACEMENT_3D ( 'NONE', #2070, #2087, #2088 ) ;
#730 = EDGE_LOOP ( 'NONE', ( #123, #148 ) ) ;
#731 = CARTESIAN_POINT ( 'NONE',  ( 0.0000000000000000000, 0.3334999999999998500, -1.624999999999999800 ) ) ;
#732 = ORIENTED_EDGE ( 'NONE', *, *, #1575, .F. ) ;
#733 = CARTESIAN_POINT ( 'NONE',  ( 2.233695252923522600, 0.3184359048995639700, -0.03711393131460014700 ) ) ;
#734 = VERTEX_POINT ( 'NONE', #1253 ) ;
#735 = ADVANCED_FACE ( 'NONE', ( #685 ), #1248, .F. ) ;
#736 = CARTESIAN_POINT ( 'NONE',  ( -2.233389509216120200, 0.3304696969696966400, -0.05222355908380897600 ) ) ;
#737 = ORIENTED_EDGE ( 'NONE', *, *, #1870, .T. ) ;
#738 = DIRECTION ( 'NONE',  ( -1.000000000000000000, -1.224646799147353200E-016, 0.0000000000000000000 ) ) ;
#739 = CARTESIAN_POINT ( 'NONE',  ( 1.634173204260898700, 0.3374393939393936500, -0.04481878623560304300 ) ) ;
#740 = AXIS2_PLACEMENT_3D ( 'NONE', #2032, #2063, #2046 ) ;
#741 = FACE_OUTER_BOUND ( 'NONE', #276, .T. ) ;
#742 = CONICAL_SURFACE ( 'NONE', #773, 1.399999999999999900, 0.7853981633974573800 ) ;
#743 = CARTESIAN_POINT ( 'NONE',  ( 1.835745551921883000E-016, 0.2975000000000002600, 1.499000000000000300 ) ) ;
#744 = CARTESIAN_POINT ( 'NONE',  ( 1.806354028742346000E-016, -0.05649999999999980700, -1.474999999999999900 ) ) ;
#745 = AXIS2_PLACEMENT_3D ( 'NONE', #2053, #2044, #2050 ) ;
#746 = FACE_OUTER_BOUND ( 'NONE', #290, .T. ) ;
#747 = AXIS2_PLACEMENT_3D ( 'NONE', #2025, #2031, #2023 ) ;
#748 = DIRECTION ( 'NONE',  ( -0.02660107816141936100, -3.413601588856075000E-015, -0.9996461287078793900 ) ) ;
#749 = AXIS2_PLACEMENT_3D ( 'NONE', #2016, #2022, #2009 ) ;
#750 = CARTESIAN_POINT ( 'NONE',  ( -2.223392241941204400, 0.3374393939393936500, -0.04481878623560302300 ) ) ;
#751 = CARTESIAN_POINT ( 'NONE',  ( -1.634173204260898700, 0.3374393939393939300, 0.04481878623560328600 ) ) ;
#752 = DIRECTION ( 'NONE',  ( -0.0000000000000000000, 1.000000000000000000, -0.0000000000000000000 ) ) ;
#753 = ORIENTED_EDGE ( 'NONE', *, *, #1808, .F. ) ;
#754 = ORIENTED_EDGE ( 'NONE', *, *, #1498, .T. ) ;
#755 = CARTESIAN_POINT ( 'NONE',  ( -1.634113608027917700, 0.3412941330235446100, 0.04856531274411734400 ) ) ;
#756 = CARTESIAN_POINT ( 'NONE',  ( -2.223392241941204900, 0.3374393939393936500, -0.04481878623560304300 ) ) ;
#757 = CARTESIAN_POINT ( 'NONE',  ( 0.6941787065441674700, -0.3435000000000006900, 1.841895648049504100 ) ) ;
#758 = DIRECTION ( 'NONE',  ( -1.224646799147340100E-016, 1.000000000000000000, 1.224646799147353000E-016 ) ) ;
#759 = ORIENTED_EDGE ( 'NONE', *, *, #1838, .T. ) ;
#760 = CARTESIAN_POINT ( 'NONE',  ( -2.234000000000004400, 0.3084999999998712700, -0.009651240090118097200 ) ) ;
#761 = ADVANCED_FACE ( 'NONE', ( #725 ), #670, .F. ) ;
#762 = CARTESIAN_POINT ( 'NONE',  ( -2.234000000000000400, -0.3435000000000000300, 0.0000000000000000000 ) ) ;
#763 = FACE_OUTER_BOUND ( 'NONE', #58, .T. ) ;
#764 = FACE_OUTER_BOUND ( 'NONE', #1590, .T. ) ;
#765 = PERSON ( 'UNSPECIFIED', 'UNSPECIFIED', 'UNSPECIFIED', ('UNSPECIFIED'), ('UNSPECIFIED'), ('UNSPECIFIED') ) ;
#766 = AXIS2_PLACEMENT_3D ( 'NONE', #2015, #2005, #2000 ) ;
#767 = AXIS2_PLACEMENT_3D ( 'NONE', #1992, #1995, #1911 ) ;
#768 = B_SPLINE_CURVE_WITH_KNOTS ( 'NONE', 3,
 ( #2273, #2101, #887, #1234, #146, #532 ),
 .UNSPECIFIED., .F., .F.,
 ( 4, 2, 4 ),
 ( 0.001470665974590424800, 0.002205363115525071400, 0.002940060256459717600 ),
 .UNSPECIFIED. ) ;
#769 = CYLINDRICAL_SURFACE ( 'NONE', #669, 0.1660000000000002300 ) ;
#770 = CARTESIAN_POINT ( 'NONE',  ( -1.624401088719375400, 0.3372840112771404700, 0.04466776556977154800 ) ) ;
#771 = TOROIDAL_SURFACE ( 'NONE', #653, 1.634999999999999600, 0.01000000000000000000 ) ;
#772 = CARTESIAN_POINT ( 'NONE',  ( 1.624999946840444100, 0.3185014189240139600, 0.004138825255633350900 ) ) ;
#773 = AXIS2_PLACEMENT_3D ( 'NONE', #1171, #1180, #1169 ) ;
#774 = ADVANCED_FACE ( 'NONE', ( #764 ), #664, .F. ) ;
#775 = AXIS2_PLACEMENT_3D ( 'NONE', #1885, #1823, #1821 ) ;
#776 = CARTESIAN_POINT ( 'NONE',  ( 0.6941787065441557000, -0.3435000000000004700, -1.675895648049509300 ) ) ;
#777 = AXIS2_PLACEMENT_3D ( 'NONE', #1803, #1582, #1809 ) ;
#778 = DIRECTION ( 'NONE',  ( -3.586907429118613400E-017, 1.000000000000000000, -8.659560562354948900E-017 ) ) ;
#779 = VERTEX_POINT ( 'NONE', #1305 ) ;
#780 = DIRECTION ( 'NONE',  ( -1.000000000000000000, 0.0000000000000000000, 9.874149374690094300E-015 ) ) ;
#781 = DIRECTION ( 'NONE',  ( 0.7071067811865492400, 0.0000000000000000000, 0.7071067811865459100 ) ) ;
#782 = CARTESIAN_POINT ( 'NONE',  ( -1.624178261115572400, 0.3304696969696969100, 0.05167181165389121000 ) ) ;
#783 = ADVANCED_FACE ( 'NONE', ( #648, #671, #666, #672, #646, #687, #645, #643, #625, #602 ), #1302, .T. ) ;
#784 = CYLINDRICAL_SURFACE ( 'NONE', #676, 2.234000000000000400 ) ;
#785 = FACE_OUTER_BOUND ( 'NONE', #1146, .T. ) ;
#786 = CARTESIAN_POINT ( 'NONE',  ( 1.751244922780715600E-016, 0.2975000000000002600, -1.430000000000000400 ) ) ;
#787 = AXIS2_PLACEMENT_3D ( 'NONE', #400, #419, #393 ) ;
#788 = FACE_OUTER_BOUND ( 'NONE', #2099, .T. ) ;
#789 = CARTESIAN_POINT ( 'NONE',  ( -1.634113778149481200, 0.3412831259974990500, 0.04855461471398881500 ) ) ;
#790 = AXIS2_PLACEMENT_3D ( 'NONE', #381, #370, #341 ) ;
#791 = CARTESIAN_POINT ( 'NONE',  ( 1.625000147382837300, 0.3084966558089380900, -0.009547067385171931900 ) ) ;
#792 = ADVANCED_FACE ( 'NONE', ( #600 ), #558, .F. ) ;
#793 = CARTESIAN_POINT ( 'NONE',  ( -1.624292915930049000, 0.3411254307767380100, 0.04832024749220299000 ) ) ;
#794 = DIRECTION ( 'NONE',  ( -1.224646799147340400E-016, 1.000000000000000000, 1.224646799147353200E-016 ) ) ;
#795 = AXIS2_PLACEMENT_3D ( 'NONE', #301, #349, #356 ) ;
#796 = CARTESIAN_POINT ( 'NONE',  ( -1.624119197093052900, 0.3323915994181484400, 0.05352834616118878200 ) ) ;
#797 = CARTESIAN_POINT ( 'NONE',  ( -2.234000000000000400, 0.3434999999999996400, -0.05916079783099604400 ) ) ;
#798 = CARTESIAN_POINT ( 'NONE',  ( -1.634026967912812800, 0.3434999999999999700, 0.05376664505352553300 ) ) ;
#799 = AXIS2_PLACEMENT_3D ( 'NONE', #239, #299, #316 ) ;
#800 = CARTESIAN_POINT ( 'NONE',  ( 1.633929313036521600, 0.3335000000000000700, -0.05916079783099604400 ) ) ;
#801 = CARTESIAN_POINT ( 'NONE',  ( -1.624129450985750900, 0.3434029018241086500, 0.05345231770331881900 ) ) ;
#802 = ORIENTED_EDGE ( 'NONE', *, *, #1439, .F. ) ;
#803 = CARTESIAN_POINT ( 'NONE',  ( -1.624590943418999300, 0.3184057842413991500, 0.03667543385024811500 ) ) ;
#804 = AXIS2_PLACEMENT_3D ( 'NONE', #44, #237, #495 ) ;
#805 = CARTESIAN_POINT ( 'NONE',  ( -1.624032920701828700, 0.3334999975289865100, 0.05611833597052250800 ) ) ;
#806 = ORIENTED_EDGE ( 'NONE', *, *, #1882, .T. ) ;
#807 = CARTESIAN_POINT ( 'NONE',  ( -1.633929313036521300, 0.3434999999999999700, 0.05916079783099624500 ) ) ;
#808 = EDGE_LOOP ( 'NONE', ( #528, #531, #547, #549 ) ) ;
#809 = ORIENTED_EDGE ( 'NONE', *, *, #1898, .F. ) ;
#810 = CARTESIAN_POINT ( 'NONE',  ( -1.623935861580640500, 0.3434999999999999700, 0.05879895808891064800 ) ) ;
#811 = CARTESIAN_POINT ( 'NONE',  ( -1.624178261115572400, 0.3304696969696969100, 0.05167181165389121000 ) ) ;
#812 = VERTEX_POINT ( 'NONE', #1319 ) ;
#813 = ORIENTED_EDGE ( 'NONE', *, *, #1900, .T. ) ;
#814 = CARTESIAN_POINT ( 'NONE',  ( -1.623935861580640300, 0.3334999999999999600, 0.05879895808891066900 ) ) ;
#815 = AXIS2_PLACEMENT_3D ( 'NONE', #225, #427, #216 ) ;
#816 = CARTESIAN_POINT ( 'NONE',  ( -1.625000147382837300, 0.3084966558089380900, 0.009547067385172259800 ) ) ;
#817 = ORIENTED_EDGE ( 'NONE', *, *, #1569, .T. ) ;
#818 = CARTESIAN_POINT ( 'NONE',  ( -2.223999945733744300, 0.3185014350287765900, 0.004168113843824460200 ) ) ;
#819 = CARTESIAN_POINT ( 'NONE',  ( -2.233345442352857800, 0.3324000108577989700, -0.05410811984222467500 ) ) ;
#820 = CARTESIAN_POINT ( 'NONE',  ( -1.624032679409744200, 0.3334999999999999600, 0.05612500008298901300 ) ) ;
#821 = AXIS2_PLACEMENT_3D ( 'NONE', #212, #210, #221 ) ;
#822 = FACE_OUTER_BOUND ( 'NONE', #1383, .T. ) ;
#823 = CARTESIAN_POINT ( 'NONE',  ( -0.8601787065441438600, -0.3435000000000010800, 1.675895648049514000 ) ) ;
#824 = AXIS2_PLACEMENT_3D ( 'NONE', #202, #162, #227 ) ;
#825 = AXIS2_PLACEMENT_3D ( 'NONE', #164, #109, #1004 ) ;
#826 = CARTESIAN_POINT ( 'NONE',  ( 0.0000000000000000000, 0.2675000000000002900, 0.0000000000000000000 ) ) ;
#827 = AXIS2_PLACEMENT_3D ( 'NONE', #57, #28, #115 ) ;
#828 = DIRECTION ( 'NONE',  ( 0.0000000000000000000, 0.0000000000000000000, 1.000000000000000000 ) ) ;
#829 = CARTESIAN_POINT ( 'NONE',  ( 2.223392241941204400, 0.3374393939393939300, 0.04481878623560328600 ) ) ;
#830 = B_SPLINE_CURVE_WITH_KNOTS ( 'NONE', 3,
 ( #1236, #1455, #820, #570 ),
 .UNSPECIFIED., .F., .F.,
 ( 4, 4 ),
 ( 0.0000000000000000000, 0.0002009729452677653200 ),
 .UNSPECIFIED. ) ;
#831 = CARTESIAN_POINT ( 'NONE',  ( 1.928818708657081100E-016, 0.0000000000000000000, -1.575000000000000000 ) ) ;
#832 = CARTESIAN_POINT ( 'NONE',  ( -2.233673193867482500, 0.3315722761759770700, -0.03914715853635779300 ) ) ;
#833 = CARTESIAN_POINT ( 'NONE',  ( 0.6941787065441674700, 0.3435000000000005300, 1.675895648049504200 ) ) ;
#834 = EDGE_LOOP ( 'NONE', ( #657, #660, #706, #710 ) ) ;
#835 = DIRECTION ( 'NONE',  ( -1.224646799147340400E-016, 1.000000000000000000, 1.224646799147353200E-016 ) ) ;
#836 = CYLINDRICAL_SURFACE ( 'NONE', #707, 1.474999999999999900 ) ;
#837 = TOROIDAL_SURFACE ( 'NONE', #651, 2.224000000000000200, 0.01000000000000000000 ) ;
#838 = CYLINDRICAL_SURFACE ( 'NONE', #708, 1.624999999999999800 ) ;
#839 = DIRECTION ( 'NONE',  ( -1.000000000000000000, 0.0000000000000000000, 9.874149374690094300E-015 ) ) ;
#840 = FACE_OUTER_BOUND ( 'NONE', #1875, .T. ) ;
#841 = CARTESIAN_POINT ( 'NONE',  ( 1.634026619147986200, 0.3434999999999996400, -0.05378591061889739800 ) ) ;
#842 = CARTESIAN_POINT ( 'NONE',  ( -2.233922251746593100, 0.3109079197069279400, 0.01923374421523797000 ) ) ;
#843 = ADVANCED_FACE ( 'NONE', ( #564 ), #514, .F. ) ;
#844 = CARTESIAN_POINT ( 'NONE',  ( -2.233547992527513700, 0.3235274621082889200, -0.04544587155614163800 ) ) ;
#845 = AXIS2_PLACEMENT_3D ( 'NONE', #74, #72, #1604 ) ;
#846 = FACE_BOUND ( 'NONE', #254, .T. ) ;
#847 = AXIS2_PLACEMENT_3D ( 'NONE', #42, #2279, #2266 ) ;
#848 = B_SPLINE_CURVE_WITH_KNOTS ( 'NONE', 3,
 ( #1543, #1526, #1520, #1515 ),
 .UNSPECIFIED., .F., .F.,
 ( 4, 4 ),
 ( 0.0000000000000000000, 0.0002009729452677661300 ),
 .UNSPECIFIED. ) ;
#849 = ADVANCED_FACE ( 'NONE', ( #598 ), #484, .F. ) ;
#850 = CARTESIAN_POINT ( 'NONE',  ( 1.624978082930028000, 0.3089926110001279800, 0.009660542017194668700 ) ) ;
#851 = VERTEX_POINT ( 'NONE', #1397 ) ;
#852 = CARTESIAN_POINT ( 'NONE',  ( 2.233559955155442400, 0.3375582220665331300, 0.04493427854742178300 ) ) ;
#853 = CARTESIAN_POINT ( 'NONE',  ( 1.675895648049511500, -0.3435000000000000300, -0.6941787065441498200 ) ) ;
#854 = AXIS2_PLACEMENT_3D ( 'NONE', #2267, #2262, #2251 ) ;
#855 = CARTESIAN_POINT ( 'NONE',  ( -2.233983717688379200, 0.3089925364647180800, 0.009763054580588608600 ) ) ;
#856 = VERTEX_POINT ( 'NONE', #1400 ) ;
#857 = AXIS2_PLACEMENT_3D ( 'NONE', #2243, #2246, #2240 ) ;
#858 = DIRECTION ( 'NONE',  ( 0.0000000000000000000, 1.000000000000000000, 0.0000000000000000000 ) ) ;
#859 = ORIENTED_EDGE ( 'NONE', *, *, #1617, .T. ) ;
#860 = DIRECTION ( 'NONE',  ( 0.0000000000000000000, 0.0000000000000000000, 1.000000000000000000 ) ) ;
#861 = DIRECTION ( 'NONE',  ( 0.0000000000000000000, 1.000000000000000000, 0.0000000000000000000 ) ) ;
#862 = VERTEX_POINT ( 'NONE', #1424 ) ;
#863 = VERTEX_POINT ( 'NONE', #1427 ) ;
#864 = AXIS2_PLACEMENT_3D ( 'NONE', #2235, #2224, #2218 ) ;
#865 = CARTESIAN_POINT ( 'NONE',  ( 1.675895648049516400, 0.3435000000000003600, 0.8601787065441381900 ) ) ;
#866 = FACE_BOUND ( 'NONE', #1523, .T. ) ;
#867 = AXIS2_PLACEMENT_3D ( 'NONE', #2211, #2217, #2208 ) ;
#868 = CARTESIAN_POINT ( 'NONE',  ( -2.233988174685167300, 0.3189295043279309900, 0.008424148445860106900 ) ) ;
#869 = CARTESIAN_POINT ( 'NONE',  ( 1.912898300268165700E-016, 0.3174999999999998400, 1.499000000000000100 ) ) ;
#870 = AXIS2_PLACEMENT_3D ( 'NONE', #1797, #2203, #1156 ) ;
#871 = CYLINDRICAL_SURFACE ( 'NONE', #740, 0.1660000000000002300 ) ;
#872 = CARTESIAN_POINT ( 'NONE',  ( 0.0000000000000000000, 0.2235000000000002800, 0.0000000000000000000 ) ) ;
#873 = DIRECTION ( 'NONE',  ( -0.0000000000000000000, 1.000000000000000000, -0.0000000000000000000 ) ) ;
#874 = DIRECTION ( 'NONE',  ( 0.0000000000000000000, 0.0000000000000000000, 1.000000000000000000 ) ) ;
#875 = ORIENTED_EDGE ( 'NONE', *, *, #1923, .T. ) ;
#876 = ORIENTED_EDGE ( 'NONE', *, *, #1898, .T. ) ;
#877 = DIRECTION ( 'NONE',  ( -0.7071067811865388000, 0.0000000000000000000, 0.7071067811865561200 ) ) ;
#878 = ORIENTED_EDGE ( 'NONE', *, *, #1467, .T. ) ;
#879 = CARTESIAN_POINT ( 'NONE',  ( 1.634113608027917700, 0.3412941330235443900, -0.04856531274411716300 ) ) ;
#880 = CARTESIAN_POINT ( 'NONE',  ( 2.233389509216120200, 0.3304696969696969100, 0.05222355908380921900 ) ) ;
#881 = CARTESIAN_POINT ( 'NONE',  ( 2.223348569054751400, 0.3412827063893578700, 0.04855420688534212200 ) ) ;
#882 = FACE_OUTER_BOUND ( 'NONE', #1713, .T. ) ;
#883 = CARTESIAN_POINT ( 'NONE',  ( 2.233477265772431300, 0.3414022419757196700, 0.04873225151839282600 ) ) ;
#884 = CARTESIAN_POINT ( 'NONE',  ( -1.624391935135931500, 0.3238731322726210400, 0.04462803998027669400 ) ) ;
#885 = CARTESIAN_POINT ( 'NONE',  ( -1.624588822109052800, 0.3184624394129332300, -0.03676525748941967400 ) ) ;
#886 = CARTESIAN_POINT ( 'NONE',  ( 2.233345640540160400, 0.3323913194564621600, 0.05409964417624330000 ) ) ;
#887 = CARTESIAN_POINT ( 'NONE',  ( 2.233933528890867500, 0.3104604973703695700, 0.01939246363974513100 ) ) ;
#888 = CYLINDRICAL_SURFACE ( 'NONE', #745, 0.1660000000000000900 ) ;
#889 = DIRECTION ( 'NONE',  ( -1.000000000000000000, -1.222850489554280500E-016, 0.0000000000000000000 ) ) ;
#890 = CARTESIAN_POINT ( 'NONE',  ( 2.223284767956136100, 0.3434999999999999700, 0.05376610510281845700 ) ) ;
#891 = ADVANCED_FACE ( 'NONE', ( #471 ), #2131, .T. ) ;
#892 = VERTEX_POINT ( 'NONE', #1389 ) ;
#893 = VERTEX_POINT ( 'NONE', #1494 ) ;
#894 = CARTESIAN_POINT ( 'NONE',  ( 2.233353816011192500, 0.3435720164017405100, 0.05400171208997176000 ) ) ;
#895 = DIRECTION ( 'NONE',  ( -2.090602855382839300E-016, 1.000000000000000000, 8.659560562355010500E-017 ) ) ;
#896 = EDGE_LOOP ( 'NONE', ( #1962, #1734, #1807, #1091 ) ) ;
#897 = ORIENTED_EDGE ( 'NONE', *, *, #1648, .F. ) ;
#898 = ORIENTED_EDGE ( 'NONE', *, *, #1755, .F. ) ;
#899 = CARTESIAN_POINT ( 'NONE',  ( 2.233281551648083500, 0.3334999975208015600, 0.05671734698542169100 ) ) ;
#900 = DIRECTION ( 'NONE',  ( 1.000000000000000000, -0.0000000000000000000, -0.0000000000000000000 ) ) ;
#901 = CARTESIAN_POINT ( 'NONE',  ( 2.223212990246323800, 0.3434999999999999700, 0.05916079783099623100 ) ) ;
#902 = FACE_OUTER_BOUND ( 'NONE', #1723, .T. ) ;
#903 = CYLINDRICAL_SURFACE ( 'NONE', #747, 0.01999999999999993100 ) ;
#904 = DIRECTION ( 'NONE',  ( -0.0000000000000000000, 1.000000000000000000, -0.0000000000000000000 ) ) ;
#905 = FACE_OUTER_BOUND ( 'NONE', #1480, .T. ) ;
#906 = CARTESIAN_POINT ( 'NONE',  ( -1.624999926018893600, 0.3085016786686834400, -0.004811113287431115000 ) ) ;
#907 = CARTESIAN_POINT ( 'NONE',  ( 0.0000000000000000000, 0.0000000000000000000, 1.575000000000000000 ) ) ;
#908 = CYLINDRICAL_SURFACE ( 'NONE', #749, 2.234000000000000400 ) ;
#909 = CARTESIAN_POINT ( 'NONE',  ( 2.233209451533402200, 0.3434999999999996900, 0.05942680861261041800 ) ) ;
#910 = CARTESIAN_POINT ( 'NONE',  ( 2.233209451533402700, 0.3334999999999999600, 0.05942680861261045300 ) ) ;
#911 = CARTESIAN_POINT ( 'NONE',  ( 1.634894352465816600, 0.3205830655722636300, 0.01653342126865529900 ) ) ;
#912 = DIRECTION ( 'NONE',  ( -3.586907429118493800E-017, 1.000000000000000000, 8.659560562354828100E-017 ) ) ;
#913 = DIRECTION ( 'NONE',  ( -0.0000000000000000000, -1.000000000000000000, -0.0000000000000000000 ) ) ;
#914 = VERTEX_POINT ( 'NONE', #1437 ) ;
#915 = DIRECTION ( 'NONE',  ( 0.0000000000000000000, 0.0000000000000000000, -1.000000000000000000 ) ) ;
#916 = CARTESIAN_POINT ( 'NONE',  ( 1.634999925963771300, 0.3185014393222384600, 0.004168403422864349700 ) ) ;
#917 = VERTEX_POINT ( 'NONE', #1488 ) ;
#918 = ORIENTED_EDGE ( 'NONE', *, *, #1672, .F. ) ;
#919 = ORIENTED_EDGE ( 'NONE', *, *, #1439, .T. ) ;
#920 = B_SPLINE_CURVE_WITH_KNOTS ( 'NONE', 3,
 ( #1640, #1622, #1562, #1560 ),
 .UNSPECIFIED., .F., .F.,
 ( 4, 4 ),
 ( 2.168404344971008900E-019, 0.0004088432025676828900 ),
 .UNSPECIFIED. ) ;
#921 = DIRECTION ( 'NONE',  ( 0.0000000000000000000, 0.0000000000000000000, 1.000000000000000000 ) ) ;
#922 = CYLINDRICAL_SURFACE ( 'NONE', #766, 1.499000000000000100 ) ;
#923 = FACE_OUTER_BOUND ( 'NONE', #834, .T. ) ;
#924 = CYLINDRICAL_SURFACE ( 'NONE', #767, 0.1660000000000002300 ) ;
#925 = VERTEX_POINT ( 'NONE', #1495 ) ;
#926 = VERTEX_POINT ( 'NONE', #1497 ) ;
#927 = CARTESIAN_POINT ( 'NONE',  ( 5.951783443856135700E-017, -0.3434999999999997500, 0.0000000000000000000 ) ) ;
#928 = FACE_OUTER_BOUND ( 'NONE', #1313, .T. ) ;
#929 = FACE_OUTER_BOUND ( 'NONE', #55, .T. ) ;
#930 = CARTESIAN_POINT ( 'NONE',  ( -2.233209451533402700, 0.3334999999999995700, 0.05942680861261045300 ) ) ;
#931 = FACE_OUTER_BOUND ( 'NONE', #392, .T. ) ;
#932 = CYLINDRICAL_SURFACE ( 'NONE', #775, 0.06250000000000000000 ) ;
#933 = FACE_OUTER_BOUND ( 'NONE', #251, .T. ) ;
#934 = VERTEX_POINT ( 'NONE', #1505 ) ;
#935 = CARTESIAN_POINT ( 'NONE',  ( 1.624984193382799300, 0.3189179895550154900, 0.008317590847827566500 ) ) ;
#936 = ORIENTED_EDGE ( 'NONE', *, *, #1950, .F. ) ;
#937 = B_SPLINE_CURVE_WITH_KNOTS ( 'NONE', 3,
 ( #1869, #615, #2221, #885, #1352, #614, #1759, #432, #906, #816, #1102, #139, #803, #884, #698, #811 ),
 .UNSPECIFIED., .F., .F.,
 ( 4, 2, 2, 2, 2, 2, 2, 4 ),
 ( 0.0000000000000000000, 0.0003643646997110056600, 0.0007287293994220116400, 0.001093094099133017500, 0.001457458798844023500, 0.002186188198266035000, 0.002550552897977040600, 0.002914917597688046600 ),
 .UNSPECIFIED. ) ;
#938 = FACE_OUTER_BOUND ( 'NONE', #1567, .T. ) ;
#939 = CARTESIAN_POINT ( 'NONE',  ( -2.223551099678255500, 0.3314135959844192700, -0.03896214813885483200 ) ) ;
#940 = FACE_OUTER_BOUND ( 'NONE', #1628, .T. ) ;
#941 = CYLINDRICAL_SURFACE ( 'NONE', #777, 1.399999999999999900 ) ;
#942 = CARTESIAN_POINT ( 'NONE',  ( 1.806354028742346000E-016, 0.2235000000000002800, -1.474999999999999900 ) ) ;
#943 = EDGE_CURVE ( 'NONE', #1861, #734, #446, .T. ) ;
#944 = FACE_OUTER_BOUND ( 'NONE', #277, .T. ) ;
#945 = CARTESIAN_POINT ( 'NONE',  ( -1.634173204260898700, 0.3304696969696966400, -0.05198979203329956400 ) ) ;
#946 = FACE_OUTER_BOUND ( 'NONE', #453, .T. ) ;
#947 = CARTESIAN_POINT ( 'NONE',  ( 0.0000000000000000000, 0.2975000000000002600, 0.0000000000000000000 ) ) ;
#948 = DIRECTION ( 'NONE',  ( -0.0000000000000000000, -1.000000000000000000, -0.0000000000000000000 ) ) ;
#949 = CARTESIAN_POINT ( 'NONE',  ( 1.624178261115572400, 0.3304696969696969100, 0.05167181165389119600 ) ) ;
#950 = B_SPLINE_CURVE_WITH_KNOTS ( 'NONE', 3,
 ( #1989, #1993, #1974, #200, #309, #258, #1964, #1963, #1960, #1957, #1952, #1941, #1937, #1928 ),
 .UNSPECIFIED., .F., .F.,
 ( 4, 2, 2, 2, 2, 2, 4 ),
 ( 0.0000000000000000000, 0.0006354648186581411400, 0.001270929637316282500, 0.001588662046645353200, 0.001906394455974423400, 0.002224126865303494100, 0.002541859274632565000 ),
 .UNSPECIFIED. ) ;
#951 = ORIENTED_EDGE ( 'NONE', *, *, #1433, .F. ) ;
#952 = ADVANCED_FACE ( 'NONE', ( #589 ), #434, .T. ) ;
#953 = CARTESIAN_POINT ( 'NONE',  ( -1.675895648049511500, -0.3435000000000009700, 0.6941787065441498200 ) ) ;
#954 = FACE_OUTER_BOUND ( 'NONE', #469, .T. ) ;
#955 = CARTESIAN_POINT ( 'NONE',  ( 1.624119135906574300, 0.3323936003731567900, 0.05353026940996580300 ) ) ;
#956 = CARTESIAN_POINT ( 'NONE',  ( 0.0000000000000000000, 0.2675000000000002900, 0.0000000000000000000 ) ) ;
#957 = FACE_OUTER_BOUND ( 'NONE', #2019, .T. ) ;
#958 = CARTESIAN_POINT ( 'NONE',  ( -2.223933845822021900, 0.3201894331794575300, -0.01664275031222166600 ) ) ;
#959 = DIRECTION ( 'NONE',  ( 0.0000000000000000000, 1.000000000000000000, 0.0000000000000000000 ) ) ;
#960 = DIRECTION ( 'NONE',  ( -0.02660107816142106800, -1.706800794428037500E-015, -0.9996461287078793900 ) ) ;
#961 = DIRECTION ( 'NONE',  ( 0.0000000000000000000, 0.0000000000000000000, 1.000000000000000000 ) ) ;
#962 = ORIENTED_EDGE ( 'NONE', *, *, #1954, .F. ) ;
#963 = CARTESIAN_POINT ( 'NONE',  ( 2.233763803358175700, 0.3160851747858328700, -0.03279148257786133200 ) ) ;
#964 = DIRECTION ( 'NONE',  ( -1.000000000000000000, -1.260852920152737000E-016, 0.0000000000000000000 ) ) ;
#965 = ORIENTED_EDGE ( 'NONE', *, *, #1467, .F. ) ;
#966 = CARTESIAN_POINT ( 'NONE',  ( 0.0000000000000000000, 0.2975000000000002600, 0.0000000000000000000 ) ) ;
#967 = CARTESIAN_POINT ( 'NONE',  ( 0.6941787065441557000, -0.3435000000000004700, -1.841895648049509400 ) ) ;
#968 = PRODUCT_RELATED_PRODUCT_CATEGORY ( 'detail', '', ( #167 ) ) ;
#969 = DIRECTION ( 'NONE',  ( -0.0000000000000000000, 1.000000000000000000, -0.0000000000000000000 ) ) ;
#970 = CYLINDRICAL_SURFACE ( 'NONE', #787, 0.1660000000000000900 ) ;
#971 = CC_DESIGN_SECURITY_CLASSIFICATION ( #983, ( #992 ) ) ;
#972 = B_SPLINE_CURVE_WITH_KNOTS ( 'NONE', 3,
 ( #1138, #1059, #1632, #2027 ),
 .UNSPECIFIED., .F., .F.,
 ( 4, 4 ),
 ( 0.0000000000000000000, 0.0002009649576311401100 ),
 .UNSPECIFIED. ) ;
#973 = CC_DESIGN_APPROVAL ( #976, ( #983 ) ) ;
#974 = CARTESIAN_POINT ( 'NONE',  ( 1.634977948046757900, 0.3189246645989546900, 0.008379303034259585900 ) ) ;
#975 = DIRECTION ( 'NONE',  ( -3.586907429118493800E-017, 1.000000000000000000, 8.659560562354828100E-017 ) ) ;
#976 = APPROVAL ( #1012, 'UNSPECIFIED' ) ;
#977 = ORIENTED_EDGE ( 'NONE', *, *, #1954, .T. ) ;
#978 = CC_DESIGN_DATE_AND_TIME_ASSIGNMENT ( #1337, #1014, ( #983 ) ) ;
#979 = CC_DESIGN_PERSON_AND_ORGANIZATION_ASSIGNMENT ( #1362, #1020, ( #983 ) ) ;
#980 = ORIENTED_EDGE ( 'NONE', *, *, #1737, .F. ) ;
#981 = ORIENTED_EDGE ( 'NONE', *, *, #2004, .F. ) ;
#982 = EDGE_CURVE ( 'NONE', #991, #503, #470, .T. ) ;
#983 = SECURITY_CLASSIFICATION ( '', '', #1022 ) ;
#984 = ORIENTED_EDGE ( 'NONE', *, *, #1654, .F. ) ;
#985 = CARTESIAN_POINT ( 'NONE',  ( 1.675895648049516400, -0.3435000000000003100, 0.8601787065441381900 ) ) ;
#986 = CC_DESIGN_PERSON_AND_ORGANIZATION_ASSIGNMENT ( #1363, #1028, ( #992 ) ) ;
#987 = CC_DESIGN_PERSON_AND_ORGANIZATION_ASSIGNMENT ( #1367, #1029, ( #992 ) ) ;
#988 = CC_DESIGN_APPROVAL ( #989, ( #992 ) ) ;
#989 = APPROVAL ( #1037, 'UNSPECIFIED' ) ;
#990 = DIRECTION ( 'NONE',  ( -0.0000000000000000000, -1.000000000000000000, -0.0000000000000000000 ) ) ;
#991 = VERTEX_POINT ( 'NONE', #649 ) ;
#992 = PRODUCT_DEFINITION_FORMATION_WITH_SPECIFIED_SOURCE ( 'ANY', '', #167, .NOT_KNOWN. ) ;
#993 = CC_DESIGN_DATE_AND_TIME_ASSIGNMENT ( #1401, #1043, ( #1009 ) ) ;
#994 = CARTESIAN_POINT ( 'NONE',  ( 0.6941787065441674700, -0.3435000000000006900, 1.675895648049504200 ) ) ;
#995 = DIRECTION ( 'NONE',  ( 0.03618397420856191800, -0.0000000000000000000, 0.9993451455880866300 ) ) ;
#996 = FACE_OUTER_BOUND ( 'NONE', #359, .T. ) ;
#997 = CC_DESIGN_PERSON_AND_ORGANIZATION_ASSIGNMENT ( #1425, #1049, ( #1009 ) ) ;
#998 = DIRECTION ( 'NONE',  ( -1.224646799147340400E-016, 1.000000000000000000, 1.224646799147353200E-016 ) ) ;
#999 = CYLINDRICAL_SURFACE ( 'NONE', #790, 1.575000000000000000 ) ;
#1000 = EDGE_CURVE ( 'NONE', #1956, #1478, #436, .T. ) ;
#1001 = CC_DESIGN_APPROVAL ( #1006, ( #1009 ) ) ;
#1002 = APPROVAL_ROLE ( '' ) ;
#1003 = ADVANCED_FACE ( 'NONE', ( #571 ), #372, .F. ) ;
#1004 = DIRECTION ( 'NONE',  ( 0.0000000000000000000, 0.0000000000000000000, -1.000000000000000000 ) ) ;
#1005 = DIRECTION ( 'NONE',  ( -1.000000000000000000, 0.0000000000000000000, 9.874149374690094300E-015 ) ) ;
#1006 = APPROVAL ( #1071, 'UNSPECIFIED' ) ;
#1007 = DIRECTION ( 'NONE',  ( -1.224646799147353200E-016, 1.000000000000000000, -0.0000000000000000000 ) ) ;
#1008 = CARTESIAN_POINT ( 'NONE',  ( -1.224646799147356900E-018, 0.3434999999999999200, 0.0000000000000000000 ) ) ;
#1009 = PRODUCT_DEFINITION ( 'UNKNOWN', '', #992, #510 ) ;
#1010 = CC_DESIGN_PERSON_AND_ORGANIZATION_ASSIGNMENT ( #1486, #1083, ( #167 ) ) ;
#1011 = CARTESIAN_POINT ( 'NONE',  ( 1.806354028742346000E-016, 0.0000000000000000000, -1.474999999999999900 ) ) ;
#1012 = APPROVAL_STATUS ( 'not_yet_approved' ) ;
#1013 = ORIENTED_EDGE ( 'NONE', *, *, #1950, .T. ) ;
#1014 = DATE_TIME_ROLE ( 'classification_date' ) ;
#1015 = ORIENTED_EDGE ( 'NONE', *, *, #1882, .F. ) ;
#1016 = DIRECTION ( 'NONE',  ( -0.0000000000000000000, 1.000000000000000000, -0.0000000000000000000 ) ) ;
#1017 = DIRECTION ( 'NONE',  ( 0.0000000000000000000, 0.0000000000000000000, -1.000000000000000000 ) ) ;
#1018 = CARTESIAN_POINT ( 'NONE',  ( -2.224000108110110800, 0.3184971411127272000, -0.008271506321514365100 ) ) ;
#1019 = AXIS2_PLACEMENT_3D ( 'NONE', #1190, #1125, #1116 ) ;
#1020 = PERSON_AND_ORGANIZATION_ROLE ( 'classification_officer' ) ;
#1021 = CARTESIAN_POINT ( 'NONE',  ( -0.6941787065441439300, 0.3435000000000004700, 1.675895648049514000 ) ) ;
#1022 = SECURITY_CLASSIFICATION_LEVEL ( 'unclassified' ) ;
#1023 = DIRECTION ( 'NONE',  ( -3.586907429118614000E-017, 1.000000000000000000, -8.659560562354950100E-017 ) ) ;
#1024 = CARTESIAN_POINT ( 'NONE',  ( 0.6941787065441557000, -0.3435000000000004700, -1.675895648049509300 ) ) ;
#1025 = DIRECTION ( 'NONE',  ( 0.0000000000000000000, 0.0000000000000000000, 1.000000000000000000 ) ) ;
#1026 = DIRECTION ( 'NONE',  ( 1.224646799147353200E-016, -1.000000000000000000, 0.0000000000000000000 ) ) ;
#1027 = CYLINDRICAL_SURFACE ( 'NONE', #799, 0.1660000000000002300 ) ;
#1028 = PERSON_AND_ORGANIZATION_ROLE ( 'design_supplier' ) ;
#1029 = PERSON_AND_ORGANIZATION_ROLE ( 'creator' ) ;
#1030 = FACE_OUTER_BOUND ( 'NONE', #1519, .T. ) ;
#1031 = CARTESIAN_POINT ( 'NONE',  ( -0.6941787065441439300, 0.3435000000000004700, 1.675895648049514000 ) ) ;
#1032 = CARTESIAN_POINT ( 'NONE',  ( 1.623935861580640500, 0.3335000000000000700, 0.05879895808891066200 ) ) ;
#1033 = APPROVAL_ROLE ( '' ) ;
#1034 = DIRECTION ( 'NONE',  ( -2.090602855382839300E-016, 1.000000000000000000, 8.659560562355010500E-017 ) ) ;
#1035 = ORIENTED_EDGE ( 'NONE', *, *, #1491, .F. ) ;
#1036 = CARTESIAN_POINT ( 'NONE',  ( 0.0000000000000000000, 0.0000000000000000000, 1.399999999999999900 ) ) ;
#1037 = APPROVAL_STATUS ( 'not_yet_approved' ) ;
#1038 = DIRECTION ( 'NONE',  ( -0.7071067811865540100, 0.0000000000000000000, -0.7071067811865409100 ) ) ;
#1039 = ORIENTED_EDGE ( 'NONE', *, *, #1565, .F. ) ;
#1040 = CARTESIAN_POINT ( 'NONE',  ( -2.234000000000000400, 0.3234999999999999000, 0.05916079783099630100 ) ) ;
#1041 = ORIENTED_EDGE ( 'NONE', *, *, #1773, .F. ) ;
#1042 = CARTESIAN_POINT ( 'NONE',  ( 2.233389509216119800, 0.3304696969696969100, 0.05222355908380921900 ) ) ;
#1043 = DATE_TIME_ROLE ( 'creation_date' ) ;
#1044 = DIRECTION ( 'NONE',  ( 1.000000000000000000, -0.0000000000000000000, -0.0000000000000000000 ) ) ;
#1045 = CYLINDRICAL_SURFACE ( 'NONE', #804, 0.02000000000000000700 ) ;
#1046 =( GEOMETRIC_REPRESENTATION_CONTEXT ( 3 ) GLOBAL_UNCERTAINTY_ASSIGNED_CONTEXT ( ( #636 ) ) GLOBAL_UNIT_ASSIGNED_CONTEXT ( ( #1158, #1152, #1149 ) ) REPRESENTATION_CONTEXT ( 'NONE', 'WORKASPACE' ) );
#1047 = FACE_OUTER_BOUND ( 'NONE', #709, .T. ) ;
#1048 = CYLINDRICAL_SURFACE ( 'NONE', #815, 1.575000000000000000 ) ;
#1049 = PERSON_AND_ORGANIZATION_ROLE ( 'creator' ) ;
#1050 = CARTESIAN_POINT ( 'NONE',  ( -0.6941787065441557000, -0.3435000000000008600, -1.675895648049509100 ) ) ;
#1051 = FACE_OUTER_BOUND ( 'NONE', #1516, .T. ) ;
#1052 = CARTESIAN_POINT ( 'NONE',  ( 0.6941787065441674700, -0.3435000000000006900, 1.675895648049504200 ) ) ;
#1053 = ADVANCED_FACE ( 'NONE', ( #433, #383, #406, #408, #412 ), #717, .T. ) ;
#1054 = CARTESIAN_POINT ( 'NONE',  ( 1.928818708657081800E-016, -0.3234999999999994500, -1.575000000000000200 ) ) ;
#1055 = FACE_OUTER_BOUND ( 'NONE', #1592, .T. ) ;
#1056 = CARTESIAN_POINT ( 'NONE',  ( 0.0000000000000000000, 0.2716397504824582000, 0.0000000000000000000 ) ) ;
#1057 = FACE_OUTER_BOUND ( 'NONE', #388, .T. ) ;
#1058 = ORIENTED_EDGE ( 'NONE', *, *, #1584, .T. ) ;
#1059 = CARTESIAN_POINT ( 'NONE',  ( -1.624032681127814700, 0.3334999999999996900, -0.05612495263254837400 ) ) ;
#1060 = AXIS2_PLACEMENT_3D ( 'NONE', #1207, #1204, #1200 ) ;
#1061 = APPROVAL_ROLE ( '' ) ;
#1062 = DIRECTION ( 'NONE',  ( -0.0000000000000000000, 1.000000000000000000, 0.0000000000000000000 ) ) ;
#1063 = CARTESIAN_POINT ( 'NONE',  ( 0.0000000000000000000, 0.2975000000000002600, -1.499000000000000300 ) ) ;
#1064 = DIRECTION ( 'NONE',  ( -1.224646799147357600E-016, 1.000000000000000000, -1.224646799147353200E-016 ) ) ;
#1065 = VERTEX_POINT ( 'NONE', #731 ) ;
#1066 = DIRECTION ( 'NONE',  ( -0.01629514477187943300, -0.7170053669652479700, 0.6968771570369440800 ) ) ;
#1067 = ORIENTED_EDGE ( 'NONE', *, *, #1862, .T. ) ;
#1068 = DIRECTION ( 'NONE',  ( 1.000000000000000000, 0.0000000000000000000, -3.291383124896698000E-015 ) ) ;
#1069 = DIRECTION ( 'NONE',  ( 0.0000000000000000000, 0.0000000000000000000, 1.000000000000000000 ) ) ;
#1070 = ORIENTED_EDGE ( 'NONE', *, *, #1720, .F. ) ;
#1071 = APPROVAL_STATUS ( 'not_yet_approved' ) ;
#1072 = CARTESIAN_POINT ( 'NONE',  ( -1.841895648049511700, 0.3435000000000003100, -0.6941787065441497000 ) ) ;
#1073 = DIRECTION ( 'NONE',  ( -1.224646799147340100E-016, 1.000000000000000000, 1.224646799147353000E-016 ) ) ;
#1074 = B_SPLINE_CURVE_WITH_KNOTS ( 'NONE', 3,
 ( #533, #590, #62, #2128 ),
 .UNSPECIFIED., .F., .F.,
 ( 4, 4 ),
 ( 4.336808689942017700E-019, 0.0004088171205251445600 ),
 .UNSPECIFIED. ) ;
#1075 = FACE_OUTER_BOUND ( 'NONE', #355, .T. ) ;
#1076 = TOROIDAL_SURFACE ( 'NONE', #821, 2.224000000000000200, 0.01000000000000000000 ) ;
#1077 = CARTESIAN_POINT ( 'NONE',  ( -0.6941787065441557000, -0.3435000000000008600, -1.675895648049509100 ) ) ;
#1078 = DIRECTION ( 'NONE',  ( -1.224646799147357600E-016, 1.000000000000000000, -1.224646799147353200E-016 ) ) ;
#1079 = DIRECTION ( 'NONE',  ( 1.000000000000000000, 0.0000000000000000000, -3.291383124896698000E-015 ) ) ;
#1080 = APPLICATION_PROTOCOL_DEFINITION ( 'international standard', 'config_control_design', 1994, #1081 ) ;
#1081 = APPLICATION_CONTEXT ( 'configuration controlled 3d designs of mechanical parts and assemblies' ) ;
#1082 = DIRECTION ( 'NONE',  ( 1.000000000000000000, -0.0000000000000000000, -0.0000000000000000000 ) ) ;
#1083 = PERSON_AND_ORGANIZATION_ROLE ( 'design_owner' ) ;
#1084 = DIRECTION ( 'NONE',  ( -0.0000000000000000000, 1.000000000000000000, -0.0000000000000000000 ) ) ;
#1085 = VERTEX_POINT ( 'NONE', #739 ) ;
#1086 = VERTEX_POINT ( 'NONE', #726 ) ;
#1087 = DIRECTION ( 'NONE',  ( 0.0000000000000000000, 0.0000000000000000000, -1.000000000000000000 ) ) ;
#1088 = CARTESIAN_POINT ( 'NONE',  ( -0.5281787065441434500, -0.3435000000000009200, 1.675895648049514000 ) ) ;
#1089 = DIRECTION ( 'NONE',  ( 0.0000000000000000000, 0.0000000000000000000, 1.000000000000000000 ) ) ;
#1090 = B_SPLINE_CURVE_WITH_KNOTS ( 'NONE', 3,
 ( #2139, #2107, #2103, #2083, #2079, #2077, #2065, #2064, #2058, #2051, #2048, #2039, #2037, #2024 ),
 .UNSPECIFIED., .F., .F.,
 ( 4, 2, 2, 2, 2, 2, 4 ),
 ( 0.0000000000000000000, 0.0006354248922076984500, 0.001270849784415396900, 0.001588562230519246000, 0.001906274676623095300, 0.002223987122726944700, 0.002541699568830793800 ),
 .UNSPECIFIED. ) ;
#1091 = ORIENTED_EDGE ( 'NONE', *, *, #1949, .F. ) ;
#1092 = AXIS2_PLACEMENT_3D ( 'NONE', #1233, #1225, #1223 ) ;
#1093 = VERTEX_POINT ( 'NONE', #743 ) ;
#1094 = PRODUCT_DEFINITION_SHAPE ( 'NONE', 'NONE',  #1009 ) ;
#1095 = AXIS2_PLACEMENT_3D ( 'NONE', #1283, #1282, #1279 ) ;
#1096 = FACE_OUTER_BOUND ( 'NONE', #1447, .T. ) ;
#1097 = CARTESIAN_POINT ( 'NONE',  ( 1.623935861580640700, 0.3434999999999999700, 0.05879895808891062000 ) ) ;
#1098 = DIRECTION ( 'NONE',  ( -3.586907429118493800E-017, 1.000000000000000000, 8.659560562354828100E-017 ) ) ;
#1099 = MECHANICAL_CONTEXT ( 'NONE', #1132, 'mechanical' ) ;
#1100 = FACE_OUTER_BOUND ( 'NONE', #220, .T. ) ;
#1101 = CARTESIAN_POINT ( 'NONE',  ( 1.624894998619166800, 0.3109163559984852700, 0.01906146734732799100 ) ) ;
#1102 = CARTESIAN_POINT ( 'NONE',  ( -1.624910313469048800, 0.3104654514291312900, 0.01920916393717018700 ) ) ;
#1103 = FACE_OUTER_BOUND ( 'NONE', #1729, .T. ) ;
#1104 = CARTESIAN_POINT ( 'NONE',  ( -1.624178261115572400, 0.3304696969696966900, -0.05167181165389096700 ) ) ;
#1105 = EDGE_CURVE ( 'NONE', #153, #1881, #337, .T. ) ;
#1106 = AXIS2_PLACEMENT_3D ( 'NONE', #1711, #960, #1307 ) ;
#1107 = CYLINDRICAL_SURFACE ( 'NONE', #825, 1.624999999999999800 ) ;
#1108 = CARTESIAN_POINT ( 'NONE',  ( 0.0000000000000000000, 0.0000000000000000000, 0.0000000000000000000 ) ) ;
#1109 = DIRECTION ( 'NONE',  ( 0.0000000000000000000, 0.0000000000000000000, 1.000000000000000000 ) ) ;
#1110 = EDGE_LOOP ( 'NONE', ( #1354, #1811, #1966, #753 ) ) ;
#1111 = AXIS2_PLACEMENT_3D ( 'NONE', #1348, #1339, #1323 ) ;
#1112 = CARTESIAN_POINT ( 'NONE',  ( 1.633929313036521600, 0.3434999999999999700, 0.05916079783099623100 ) ) ;
#1113 = DIRECTION ( 'NONE',  ( -1.000000000000000000, -1.222850489554280500E-016, 0.0000000000000000000 ) ) ;
#1114 = DIRECTION ( 'NONE',  ( -1.224646799147353200E-016, 1.000000000000000000, -0.0000000000000000000 ) ) ;
#1115 = AXIS2_PLACEMENT_3D ( 'NONE', #1378, #1370, #1366 ) ;
#1116 = DIRECTION ( 'NONE',  ( 1.000000000000000000, 0.0000000000000000000, 0.0000000000000000000 ) ) ;
#1117 = EDGE_CURVE ( 'NONE', #1912, #205, #538, .T. ) ;
#1118 = CARTESIAN_POINT ( 'NONE',  ( 1.623935861580640500, 0.3334999999999999600, 0.05879895808891066200 ) ) ;
#1119 = EDGE_LOOP ( 'NONE', ( #173, #176 ) ) ;
#1120 = ORIENTED_EDGE ( 'NONE', *, *, #1570, .F. ) ;
#1121 = ADVANCED_FACE ( 'NONE', ( #315 ), #1874, .T. ) ;
#1122 = DIRECTION ( 'NONE',  ( 0.7071067811865438000, 0.0000000000000000000, -0.7071067811865512400 ) ) ;
#1123 = CARTESIAN_POINT ( 'NONE',  ( 1.634026308294890900, 0.3434999999999999700, 0.05380307879433574000 ) ) ;
#1124 = CARTESIAN_POINT ( 'NONE',  ( 1.624128155728203700, 0.3434035426437590500, 0.05348808847339445900 ) ) ;
#1125 = DIRECTION ( 'NONE',  ( 0.0000000000000000000, 0.0000000000000000000, 1.000000000000000000 ) ) ;
#1126 = FACE_BOUND ( 'NONE', #68, .T. ) ;
#1127 = CYLINDRICAL_SURFACE ( 'NONE', #827, 0.1660000000000002300 ) ;
#1128 = DIRECTION ( 'NONE',  ( 0.0000000000000000000, -0.6969696969696995700, -0.7171005797696479200 ) ) ;
#1129 = FACE_BOUND ( 'NONE', #1609, .T. ) ;
#1130 = CARTESIAN_POINT ( 'NONE',  ( 1.624032265146654800, 0.3334999930922736800, 0.05613644138583869000 ) ) ;
#1131 = CARTESIAN_POINT ( 'NONE',  ( 1.634113373632413400, 0.3413092980314564300, 0.04858005203072089700 ) ) ;
#1132 = APPLICATION_CONTEXT ( 'configuration controlled 3d designs of mechanical parts and assemblies' ) ;
#1133 = CARTESIAN_POINT ( 'NONE',  ( 1.624292177205940400, 0.3411516784299543600, 0.04834519205096263200 ) ) ;
#1134 = CARTESIAN_POINT ( 'NONE',  ( 1.624118794945330200, 0.3324046914826696600, 0.05354098670092265900 ) ) ;
#1135 = CARTESIAN_POINT ( 'NONE',  ( 1.634173204260898500, 0.3374393939393939300, 0.04481878623560328600 ) ) ;
#1136 = CARTESIAN_POINT ( 'NONE',  ( 1.624401088719375200, 0.3372840112771404700, 0.04466776556977154800 ) ) ;
#1137 = DIRECTION ( 'NONE',  ( -0.0000000000000000000, -1.000000000000000000, -0.0000000000000000000 ) ) ;
#1138 = CARTESIAN_POINT ( 'NONE',  ( -1.623935861580640500, 0.3334999999999996900, -0.05879895808891044700 ) ) ;
#1139 = CARTESIAN_POINT ( 'NONE',  ( 1.624178261115572000, 0.3304696969696969100, 0.05167181165389121000 ) ) ;
#1140 = B_SPLINE_CURVE_WITH_KNOTS ( 'NONE', 3,
 ( #1663, #841, #879, #536 ),
 .UNSPECIFIED., .F., .F.,
 ( 4, 4 ),
 ( 0.0000000000000000000, 0.0004088363406027487400 ),
 .UNSPECIFIED. ) ;
#1141 = ORIENTED_EDGE ( 'NONE', *, *, #1491, .T. ) ;
#1142 = AXIS2_PLACEMENT_3D ( 'NONE', #1452, #1448, #1443 ) ;
#1143 = APPLICATION_PROTOCOL_DEFINITION ( 'international standard', 'config_control_design', 1994, #1132 ) ;
#1144 = DIRECTION ( 'NONE',  ( 0.0000000000000000000, 0.0000000000000000000, 1.000000000000000000 ) ) ;
#1145 = CARTESIAN_POINT ( 'NONE',  ( -2.461540066286177600E-017, 0.3435000000000000300, 0.0000000000000000000 ) ) ;
#1146 = EDGE_LOOP ( 'NONE', ( #2229, #2272, #2277, #1645, #817, #259, #1058, #4 ) ) ;
#1147 = CARTESIAN_POINT ( 'NONE',  ( 1.675895648049516400, -0.3435000000000003100, 0.6941787065441379400 ) ) ;
#1148 = AXIS2_PLACEMENT_3D ( 'NONE', #1471, #1469, #1466 ) ;
#1149 =( NAMED_UNIT ( * ) SI_UNIT ( $, .STERADIAN. ) SOLID_ANGLE_UNIT ( ) );
#1150 = CYLINDRICAL_SURFACE ( 'NONE', #845, 1.474999999999999900 ) ;
#1151 = EDGE_CURVE ( 'NONE', #1664, #1881, #312, .T. ) ;
#1152 =( NAMED_UNIT ( * ) PLANE_ANGLE_UNIT ( ) SI_UNIT ( $, .RADIAN. ) );
#1153 = CARTESIAN_POINT ( 'NONE',  ( -2.233559955155442400, 0.3375582220665330800, 0.04493427854742173400 ) ) ;
#1154 = FACE_OUTER_BOUND ( 'NONE', #425, .T. ) ;
#1155 = CARTESIAN_POINT ( 'NONE',  ( -2.234000000000000400, 0.3374393939393936500, -0.04481878623560304300 ) ) ;
#1156 = DIRECTION ( 'NONE',  ( -1.000000000000000000, 0.0000000000000000000, 0.0000000000000000000 ) ) ;
#1157 = CYLINDRICAL_SURFACE ( 'NONE', #847, 0.06250000000000000000 ) ;
#1158 =( CONVERSION_BASED_UNIT ( 'INCH', #1531 ) LENGTH_UNIT ( ) NAMED_UNIT ( #262 ) );
#1159 = B_SPLINE_CURVE_WITH_KNOTS ( 'NONE', 3,
 ( #2248, #1675, #2206, #2187 ),
 .UNSPECIFIED., .F., .F.,
 ( 4, 4 ),
 ( 2.168404344971008900E-019, 0.0004088171205251451100 ),
 .UNSPECIFIED. ) ;
#1160 = FACE_BOUND ( 'NONE', #2041, .T. ) ;
#1161 = VERTEX_POINT ( 'NONE', #744 ) ;
#1162 = DIRECTION ( 'NONE',  ( 0.0000000000000000000, 0.7071067811865410200, 0.7071067811865539000 ) ) ;
#1163 = CARTESIAN_POINT ( 'NONE',  ( 1.624924086203761700, 0.3205543395723456400, 0.01642103839709495700 ) ) ;
#1164 = CARTESIAN_POINT ( 'NONE',  ( -2.223284505931859600, 0.3434999999999996400, -0.05378579928742466300 ) ) ;
#1165 = AXIS2_PLACEMENT_3D ( 'NONE', #1614, #1577, #1576 ) ;
#1166 = VERTEX_POINT ( 'NONE', #762 ) ;
#1167 = DIRECTION ( 'NONE',  ( -3.586907429118493800E-017, 1.000000000000000000, 8.659560562354828100E-017 ) ) ;
#1168 = AXIS2_PLACEMENT_3D ( 'NONE', #1695, #1694, #1670 ) ;
#1169 = DIRECTION ( 'NONE',  ( 0.0000000000000000000, 0.0000000000000000000, 1.000000000000000000 ) ) ;
#1170 = CARTESIAN_POINT ( 'NONE',  ( 1.714505518806294400E-016, 0.2675000000000002900, -1.399999999999999900 ) ) ;
#1171 = CARTESIAN_POINT ( 'NONE',  ( 0.0000000000000000000, 0.2675000000000002900, 0.0000000000000000000 ) ) ;
#1172 =( LENGTH_UNIT ( ) NAMED_UNIT ( * ) SI_UNIT ( $, .METRE. ) );
#1173 = CARTESIAN_POINT ( 'NONE',  ( 1.633929313036521600, 0.3434999999999999200, 0.05916079783099623100 ) ) ;
#1174 = EDGE_CURVE ( 'NONE', #322, #925, #310, .T. ) ;
#1175 = CARTESIAN_POINT ( 'NONE',  ( -1.509895648049511400, 0.3435000000000004700, -0.6941787065441497000 ) ) ;
#1176 = CARTESIAN_POINT ( 'NONE',  ( 1.675895648049516400, 0.3435000000000003600, 0.5281787065441376800 ) ) ;
#1177 = CYLINDRICAL_SURFACE ( 'NONE', #854, 0.1660000000000000900 ) ;
#1178 = ADVANCED_FACE ( 'NONE', ( #336 ), #1603, .T. ) ;
#1179 = CARTESIAN_POINT ( 'NONE',  ( -1.633929313036521300, 0.3434999999999996400, -0.05916079783099604400 ) ) ;
#1180 = DIRECTION ( 'NONE',  ( 0.0000000000000000000, 1.000000000000000000, 0.0000000000000000000 ) ) ;
#1181 = DIRECTION ( 'NONE',  ( 0.0000000000000000000, 1.000000000000000000, 0.0000000000000000000 ) ) ;
#1182 = CARTESIAN_POINT ( 'NONE',  ( -1.499000000000000300, 0.2975000000000002600, 0.0000000000000000000 ) ) ;
#1183 = CARTESIAN_POINT ( 'NONE',  ( 2.233209451533402700, 0.3334999999999996900, -0.05942680861261023100 ) ) ;
#1184 = CARTESIAN_POINT ( 'NONE',  ( 1.990051048614448400E-016, 0.3334999999999998500, 1.624999999999999800 ) ) ;
#1185 = EDGE_CURVE ( 'NONE', #893, #295, #285, .T. ) ;
#1186 = VERTEX_POINT ( 'NONE', #942 ) ;
#1187 = PLANE ( 'NONE',  #658 ) ;
#1188 = VERTEX_POINT ( 'NONE', #930 ) ;
#1189 = AXIS2_PLACEMENT_3D ( 'NONE', #1739, #1738, #1731 ) ;
#1190 = CARTESIAN_POINT ( 'NONE',  ( 0.0000000000000000000, 0.0000000000000000000, 0.0000000000000000000 ) ) ;
#1191 = AXIS2_PLACEMENT_3D ( 'NONE', #1793, #1778, #1756 ) ;
#1192 = DIRECTION ( 'NONE',  ( -1.000000000000000000, -1.224646799147353200E-016, 0.0000000000000000000 ) ) ;
#1193 = MANIFOLD_SOLID_BREP ( 'Boss-Extrude1', #518 ) ;
#1194 = DIRECTION ( 'NONE',  ( 0.0000000000000000000, -0.0000000000000000000, 1.000000000000000000 ) ) ;
#1195 = FACE_OUTER_BOUND ( 'NONE', #896, .T. ) ;
#1196 = CYLINDRICAL_SURFACE ( 'NONE', #857, 0.1660000000000002300 ) ;
#1197 = CARTESIAN_POINT ( 'NONE',  ( 1.675895648049516400, -0.3435000000000003100, 0.5281787065441376800 ) ) ;
#1198 = DIRECTION ( 'NONE',  ( -1.224646799147353200E-016, 1.000000000000000000, -0.0000000000000000000 ) ) ;
#1199 = FACE_OUTER_BOUND ( 'NONE', #1685, .T. ) ;
#1200 = DIRECTION ( 'NONE',  ( 0.9996461287078793900, 0.0000000000000000000, 0.02660107816141766100 ) ) ;
#1201 = DIRECTION ( 'NONE',  ( -1.224646799147353200E-016, 1.000000000000000000, -0.0000000000000000000 ) ) ;
#1202 = CYLINDRICAL_SURFACE ( 'NONE', #864, 1.575000000000000200 ) ;
#1203 = CARTESIAN_POINT ( 'NONE',  ( 0.0000000000000000000, 0.3334999999999998500, 0.0000000000000000000 ) ) ;
#1204 = DIRECTION ( 'NONE',  ( -0.02660107816141765400, 0.0000000000000000000, 0.9996461287078793900 ) ) ;
#1205 = DIRECTION ( 'NONE',  ( -1.000000000000000000, -1.224646799147353200E-016, 0.0000000000000000000 ) ) ;
#1206 = AXIS2_PLACEMENT_3D ( 'NONE', #1851, #1850, #1839 ) ;
#1207 = CARTESIAN_POINT ( 'NONE',  ( -2.223212990246324200, 0.3334999999999995700, -0.05916079783099604400 ) ) ;
#1208 = AXIS2_PLACEMENT_3D ( 'NONE', #1889, #1886, #1878 ) ;
#1209 = AXIS2_PLACEMENT_3D ( 'NONE', #2123, #2122, #2115 ) ;
#1210 = DIRECTION ( 'NONE',  ( -3.586907429118614000E-017, 1.000000000000000000, -8.659560562354950100E-017 ) ) ;
#1211 = CARTESIAN_POINT ( 'NONE',  ( 0.0000000000000000000, 0.0000000000000000000, 0.0000000000000000000 ) ) ;
#1212 = CARTESIAN_POINT ( 'NONE',  ( 0.0000000000000000000, -0.3435000000000000300, 1.575000000000000000 ) ) ;
#1213 = CARTESIAN_POINT ( 'NONE',  ( 2.223212990246324200, 0.3434999999999996400, -0.05916079783099604400 ) ) ;
#1214 = VERTEX_POINT ( 'NONE', #865 ) ;
#1215 = AXIS2_PLACEMENT_3D ( 'NONE', #5, #1066, #2254 ) ;
#1216 = DIRECTION ( 'NONE',  ( 0.0000000000000000000, 0.0000000000000000000, -1.000000000000000000 ) ) ;
#1217 = AXIS2_PLACEMENT_3D ( 'NONE', #800, #995, #456 ) ;
#1218 = CARTESIAN_POINT ( 'NONE',  ( 1.928818708657081600E-016, -0.05649999999999980700, -1.575000000000000200 ) ) ;
#1219 = CARTESIAN_POINT ( 'NONE',  ( -2.339075386371440400E-017, 0.3334999999999998500, 0.0000000000000000000 ) ) ;
#1220 = AXIS2_PLACEMENT_3D ( 'NONE', #826, #861, #860 ) ;
#1221 = AXIS2_PLACEMENT_3D ( 'NONE', #16, #190, #915 ) ;
#1222 = CARTESIAN_POINT ( 'NONE',  ( -2.233389509216120200, 0.3304696969696969100, 0.05222355908380919100 ) ) ;
#1223 = DIRECTION ( 'NONE',  ( 0.0000000000000000000, 0.0000000000000000000, -1.000000000000000000 ) ) ;
#1224 = EDGE_CURVE ( 'NONE', #1513, #153, #289, .T. ) ;
#1225 = DIRECTION ( 'NONE',  ( -2.449293598294706400E-016, 1.000000000000000000, 0.0000000000000000000 ) ) ;
#1226 = FACE_OUTER_BOUND ( 'NONE', #48, .T. ) ;
#1227 = CARTESIAN_POINT ( 'NONE',  ( -2.223392241941204400, 0.3374393939393938700, 0.04481878623560323100 ) ) ;
#1228 = AXIS2_PLACEMENT_3D ( 'NONE', #966, #948, #921 ) ;
#1229 = CARTESIAN_POINT ( 'NONE',  ( 1.623935861580640500, 0.3335000000000000700, 0.05879895808891066200 ) ) ;
#1230 = CARTESIAN_POINT ( 'NONE',  ( 1.675895648049511500, 0.3435000000000000800, -0.6941787065441498200 ) ) ;
#1231 = CYLINDRICAL_SURFACE ( 'NONE', #867, 1.575000000000000200 ) ;
#1232 = DIRECTION ( 'NONE',  ( -0.0000000000000000000, -1.000000000000000000, -0.0000000000000000000 ) ) ;
#1233 = CARTESIAN_POINT ( 'NONE',  ( -1.675895648049511500, 0.3435000000000002500, 0.6941787065441498200 ) ) ;
#1234 = CARTESIAN_POINT ( 'NONE',  ( 2.233708351522693600, 0.3179223034191332500, 0.03717632965466023000 ) ) ;
#1235 = FACE_OUTER_BOUND ( 'NONE', #1451, .T. ) ;
#1236 = CARTESIAN_POINT ( 'NONE',  ( -1.624178261115572400, 0.3304696969696969100, 0.05167181165389121000 ) ) ;
#1237 = EDGE_CURVE ( 'NONE', #1924, #1214, #280, .T. ) ;
#1238 = CYLINDRICAL_SURFACE ( 'NONE', #870, 0.1660000000000002300 ) ;
#1239 = DIRECTION ( 'NONE',  ( -1.224646799147353200E-016, 1.000000000000000000, -0.0000000000000000000 ) ) ;
#1240 = DIRECTION ( 'NONE',  ( 0.0000000000000000000, 0.0000000000000000000, -1.000000000000000000 ) ) ;
#1241 = EDGE_LOOP ( 'NONE', ( #10, #12 ) ) ;
#1242 = ORIENTED_EDGE ( 'NONE', *, *, #1570, .T. ) ;
#1243 = AXIS2_PLACEMENT_3D ( 'NONE', #171, #990, #650 ) ;
#1244 = CARTESIAN_POINT ( 'NONE',  ( 1.624834295972274100, 0.3123368871347325700, 0.02362386541731308800 ) ) ;
#1245 = ORIENTED_EDGE ( 'NONE', *, *, #1876, .F. ) ;
#1246 = CARTESIAN_POINT ( 'NONE',  ( 0.0000000000000000000, 0.3334999999999998500, 0.0000000000000000000 ) ) ;
#1247 = EDGE_CURVE ( 'NONE', #76, #851, #281, .T. ) ;
#1248 = PLANE ( 'NONE',  #1522 ) ;
#1249 = CARTESIAN_POINT ( 'NONE',  ( -2.223212990246324200, 0.3434999999999999200, 0.05916079783099623100 ) ) ;
#1250 = B_SPLINE_CURVE_WITH_KNOTS ( 'NONE', 3,
 ( #1602, #211, #169, #166, #161, #180, #26, #154, #347, #105, #141, #247, #102, #83 ),
 .UNSPECIFIED., .F., .F.,
 ( 4, 2, 2, 2, 2, 2, 4 ),
 ( 2.168404344971008900E-019, 0.0006354648186581415700, 0.001270929637316282900, 0.001588662046645353600, 0.001906394455974424300, 0.002224126865303494500, 0.002541859274632565400 ),
 .UNSPECIFIED. ) ;
#1251 = ORIENTED_EDGE ( 'NONE', *, *, #1503, .T. ) ;
#1252 = DIRECTION ( 'NONE',  ( -1.000000000000000000, -1.224646799147353200E-016, 0.0000000000000000000 ) ) ;
#1253 = CARTESIAN_POINT ( 'NONE',  ( -1.633929313036521300, 0.3434999999999999200, 0.05916079783099623100 ) ) ;
#1254 = FACE_OUTER_BOUND ( 'NONE', #1369, .T. ) ;
#1255 = CARTESIAN_POINT ( 'NONE',  ( -0.6941787065441557000, 0.3435000000000003600, -1.675895648049509100 ) ) ;
#1256 = DIRECTION ( 'NONE',  ( 0.0000000000000000000, 1.000000000000000000, 0.0000000000000000000 ) ) ;
#1257 = DIRECTION ( 'NONE',  ( -1.000000000000000000, -4.114228906120872400E-016, 0.0000000000000000000 ) ) ;
#1258 = AXIS2_PLACEMENT_3D ( 'NONE', #1056, #1137, #1541 ) ;
#1259 = CONICAL_SURFACE ( 'NONE', #1258, 1.624999999999999800, 1.221730476396029100 ) ;
#1260 = ADVANCED_FACE ( 'NONE', ( #308 ), #213, .F. ) ;
#1261 = DIRECTION ( 'NONE',  ( 0.0000000000000000000, 0.0000000000000000000, 1.000000000000000000 ) ) ;
#1262 = CARTESIAN_POINT ( 'NONE',  ( -1.623935861580640500, 0.3334999999999996900, -0.05879895808891044700 ) ) ;
#1263 = CARTESIAN_POINT ( 'NONE',  ( -2.233281217893312100, 0.3334999999999999600, 0.05672988920883807700 ) ) ;
#1264 = CARTESIAN_POINT ( 'NONE',  ( 1.624880175196196500, 0.3217620293773220700, 0.02035567014727182900 ) ) ;
#1265 = AXIS2_PLACEMENT_3D ( 'NONE', #1275, #1274, #1714 ) ;
#1266 = CARTESIAN_POINT ( 'NONE',  ( 2.233209451533402700, 0.3335000000000001300, 0.05942680861261045300 ) ) ;
#1267 = CARTESIAN_POINT ( 'NONE',  ( 0.0000000000000000000, -0.05649999999999980700, 0.0000000000000000000 ) ) ;
#1268 = AXIS2_PLACEMENT_3D ( 'NONE', #1917, #1343, #655 ) ;
#1269 = CARTESIAN_POINT ( 'NONE',  ( 1.624178261115572400, 0.3304696969696966400, -0.05167181165389097400 ) ) ;
#1270 = CARTESIAN_POINT ( 'NONE',  ( 1.835745551921882700E-016, 0.0000000000000000000, 1.499000000000000100 ) ) ;
#1271 = DIRECTION ( 'NONE',  ( 0.0000000000000000000, -1.000000000000000000, 0.0000000000000000000 ) ) ;
#1272 = DIRECTION ( 'NONE',  ( 0.0000000000000000000, -0.0000000000000000000, -1.000000000000000000 ) ) ;
#1273 = AXIS2_PLACEMENT_3D ( 'NONE', #1718, #1007, #964 ) ;
#1274 = DIRECTION ( 'NONE',  ( -2.090602855382839300E-016, 1.000000000000000000, 8.659560562355010500E-017 ) ) ;
#1275 = CARTESIAN_POINT ( 'NONE',  ( -0.6941787065441437100, -0.3435000000000009700, 1.675895648049514000 ) ) ;
#1276 = ORIENTED_EDGE ( 'NONE', *, *, #1237, .T. ) ;
#1277 = DIRECTION ( 'NONE',  ( -2.090602855382839300E-016, 1.000000000000000000, 8.659560562355010500E-017 ) ) ;
#1278 = DIRECTION ( 'NONE',  ( -2.449293598294705900E-016, 1.000000000000000000, -0.0000000000000000000 ) ) ;
#1279 = DIRECTION ( 'NONE',  ( -0.9993451455880868500, 0.0000000000000000000, -0.03618397420855850400 ) ) ;
#1280 = DIRECTION ( 'NONE',  ( -1.000000000000000000, -4.114228906120875900E-016, 0.0000000000000000000 ) ) ;
#1281 = CARTESIAN_POINT ( 'NONE',  ( -0.6941787065441437100, -0.3435000000000009700, 1.675895648049514000 ) ) ;
#1282 = DIRECTION ( 'NONE',  ( 0.03618397420855864300, -1.706286894345580100E-015, -0.9993451455880868500 ) ) ;
#1283 = CARTESIAN_POINT ( 'NONE',  ( -1.633929313036521300, 0.3334999999999995700, -0.05916079783099602300 ) ) ;
#1284 = AXIS2_PLACEMENT_3D ( 'NONE', #217, #108, #2156 ) ;
#1285 = AXIS2_PLACEMENT_3D ( 'NONE', #1291, #912, #2241 ) ;
#1286 = VERTEX_POINT ( 'NONE', #1042 ) ;
#1287 = FACE_OUTER_BOUND ( 'NONE', #1760, .T. ) ;
#1288 = CARTESIAN_POINT ( 'NONE',  ( -2.233559955155441900, 0.3375582220665328500, -0.04493427854742151900 ) ) ;
#1289 = CARTESIAN_POINT ( 'NONE',  ( 1.928818708657081100E-016, -0.05649999999999980700, -1.575000000000000000 ) ) ;
#1290 = DIRECTION ( 'NONE',  ( -2.090602855382850900E-016, 1.000000000000000000, -8.659560562354887300E-017 ) ) ;
#1291 = CARTESIAN_POINT ( 'NONE',  ( 1.675895648049516400, -0.3435000000000003100, 0.6941787065441379400 ) ) ;
#1292 = FACE_OUTER_BOUND ( 'NONE', #350, .T. ) ;
#1293 = DIRECTION ( 'NONE',  ( -0.0000000000000000000, 1.000000000000000000, -0.0000000000000000000 ) ) ;
#1294 = FACE_OUTER_BOUND ( 'NONE', #466, .T. ) ;
#1295 = ADVANCED_FACE ( 'NONE', ( #238 ), #192, .T. ) ;
#1296 = CARTESIAN_POINT ( 'NONE',  ( -2.233389509216120200, 0.3304696969696966400, -0.05222355908380893500 ) ) ;
#1297 = APPROVAL_DATE_TIME ( #1300, #976 ) ;
#1298 = EDGE_CURVE ( 'NONE', #1879, #224, #195, .T. ) ;
#1299 = FACE_BOUND ( 'NONE', #1241, .T. ) ;
#1300 = DATE_AND_TIME ( #1304, #691 ) ;
#1301 = CARTESIAN_POINT ( 'NONE',  ( -1.675895648049511500, -0.3435000000000011400, -0.6941787065441497000 ) ) ;
#1302 = PLANE ( 'NONE',  #631 ) ;
#1303 = CARTESIAN_POINT ( 'NONE',  ( -1.675895648049511500, -0.3435000000000011400, -0.6941787065441497000 ) ) ;
#1304 = CALENDAR_DATE ( 2014, 24, 9 ) ;
#1305 = CARTESIAN_POINT ( 'NONE',  ( 0.0000000000000000000, 0.2716397504824582000, -1.624999999999999800 ) ) ;
#1306 = ORIENTED_EDGE ( 'NONE', *, *, #1915, .F. ) ;
#1307 = DIRECTION ( 'NONE',  ( -0.9996461287078792800, 0.0000000000000000000, 0.02660107816142107100 ) ) ;
#1308 = AXIS2_PLACEMENT_3D ( 'NONE', #133, #2150, #1591 ) ;
#1309 = DIRECTION ( 'NONE',  ( -1.000000000000000000, -4.114228906120875900E-016, 0.0000000000000000000 ) ) ;
#1310 = DIRECTION ( 'NONE',  ( 1.000000000000000000, 0.0000000000000000000, -3.291383124896698000E-015 ) ) ;
#1311 = ORIENTED_EDGE ( 'NONE', *, *, #1736, .F. ) ;
#1312 = AXIS2_PLACEMENT_3D ( 'NONE', #228, #913, #714 ) ;
#1313 = EDGE_LOOP ( 'NONE', ( #2117, #2125, #2141, #2145 ) ) ;
#1314 = CARTESIAN_POINT ( 'NONE',  ( -1.841895648049511700, -0.3435000000000010800, 0.6941787065441498200 ) ) ;
#1315 = VERTEX_POINT ( 'NONE', #1054 ) ;
#1316 = CARTESIAN_POINT ( 'NONE',  ( -2.234000000000000400, -0.3435000000000001900, 0.0000000000000000000 ) ) ;
#1317 = B_SPLINE_CURVE_WITH_KNOTS ( 'NONE', 3,
 ( #1, #18, #13, #15 ),
 .UNSPECIFIED., .F., .F.,
 ( 4, 4 ),
 ( 4.336808689942017700E-019, 0.0004088432025676824000 ),
 .UNSPECIFIED. ) ;
#1318 = AXIS2_PLACEMENT_3D ( 'NONE', #2142, #1896, #511 ) ;
#1319 = CARTESIAN_POINT ( 'NONE',  ( 1.990051048614448400E-016, 0.2716397504824582000, 1.624999999999999800 ) ) ;
#1320 = ORIENTED_EDGE ( 'NONE', *, *, #1862, .F. ) ;
#1321 = AXIS2_PLACEMENT_3D ( 'NONE', #927, #591, #889 ) ;
#1322 = DIRECTION ( 'NONE',  ( 1.224646799147353200E-016, -1.000000000000000000, 0.0000000000000000000 ) ) ;
#1323 = DIRECTION ( 'NONE',  ( 0.9996461287078792800, 0.0000000000000000000, 0.02660107816141936400 ) ) ;
#1324 = ADVANCED_FACE ( 'NONE', ( #244 ), #163, .F. ) ;
#1325 = AXIS2_PLACEMENT_3D ( 'NONE', #853, #858, #828 ) ;
#1326 = CARTESIAN_POINT ( 'NONE',  ( 0.6941787065441674700, -0.3435000000000006900, 1.509895648049504000 ) ) ;
#1327 = DIRECTION ( 'NONE',  ( 1.000000000000000000, 1.224646799147353200E-016, 0.0000000000000000000 ) ) ;
#1328 = COORDINATED_UNIVERSAL_TIME_OFFSET ( 7, 0, .BEHIND. ) ;
#1329 = FACE_OUTER_BOUND ( 'NONE', #1555, .T. ) ;
#1330 = DIRECTION ( 'NONE',  ( -3.586907429118493800E-017, 1.000000000000000000, 8.659560562354828100E-017 ) ) ;
#1331 = APPROVAL_PERSON_ORGANIZATION ( #1336, #976, #1002 ) ;
#1332 = AXIS2_PLACEMENT_3D ( 'NONE', #69, #682, #681 ) ;
#1333 = DIRECTION ( 'NONE',  ( -2.449293598294705900E-016, 1.000000000000000000, -0.0000000000000000000 ) ) ;
#1334 = AXIS2_PLACEMENT_3D ( 'NONE', #1050, #1064, #1068 ) ;
#1335 = AXIS2_PLACEMENT_3D ( 'NONE', #953, #1385, #1216 ) ;
#1336 = PERSON_AND_ORGANIZATION ( #765, #1487 ) ;
#1337 = DATE_AND_TIME ( #1341, #1356 ) ;
#1338 = AXIS2_PLACEMENT_3D ( 'NONE', #2242, #605, #1706 ) ;
#1339 = DIRECTION ( 'NONE',  ( -0.02660107816141936100, 3.413601588856098200E-015, 0.9996461287078795000 ) ) ;
#1340 = FACE_OUTER_BOUND ( 'NONE', #1853, .T. ) ;
#1341 = CALENDAR_DATE ( 2014, 24, 9 ) ;
#1342 = B_SPLINE_CURVE_WITH_KNOTS ( 'NONE', 3,
 ( #756, #939, #421, #958, #404, #344, #1903, #339, #318, #286, #475, #284, #120, #260 ),
 .UNSPECIFIED., .F., .F.,
 ( 4, 2, 2, 2, 2, 2, 4 ),
 ( 2.168404344971008600E-019, 0.0006354248922076986700, 0.001270849784415397100, 0.001588562230519246200, 0.001906274676623095600, 0.002223987122726944700, 0.002541699568830793800 ),
 .UNSPECIFIED. ) ;
#1343 = DIRECTION ( 'NONE',  ( -1.224646799147353200E-016, 1.000000000000000000, -0.0000000000000000000 ) ) ;
#1344 = CARTESIAN_POINT ( 'NONE',  ( -1.675895648049511500, -0.3435000000000009700, 0.6941787065441498200 ) ) ;
#1345 = ORIENTED_EDGE ( 'NONE', *, *, #1942, .F. ) ;
#1346 = AXIS2_PLACEMENT_3D ( 'NONE', #496, #98, #369 ) ;
#1347 = CARTESIAN_POINT ( 'NONE',  ( -2.233708219650289100, 0.3179267739654083000, -0.03718539372208760200 ) ) ;
#1348 = CARTESIAN_POINT ( 'NONE',  ( 2.223212990246324200, 0.3334999999999999600, 0.05916079783099626600 ) ) ;
#1349 = DIRECTION ( 'NONE',  ( -1.224646799147353200E-016, 1.000000000000000000, -0.0000000000000000000 ) ) ;
#1350 = FACE_OUTER_BOUND ( 'NONE', #1380, .T. ) ;
#1351 = DIRECTION ( 'NONE',  ( -0.0000000000000000000, 1.000000000000000000, -0.0000000000000000000 ) ) ;
#1352 = CARTESIAN_POINT ( 'NONE',  ( -1.624681112904206200, 0.3161099826017998400, -0.03249403125714441600 ) ) ;
#1353 =( BOUNDED_SURFACE ( )  B_SPLINE_SURFACE ( 3, 2, ( 
 ( #639, #448, #654 ),
 ( #659, #662, #663 ),
 ( #674, #2093, #1546 ),
 ( #1548, #1551, #1554 ) ),
 .UNSPECIFIED., .F., .F., .T. ) 
 B_SPLINE_SURFACE_WITH_KNOTS ( ( 4, 4 ),
 ( 3, 3 ),
 ( 0.0000000000000000000, 0.0002019370361491276500 ),
 ( 0.0000000000000000000, 1.000000000000000000 ),
 .UNSPECIFIED. ) 
 GEOMETRIC_REPRESENTATION_ITEM ( )  RATIONAL_B_SPLINE_SURFACE ( (
 ( 1.000000000000000000, 0.7011549583561625900, 1.000000000000000000),
 ( 1.000000000000000000, 0.7024800568216630300, 1.000000000000000000),
 ( 1.000000000000000000, 0.7045672696429107200, 1.000000000000000000),
 ( 1.000000000000000000, 0.7071067811865572300, 1.000000000000000000) ) ) 
 REPRESENTATION_ITEM ( '' )  SURFACE ( )  );
#1354 = ORIENTED_EDGE ( 'NONE', *, *, #1511, .F. ) ;
#1355 = CARTESIAN_POINT ( 'NONE',  ( 0.6941787065441557000, 0.3435000000000003100, -1.841895648049509400 ) ) ;
#1356 = LOCAL_TIME ( 19, 22, 2.000000000000000000, #1361 ) ;
#1357 = AXIS2_PLACEMENT_3D ( 'NONE', #1428, #1098, #640 ) ;
#1358 = ADVANCED_FACE ( 'NONE', ( #191, #215 ), #38, .F. ) ;
#1359 = ADVANCED_FACE ( 'NONE', ( #187 ), #1510, .T. ) ;
#1360 = DIRECTION ( 'NONE',  ( 0.0000000000000000000, 0.0000000000000000000, 1.000000000000000000 ) ) ;
#1361 = COORDINATED_UNIVERSAL_TIME_OFFSET ( 7, 0, .BEHIND. ) ;
#1362 = PERSON_AND_ORGANIZATION ( #765, #1487 ) ;
#1363 = PERSON_AND_ORGANIZATION ( #765, #1487 ) ;
#1364 = DIRECTION ( 'NONE',  ( 0.0000000000000000000, 0.0000000000000000000, 1.000000000000000000 ) ) ;
#1365 = ORIENTED_EDGE ( 'NONE', *, *, #1873, .T. ) ;
#1366 = DIRECTION ( 'NONE',  ( 0.0000000000000000000, -0.6969696969696995700, -0.7171005797696479200 ) ) ;
#1367 = PERSON_AND_ORGANIZATION ( #765, #1487 ) ;
#1368 = EDGE_CURVE ( 'NONE', #862, #1828, #136, .T. ) ;
#1369 = EDGE_LOOP ( 'NONE', ( #1940, #1642, #39, #49 ) ) ;
#1370 = DIRECTION ( 'NONE',  ( 0.01629514477188017500, -0.7170053669652484100, 0.6968771570369437500 ) ) ;
#1371 = CARTESIAN_POINT ( 'NONE',  ( 0.0000000000000000000, -0.05649999999999980700, 0.0000000000000000000 ) ) ;
#1372 = APPROVAL_DATE_TIME ( #1374, #989 ) ;
#1373 = CARTESIAN_POINT ( 'NONE',  ( 0.0000000000000000000, 0.0000000000000000000, 0.0000000000000000000 ) ) ;
#1374 = DATE_AND_TIME ( #1391, #1392 ) ;
#1375 = DIRECTION ( 'NONE',  ( -1.224646799147340100E-016, 1.000000000000000000, 1.224646799147353000E-016 ) ) ;
#1376 = EDGE_CURVE ( 'NONE', #862, #229, #142, .T. ) ;
#1377 = EDGE_CURVE ( 'NONE', #1315, #2110, #134, .T. ) ;
#1378 = CARTESIAN_POINT ( 'NONE',  ( 2.223392241941204400, 0.3304696969696966400, -0.05198979203329956400 ) ) ;
#1379 = EDGE_CURVE ( 'NONE', #1315, #914, #138, .T. ) ;
#1380 = EDGE_LOOP ( 'NONE', ( #2146, #2153, #2159, #2170 ) ) ;
#1381 = ORIENTED_EDGE ( 'NONE', *, *, #1953, .F. ) ;
#1382 = CARTESIAN_POINT ( 'NONE',  ( 0.6941787065441674700, -0.3435000000000006900, 1.675895648049504200 ) ) ;
#1383 = EDGE_LOOP ( 'NONE', ( #1454, #1365, #1822, #1888 ) ) ;
#1384 = EDGE_CURVE ( 'NONE', #1861, #2078, #112, .T. ) ;
#1385 = DIRECTION ( 'NONE',  ( -2.449293598294706400E-016, 1.000000000000000000, 0.0000000000000000000 ) ) ;
#1386 = EDGE_CURVE ( 'NONE', #2110, #530, #91, .T. ) ;
#1387 = EDGE_CURVE ( 'NONE', #203, #1566, #88, .T. ) ;
#1388 = ORIENTED_EDGE ( 'NONE', *, *, #1247, .T. ) ;
#1389 = CARTESIAN_POINT ( 'NONE',  ( -1.509895648049511400, 0.3435000000000003100, 0.6941787065441498200 ) ) ;
#1390 = DIRECTION ( 'NONE',  ( -0.0000000000000000000, 1.000000000000000000, -0.0000000000000000000 ) ) ;
#1391 = CALENDAR_DATE ( 2014, 24, 9 ) ;
#1392 = LOCAL_TIME ( 19, 22, 2.000000000000000000, #1394 ) ;
#1393 = EDGE_CURVE ( 'NONE', #862, #779, #106, .T. ) ;
#1394 = COORDINATED_UNIVERSAL_TIME_OFFSET ( 7, 0, .BEHIND. ) ;
#1395 = DIRECTION ( 'NONE',  ( 1.224646799147353200E-016, -1.000000000000000000, 0.0000000000000000000 ) ) ;
#1396 = APPROVAL_PERSON_ORGANIZATION ( #1399, #989, #1033 ) ;
#1397 = CARTESIAN_POINT ( 'NONE',  ( -0.8601787065441441900, 0.3435000000000003600, 1.675895648049514000 ) ) ;
#1398 = B_SPLINE_CURVE_WITH_KNOTS ( 'NONE', 3,
 ( #587, #561, #596, #599 ),
 .UNSPECIFIED., .F., .F.,
 ( 4, 4 ),
 ( 0.0000000000000000000, 0.0002026862539641749300 ),
 .UNSPECIFIED. ) ;
#1399 = PERSON_AND_ORGANIZATION ( #765, #1487 ) ;
#1400 = CARTESIAN_POINT ( 'NONE',  ( -1.634173204260898700, 0.3374393939393938700, 0.04481878623560323100 ) ) ;
#1401 = DATE_AND_TIME ( #1403, #1420 ) ;
#1402 = ORIENTED_EDGE ( 'NONE', *, *, #1747, .T. ) ;
#1403 = CALENDAR_DATE ( 2014, 24, 9 ) ;
#1404 = DIRECTION ( 'NONE',  ( -1.224646799147357600E-016, 1.000000000000000000, -1.224646799147353200E-016 ) ) ;
#1405 = VERTEX_POINT ( 'NONE', #397 ) ;
#1406 = EDGE_CURVE ( 'NONE', #779, #812, #87, .T. ) ;
#1407 = ORIENTED_EDGE ( 'NONE', *, *, #1662, .F. ) ;
#1408 = VERTEX_POINT ( 'NONE', #387 ) ;
#1409 = CARTESIAN_POINT ( 'NONE',  ( -2.223550017539002600, 0.3314546455135164400, -0.03900204530065158600 ) ) ;
#1410 = EDGE_CURVE ( 'NONE', #914, #530, #63, .T. ) ;
#1411 = CARTESIAN_POINT ( 'NONE',  ( -2.223212990246324200, 0.3434999999999999700, 0.05916079783099623100 ) ) ;
#1412 = CARTESIAN_POINT ( 'NONE',  ( -0.8601787065441559600, -0.3435000000000008600, -1.675895648049509100 ) ) ;
#1413 = EDGE_CURVE ( 'NONE', #914, #1315, #64, .T. ) ;
#1414 = EDGE_CURVE ( 'NONE', #530, #2110, #19, .T. ) ;
#1415 = VERTEX_POINT ( 'NONE', #435 ) ;
#1416 = CARTESIAN_POINT ( 'NONE',  ( 1.624605192425662100, 0.3179796073590613300, 0.03689545071504278500 ) ) ;
#1417 = ORIENTED_EDGE ( 'NONE', *, *, #1933, .F. ) ;
#1418 = EDGE_CURVE ( 'NONE', #1828, #812, #17, .T. ) ;
#1419 = EDGE_CURVE ( 'NONE', #812, #779, #2275, .T. ) ;
#1420 = LOCAL_TIME ( 19, 22, 2.000000000000000000, #1423 ) ;
#1421 = VERTEX_POINT ( 'NONE', #539 ) ;
#1422 = EDGE_CURVE ( 'NONE', #1566, #1547, #2271, .T. ) ;
#1423 = COORDINATED_UNIVERSAL_TIME_OFFSET ( 7, 0, .BEHIND. ) ;
#1424 = CARTESIAN_POINT ( 'NONE',  ( 0.0000000000000000000, 0.3174999999999998400, -1.499000000000000100 ) ) ;
#1425 = PERSON_AND_ORGANIZATION ( #765, #1487 ) ;
#1426 = EDGE_CURVE ( 'NONE', #2078, #812, #2276, .T. ) ;
#1427 = CARTESIAN_POINT ( 'NONE',  ( 2.234000000000000400, 0.3084999999999998900, -9.710139169608089000E-013 ) ) ;
#1428 = CARTESIAN_POINT ( 'NONE',  ( 1.675895648049516400, -0.3435000000000003100, 0.6941787065441379400 ) ) ;
#1429 = APPROVAL_DATE_TIME ( #1430, #1006 ) ;
#1430 = DATE_AND_TIME ( #1432, #1438 ) ;
#1431 = ORIENTED_EDGE ( 'NONE', *, *, #1298, .F. ) ;
#1432 = CALENDAR_DATE ( 2014, 24, 9 ) ;
#1433 = EDGE_CURVE ( 'NONE', #2205, #1415, #1398, .T. ) ;
#1434 = ORIENTED_EDGE ( 'NONE', *, *, #1766, .T. ) ;
#1435 = EDGE_CURVE ( 'NONE', #403, #2158, #1317, .T. ) ;
#1436 = CARTESIAN_POINT ( 'NONE',  ( -2.233209451533403100, 0.3434999999999999700, 0.05942680861261041100 ) ) ;
#1437 = CARTESIAN_POINT ( 'NONE',  ( 2.509161675898544000E-032, -0.3234999999999994500, 1.575000000000000200 ) ) ;
#1438 = LOCAL_TIME ( 19, 22, 2.000000000000000000, #1446 ) ;
#1439 = EDGE_CURVE ( 'NONE', #1405, #1085, #1140, .T. ) ;
#1440 = CARTESIAN_POINT ( 'NONE',  ( -2.233209451533402700, 0.3334999999999999600, 0.05942680861261045300 ) ) ;
#1441 = CARTESIAN_POINT ( 'NONE',  ( -1.509895648049511400, -0.3435000000000010800, -0.6941787065441497000 ) ) ;
#1442 = CARTESIAN_POINT ( 'NONE',  ( -2.223284282778881700, 0.3434999999999999700, 0.05380256870787854300 ) ) ;
#1443 = DIRECTION ( 'NONE',  ( 0.0000000000000000000, 0.0000000000000000000, 1.000000000000000000 ) ) ;
#1444 = CARTESIAN_POINT ( 'NONE',  ( -2.233352833030667600, 0.3435715170850381400, 0.05403864940638760500 ) ) ;
#1445 = CARTESIAN_POINT ( 'NONE',  ( -2.233281064239217800, 0.3334999930807385200, 0.05673566340037369100 ) ) ;
#1446 = COORDINATED_UNIVERSAL_TIME_OFFSET ( 7, 0, .BEHIND. ) ;
#1447 = EDGE_LOOP ( 'NONE', ( #426, #499 ) ) ;
#1448 = DIRECTION ( 'NONE',  ( -0.0000000000000000000, 1.000000000000000000, -0.0000000000000000000 ) ) ;
#1449 = CARTESIAN_POINT ( 'NONE',  ( -2.223348271731678100, 0.3413088789989089900, 0.04857964476150959000 ) ) ;
#1450 = APPROVAL_PERSON_ORGANIZATION ( #1453, #1006, #1061 ) ;
#1451 = EDGE_LOOP ( 'NONE', ( #222, #233, #235, #255 ) ) ;
#1452 = CARTESIAN_POINT ( 'NONE',  ( 0.0000000000000000000, -0.3435000000000000300, 0.0000000000000000000 ) ) ;
#1453 = PERSON_AND_ORGANIZATION ( #765, #1487 ) ;
#1454 = ORIENTED_EDGE ( 'NONE', *, *, #1835, .F. ) ;
#1455 = CARTESIAN_POINT ( 'NONE',  ( -1.624119137898691000, 0.3323935355507163800, 0.05353020679259797700 ) ) ;
#1456 = CARTESIAN_POINT ( 'NONE',  ( -2.233933552043529900, 0.3104596295687371800, -0.01939198529567854100 ) ) ;
#1457 = EDGE_LOOP ( 'NONE', ( #1752, #1762, #1802, #1849 ) ) ;
#1458 = CARTESIAN_POINT ( 'NONE',  ( -2.233476704308587500, 0.3414283574407279100, 0.04875804128718291800 ) ) ;
#1459 = DIRECTION ( 'NONE',  ( -0.0000000000000000000, 1.000000000000000000, -0.0000000000000000000 ) ) ;
#1460 = DIRECTION ( 'NONE',  ( 1.000000000000000000, -0.0000000000000000000, -0.0000000000000000000 ) ) ;
#1461 = CARTESIAN_POINT ( 'NONE',  ( 1.624713962145492200, 0.3265688015207050500, 0.03181173236030575300 ) ) ;
#1462 = DIRECTION ( 'NONE',  ( -2.090602855382850900E-016, 1.000000000000000000, -8.659560562354887300E-017 ) ) ;
#1463 = CARTESIAN_POINT ( 'NONE',  ( -2.233345341881476800, 0.3324044083449028700, 0.05411241659512374500 ) ) ;
#1464 = CARTESIAN_POINT ( 'NONE',  ( -2.223392241941204900, 0.3374393939393939300, 0.04481878623560332100 ) ) ;
#1465 = CARTESIAN_POINT ( 'NONE',  ( 0.0000000000000000000, 0.0000000000000000000, 1.474999999999999900 ) ) ;
#1466 = DIRECTION ( 'NONE',  ( 0.0000000000000000000, 0.0000000000000000000, 1.000000000000000000 ) ) ;
#1467 = EDGE_CURVE ( 'NONE', #1421, #2090, #1074, .T. ) ;
#1468 = CARTESIAN_POINT ( 'NONE',  ( -2.233559955155442800, 0.3375582220665333500, 0.04493427854742162300 ) ) ;
#1469 = DIRECTION ( 'NONE',  ( -0.0000000000000000000, 1.000000000000000000, -0.0000000000000000000 ) ) ;
#1470 = ORIENTED_EDGE ( 'NONE', *, *, #1568, .F. ) ;
#1471 = CARTESIAN_POINT ( 'NONE',  ( 0.0000000000000000000, -0.05649999999999980700, 0.0000000000000000000 ) ) ;
#1472 = ORIENTED_EDGE ( 'NONE', *, *, #2004, .T. ) ;
#1473 = CARTESIAN_POINT ( 'NONE',  ( -2.233389509216120200, 0.3304696969696969100, 0.05222355908380924000 ) ) ;
#1474 = EDGE_CURVE ( 'NONE', #917, #1086, #2269, .T. ) ;
#1475 = CARTESIAN_POINT ( 'NONE',  ( -1.624178261115572400, 0.3304696969696969100, 0.05167181165389121000 ) ) ;
#1476 = CARTESIAN_POINT ( 'NONE',  ( -2.233951612124525100, 0.3202136753557190400, -0.01674009545500177600 ) ) ;
#1477 = CARTESIAN_POINT ( 'NONE',  ( -2.461540066286176000E-017, 0.3434999999999999200, 0.0000000000000000000 ) ) ;
#1478 = VERTEX_POINT ( 'NONE', #2082 ) ;
#1479 = CARTESIAN_POINT ( 'NONE',  ( -2.233999945490753100, 0.3085016646646994700, 0.004856752220960582900 ) ) ;
#1480 = EDGE_LOOP ( 'NONE', ( #52, #75, #117, #121 ) ) ;
#1481 = CARTESIAN_POINT ( 'NONE',  ( -2.223212990246324200, 0.3434999999999996400, -0.05916079783099604400 ) ) ;
#1482 = AXIS2_PLACEMENT_3D ( 'NONE', #1230, #1256, #1261 ) ;
#1483 = EDGE_CURVE ( 'NONE', #1065, #779, #2252, .T. ) ;
#1484 = ORIENTED_EDGE ( 'NONE', *, *, #1920, .F. ) ;
#1485 = EDGE_LOOP ( 'NONE', ( #181, #184, #207, #209 ) ) ;
#1486 = PERSON_AND_ORGANIZATION ( #765, #1487 ) ;
#1487 = ORGANIZATION ( 'UNSPECIFIED', 'UNSPECIFIED', '' ) ;
#1488 = CARTESIAN_POINT ( 'NONE',  ( -2.223392241941204400, 0.3374393939393938700, 0.04481878623560323100 ) ) ;
#1489 = DIRECTION ( 'NONE',  ( -2.090602855382850900E-016, 1.000000000000000000, -8.659560562354887300E-017 ) ) ;
#1490 = SHAPE_DEFINITION_REPRESENTATION ( #1094, #588 ) ;
#1491 = EDGE_CURVE ( 'NONE', #1286, #29, #2253, .T. ) ;
#1492 = EDGE_CURVE ( 'NONE', #224, #1408, #2255, .T. ) ;
#1493 = ORIENTED_EDGE ( 'NONE', *, *, #1692, .T. ) ;
#1494 = CARTESIAN_POINT ( 'NONE',  ( 0.0000000000000000000, 0.2675000000000002900, 1.399999999999999900 ) ) ;
#1495 = CARTESIAN_POINT ( 'NONE',  ( 1.714505518806294400E-016, 0.2235000000000002800, -1.399999999999999900 ) ) ;
#1496 = EDGE_CURVE ( 'NONE', #270, #2222, #2234, .T. ) ;
#1497 = CARTESIAN_POINT ( 'NONE',  ( 1.675895648049511500, 0.3435000000000000800, -0.8601787065441500700 ) ) ;
#1498 = EDGE_CURVE ( 'NONE', #2010, #734, #2274, .T. ) ;
#1499 = EDGE_CURVE ( 'NONE', #578, #403, #2232, .T. ) ;
#1500 = CARTESIAN_POINT ( 'NONE',  ( -1.841895648049511700, -0.3435000000000011900, -0.6941787065441497000 ) ) ;
#1501 = DIRECTION ( 'NONE',  ( -1.224646799147353200E-016, 1.000000000000000000, -0.0000000000000000000 ) ) ;
#1502 = CARTESIAN_POINT ( 'NONE',  ( -2.234000000000000400, 0.3234999999999997300, -0.05916079783099601600 ) ) ;
#1503 = EDGE_CURVE ( 'NONE', #502, #1186, #2231, .T. ) ;
#1504 = EDGE_CURVE ( 'NONE', #1065, #713, #2228, .T. ) ;
#1505 = CARTESIAN_POINT ( 'NONE',  ( -0.8601787065441438600, -0.3435000000000010800, 1.675895648049514000 ) ) ;
#1506 = EDGE_CURVE ( 'NONE', #99, #1161, #2209, .T. ) ;
#1507 = CARTESIAN_POINT ( 'NONE',  ( 1.634602762857522400, 0.3266720751893811800, 0.03200215491526652000 ) ) ;
#1508 = DIRECTION ( 'NONE',  ( -0.0000000000000000000, -1.000000000000000000, -0.0000000000000000000 ) ) ;
#1509 = DIRECTION ( 'NONE',  ( -3.586907429118614000E-017, 1.000000000000000000, -8.659560562354950100E-017 ) ) ;
#1510 =( BOUNDED_SURFACE ( )  B_SPLINE_SURFACE ( 3, 2, ( 
 ( #54, #21, #65 ),
 ( #66, #90, #94 ),
 ( #95, #97, #103 ),
 ( #110, #114, #122 ),
 ( #124, #126, #129 ),
 ( #130, #132, #135 ),
 ( #140, #143, #149 ),
 ( #155, #157, #158 ),
 ( #160, #165, #168 ),
 ( #174, #183, #185 ),
 ( #188, #189, #193 ),
 ( #194, #196, #197 ) ),
 .UNSPECIFIED., .F., .F., .T. ) 
 B_SPLINE_SURFACE_WITH_KNOTS ( ( 4, 2, 2, 2, 2, 4 ),
 ( 3, 3 ),
 ( -2.168404344971008900E-019, 0.0007323756616961926900, 0.001098563492544289100, 0.001464751323392385600, 0.002197126985088578600, 0.002929502646784771600 ),
 ( 0.0000000000000000000, 1.000000000000000000 ),
 .UNSPECIFIED. ) 
 GEOMETRIC_REPRESENTATION_ITEM ( )  RATIONAL_B_SPLINE_SURFACE ( (
 ( 1.000000000000000000, 0.7151232031765313300, 1.000000000000000000),
 ( 1.000000000000000000, 0.7130559173910793200, 1.000000000000000000),
 ( 1.000000000000000000, 0.7109717278715446100, 1.000000000000000000),
 ( 1.000000000000000000, 0.7087313336826247500, 1.000000000000000000),
 ( 1.000000000000000000, 0.7081365218214293900, 1.000000000000000000),
 ( 1.000000000000000000, 0.7073219465540551100, 1.000000000000000000),
 ( 1.000000000000000000, 0.7071075032765313800, 1.000000000000000000),
 ( 1.000000000000000000, 0.7071053426433492300, 1.000000000000000000),
 ( 1.000000000000000000, 0.7079855157438816900, 1.000000000000000000),
 ( 1.000000000000000000, 0.7109515353428976800, 1.000000000000000000),
 ( 1.000000000000000000, 0.7130475171772596700, 1.000000000000000000),
 ( 1.000000000000000000, 0.7151232031765314400, 1.000000000000000000) ) ) 
 REPRESENTATION_ITEM ( '' )  SURFACE ( )  );
#1511 = EDGE_CURVE ( 'NONE', #172, #358, #2227, .T. ) ;
#1512 = EDGE_CURVE ( 'NONE', #575, #3, #2204, .T. ) ;
#1513 = VERTEX_POINT ( 'NONE', #1556 ) ;
#1514 = CARTESIAN_POINT ( 'NONE',  ( -2.233788760057956700, 0.3267033768237911900, -0.03205509728907643400 ) ) ;
#1515 = CARTESIAN_POINT ( 'NONE',  ( 1.623935861580640500, 0.3335000000000000700, -0.05879895808891041900 ) ) ;
#1516 = EDGE_LOOP ( 'NONE', ( #2245, #1407, #1751, #32 ) ) ;
#1517 = EDGE_CURVE ( 'NONE', #713, #578, #972, .T. ) ;
#1518 = CARTESIAN_POINT ( 'NONE',  ( -2.223709525755378700, 0.3266265292605770600, -0.03191288073818596800 ) ) ;
#1519 = EDGE_LOOP ( 'NONE', ( #2049, #2047, #2045, #802 ) ) ;
#1520 = CARTESIAN_POINT ( 'NONE',  ( 1.624032679409744200, 0.3334999999999996900, -0.05612500008298874900 ) ) ;
#1521 = CARTESIAN_POINT ( 'NONE',  ( -2.223877444102543100, 0.3218073615409368100, 0.02048986371171844900 ) ) ;
#1522 = AXIS2_PLACEMENT_3D ( 'NONE', #1267, #1271, #1272 ) ;
#1523 = EDGE_LOOP ( 'NONE', ( #2167, #1544 ) ) ;
#1524 = CARTESIAN_POINT ( 'NONE',  ( 1.624557850373997000, 0.3313199634377632700, 0.03883081257940578700 ) ) ;
#1525 = EDGE_CURVE ( 'NONE', #578, #2075, #937, .T. ) ;
#1526 = CARTESIAN_POINT ( 'NONE',  ( 1.624119137898691000, 0.3323935355507161000, -0.05353020679259773400 ) ) ;
#1527 = CARTESIAN_POINT ( 'NONE',  ( 1.624390875412128600, 0.3235513395609570500, 0.04498879614860932400 ) ) ;
#1528 = CARTESIAN_POINT ( 'NONE',  ( 1.624682651406536400, 0.3160714080412697100, -0.03241391549840012800 ) ) ;
#1529 = CARTESIAN_POINT ( 'NONE',  ( 2.223284505931859600, 0.3434999999999999200, 0.05378579928742485000 ) ) ;
#1530 = CARTESIAN_POINT ( 'NONE',  ( -1.633929313036521300, 0.3434999999999999200, 0.05916079783099623100 ) ) ;
#1531 = LENGTH_MEASURE_WITH_UNIT ( LENGTH_MEASURE( 0.02539999999999999900 ), #1172 );
#1532 = CARTESIAN_POINT ( 'NONE',  ( 0.6941787065441557000, -0.3435000000000004700, -1.509895648049509200 ) ) ;
#1533 = AXIS2_PLACEMENT_3D ( 'NONE', #956, #959, #961 ) ;
#1534 = EDGE_CURVE ( 'NONE', #2075, #1861, #830, .T. ) ;
#1535 = ORIENTED_EDGE ( 'NONE', *, *, #1728, .F. ) ;
#1536 = ORIENTED_EDGE ( 'NONE', *, *, #1584, .F. ) ;
#1537 = ORIENTED_EDGE ( 'NONE', *, *, #1474, .F. ) ;
#1538 = EDGE_CURVE ( 'NONE', #1166, #128, #2196, .T. ) ;
#1539 = CARTESIAN_POINT ( 'NONE',  ( -2.233345443141166300, 0.3323999763265631500, 0.05410808612946303000 ) ) ;
#1540 = AXIS2_PLACEMENT_3D ( 'NONE', #411, #418, #424 ) ;
#1541 = DIRECTION ( 'NONE',  ( 0.0000000000000000000, 0.0000000000000000000, -1.000000000000000000 ) ) ;
#1542 = EDGE_LOOP ( 'NONE', ( #1782, #1588, #1388, #1895 ) ) ;
#1543 = CARTESIAN_POINT ( 'NONE',  ( 1.624178261115572400, 0.3304696969696966400, -0.05167181165389097400 ) ) ;
#1544 = ORIENTED_EDGE ( 'NONE', *, *, #1764, .T. ) ;
#1545 = AXIS2_PLACEMENT_3D ( 'NONE', #377, #379, #386 ) ;
#1546 = CARTESIAN_POINT ( 'NONE',  ( -2.233281551648083500, 0.3334999975208012800, -0.05671734698542198200 ) ) ;
#1547 = VERTEX_POINT ( 'NONE', #232 ) ;
#1548 = CARTESIAN_POINT ( 'NONE',  ( -2.223212990246323800, 0.3434999999999996900, -0.05916079783099603700 ) ) ;
#1549 = CARTESIAN_POINT ( 'NONE',  ( 1.624391935135931700, 0.3238731322726208800, -0.04462803998027642400 ) ) ;
#1550 = ORIENTED_EDGE ( 'NONE', *, *, #1949, .T. ) ;
#1551 = CARTESIAN_POINT ( 'NONE',  ( -2.233209451533402700, 0.3434999999999994200, -0.05942680861261021000 ) ) ;
#1552 = EDGE_LOOP ( 'NONE', ( #2260, #2261, #2, #6 ) ) ;
#1553 = ORIENTED_EDGE ( 'NONE', *, *, #1185, .F. ) ;
#1554 = CARTESIAN_POINT ( 'NONE',  ( -2.233209451533402700, 0.3334999999999996900, -0.05942680861261021700 ) ) ;
#1555 = EDGE_LOOP ( 'NONE', ( #11, #14, #23, #24 ) ) ;
#1556 = CARTESIAN_POINT ( 'NONE',  ( 0.6941787065441674700, -0.3435000000000006900, 1.509895648049504000 ) ) ;
#1557 = EDGE_CURVE ( 'NONE', #1669, #892, #2184, .T. ) ;
#1558 = EDGE_CURVE ( 'NONE', #1188, #2010, #2200, .T. ) ;
#1559 = ORIENTED_EDGE ( 'NONE', *, *, #1945, .F. ) ;
#1560 = CARTESIAN_POINT ( 'NONE',  ( 1.633929313036521600, 0.3434999999999999200, 0.05916079783099623100 ) ) ;
#1561 = EDGE_CURVE ( 'NONE', #128, #863, #2201, .T. ) ;
#1562 = CARTESIAN_POINT ( 'NONE',  ( 1.634026619858683700, 0.3434999999999999200, 0.05378587136217113200 ) ) ;
#1563 = EDGE_LOOP ( 'NONE', ( #27, #35, #37, #9, #47 ) ) ;
#1564 = CARTESIAN_POINT ( 'NONE',  ( 2.223392241941204400, 0.3374393939393938700, 0.04481878623560323100 ) ) ;
#1565 = EDGE_CURVE ( 'NONE', #863, #1286, #768, .T. ) ;
#1566 = VERTEX_POINT ( 'NONE', #2268 ) ;
#1567 = EDGE_LOOP ( 'NONE', ( #150, #170, #175, #177 ) ) ;
#1568 = EDGE_CURVE ( 'NONE', #1286, #716, #620, .T. ) ;
#1569 = EDGE_CURVE ( 'NONE', #716, #1188, #2181, .T. ) ;
#1570 = EDGE_CURVE ( 'NONE', #152, #29, #465, .T. ) ;
#1571 = ORIENTED_EDGE ( 'NONE', *, *, #1777, .F. ) ;
#1572 = DIRECTION ( 'NONE',  ( -1.000000000000000000, -1.260852920152737000E-016, 0.0000000000000000000 ) ) ;
#1573 = ORIENTED_EDGE ( 'NONE', *, *, #1843, .F. ) ;
#1574 = CARTESIAN_POINT ( 'NONE',  ( -2.233706682159197800, 0.3179790890987095300, 0.03728854298674576900 ) ) ;
#1575 = EDGE_CURVE ( 'NONE', #917, #856, #2172, .T. ) ;
#1576 = DIRECTION ( 'NONE',  ( 1.000000000000000000, 0.0000000000000000000, -3.291383124896698000E-015 ) ) ;
#1577 = DIRECTION ( 'NONE',  ( -1.224646799147357600E-016, 1.000000000000000000, -1.224646799147353200E-016 ) ) ;
#1578 =( BOUNDED_SURFACE ( )  B_SPLINE_SURFACE ( 3, 2, ( 
 ( #623, #642, #1585 ),
 ( #1607, #1608, #1615 ),
 ( #1618, #1631, #1634 ),
 ( #1644, #1649, #1653 ),
 ( #1655, #1658, #1668 ),
 ( #1688, #1693, #1698 ),
 ( #1700, #1704, #1709 ),
 ( #1710, #1735, #1741 ),
 ( #1743, #1744, #1748 ),
 ( #1750, #1753, #1757 ),
 ( #1758, #1761, #1765 ),
 ( #1772, #1776, #1783 ) ),
 .UNSPECIFIED., .F., .F., .T. ) 
 B_SPLINE_SURFACE_WITH_KNOTS ( ( 4, 2, 2, 2, 2, 4 ),
 ( 3, 3 ),
 ( -1.734723475976807100E-018, 0.0007323322489281565500, 0.001098498373392235800, 0.001464664497856314800, 0.002196996746784473300, 0.002929328995712631400 ),
 ( 0.0000000000000000000, 1.000000000000000000 ),
 .UNSPECIFIED. ) 
 GEOMETRIC_REPRESENTATION_ITEM ( )  RATIONAL_B_SPLINE_SURFACE ( (
 ( 1.000000000000000000, 0.7011549583561625900, 1.000000000000000000),
 ( 1.000000000000000000, 0.7027058399832414300, 1.000000000000000000),
 ( 1.000000000000000000, 0.7042540673512719400, 1.000000000000000000),
 ( 1.000000000000000000, 0.7059106993457681100, 1.000000000000000000),
 ( 1.000000000000000000, 0.7063490251382514900, 1.000000000000000000),
 ( 1.000000000000000000, 0.7069487318042678700, 1.000000000000000000),
 ( 1.000000000000000000, 0.7071062519170071600, 1.000000000000000000),
 ( 1.000000000000000000, 0.7071078356058649900, 1.000000000000000000),
 ( 1.000000000000000000, 0.7064621404150535100, 1.000000000000000000),
 ( 1.000000000000000000, 0.7042690421594650600, 1.000000000000000000),
 ( 1.000000000000000000, 0.7027121905267518200, 1.000000000000000000),
 ( 1.000000000000000000, 0.7011549583561724800, 1.000000000000000000) ) ) 
 REPRESENTATION_ITEM ( '' )  SURFACE ( )  );
#1579 = CARTESIAN_POINT ( 'NONE',  ( 1.624590943418999300, 0.3184057842413989800, -0.03667543385024780300 ) ) ;
#1580 = DIRECTION ( 'NONE',  ( -1.224646799147340100E-016, 1.000000000000000000, 1.224646799147353000E-016 ) ) ;
#1581 = EDGE_CURVE ( 'NONE', #1188, #1086, #378, .T. ) ;
#1582 = DIRECTION ( 'NONE',  ( -0.0000000000000000000, 1.000000000000000000, -0.0000000000000000000 ) ) ;
#1583 = CARTESIAN_POINT ( 'NONE',  ( 1.624178261115572400, 0.3304696969696969100, 0.05167181165389119600 ) ) ;
#1584 = EDGE_CURVE ( 'NONE', #1086, #523, #214, .T. ) ;
#1585 = CARTESIAN_POINT ( 'NONE',  ( 2.233389509216120200, 0.3304696969696966400, -0.05222355908380894200 ) ) ;
#1586 = EDGE_CURVE ( 'NONE', #229, #1093, #2177, .T. ) ;
#1587 = CARTESIAN_POINT ( 'NONE',  ( 2.233877212155766000, 0.3123262896520258000, -0.02384557682297663800 ) ) ;
#1588 = ORIENTED_EDGE ( 'NONE', *, *, #1865, .T. ) ;
#1589 = EDGE_CURVE ( 'NONE', #1166, #523, #2174, .T. ) ;
#1590 = EDGE_LOOP ( 'NONE', ( #272, #292, #325, #329 ) ) ;
#1591 = DIRECTION ( 'NONE',  ( -0.7071067811865388000, 0.0000000000000000000, 0.7071067811865561200 ) ) ;
#1592 = EDGE_LOOP ( 'NONE', ( #360, #394, #413, #449 ) ) ;
#1593 = EDGE_CURVE ( 'NONE', #1214, #2149, #2157, .T. ) ;
#1594 = AXIS2_PLACEMENT_3D ( 'NONE', #468, #2098, #2215 ) ;
#1595 = CARTESIAN_POINT ( 'NONE',  ( -2.233787648297833200, 0.3267488880745739700, 0.03214395332176232100 ) ) ;
#1596 = CIRCLE ( 'NONE', #1060, 0.009999999999999871800 ) ;
#1597 = ORIENTED_EDGE ( 'NONE', *, *, #1916, .T. ) ;
#1598 = CARTESIAN_POINT ( 'NONE',  ( -2.223707995143188400, 0.3266716284130003500, 0.03200140452207411000 ) ) ;
#1599 = CIRCLE ( 'NONE', #1092, 0.1660000000000002300 ) ;
#1600 = AXIS2_PLACEMENT_3D ( 'NONE', #1255, #1404, #1310 ) ;
#1601 = DIRECTION ( 'NONE',  ( -2.449293598294706400E-016, 1.000000000000000000, 0.0000000000000000000 ) ) ;
#1602 = CARTESIAN_POINT ( 'NONE',  ( -1.634173204260898700, 0.3374393939393938700, 0.04481878623560323100 ) ) ;
#1603 =( BOUNDED_SURFACE ( )  B_SPLINE_SURFACE ( 3, 2, ( 
 ( #829, #852, #880 ),
 ( #881, #883, #886 ),
 ( #890, #894, #899 ),
 ( #901, #909, #910 ) ),
 .UNSPECIFIED., .F., .F., .T. ) 
 B_SPLINE_SURFACE_WITH_KNOTS ( ( 4, 4 ),
 ( 3, 3 ),
 ( -1.355252715606880500E-019, 0.0002019370361491272700 ),
 ( 0.0000000000000000000, 1.000000000000000000 ),
 .UNSPECIFIED. ) 
 GEOMETRIC_REPRESENTATION_ITEM ( )  RATIONAL_B_SPLINE_SURFACE ( (
 ( 1.000000000000000000, 0.7011549583561724800, 1.000000000000000000),
 ( 1.000000000000000000, 0.7024800568216501600, 1.000000000000000000),
 ( 1.000000000000000000, 0.7045672696429171600, 1.000000000000000000),
 ( 1.000000000000000000, 0.7071067811865571200, 1.000000000000000000) ) ) 
 REPRESENTATION_ITEM ( '' )  SURFACE ( )  );
#1604 = DIRECTION ( 'NONE',  ( 0.0000000000000000000, 0.0000000000000000000, 1.000000000000000000 ) ) ;
#1605 = EDGE_CURVE ( 'NONE', #1881, #1664, #2163, .T. ) ;
#1606 = CIRCLE ( 'NONE', #1095, 0.01000000000000009400 ) ;
#1607 = CARTESIAN_POINT ( 'NONE',  ( 2.223549481128156200, 0.3314749926588285700, -0.03902182124854849900 ) ) ;
#1608 = CARTESIAN_POINT ( 'NONE',  ( 2.233672810248365200, 0.3315925548504951600, -0.03916676349411848300 ) ) ;
#1609 = EDGE_LOOP ( 'NONE', ( #7, #8 ) ) ;
#1610 = DIRECTION ( 'NONE',  ( -1.000000000000000000, -1.253141281497368800E-016, 0.0000000000000000000 ) ) ;
#1611 = EDGE_CURVE ( 'NONE', #851, #76, #2148, .T. ) ;
#1612 = EDGE_CURVE ( 'NONE', #2010, #152, #2151, .T. ) ;
#1613 = ORIENTED_EDGE ( 'NONE', *, *, #1725, .T. ) ;
#1614 = CARTESIAN_POINT ( 'NONE',  ( -0.6941787065441557000, 0.3435000000000003600, -1.675895648049509100 ) ) ;
#1615 = CARTESIAN_POINT ( 'NONE',  ( 2.233547454161485900, 0.3235510449839112400, -0.04546889528452521800 ) ) ;
#1616 =( BOUNDED_SURFACE ( )  B_SPLINE_SURFACE ( 3, 2, ( 
 ( #1816, #1794, #1827 ),
 ( #1831, #1832, #1833 ),
 ( #1840, #1844, #1852 ),
 ( #1854, #1858, #1866 ) ),
 .UNSPECIFIED., .F., .F., .T. ) 
 B_SPLINE_SURFACE_WITH_KNOTS ( ( 4, 4 ),
 ( 3, 3 ),
 ( -2.168404344971008900E-019, 0.0002019824067458733000 ),
 ( 0.0000000000000000000, 1.000000000000000000 ),
 .UNSPECIFIED. ) 
 GEOMETRIC_REPRESENTATION_ITEM ( )  RATIONAL_B_SPLINE_SURFACE ( (
 ( 1.000000000000000000, 0.7071067811865475700, 1.000000000000000000),
 ( 1.000000000000000000, 0.7105370592929586300, 1.000000000000000000),
 ( 1.000000000000000000, 0.7133452760163965200, 1.000000000000000000),
 ( 1.000000000000000000, 0.7151232031765314400, 1.000000000000000000) ) ) 
 REPRESENTATION_ITEM ( '' )  SURFACE ( )  );
#1617 = EDGE_CURVE ( 'NONE', #2222, #152, #267, .T. ) ;
#1618 = CARTESIAN_POINT ( 'NONE',  ( 2.223707995143188400, 0.3266716284130011200, -0.03200140452207599800 ) ) ;
#1619 = ORIENTED_EDGE ( 'NONE', *, *, #1953, .T. ) ;
#1620 = EDGE_CURVE ( 'NONE', #1085, #198, #2133, .T. ) ;
#1621 = EDGE_CURVE ( 'NONE', #2075, #856, #2134, .T. ) ;
#1622 = CARTESIAN_POINT ( 'NONE',  ( 1.634113607602686500, 0.3412941605279056200, 0.04856533947635923600 ) ) ;
#1623 = ORIENTED_EDGE ( 'NONE', *, *, #1719, .F. ) ;
#1624 = CARTESIAN_POINT ( 'NONE',  ( 1.624978025418550900, 0.3089938997008938600, 0.009672114272246918500 ) ) ;
#1625 = EDGE_CURVE ( 'NONE', #2222, #734, #2129, .T. ) ;
#1626 = EDGE_CURVE ( 'NONE', #306, #618, #2127, .T. ) ;
#1627 = CARTESIAN_POINT ( 'NONE',  ( 1.624401088719375400, 0.3372840112771404200, 0.04466776556977149900 ) ) ;
#1628 = EDGE_LOOP ( 'NONE', ( #457, #516, #517, #521 ) ) ;
#1629 = EDGE_CURVE ( 'NONE', #1408, #145, #2126, .T. ) ;
#1630 = CARTESIAN_POINT ( 'NONE',  ( 0.6941787065441674700, -0.3435000000000006900, 1.841895648049504100 ) ) ;
#1631 = CARTESIAN_POINT ( 'NONE',  ( 2.233787648297833200, 0.3267488880745823000, -0.03214395332176102300 ) ) ;
#1632 = CARTESIAN_POINT ( 'NONE',  ( -1.624119135906574300, 0.3323936003731565200, -0.05353026940996557400 ) ) ;
#1633 = CIRCLE ( 'NONE', #1106, 0.009999999999999873600 ) ;
#1634 = CARTESIAN_POINT ( 'NONE',  ( 2.233706682159197800, 0.3179790890987093700, -0.03728854298674495700 ) ) ;
#1635 = B_SPLINE_CURVE_WITH_KNOTS ( 'NONE', 3,
 ( #1530, #1659, #755, #694 ),
 .UNSPECIFIED., .F., .F.,
 ( 4, 4 ),
 ( 0.0000000000000000000, 0.0004088363406027496600 ),
 .UNSPECIFIED. ) ;
#1636 = VECTOR ( 'NONE', #1459, 39.37007874015748100 ) ;
#1637 = EDGE_CURVE ( 'NONE', #1478, #1956, #2118, .T. ) ;
#1638 = CARTESIAN_POINT ( 'NONE',  ( -1.634173204260898700, 0.3304696969696969100, 0.05198979203329974500 ) ) ;
#1639 = CIRCLE ( 'NONE', #1111, 0.009999999999999873600 ) ;
#1640 = CARTESIAN_POINT ( 'NONE',  ( 1.634173204260898700, 0.3374393939393938700, 0.04481878623560323100 ) ) ;
#1641 = CIRCLE ( 'NONE', #1115, 0.01000000000000001100 ) ;
#1642 = ORIENTED_EDGE ( 'NONE', *, *, #1377, .T. ) ;
#1643 = EDGE_CURVE ( 'NONE', #1547, #926, #2119, .T. ) ;
#1644 = CARTESIAN_POINT ( 'NONE',  ( 2.223877444102543100, 0.3218073615409363700, -0.02048986371171712300 ) ) ;
#1645 = ORIENTED_EDGE ( 'NONE', *, *, #1568, .T. ) ;
#1646 = CARTESIAN_POINT ( 'NONE',  ( 1.634173204260898700, 0.3304696969696966400, -0.05198979203329956400 ) ) ;
#1647 = CIRCLE ( 'NONE', #1142, 1.575000000000000000 ) ;
#1648 = EDGE_CURVE ( 'NONE', #1405, #2090, #2113, .T. ) ;
#1649 = CARTESIAN_POINT ( 'NONE',  ( 2.233910757372033800, 0.3218411524928490600, -0.02058992958816680000 ) ) ;
#1650 = DIRECTION ( 'NONE',  ( -1.000000000000000000, -1.222850489554280500E-016, 0.0000000000000000000 ) ) ;
#1651 = CARTESIAN_POINT ( 'NONE',  ( -2.233763803358175700, 0.3160851747858337000, 0.03279148257786291400 ) ) ;
#1652 = VECTOR ( 'NONE', #1489, 39.37007874015748100 ) ;
#1653 = CARTESIAN_POINT ( 'NONE',  ( 2.233876893048109200, 0.3123365393176721300, -0.02387511352660797200 ) ) ;
#1654 = EDGE_CURVE ( 'NONE', #2090, #1792, #2116, .T. ) ;
#1655 = CARTESIAN_POINT ( 'NONE',  ( 2.223922340873117200, 0.3205828494299760600, -0.01653259346366850500 ) ) ;
#1656 = ORIENTED_EDGE ( 'NONE', *, *, #1789, .F. ) ;
#1657 = EDGE_CURVE ( 'NONE', #1792, #2158, #2109, .T. ) ;
#1658 = CARTESIAN_POINT ( 'NONE',  ( 2.233943443226766000, 0.3206040639800079600, -0.01661560753829272400 ) ) ;
#1659 = CARTESIAN_POINT ( 'NONE',  ( -1.634026619147986000, 0.3434999999999999200, 0.05378591061889757800 ) ) ;
#1660 = CARTESIAN_POINT ( 'NONE',  ( 2.233281218275859000, 0.3334999999999999600, 0.05672987483304629100 ) ) ;
#1661 = EDGE_CURVE ( 'NONE', #2158, #1405, #2092, .T. ) ;
#1662 = EDGE_CURVE ( 'NONE', #678, #1872, #2086, .T. ) ;
#1663 = CARTESIAN_POINT ( 'NONE',  ( 1.633929313036521600, 0.3434999999999996400, -0.05916079783099604400 ) ) ;
#1664 = VERTEX_POINT ( 'NONE', #721 ) ;
#1665 = AXIS2_PLACEMENT_3D ( 'NONE', #611, #1016, #1089 ) ;
#1666 = AXIS2_PLACEMENT_3D ( 'NONE', #1008, #1026, #1610 ) ;
#1667 = EDGE_CURVE ( 'NONE', #926, #1547, #2106, .T. ) ;
#1668 = CARTESIAN_POINT ( 'NONE',  ( 2.233921991679753900, 0.3109161052735864800, -0.01926403958408585600 ) ) ;
#1669 = VERTEX_POINT ( 'NONE', #2140 ) ;
#1670 = DIRECTION ( 'NONE',  ( 0.7071067811865438000, 0.0000000000000000000, -0.7071067811865512400 ) ) ;
#1671 = LINE ( 'NONE', #1465, #1636 ) ;
#1672 = EDGE_CURVE ( 'NONE', #1924, #2104, #2084, .T. ) ;
#1673 = CIRCLE ( 'NONE', #1148, 1.575000000000000000 ) ;
#1674 = CARTESIAN_POINT ( 'NONE',  ( 1.624910313469048600, 0.3104654514291314000, -0.01920916393716988500 ) ) ;
#1675 = CARTESIAN_POINT ( 'NONE',  ( -2.223348440285633400, 0.3412940417582289700, 0.04856522404085702300 ) ) ;
#1676 = LINE ( 'NONE', #1532, #1677 ) ;
#1677 = VECTOR ( 'NONE', #1509, 39.37007874015748100 ) ;
#1678 = EDGE_LOOP ( 'NONE', ( #527, #540, #543, #546 ) ) ;
#1679 = CARTESIAN_POINT ( 'NONE',  ( -2.233547454161485500, 0.3235510449839075200, 0.04546889528452900700 ) ) ;
#1680 = EDGE_CURVE ( 'NONE', #153, #1513, #2071, .T. ) ;
#1681 = CARTESIAN_POINT ( 'NONE',  ( 1.675895648049511500, 0.3435000000000000800, -0.6941787065441498200 ) ) ;
#1682 = CIRCLE ( 'NONE', #1165, 0.1660000000000002300 ) ;
#1683 = CIRCLE ( 'NONE', #1168, 0.1660000000000002300 ) ;
#1684 = EDGE_CURVE ( 'NONE', #934, #594, #2068, .T. ) ;
#1685 = EDGE_LOOP ( 'NONE', ( #898, #918, #1276, #2012 ) ) ;
#1686 = EDGE_CURVE ( 'NONE', #358, #172, #2085, .T. ) ;
#1687 = CARTESIAN_POINT ( 'NONE',  ( -2.233672810248465100, 0.3315925548505795400, 0.03916676349403942800 ) ) ;
#1688 = CARTESIAN_POINT ( 'NONE',  ( 2.223983790565883500, 0.3189246003444243200, -0.008378752128833363800 ) ) ;
#1689 = CIRCLE ( 'NONE', #1206, 0.1660000000000002300 ) ;
#1690 = DIRECTION ( 'NONE',  ( -1.000000000000000000, -1.228348918014506700E-016, 0.0000000000000000000 ) ) ;
#1691 = CARTESIAN_POINT ( 'NONE',  ( 2.233389509216120200, 0.3304696969696966900, -0.05222355908380896200 ) ) ;
#1692 = EDGE_CURVE ( 'NONE', #893, #522, #2061, .T. ) ;
#1693 = CARTESIAN_POINT ( 'NONE',  ( 2.233988174685167300, 0.3189295043279266600, -0.008424148445859114600 ) ) ;
#1694 = DIRECTION ( 'NONE',  ( -2.090602855382850900E-016, 1.000000000000000000, -8.659560562354887300E-017 ) ) ;
#1695 = CARTESIAN_POINT ( 'NONE',  ( -1.675895648049511500, -0.3435000000000011400, -0.6941787065441497000 ) ) ;
#1696 = CARTESIAN_POINT ( 'NONE',  ( -2.223549481128256600, 0.3314749926588312400, 0.03902182124855116400 ) ) ;
#1697 = ORIENTED_EDGE ( 'NONE', *, *, #1914, .T. ) ;
#1698 = CARTESIAN_POINT ( 'NONE',  ( 2.233983717688379200, 0.3089925364647180300, -0.009763054580587271100 ) ) ;
#1699 = ORIENTED_EDGE ( 'NONE', *, *, #1612, .F. ) ;
#1700 = CARTESIAN_POINT ( 'NONE',  ( 2.223999945733744300, 0.3185014350287765900, -0.004168113843824329200 ) ) ;
#1701 = ORIENTED_EDGE ( 'NONE', *, *, #1558, .F. ) ;
#1702 = CARTESIAN_POINT ( 'NONE',  ( 1.675895648049516400, -0.3435000000000003100, 0.8601787065441381900 ) ) ;
#1703 = EDGE_CURVE ( 'NONE', #224, #1879, #2066, .T. ) ;
#1704 = CARTESIAN_POINT ( 'NONE',  ( 2.233999960459727200, 0.3185014500268553700, -0.004189857104069805700 ) ) ;
#1705 = CARTESIAN_POINT ( 'NONE',  ( 2.223212990246324200, 0.3434999999999999200, 0.05916079783099623100 ) ) ;
#1706 = DIRECTION ( 'NONE',  ( -0.7071067811865540100, 0.0000000000000000000, -0.7071067811865409100 ) ) ;
#1707 = ORIENTED_EDGE ( 'NONE', *, *, #1569, .F. ) ;
#1708 = EDGE_CURVE ( 'NONE', #205, #1912, #2056, .T. ) ;
#1709 = CARTESIAN_POINT ( 'NONE',  ( 2.233999945490753100, 0.3085016646646994700, -0.004856752220960429400 ) ) ;
#1710 = CARTESIAN_POINT ( 'NONE',  ( 2.224000108110110800, 0.3184971411127273100, 0.008271506321514981000 ) ) ;
#1711 = CARTESIAN_POINT ( 'NONE',  ( 2.223212990246324200, 0.3334999999999995700, -0.05916079783099602300 ) ) ;
#1712 = EDGE_LOOP ( 'NONE', ( #1571, #1955, #2212, #2121 ) ) ;
#1713 = EDGE_LOOP ( 'NONE', ( #1656, #2237, #1550, #1251 ) ) ;
#1714 = DIRECTION ( 'NONE',  ( -0.7071067811865540100, 0.0000000000000000000, -0.7071067811865409100 ) ) ;
#1715 = EDGE_CURVE ( 'NONE', #1566, #203, #2042, .T. ) ;
#1716 = CIRCLE ( 'NONE', #1191, 1.474999999999999900 ) ;
#1717 = EDGE_LOOP ( 'NONE', ( #362, #415 ) ) ;
#1718 = CARTESIAN_POINT ( 'NONE',  ( 0.0000000000000000000, 0.3334999999999998500, 0.0000000000000000000 ) ) ;
#1719 = EDGE_CURVE ( 'NONE', #678, #428, #2038, .T. ) ;
#1720 = EDGE_CURVE ( 'NONE', #1792, #274, #147, .T. ) ;
#1721 = VECTOR ( 'NONE', #1983, 39.37007874015748100 ) ;
#1722 = CIRCLE ( 'NONE', #1189, 1.575000000000000000 ) ;
#1723 = EDGE_LOOP ( 'NONE', ( #1787, #1306 ) ) ;
#1724 =( BOUNDED_SURFACE ( )  B_SPLINE_SURFACE ( 3, 2, ( 
 ( #1961, #1627, #1959 ),
 ( #1834, #1524, #1527 ),
 ( #1507, #1461, #1416 ),
 ( #1987, #1264, #1244 ),
 ( #911, #1163, #1101 ),
 ( #974, #935, #850 ),
 ( #916, #772, #688 ),
 ( #677, #606, #574 ),
 ( #489, #497, #573 ),
 ( #2264, #2194, #2189 ),
 ( #2169, #2161, #2154 ),
 ( #2147, #2111, #2097 ) ),
 .UNSPECIFIED., .F., .F., .T. ) 
 B_SPLINE_SURFACE_WITH_KNOTS ( ( 4, 2, 2, 2, 2, 4 ),
 ( 3, 3 ),
 ( 0.0000000000000000000, 0.0007323756616961928000, 0.001098563492544289100, 0.001464751323392385600, 0.002197126985088578200, 0.002929502646784771200 ),
 ( 0.0000000000000000000, 1.000000000000000000 ),
 .UNSPECIFIED. ) 
 GEOMETRIC_REPRESENTATION_ITEM ( )  RATIONAL_B_SPLINE_SURFACE ( (
 ( 1.000000000000000000, 0.7151232031765315500, 1.000000000000000000),
 ( 1.000000000000000000, 0.7130559173910997500, 1.000000000000000000),
 ( 1.000000000000000000, 0.7109717278715174100, 1.000000000000000000),
 ( 1.000000000000000000, 0.7087313336826385200, 1.000000000000000000),
 ( 1.000000000000000000, 0.7081365218214293900, 1.000000000000000000),
 ( 1.000000000000000000, 0.7073219465540551100, 1.000000000000000000),
 ( 1.000000000000000000, 0.7071075032765313800, 1.000000000000000000),
 ( 1.000000000000000000, 0.7071053426433492300, 1.000000000000000000),
 ( 1.000000000000000000, 0.7079855157438815800, 1.000000000000000000),
 ( 1.000000000000000000, 0.7109515353428975700, 1.000000000000000000),
 ( 1.000000000000000000, 0.7130475171772593400, 1.000000000000000000),
 ( 1.000000000000000000, 0.7151232031765313300, 1.000000000000000000) ) ) 
 REPRESENTATION_ITEM ( '' )  SURFACE ( )  );
#1725 = EDGE_CURVE ( 'NONE', #128, #1166, #2060, .T. ) ;
#1726 = CARTESIAN_POINT ( 'NONE',  ( 1.624178261115572400, 0.3304696969696966400, -0.05167181165389097400 ) ) ;
#1727 = LINE ( 'NONE', #1500, #1652 ) ;
#1728 = EDGE_CURVE ( 'NONE', #523, #1857, #61, .T. ) ;
#1729 = EDGE_LOOP ( 'NONE', ( #56, #77, #81, #85 ) ) ;
#1730 = CARTESIAN_POINT ( 'NONE',  ( 1.624999926018893000, 0.3085016786686833900, 0.004811113287431430800 ) ) ;
#1731 = DIRECTION ( 'NONE',  ( 0.0000000000000000000, 0.0000000000000000000, 1.000000000000000000 ) ) ;
#1732 = VECTOR ( 'NONE', #2017, 39.37007874015748100 ) ;
#1733 = CARTESIAN_POINT ( 'NONE',  ( -2.234000078772592900, 0.3184971112395723600, -0.008314636595911553000 ) ) ;
#1734 = ORIENTED_EDGE ( 'NONE', *, *, #1789, .T. ) ;
#1735 = CARTESIAN_POINT ( 'NONE',  ( 2.234000078772592900, 0.3184971112395723600, 0.008314636595912172300 ) ) ;
#1736 = EDGE_CURVE ( 'NONE', #1857, #31, #2144, .T. ) ;
#1737 = EDGE_CURVE ( 'NONE', #31, #2205, #2029, .T. ) ;
#1738 = DIRECTION ( 'NONE',  ( -0.0000000000000000000, 1.000000000000000000, -0.0000000000000000000 ) ) ;
#1739 = CARTESIAN_POINT ( 'NONE',  ( 0.0000000000000000000, -0.05649999999999980700, 0.0000000000000000000 ) ) ;
#1740 = LINE ( 'NONE', #1996, #1721 ) ;
#1741 = CARTESIAN_POINT ( 'NONE',  ( 2.234000108594194100, 0.3084966836281264900, 0.009638090081734952300 ) ) ;
#1742 = ADVANCED_FACE ( 'NONE', ( #2036 ), #2002, .T. ) ;
#1743 = CARTESIAN_POINT ( 'NONE',  ( 2.223933849467116400, 0.3201893358550668100, 0.01664239776933121000 ) ) ;
#1744 = CARTESIAN_POINT ( 'NONE',  ( 2.233951612124525100, 0.3202136753557274800, 0.01674009545500083200 ) ) ;
#1745 = CARTESIAN_POINT ( 'NONE',  ( -1.675895648049511500, 0.3435000000000003600, -0.6941787065441497000 ) ) ;
#1746 = EDGE_CURVE ( 'NONE', #322, #893, #2033, .T. ) ;
#1747 = EDGE_CURVE ( 'NONE', #2149, #1214, #2006, .T. ) ;
#1748 = CARTESIAN_POINT ( 'NONE',  ( 2.233933552043529900, 0.3104596295687456800, 0.01939198529567881200 ) ) ;
#1749 = EDGE_CURVE ( 'NONE', #2104, #1924, #2014, .T. ) ;
#1750 = CARTESIAN_POINT ( 'NONE',  ( 2.223709525755378700, 0.3266265292605760000, 0.03191288073818322100 ) ) ;
#1751 = ORIENTED_EDGE ( 'NONE', *, *, #1719, .T. ) ;
#1752 = ORIENTED_EDGE ( 'NONE', *, *, #1474, .T. ) ;
#1753 = CARTESIAN_POINT ( 'NONE',  ( 2.233788760057956700, 0.3267033768237828100, 0.03205509728907760000 ) ) ;
#1754 = EDGE_CURVE ( 'NONE', #1828, #1093, #2013, .T. ) ;
#1755 = EDGE_CURVE ( 'NONE', #2104, #2149, #2001, .T. ) ;
#1756 = DIRECTION ( 'NONE',  ( 0.0000000000000000000, 0.0000000000000000000, 1.000000000000000000 ) ) ;
#1757 = CARTESIAN_POINT ( 'NONE',  ( 2.233708219650289100, 0.3179267739654000900, 0.03718539372208789400 ) ) ;
#1758 = CARTESIAN_POINT ( 'NONE',  ( 2.223550017539002600, 0.3314546455135181100, 0.03900204530065329300 ) ) ;
#1759 = CARTESIAN_POINT ( 'NONE',  ( -1.624894782259963800, 0.3109214086769525600, -0.01908086664739666200 ) ) ;
#1760 = EDGE_LOOP ( 'NONE', ( #1841, #806, #809, #813 ) ) ;
#1761 = CARTESIAN_POINT ( 'NONE',  ( 2.233673193867482500, 0.3315722761759939400, 0.03914715853634662800 ) ) ;
#1762 = ORIENTED_EDGE ( 'NONE', *, *, #1581, .F. ) ;
#1763 = DIRECTION ( 'NONE',  ( -1.000000000000000000, -1.222850489554280500E-016, 0.0000000000000000000 ) ) ;
#1764 = EDGE_CURVE ( 'NONE', #925, #322, #2028, .T. ) ;
#1765 = CARTESIAN_POINT ( 'NONE',  ( 2.233547992527513700, 0.3235274621082948600, 0.04544587155614218700 ) ) ;
#1766 = EDGE_CURVE ( 'NONE', #1513, #1664, #1980, .T. ) ;
#1767 = EDGE_LOOP ( 'NONE', ( #256, #420 ) ) ;
#1768 = EDGE_LOOP ( 'NONE', ( #1345, #1947 ) ) ;
#1769 = CARTESIAN_POINT ( 'NONE',  ( 2.233469447571196000, 0.3269680609200340000, -0.04880492031727369500 ) ) ;
#1770 = VECTOR ( 'NONE', #2112, 39.37007874015748100 ) ;
#1771 = ORIENTED_EDGE ( 'NONE', *, *, #1818, .F. ) ;
#1772 = CARTESIAN_POINT ( 'NONE',  ( 2.223392241941204400, 0.3374393939393938700, 0.04481878623560323100 ) ) ;
#1773 = EDGE_CURVE ( 'NONE', #1415, #863, #2094, .T. ) ;
#1774 = LINE ( 'NONE', #1999, #1732 ) ;
#1775 = VECTOR ( 'NONE', #2011, 39.37007874015748100 ) ;
#1776 = CARTESIAN_POINT ( 'NONE',  ( 2.233559955155442400, 0.3375582220665330800, 0.04493427854742173400 ) ) ;
#1777 = EDGE_CURVE ( 'NONE', #925, #295, #1971, .T. ) ;
#1778 = DIRECTION ( 'NONE',  ( -0.0000000000000000000, 1.000000000000000000, -0.0000000000000000000 ) ) ;
#1779 = CIRCLE ( 'NONE', #1208, 1.474999999999999900 ) ;
#1780 = LINE ( 'NONE', #2021, #1775 ) ;
#1781 = EDGE_CURVE ( 'NONE', #2078, #270, #1976, .T. ) ;
#1782 = ORIENTED_EDGE ( 'NONE', *, *, #1805, .F. ) ;
#1783 = CARTESIAN_POINT ( 'NONE',  ( 2.233389509216120200, 0.3304696969696969100, 0.05222355908380919100 ) ) ;
#1784 = LINE ( 'NONE', #2143, #1770 ) ;
#1785 = EDGE_CURVE ( 'NONE', #270, #503, #1902, .T. ) ;
#1786 = VECTOR ( 'NONE', #2166, 39.37007874015748900 ) ;
#1787 = ORIENTED_EDGE ( 'NONE', *, *, #1503, .F. ) ;
#1788 = VECTOR ( 'NONE', #2247, 39.37007874015748100 ) ;
#1789 = EDGE_CURVE ( 'NONE', #1161, #1186, #723, .T. ) ;
#1790 = CARTESIAN_POINT ( 'NONE',  ( 1.624894782259963300, 0.3109214086769525000, 0.01908086664739697500 ) ) ;
#1791 = CARTESIAN_POINT ( 'NONE',  ( 0.0000000000000000000, 0.2235000000000002800, 1.474999999999999900 ) ) ;
#1792 = VERTEX_POINT ( 'NONE', #1481 ) ;
#1793 = CARTESIAN_POINT ( 'NONE',  ( 0.0000000000000000000, 0.2235000000000002800, 0.0000000000000000000 ) ) ;
#1794 = CARTESIAN_POINT ( 'NONE',  ( -1.623935861580640500, 0.3434999999999996900, -0.05879895808891043300 ) ) ;
#1795 = ORIENTED_EDGE ( 'NONE', *, *, #1499, .F. ) ;
#1796 = EDGE_CURVE ( 'NONE', #1872, #2026, #1948, .T. ) ;
#1797 = CARTESIAN_POINT ( 'NONE',  ( -0.6941787065441557000, -0.3435000000000008600, -1.675895648049509100 ) ) ;
#1798 = EDGE_CURVE ( 'NONE', #503, #198, #1800, .T. ) ;
#1799 = CARTESIAN_POINT ( 'NONE',  ( -2.233389509216119800, 0.3304696969696969100, 0.05222355908380919800 ) ) ;
#1800 = B_SPLINE_CURVE_WITH_KNOTS ( 'NONE', 3,
 ( #1910, #2067, #1810, #89, #1877, #647, #1790, #1624, #1730, #791, #1674, #1528, #1579, #1549, #667, #1269 ),
 .UNSPECIFIED., .F., .F.,
 ( 4, 2, 2, 2, 2, 2, 2, 4 ),
 ( 0.0000000000000000000, 0.0003643646997110060900, 0.0007287293994220121800, 0.001093094099133018200, 0.001457458798844024400, 0.002186188198266036300, 0.002550552897977041500, 0.002914917597688046100 ),
 .UNSPECIFIED. ) ;
#1801 = DIRECTION ( 'NONE',  ( -0.0000000000000000000, -1.000000000000000000, -0.0000000000000000000 ) ) ;
#1802 = ORIENTED_EDGE ( 'NONE', *, *, #1558, .T. ) ;
#1803 = CARTESIAN_POINT ( 'NONE',  ( 0.0000000000000000000, 0.0000000000000000000, 0.0000000000000000000 ) ) ;
#1804 = EDGE_CURVE ( 'NONE', #73, #1065, #1982, .T. ) ;
#1805 = EDGE_CURVE ( 'NONE', #594, #934, #1943, .T. ) ;
#1806 = EDGE_CURVE ( 'NONE', #3, #618, #1934, .T. ) ;
#1807 = ORIENTED_EDGE ( 'NONE', *, *, #1915, .T. ) ;
#1808 = EDGE_CURVE ( 'NONE', #358, #1669, #1936, .T. ) ;
#1809 = DIRECTION ( 'NONE',  ( 0.0000000000000000000, 0.0000000000000000000, 1.000000000000000000 ) ) ;
#1810 = CARTESIAN_POINT ( 'NONE',  ( 1.624391428597801400, 0.3238886936366162600, 0.04464316048329904100 ) ) ;
#1811 = ORIENTED_EDGE ( 'NONE', *, *, #1892, .T. ) ;
#1812 = ORIENTED_EDGE ( 'NONE', *, *, #1835, .T. ) ;
#1813 = EDGE_CURVE ( 'NONE', #522, #1845, #1904, .T. ) ;
#1814 = LINE ( 'NONE', #2164, #1788 ) ;
#1815 = CLOSED_SHELL ( 'NONE', ( #619, #414, #354, #504, #613, #849, #761, #792, #343, #323, #555, #437, #537, #293, #576, #607, #401, #1053, #783, #542, #384, #1742, #679, #633, #515, #544, #1295, #346, #417, #952, #529, #665, #487, #481, #1178, #313, #410, #891, #513, #652, #1359, #464, #1121, #223, #699, #603, #535, #1260, #338, #774, #460, #562, #1324, #371, #843, #569, #597, #1358, #447, #1003 ) ) ;
#1816 = CARTESIAN_POINT ( 'NONE',  ( -1.633929313036521300, 0.3434999999999996900, -0.05916079783099603700 ) ) ;
#1817 = VECTOR ( 'NONE', #253, 39.37007874015748100 ) ;
#1818 = EDGE_CURVE ( 'NONE', #1845, #522, #1894, .T. ) ;
#1819 = EDGE_LOOP ( 'NONE', ( #249, #1553, #1493, #1771 ) ) ;
#1820 = CIRCLE ( 'NONE', #1215, 0.01000000000000001100 ) ;
#1821 = DIRECTION ( 'NONE',  ( 0.0000000000000000000, 0.0000000000000000000, -1.000000000000000000 ) ) ;
#1822 = ORIENTED_EDGE ( 'NONE', *, *, #1813, .F. ) ;
#1823 = DIRECTION ( 'NONE',  ( 1.000000000000000000, -0.0000000000000000000, -0.0000000000000000000 ) ) ;
#1824 =( BOUNDED_SURFACE ( )  B_SPLINE_SURFACE ( 3, 2, ( 
 ( #1227, #1153, #1222 ),
 ( #1696, #1687, #1679 ),
 ( #1598, #1595, #1574 ),
 ( #1521, #720, #704 ),
 ( #712, #718, #724 ),
 ( #727, #868, #855 ),
 ( #818, #1951, #1479 ),
 ( #1018, #1733, #1984 ),
 ( #1978, #1476, #1456 ),
 ( #1518, #1514, #1347 ),
 ( #1409, #832, #844 ),
 ( #750, #1288, #1296 ) ),
 .UNSPECIFIED., .F., .F., .F. ) 
 B_SPLINE_SURFACE_WITH_KNOTS ( ( 4, 2, 2, 2, 2, 4 ),
 ( 3, 3 ),
 ( 0.0000000000000000000, 0.0007323322489281576400, 0.001098498373392236500, 0.001464664497856315300, 0.002196996746784472900, 0.002929328995712630500 ),
 ( 0.0000000000000000000, 1.000000000000000000 ),
 .UNSPECIFIED. ) 
 GEOMETRIC_REPRESENTATION_ITEM ( )  RATIONAL_B_SPLINE_SURFACE ( (
 ( 1.000000000000000000, 0.7011549583561724800, 1.000000000000000000),
 ( 1.000000000000000000, 0.7027058399832335500, 1.000000000000000000),
 ( 1.000000000000000000, 0.7042540673512719400, 1.000000000000000000),
 ( 1.000000000000000000, 0.7059106993457681100, 1.000000000000000000),
 ( 1.000000000000000000, 0.7063490251382583700, 1.000000000000000000),
 ( 1.000000000000000000, 0.7069487318042609900, 1.000000000000000000),
 ( 1.000000000000000000, 0.7071062519170071600, 1.000000000000000000),
 ( 1.000000000000000000, 0.7071078356058649900, 1.000000000000000000),
 ( 1.000000000000000000, 0.7064621404150670500, 1.000000000000000000),
 ( 1.000000000000000000, 0.7042690421594515200, 1.000000000000000000),
 ( 1.000000000000000000, 0.7027121905267623700, 1.000000000000000000),
 ( 1.000000000000000000, 0.7011549583561722500, 1.000000000000000000) ) ) 
 REPRESENTATION_ITEM ( '' )  SURFACE ( )  );
#1825 = EDGE_CURVE ( 'NONE', #1912, #1956, #1929, .T. ) ;
#1826 = EDGE_CURVE ( 'NONE', #1828, #862, #1891, .T. ) ;
#1827 = CARTESIAN_POINT ( 'NONE',  ( -1.623935861580640300, 0.3334999999999996900, -0.05879895808891041900 ) ) ;
#1828 = VERTEX_POINT ( 'NONE', #869 ) ;
#1829 = LINE ( 'NONE', #2216, #1786 ) ;
#1830 = EDGE_CURVE ( 'NONE', #274, #403, #1864, .T. ) ;
#1831 = CARTESIAN_POINT ( 'NONE',  ( -1.634026308294918700, 0.3434999999999996900, -0.05380307879433615000 ) ) ;
#1832 = CARTESIAN_POINT ( 'NONE',  ( -1.624128155728231400, 0.3434035426437586600, -0.05348808847339950300 ) ) ;
#1833 = CARTESIAN_POINT ( 'NONE',  ( -1.624032265146654600, 0.3334999930922734100, -0.05613644138583837700 ) ) ;
#1834 = CARTESIAN_POINT ( 'NONE',  ( 1.634387124939281200, 0.3314753500460365100, 0.03902216860296588200 ) ) ;
#1835 = EDGE_CURVE ( 'NONE', #295, #893, #1867, .T. ) ;
#1836 = EDGE_CURVE ( 'NONE', #1405, #73, #1860, .T. ) ;
#1837 = EDGE_CURVE ( 'NONE', #934, #851, #1871, .T. ) ;
#1838 = EDGE_CURVE ( 'NONE', #734, #856, #1635, .T. ) ;
#1839 = DIRECTION ( 'NONE',  ( 0.7071067811865438000, 0.0000000000000000000, -0.7071067811865512400 ) ) ;
#1840 = CARTESIAN_POINT ( 'NONE',  ( -1.634113373632413400, 0.3413092980314561500, -0.04858005203072073700 ) ) ;
#1841 = ORIENTED_EDGE ( 'NONE', *, *, #1876, .T. ) ;
#1842 = CARTESIAN_POINT ( 'NONE',  ( 2.233345442352857400, 0.3324000108577992400, 0.05410811984222491800 ) ) ;
#1843 = EDGE_CURVE ( 'NONE', #274, #917, #1342, .T. ) ;
#1844 = CARTESIAN_POINT ( 'NONE',  ( -1.624292177205940200, 0.3411516784299564200, -0.04834519205095685900 ) ) ;
#1845 = VERTEX_POINT ( 'NONE', #786 ) ;
#1846 = EDGE_CURVE ( 'NONE', #856, #403, #1250, .T. ) ;
#1847 = CARTESIAN_POINT ( 'NONE',  ( 2.223212990246324200, 0.3434999999999999200, 0.05916079783099623100 ) ) ;
#1848 = DIRECTION ( 'NONE',  ( 0.0000000000000000000, 0.0000000000000000000, -1.000000000000000000 ) ) ;
#1849 = ORIENTED_EDGE ( 'NONE', *, *, #1870, .F. ) ;
#1850 = DIRECTION ( 'NONE',  ( -2.090602855382850900E-016, 1.000000000000000000, -8.659560562354887300E-017 ) ) ;
#1851 = CARTESIAN_POINT ( 'NONE',  ( -1.675895648049511500, 0.3435000000000003600, -0.6941787065441497000 ) ) ;
#1852 = CARTESIAN_POINT ( 'NONE',  ( -1.624118794945330200, 0.3324046914826696600, -0.05354098670092260300 ) ) ;
#1853 = EDGE_LOOP ( 'NONE', ( #59, #80, #125, #230 ) ) ;
#1854 = CARTESIAN_POINT ( 'NONE',  ( -1.634173204260898500, 0.3374393939393935900, -0.04481878623560304300 ) ) ;
#1855 = ORIENTED_EDGE ( 'NONE', *, *, #1749, .F. ) ;
#1856 = VECTOR ( 'NONE', #895, 39.37007874015748100 ) ;
#1857 = VERTEX_POINT ( 'NONE', #78 ) ;
#1858 = CARTESIAN_POINT ( 'NONE',  ( -1.624401088719375400, 0.3372840112771401400, -0.04466776556977131200 ) ) ;
#1859 = CIRCLE ( 'NONE', #1209, 1.499000000000000300 ) ;
#1860 = CIRCLE ( 'NONE', #1217, 0.01000000000000009600 ) ;
#1861 = VERTEX_POINT ( 'NONE', #46 ) ;
#1862 = EDGE_CURVE ( 'NONE', #274, #1857, #1820, .T. ) ;
#1863 = VECTOR ( 'NONE', #900, 39.37007874015748100 ) ;
#1864 = LINE ( 'NONE', #1155, #1863 ) ;
#1865 = EDGE_CURVE ( 'NONE', #594, #76, #1893, .T. ) ;
#1866 = CARTESIAN_POINT ( 'NONE',  ( -1.624178261115572000, 0.3304696969696966400, -0.05167181165389098800 ) ) ;
#1867 = CIRCLE ( 'NONE', #1220, 1.399999999999999900 ) ;
#1868 = ORIENTED_EDGE ( 'NONE', *, *, #1755, .T. ) ;
#1869 = CARTESIAN_POINT ( 'NONE',  ( -1.624178261115572400, 0.3304696969696966900, -0.05167181165389096700 ) ) ;
#1870 = EDGE_CURVE ( 'NONE', #917, #2010, #1159, .T. ) ;
#1871 = LINE ( 'NONE', #823, #1856 ) ;
#1872 = VERTEX_POINT ( 'NONE', #34 ) ;
#1873 = EDGE_CURVE ( 'NONE', #295, #1845, #1829, .T. ) ;
#1874 =( BOUNDED_SURFACE ( )  B_SPLINE_SURFACE ( 3, 2, ( 
 ( #751, #770, #782 ),
 ( #789, #793, #796 ),
 ( #798, #801, #805 ),
 ( #807, #810, #814 ) ),
 .UNSPECIFIED., .F., .F., .T. ) 
 B_SPLINE_SURFACE_WITH_KNOTS ( ( 4, 4 ),
 ( 3, 3 ),
 ( -1.219727444046192500E-019, 0.0002019807271188816400 ),
 ( 0.0000000000000000000, 1.000000000000000000 ),
 .UNSPECIFIED. ) 
 GEOMETRIC_REPRESENTATION_ITEM ( )  RATIONAL_B_SPLINE_SURFACE ( (
 ( 1.000000000000000000, 0.7151232031765315500, 1.000000000000000000),
 ( 1.000000000000000000, 0.7133556937388262400, 1.000000000000000000),
 ( 1.000000000000000000, 0.7105608650427564000, 1.000000000000000000),
 ( 1.000000000000000000, 0.7071067811865475700, 1.000000000000000000) ) ) 
 REPRESENTATION_ITEM ( '' )  SURFACE ( )  );
#1875 = EDGE_LOOP ( 'NONE', ( #2173, #2178, #2182, #2195, #2197, #2202, #2210, #2225 ) ) ;
#1876 = EDGE_CURVE ( 'NONE', #991, #29, #1814, .T. ) ;
#1877 = CARTESIAN_POINT ( 'NONE',  ( 1.624681112904205800, 0.3161099826017998400, 0.03249403125714468700 ) ) ;
#1878 = DIRECTION ( 'NONE',  ( 0.0000000000000000000, 0.0000000000000000000, 1.000000000000000000 ) ) ;
#1879 = VERTEX_POINT ( 'NONE', #2162 ) ;
#1880 = EDGE_CURVE ( 'NONE', #1093, #229, #1859, .T. ) ;
#1881 = VERTEX_POINT ( 'NONE', #2180 ) ;
#1882 = EDGE_CURVE ( 'NONE', #29, #1421, #1090, .T. ) ;
#1883 = EDGE_CURVE ( 'NONE', #1879, #145, #1780, .T. ) ;
#1884 = CARTESIAN_POINT ( 'NONE',  ( 0.0000000000000000000, 0.2975000000000002600, 1.430000000000000400 ) ) ;
#1885 = CARTESIAN_POINT ( 'NONE',  ( -2.234000000000000400, 0.3809999999999998400, 0.0000000000000000000 ) ) ;
#1886 = DIRECTION ( 'NONE',  ( -0.0000000000000000000, 1.000000000000000000, -0.0000000000000000000 ) ) ;
#1887 = CARTESIAN_POINT ( 'NONE',  ( -2.234000000000000400, 0.3084999999999998900, 9.747817361331074700E-013 ) ) ;
#1888 = ORIENTED_EDGE ( 'NONE', *, *, #1692, .F. ) ;
#1889 = CARTESIAN_POINT ( 'NONE',  ( 0.0000000000000000000, -0.05649999999999980700, 0.0000000000000000000 ) ) ;
#1890 = CARTESIAN_POINT ( 'NONE',  ( 2.233209451533403100, 0.3434999999999996900, -0.05942680861261023800 ) ) ;
#1891 = CIRCLE ( 'NONE', #1221, 1.499000000000000100 ) ;
#1892 = EDGE_CURVE ( 'NONE', #172, #892, #1784, .T. ) ;
#1893 = LINE ( 'NONE', #2137, #1817 ) ;
#1894 = CIRCLE ( 'NONE', #1228, 1.430000000000000400 ) ;
#1895 = ORIENTED_EDGE ( 'NONE', *, *, #1837, .F. ) ;
#1896 = DIRECTION ( 'NONE',  ( 1.224646799147353200E-016, -1.000000000000000000, 0.0000000000000000000 ) ) ;
#1897 = VECTOR ( 'NONE', #1278, 39.37007874015748100 ) ;
#1898 = EDGE_CURVE ( 'NONE', #1085, #1421, #1774, .T. ) ;
#1899 = ORIENTED_EDGE ( 'NONE', *, *, #1796, .T. ) ;
#1900 = EDGE_CURVE ( 'NONE', #1085, #991, #950, .T. ) ;
#1901 = CARTESIAN_POINT ( 'NONE',  ( 0.0000000000000000000, -0.05649999999999980700, 1.575000000000000200 ) ) ;
#1902 = B_SPLINE_CURVE_WITH_KNOTS ( 'NONE', 3,
 ( #1229, #144, #955, #949 ),
 .UNSPECIFIED., .F., .F.,
 ( 4, 4 ),
 ( 6.505213034913025600E-019, 0.0002009649576311403300 ),
 .UNSPECIFIED. ) ;
#1903 = CARTESIAN_POINT ( 'NONE',  ( -2.223983789744424100, 0.3189246219931131700, 0.008378944697133863800 ) ) ;
#1904 = CIRCLE ( 'NONE', #1243, 1.430000000000000400 ) ;
#1905 = ORIENTED_EDGE ( 'NONE', *, *, #1764, .F. ) ;
#1906 = EDGE_CURVE ( 'NONE', #1161, #99, #1779, .T. ) ;
#1907 = EDGE_CURVE ( 'NONE', #203, #926, #1740, .T. ) ;
#1908 = VECTOR ( 'NONE', #1462, 39.37007874015748100 ) ;
#1909 = CARTESIAN_POINT ( 'NONE',  ( 0.6941787065441557000, -0.3435000000000004700, -1.841895648049509400 ) ) ;
#1910 = CARTESIAN_POINT ( 'NONE',  ( 1.624178261115572400, 0.3304696969696969100, 0.05167181165389119600 ) ) ;
#1911 = DIRECTION ( 'NONE',  ( 0.0000000000000000000, 0.0000000000000000000, 1.000000000000000000 ) ) ;
#1912 = VERTEX_POINT ( 'NONE', #1909 ) ;
#1913 = CARTESIAN_POINT ( 'NONE',  ( 2.223212990246324200, 0.3434999999999996900, -0.05916079783099605100 ) ) ;
#1914 = EDGE_CURVE ( 'NONE', #618, #306, #1689, .T. ) ;
#1915 = EDGE_CURVE ( 'NONE', #1186, #502, #1716, .T. ) ;
#1916 = EDGE_CURVE ( 'NONE', #2026, #428, #1722, .T. ) ;
#1917 = CARTESIAN_POINT ( 'NONE',  ( 0.0000000000000000000, 0.3334999999999998500, 0.0000000000000000000 ) ) ;
#1918 = CARTESIAN_POINT ( 'NONE',  ( 2.233209451533402700, 0.3334999999999996900, -0.05942680861261022400 ) ) ;
#1919 = CARTESIAN_POINT ( 'NONE',  ( 2.223284282778881700, 0.3434999999999996900, -0.05380256870787821600 ) ) ;
#1920 = EDGE_CURVE ( 'NONE', #3, #575, #1683, .T. ) ;
#1921 = EDGE_CURVE ( 'NONE', #145, #1408, #1682, .T. ) ;
#1922 = DIRECTION ( 'NONE',  ( 0.0000000000000000000, 0.0000000000000000000, 1.000000000000000000 ) ) ;
#1923 = EDGE_CURVE ( 'NONE', #991, #2222, #920, .T. ) ;
#1924 = VERTEX_POINT ( 'NONE', #1702 ) ;
#1925 = CARTESIAN_POINT ( 'NONE',  ( 2.233352833030667100, 0.3435715170850377500, -0.05403864940639005500 ) ) ;
#1926 = EDGE_CURVE ( 'NONE', #198, #73, #848, .T. ) ;
#1927 = CARTESIAN_POINT ( 'NONE',  ( 2.233281064239217800, 0.3334999930807382400, -0.05673566340037315000 ) ) ;
#1928 = CARTESIAN_POINT ( 'NONE',  ( 1.634173204260898700, 0.3374393939393938700, 0.04481878623560323100 ) ) ;
#1929 = LINE ( 'NONE', #967, #566 ) ;
#1930 = ORIENTED_EDGE ( 'NONE', *, *, #1224, .F. ) ;
#1931 = CARTESIAN_POINT ( 'NONE',  ( 2.223348271731678100, 0.3413088789989086600, -0.04857964476150929100 ) ) ;
#1932 = EDGE_CURVE ( 'NONE', #205, #1478, #1676, .T. ) ;
#1933 = EDGE_CURVE ( 'NONE', #575, #306, #1727, .T. ) ;
#1934 = LINE ( 'NONE', #1441, #1908 ) ;
#1935 = CARTESIAN_POINT ( 'NONE',  ( -2.223212990246324200, 0.3334999999999995700, 0.05916079783099626600 ) ) ;
#1936 = LINE ( 'NONE', #1314, #1897 ) ;
#1937 = CARTESIAN_POINT ( 'NONE',  ( 1.634281263660193300, 0.3344267296328022300, 0.04189069527030080100 ) ) ;
#1938 = CARTESIAN_POINT ( 'NONE',  ( 2.233476704308588400, 0.3414283574407296400, -0.04875804128717893500 ) ) ;
#1939 = VECTOR ( 'NONE', #1390, 39.37007874015748100 ) ;
#1940 = ORIENTED_EDGE ( 'NONE', *, *, #1379, .F. ) ;
#1941 = CARTESIAN_POINT ( 'NONE',  ( 1.634388032200503800, 0.3317574698549466400, 0.03871167626230543500 ) ) ;
#1942 = EDGE_CURVE ( 'NONE', #428, #2026, #1673, .T. ) ;
#1943 = CIRCLE ( 'NONE', #1265, 0.1660000000000001500 ) ;
#1944 = VECTOR ( 'NONE', #2176, 39.37007874015748100 ) ;
#1945 = EDGE_CURVE ( 'NONE', #1872, #678, #1647, .T. ) ;
#1946 = ORIENTED_EDGE ( 'NONE', *, *, #1151, .T. ) ;
#1947 = ORIENTED_EDGE ( 'NONE', *, *, #1916, .F. ) ;
#1948 = LINE ( 'NONE', #831, #1939 ) ;
#1949 = EDGE_CURVE ( 'NONE', #99, #502, #1671, .T. ) ;
#1950 = EDGE_CURVE ( 'NONE', #1415, #1421, #1641, .T. ) ;
#1951 = CARTESIAN_POINT ( 'NONE',  ( -2.233999960459727200, 0.3185014500268553700, 0.004189857104069936700 ) ) ;
#1952 = CARTESIAN_POINT ( 'NONE',  ( 1.634586757203863900, 0.3270777830527884000, 0.03187185550955395200 ) ) ;
#1953 = EDGE_CURVE ( 'NONE', #716, #152, #1639, .T. ) ;
#1954 = EDGE_CURVE ( 'NONE', #2090, #2205, #1633, .T. ) ;
#1955 = ORIENTED_EDGE ( 'NONE', *, *, #1174, .F. ) ;
#1956 = VERTEX_POINT ( 'NONE', #1355 ) ;
#1957 = CARTESIAN_POINT ( 'NONE',  ( 1.634679587092689800, 0.3250508970215291700, 0.02816559450360231800 ) ) ;
#1958 = CARTESIAN_POINT ( 'NONE',  ( 2.233345341881476800, 0.3324044083449023100, -0.05411241659512379400 ) ) ;
#1959 = CARTESIAN_POINT ( 'NONE',  ( 1.624178261115572400, 0.3304696969696969100, 0.05167181165389118900 ) ) ;
#1960 = CARTESIAN_POINT ( 'NONE',  ( 1.634833265830824900, 0.3218078742609507500, 0.02049134178938704200 ) ) ;
#1961 = CARTESIAN_POINT ( 'NONE',  ( 1.634173204260898700, 0.3374393939393938700, 0.04481878623560323100 ) ) ;
#1962 = ORIENTED_EDGE ( 'NONE', *, *, #1906, .F. ) ;
#1963 = CARTESIAN_POINT ( 'NONE',  ( 1.634894344953208300, 0.3205832157195880300, 0.01653400010930463800 ) ) ;
#1964 = CARTESIAN_POINT ( 'NONE',  ( 1.634977945970449700, 0.3189247046803304100, 0.008379659502397652400 ) ) ;
#1965 = CARTESIAN_POINT ( 'NONE',  ( 1.675895648049511500, -0.3435000000000000300, -0.8601787065441500700 ) ) ;
#1966 = ORIENTED_EDGE ( 'NONE', *, *, #1979, .T. ) ;
#1967 = DIRECTION ( 'NONE',  ( -2.090602855382850900E-016, 1.000000000000000000, -8.659560562354887300E-017 ) ) ;
#1968 =( BOUNDED_SURFACE ( )  B_SPLINE_SURFACE ( 3, 2, ( 
 ( #1913, #1890, #1918 ),
 ( #1919, #1925, #1927 ),
 ( #1931, #1938, #1958 ),
 ( #1970, #1972, #1988 ) ),
 .UNSPECIFIED., .F., .F., .T. ) 
 B_SPLINE_SURFACE_WITH_KNOTS ( ( 4, 4 ),
 ( 3, 3 ),
 ( 1.355252715606880500E-020, 0.0002019379433596008700 ),
 ( 0.0000000000000000000, 1.000000000000000000 ),
 .UNSPECIFIED. ) 
 GEOMETRIC_REPRESENTATION_ITEM ( )  RATIONAL_B_SPLINE_SURFACE ( (
 ( 1.000000000000000000, 0.7071067811865475700, 1.000000000000000000),
 ( 1.000000000000000000, 0.7045848184154121000, 1.000000000000000000),
 ( 1.000000000000000000, 0.7024879466967308700, 1.000000000000000000),
 ( 1.000000000000000000, 0.7011549583561625900, 1.000000000000000000) ) ) 
 REPRESENTATION_ITEM ( '' )  SURFACE ( )  );
#1969 = VECTOR ( 'NONE', #752, 39.37007874015748100 ) ;
#1970 = CARTESIAN_POINT ( 'NONE',  ( 2.223392241941204900, 0.3374393939393935900, -0.04481878623560304300 ) ) ;
#1971 = LINE ( 'NONE', #550, #1969 ) ;
#1972 = CARTESIAN_POINT ( 'NONE',  ( 2.233559955155442400, 0.3375582220665330200, -0.04493427854742135900 ) ) ;
#1973 = EDGE_CURVE ( 'NONE', #2158, #713, #1606, .T. ) ;
#1974 = CARTESIAN_POINT ( 'NONE',  ( 1.634604827510687300, 0.3266273594294740200, -0.03191432026919458600 ) ) ;
#1975 = VECTOR ( 'NONE', #1580, 39.37007874015748100 ) ;
#1976 = CIRCLE ( 'NONE', #1273, 1.624999999999999800 ) ;
#1977 = ORIENTED_EDGE ( 'NONE', *, *, #1746, .F. ) ;
#1978 = CARTESIAN_POINT ( 'NONE',  ( -2.223933849467116400, 0.3201893358550654800, -0.01664239776932796900 ) ) ;
#1979 = EDGE_CURVE ( 'NONE', #892, #1669, #1599, .T. ) ;
#1980 = LINE ( 'NONE', #1326, #1975 ) ;
#1981 = VECTOR ( 'NONE', #1330, 39.37007874015748100 ) ;
#1982 = CIRCLE ( 'NONE', #1268, 1.624999999999999800 ) ;
#1983 = DIRECTION ( 'NONE',  ( -0.0000000000000000000, 1.000000000000000000, -0.0000000000000000000 ) ) ;
#1984 = CARTESIAN_POINT ( 'NONE',  ( -2.234000108594194100, 0.3084966836281264900, -0.009638090081734235900 ) ) ;
#1985 = CARTESIAN_POINT ( 'NONE',  ( -0.5281787065441436700, 0.3435000000000005300, 1.675895648049514000 ) ) ;
#1986 = CARTESIAN_POINT ( 'NONE',  ( -2.233933528890867500, 0.3104604973703687400, -0.01939246363974257400 ) ) ;
#1987 = CARTESIAN_POINT ( 'NONE',  ( 1.634833276246714200, 0.3218076613831225000, 0.02049072674228948800 ) ) ;
#1988 = CARTESIAN_POINT ( 'NONE',  ( 2.233389509216120200, 0.3304696969696966400, -0.05222355908380898300 ) ) ;
#1989 = CARTESIAN_POINT ( 'NONE',  ( 1.634173204260898700, 0.3374393939393936500, -0.04481878623560304300 ) ) ;
#1990 = CARTESIAN_POINT ( 'NONE',  ( -2.233877212155766000, 0.3123262896520265800, 0.02384557682297882400 ) ) ;
#1991 = CARTESIAN_POINT ( 'NONE',  ( 5.951783443856135700E-017, -0.3434999999999997500, 0.0000000000000000000 ) ) ;
#1992 = CARTESIAN_POINT ( 'NONE',  ( 1.675895648049511500, -0.3435000000000000300, -0.6941787065441498200 ) ) ;
#1993 = CARTESIAN_POINT ( 'NONE',  ( 1.634389323472519500, 0.3314140538110007500, -0.03896259311305073200 ) ) ;
#1994 = ORIENTED_EDGE ( 'NONE', *, *, #1105, .F. ) ;
#1995 = DIRECTION ( 'NONE',  ( -0.0000000000000000000, 1.000000000000000000, -0.0000000000000000000 ) ) ;
#1996 = CARTESIAN_POINT ( 'NONE',  ( 1.675895648049511500, -0.3435000000000000300, -0.8601787065441500700 ) ) ;
#1997 = VECTOR ( 'NONE', #2096, 39.37007874015748100 ) ;
#1998 = ORIENTED_EDGE ( 'NONE', *, *, #1883, .T. ) ;
#1999 = CARTESIAN_POINT ( 'NONE',  ( -2.234000000000000400, 0.3374393939393936500, -0.04481878623560304300 ) ) ;
#2000 = DIRECTION ( 'NONE',  ( 0.0000000000000000000, 0.0000000000000000000, -1.000000000000000000 ) ) ;
#2001 = LINE ( 'NONE', #2165, #1981 ) ;
#2002 = CONICAL_SURFACE ( 'NONE', #1312, 1.624999999999999800, 1.221730476396029100 ) ;
#2003 = ORIENTED_EDGE ( 'NONE', *, *, #1921, .T. ) ;
#2004 = EDGE_CURVE ( 'NONE', #1792, #31, #1596, .T. ) ;
#2005 = DIRECTION ( 'NONE',  ( -0.0000000000000000000, -1.000000000000000000, -0.0000000000000000000 ) ) ;
#2006 = CIRCLE ( 'NONE', #1308, 0.1660000000000002300 ) ;
#2007 = CARTESIAN_POINT ( 'NONE',  ( 2.234000000000000400, 0.3084999999999998900, -9.710139169608089000E-013 ) ) ;
#2008 = VECTOR ( 'NONE', #2155, 39.37007874015748100 ) ;
#2009 = DIRECTION ( 'NONE',  ( -1.000000000000000000, -1.222850489554280500E-016, 0.0000000000000000000 ) ) ;
#2010 = VERTEX_POINT ( 'NONE', #1249 ) ;
#2011 = DIRECTION ( 'NONE',  ( -1.224646799147357600E-016, 1.000000000000000000, -1.224646799147353000E-016 ) ) ;
#2012 = ORIENTED_EDGE ( 'NONE', *, *, #1593, .T. ) ;
#2013 = LINE ( 'NONE', #1270, #1997 ) ;
#2014 = CIRCLE ( 'NONE', #1285, 0.1660000000000002300 ) ;
#2015 = CARTESIAN_POINT ( 'NONE',  ( 0.0000000000000000000, 0.0000000000000000000, 0.0000000000000000000 ) ) ;
#2016 = CARTESIAN_POINT ( 'NONE',  ( -2.461540066286177600E-017, 0.3435000000000000300, 0.0000000000000000000 ) ) ;
#2017 = DIRECTION ( 'NONE',  ( 1.000000000000000000, -0.0000000000000000000, -0.0000000000000000000 ) ) ;
#2018 = CARTESIAN_POINT ( 'NONE',  ( -2.223392241941204900, 0.3374393939393936500, -0.04481878623560304300 ) ) ;
#2019 = EDGE_LOOP ( 'NONE', ( #1905, #93, #1812, #1977 ) ) ;
#2020 = DIRECTION ( 'NONE',  ( 1.224646799147353200E-016, -1.000000000000000000, 0.0000000000000000000 ) ) ;
#2021 = CARTESIAN_POINT ( 'NONE',  ( -0.5281787065441554400, -0.3435000000000008600, -1.675895648049509100 ) ) ;
#2022 = DIRECTION ( 'NONE',  ( -1.224646799147353200E-016, 1.000000000000000000, -0.0000000000000000000 ) ) ;
#2023 = DIRECTION ( 'NONE',  ( 0.0000000000000000000, 0.0000000000000000000, -1.000000000000000000 ) ) ;
#2024 = CARTESIAN_POINT ( 'NONE',  ( 2.223392241941204900, 0.3374393939393936500, -0.04481878623560304300 ) ) ;
#2025 = CARTESIAN_POINT ( 'NONE',  ( -2.234000000000000400, 0.3234999999999997300, -0.05916079783099601600 ) ) ;
#2026 = VERTEX_POINT ( 'NONE', #1289 ) ;
#2027 = CARTESIAN_POINT ( 'NONE',  ( -1.624178261115572400, 0.3304696969696966900, -0.05167181165389096700 ) ) ;
#2028 = CIRCLE ( 'NONE', #1284, 1.399999999999999900 ) ;
#2029 = CIRCLE ( 'NONE', #1318, 2.234000000000000400 ) ;
#2030 = ORIENTED_EDGE ( 'NONE', *, *, #1117, .F. ) ;
#2031 = DIRECTION ( 'NONE',  ( 1.000000000000000000, -0.0000000000000000000, -0.0000000000000000000 ) ) ;
#2032 = CARTESIAN_POINT ( 'NONE',  ( -0.6941787065441437100, -0.3435000000000009700, 1.675895648049514000 ) ) ;
#2033 = LINE ( 'NONE', #1036, #2008 ) ;
#2034 = VECTOR ( 'NONE', #904, 39.37007874015748100 ) ;
#2035 = ORIENTED_EDGE ( 'NONE', *, *, #1825, .T. ) ;
#2036 = FACE_OUTER_BOUND ( 'NONE', #808, .T. ) ;
#2037 = CARTESIAN_POINT ( 'NONE',  ( 2.223471670728292400, 0.3344264980509774600, -0.04189047018958154400 ) ) ;
#2038 = LINE ( 'NONE', #907, #2034 ) ;
#2039 = CARTESIAN_POINT ( 'NONE',  ( 2.223550153932060800, 0.3317570754030024800, -0.03871119774594002800 ) ) ;
#2040 = ORIENTED_EDGE ( 'NONE', *, *, #1000, .T. ) ;
#2041 = EDGE_LOOP ( 'NONE', ( #36, #53 ) ) ;
#2042 = CIRCLE ( 'NONE', #1325, 0.1660000000000002300 ) ;
#2043 = CARTESIAN_POINT ( 'NONE',  ( -2.233469447571195600, 0.3269680609200344400, 0.04880492031727416000 ) ) ;
#2044 = DIRECTION ( 'NONE',  ( -3.586907429118614000E-017, 1.000000000000000000, -8.659560562354950100E-017 ) ) ;
#2045 = ORIENTED_EDGE ( 'NONE', *, *, #1620, .F. ) ;
#2046 = DIRECTION ( 'NONE',  ( -1.000000000000000000, -4.114228906120872400E-016, 0.0000000000000000000 ) ) ;
#2047 = ORIENTED_EDGE ( 'NONE', *, *, #1926, .F. ) ;
#2048 = CARTESIAN_POINT ( 'NONE',  ( 2.223696234060320400, 0.3270772347313714600, -0.03187095605053691400 ) ) ;
#2049 = ORIENTED_EDGE ( 'NONE', *, *, #1836, .T. ) ;
#2050 = DIRECTION ( 'NONE',  ( 0.0000000000000000000, 0.0000000000000000000, 1.000000000000000000 ) ) ;
#2051 = CARTESIAN_POINT ( 'NONE',  ( 2.223764472740096000, 0.3250503644936537100, -0.02816453890661741200 ) ) ;
#2052 = CARTESIAN_POINT ( 'NONE',  ( 1.675895648049516400, 0.3435000000000003600, 0.6941787065441379400 ) ) ;
#2053 = CARTESIAN_POINT ( 'NONE',  ( 0.6941787065441557000, -0.3435000000000004700, -1.675895648049509300 ) ) ;
#2054 = ORIENTED_EDGE ( 'NONE', *, *, #1932, .F. ) ;
#2055 = ORIENTED_EDGE ( 'NONE', *, *, #1387, .F. ) ;
#2056 = CIRCLE ( 'NONE', #1332, 0.1660000000000001200 ) ;
#2057 = ORIENTED_EDGE ( 'NONE', *, *, #1907, .T. ) ;
#2058 = CARTESIAN_POINT ( 'NONE',  ( 2.223877439968374900, 0.3218074765612297100, -0.02049019604752464600 ) ) ;
#2059 = VECTOR ( 'NONE', #1162, 39.37007874015748900 ) ;
#2060 = CIRCLE ( 'NONE', #1321, 2.234000000000000400 ) ;
#2061 = LINE ( 'NONE', #2132, #2059 ) ;
#2062 = EDGE_LOOP ( 'NONE', ( #151, #156 ) ) ;
#2063 = DIRECTION ( 'NONE',  ( -2.090602855382839300E-016, 1.000000000000000000, 8.659560562355010500E-017 ) ) ;
#2064 = CARTESIAN_POINT ( 'NONE',  ( 2.223922337886286900, 0.3205829305498388300, -0.01653290621729697900 ) ) ;
#2065 = CARTESIAN_POINT ( 'NONE',  ( 2.223983789744424100, 0.3189246219931130000, -0.008378944697133568900 ) ) ;
#2066 = CIRCLE ( 'NONE', #1334, 0.1660000000000002300 ) ;
#2067 = CARTESIAN_POINT ( 'NONE',  ( 1.624285450058105900, 0.3269818247939005300, 0.04830258683436625800 ) ) ;
#2068 = CIRCLE ( 'NONE', #1338, 0.1660000000000001500 ) ;
#2069 = ORIENTED_EDGE ( 'NONE', *, *, #1667, .T. ) ;
#2070 = CARTESIAN_POINT ( 'NONE',  ( -1.474999999999999900, 0.2235000000000002800, 0.0000000000000000000 ) ) ;
#2071 = CIRCLE ( 'NONE', #1346, 0.1660000000000002300 ) ;
#2072 = MANIFOLD_SOLID_BREP ( 'Chamfer1', #1815 ) ;
#2073 = CARTESIAN_POINT ( 'NONE',  ( -1.841895648049511700, -0.3435000000000011900, -0.6941787065441497000 ) ) ;
#2074 = CARTESIAN_POINT ( 'NONE',  ( 2.233209451533402700, 0.3335000000000001300, 0.05942680861261045300 ) ) ;
#2075 = VERTEX_POINT ( 'NONE', #1475 ) ;
#2076 = PLANE ( 'NONE',  #729 ) ;
#2077 = CARTESIAN_POINT ( 'NONE',  ( 2.223999945747166000, 0.3185014347004880800, -0.004168195879958117200 ) ) ;
#2078 = VERTEX_POINT ( 'NONE', #1184 ) ;
#2079 = CARTESIAN_POINT ( 'NONE',  ( 2.224000108083477900, 0.3184971417637391700, 0.008271686518606068100 ) ) ;
#2080 = ORIENTED_EDGE ( 'NONE', *, *, #1422, .F. ) ;
#2081 = CARTESIAN_POINT ( 'NONE',  ( 0.0000000000000000000, 0.0000000000000000000, 0.0000000000000000000 ) ) ;
#2082 = CARTESIAN_POINT ( 'NONE',  ( 0.6941787065441557000, 0.3435000000000003100, -1.509895648049509200 ) ) ;
#2083 = CARTESIAN_POINT ( 'NONE',  ( 2.223933845822021900, 0.3201894331794576400, 0.01664275031222196800 ) ) ;
#2084 = CIRCLE ( 'NONE', #1357, 0.1660000000000002300 ) ;
#2085 = CIRCLE ( 'NONE', #1335, 0.1660000000000002300 ) ;
#2086 = CIRCLE ( 'NONE', #1665, 1.575000000000000000 ) ;
#2087 = DIRECTION ( 'NONE',  ( -0.0000000000000000000, 1.000000000000000000, 0.0000000000000000000 ) ) ;
#2088 = DIRECTION ( 'NONE',  ( 0.0000000000000000000, 0.0000000000000000000, 1.000000000000000000 ) ) ;
#2089 = VECTOR ( 'NONE', #265, 39.37007874015748100 ) ;
#2090 = VERTEX_POINT ( 'NONE', #1213 ) ;
#2091 = DIRECTION ( 'NONE',  ( -0.02216803274104001100, -0.7169243587330337300, 0.6967984229170015600 ) ) ;
#2092 = CIRCLE ( 'NONE', #1666, 1.634999999999999600 ) ;
#2093 = CARTESIAN_POINT ( 'NONE',  ( -2.233353816011193400, 0.3435720164017405700, -0.05400171208995426000 ) ) ;
#2094 = B_SPLINE_CURVE_WITH_KNOTS ( 'NONE', 3,
 ( #1691, #1769, #480, #733, #963, #1587, #2160, #2186, #2213, #2007 ),
 .UNSPECIFIED., .F., .F.,
 ( 4, 2, 2, 2, 4 ),
 ( 0.0000000000000000000, 0.0003676664936476061900, 0.0007353329872952123800, 0.001102999480942818500, 0.001470665974590424800 ),
 .UNSPECIFIED. ) ;
#2095 = DIRECTION ( 'NONE',  ( -2.449293598294706400E-016, 1.000000000000000000, 0.0000000000000000000 ) ) ;
#2096 = DIRECTION ( 'NONE',  ( -0.0000000000000000000, -1.000000000000000000, -0.0000000000000000000 ) ) ;
#2097 = CARTESIAN_POINT ( 'NONE',  ( 1.624178261115572400, 0.3304696969696966400, -0.05167181165389094600 ) ) ;
#2098 = DIRECTION ( 'NONE',  ( -3.586907429118613400E-017, 1.000000000000000000, -8.659560562354948900E-017 ) ) ;
#2099 = EDGE_LOOP ( 'NONE', ( #1855, #1868, #1402, #33 ) ) ;
#2100 = CARTESIAN_POINT ( 'NONE',  ( 1.623935861580640500, 0.3335000000000000700, -0.05879895808891041900 ) ) ;
#2101 = CARTESIAN_POINT ( 'NONE',  ( 2.234000000000004400, 0.3084999999998718200, 0.009651240090121282100 ) ) ;
#2102 = ORIENTED_EDGE ( 'NONE', *, *, #1525, .F. ) ;
#2103 = CARTESIAN_POINT ( 'NONE',  ( 2.223709519749133000, 0.3266267088913351000, 0.03191318519049731600 ) ) ;
#2104 = VERTEX_POINT ( 'NONE', #1197 ) ;
#2105 = DIRECTION ( 'NONE',  ( -3.586907429118493800E-017, 1.000000000000000000, 8.659560562354828100E-017 ) ) ;
#2106 = CIRCLE ( 'NONE', #1482, 0.1660000000000002300 ) ;
#2107 = CARTESIAN_POINT ( 'NONE',  ( 2.223551099678255500, 0.3314135959844194400, 0.03896214813885507500 ) ) ;
#2108 = VECTOR ( 'NONE', #592, 39.37007874015748100 ) ;
#2109 = LINE ( 'NONE', #722, #2089 ) ;
#2110 = VERTEX_POINT ( 'NONE', #1218 ) ;
#2111 = CARTESIAN_POINT ( 'NONE',  ( 1.624401088719375600, 0.3372840112771401900, -0.04466776556977128400 ) ) ;
#2112 = DIRECTION ( 'NONE',  ( -2.449293598294705900E-016, 1.000000000000000000, -0.0000000000000000000 ) ) ;
#2113 = LINE ( 'NONE', #797, #2108 ) ;
#2114 = CARTESIAN_POINT ( 'NONE',  ( 0.6941787065441557000, -0.3435000000000004700, -1.509895648049509200 ) ) ;
#2115 = DIRECTION ( 'NONE',  ( 0.0000000000000000000, 0.0000000000000000000, -1.000000000000000000 ) ) ;
#2116 = CIRCLE ( 'NONE', #70, 2.224000000000000200 ) ;
#2117 = ORIENTED_EDGE ( 'NONE', *, *, #1826, .F. ) ;
#2118 = CIRCLE ( 'NONE', #1594, 0.1660000000000001200 ) ;
#2119 = CIRCLE ( 'NONE', #86, 0.1660000000000002300 ) ;
#2120 = ORIENTED_EDGE ( 'NONE', *, *, #1435, .F. ) ;
#2121 = ORIENTED_EDGE ( 'NONE', *, *, #1185, .T. ) ;
#2122 = DIRECTION ( 'NONE',  ( -0.0000000000000000000, -1.000000000000000000, -0.0000000000000000000 ) ) ;
#2123 = CARTESIAN_POINT ( 'NONE',  ( 0.0000000000000000000, 0.2975000000000002600, 0.0000000000000000000 ) ) ;
#2124 = CARTESIAN_POINT ( 'NONE',  ( 0.0000000000000000000, -0.05649999999999980700, 1.474999999999999900 ) ) ;
#2125 = ORIENTED_EDGE ( 'NONE', *, *, #1754, .T. ) ;
#2126 = CIRCLE ( 'NONE', #1600, 0.1660000000000002300 ) ;
#2127 = CIRCLE ( 'NONE', #268, 0.1660000000000002300 ) ;
#2128 = CARTESIAN_POINT ( 'NONE',  ( 2.223212990246324200, 0.3434999999999996400, -0.05916079783099604400 ) ) ;
#2129 = CIRCLE ( 'NONE', #279, 1.634999999999999600 ) ;
#2130 = VECTOR ( 'NONE', #374, 39.37007874015748100 ) ;
#2131 =( BOUNDED_SURFACE ( )  B_SPLINE_SURFACE ( 3, 2, ( 
 ( #1411, #1436, #1440 ),
 ( #1442, #1444, #1445 ),
 ( #1449, #1458, #1463 ),
 ( #1464, #1468, #1473 ) ),
 .UNSPECIFIED., .F., .F., .T. ) 
 B_SPLINE_SURFACE_WITH_KNOTS ( ( 4, 4 ),
 ( 3, 3 ),
 ( -1.517883041479706200E-018, 0.0002019379433596010600 ),
 ( 0.0000000000000000000, 1.000000000000000000 ),
 .UNSPECIFIED. ) 
 GEOMETRIC_REPRESENTATION_ITEM ( )  RATIONAL_B_SPLINE_SURFACE ( (
 ( 1.000000000000000000, 0.7071067811865474600, 1.000000000000000000),
 ( 1.000000000000000000, 0.7045848184154107600, 1.000000000000000000),
 ( 1.000000000000000000, 0.7024879466967320900, 1.000000000000000000),
 ( 1.000000000000000000, 0.7011549583561628200, 1.000000000000000000) ) ) 
 REPRESENTATION_ITEM ( '' )  SURFACE ( )  );
#2132 = CARTESIAN_POINT ( 'NONE',  ( 0.0000000000000000000, 0.2675000000000002900, 1.399999999999999900 ) ) ;
#2133 = CIRCLE ( 'NONE', #283, 0.01000000000000001100 ) ;
#2134 = CIRCLE ( 'NONE', #282, 0.009999999999999993300 ) ;
#2135 = CARTESIAN_POINT ( 'NONE',  ( -2.233389509216119800, 0.3304696969696969100, 0.05222355908380919800 ) ) ;
#2136 = ORIENTED_EDGE ( 'NONE', *, *, #1504, .F. ) ;
#2137 = CARTESIAN_POINT ( 'NONE',  ( -0.5281787065441434500, -0.3435000000000009200, 1.675895648049514000 ) ) ;
#2138 = ORIENTED_EDGE ( 'NONE', *, *, #1804, .F. ) ;
#2139 = CARTESIAN_POINT ( 'NONE',  ( 2.223392241941204400, 0.3374393939393938700, 0.04481878623560323100 ) ) ;
#2140 = CARTESIAN_POINT ( 'NONE',  ( -1.841895648049511700, 0.3435000000000001900, 0.6941787065441498200 ) ) ;
#2141 = ORIENTED_EDGE ( 'NONE', *, *, #1880, .T. ) ;
#2142 = CARTESIAN_POINT ( 'NONE',  ( -2.339075386371440400E-017, 0.3334999999999998500, 0.0000000000000000000 ) ) ;
#2143 = CARTESIAN_POINT ( 'NONE',  ( -1.509895648049511400, -0.3435000000000009200, 0.6941787065441498200 ) ) ;
#2144 = B_SPLINE_CURVE_WITH_KNOTS ( 'NONE', 3,
 ( #492, #819, #680, #689 ),
 .UNSPECIFIED., .F., .F.,
 ( 4, 4 ),
 ( 0.0000000000000000000, 0.0002026783575465402000 ),
 .UNSPECIFIED. ) ;
#2145 = ORIENTED_EDGE ( 'NONE', *, *, #1376, .F. ) ;
#2146 = ORIENTED_EDGE ( 'NONE', *, *, #1368, .T. ) ;
#2147 = CARTESIAN_POINT ( 'NONE',  ( 1.634173204260898700, 0.3374393939393936500, -0.04481878623560302300 ) ) ;
#2148 = CIRCLE ( 'NONE', #288, 0.1660000000000001500 ) ;
#2149 = VERTEX_POINT ( 'NONE', #1176 ) ;
#2150 = DIRECTION ( 'NONE',  ( -3.586907429118493800E-017, 1.000000000000000000, 8.659560562354828100E-017 ) ) ;
#2151 = CIRCLE ( 'NONE', #287, 2.224000000000000200 ) ;
#2152 = VECTOR ( 'NONE', #1501, 39.37007874015748100 ) ;
#2153 = ORIENTED_EDGE ( 'NONE', *, *, #1418, .T. ) ;
#2154 = CARTESIAN_POINT ( 'NONE',  ( 1.624391595973153000, 0.3235278927023638200, -0.04496614705784705800 ) ) ;
#2155 = DIRECTION ( 'NONE',  ( -0.0000000000000000000, 1.000000000000000000, -0.0000000000000000000 ) ) ;
#2156 = DIRECTION ( 'NONE',  ( 0.0000000000000000000, 0.0000000000000000000, 1.000000000000000000 ) ) ;
#2157 = CIRCLE ( 'NONE', #304, 0.1660000000000002300 ) ;
#2158 = VERTEX_POINT ( 'NONE', #1179 ) ;
#2159 = ORIENTED_EDGE ( 'NONE', *, *, #1406, .F. ) ;
#2160 = CARTESIAN_POINT ( 'NONE',  ( 2.233922251746593100, 0.3109079197069272700, -0.01923374421523547200 ) ) ;
#2161 = CARTESIAN_POINT ( 'NONE',  ( 1.624558383660319500, 0.3312996743055106600, -0.03881095596534987800 ) ) ;
#2162 = CARTESIAN_POINT ( 'NONE',  ( -0.5281787065441554400, -0.3435000000000008600, -1.675895648049509100 ) ) ;
#2163 = CIRCLE ( 'NONE', #303, 0.1660000000000002300 ) ;
#2164 = CARTESIAN_POINT ( 'NONE',  ( -2.234000000000000400, 0.3374393939393938700, 0.04481878623560323100 ) ) ;
#2165 = CARTESIAN_POINT ( 'NONE',  ( 1.675895648049516400, -0.3435000000000003100, 0.5281787065441376800 ) ) ;
#2166 = DIRECTION ( 'NONE',  ( 8.659560562355011700E-017, 0.7071067811865410200, -0.7071067811865539000 ) ) ;
#2167 = ORIENTED_EDGE ( 'NONE', *, *, #1174, .T. ) ;
#2168 = CARTESIAN_POINT ( 'NONE',  ( -1.224646799147356900E-018, 0.3434999999999999200, 0.0000000000000000000 ) ) ;
#2169 = CARTESIAN_POINT ( 'NONE',  ( 1.634387849138178900, 0.3314551595960638600, -0.03900254495156164900 ) ) ;
#2170 = ORIENTED_EDGE ( 'NONE', *, *, #1393, .F. ) ;
#2171 = VECTOR ( 'NONE', #586, 39.37007874015748100 ) ;
#2172 = LINE ( 'NONE', #568, #2171 ) ;
#2173 = ORIENTED_EDGE ( 'NONE', *, *, #1384, .T. ) ;
#2174 = LINE ( 'NONE', #51, #2152 ) ;
#2175 = VECTOR ( 'NONE', #333, 39.37007874015748100 ) ;
#2176 = DIRECTION ( 'NONE',  ( -0.0000000000000000000, 1.000000000000000000, -0.0000000000000000000 ) ) ;
#2177 = CIRCLE ( 'NONE', #307, 1.499000000000000300 ) ;
#2178 = ORIENTED_EDGE ( 'NONE', *, *, #1426, .T. ) ;
#2179 = CARTESIAN_POINT ( 'NONE',  ( 0.6941787065441674700, 0.3435000000000005300, 1.675895648049504200 ) ) ;
#2180 = CARTESIAN_POINT ( 'NONE',  ( 0.6941787065441674700, 0.3435000000000005300, 1.841895648049504100 ) ) ;
#2181 = CIRCLE ( 'NONE', #317, 2.234000000000000400 ) ;
#2182 = ORIENTED_EDGE ( 'NONE', *, *, #1419, .T. ) ;
#2183 = DIRECTION ( 'NONE',  ( -1.224646799147357600E-016, 1.000000000000000000, -1.224646799147353000E-016 ) ) ;
#2184 = CIRCLE ( 'NONE', #332, 0.1660000000000002300 ) ;
#2185 = CARTESIAN_POINT ( 'NONE',  ( 2.223392241941204400, 0.3374393939393938700, 0.04481878623560323100 ) ) ;
#2186 = CARTESIAN_POINT ( 'NONE',  ( 2.233983844902760900, 0.3089886536902737800, -0.009733677546773877500 ) ) ;
#2187 = CARTESIAN_POINT ( 'NONE',  ( -2.223212990246324200, 0.3434999999999999200, 0.05916079783099623100 ) ) ;
#2188 = ORIENTED_EDGE ( 'NONE', *, *, #1836, .F. ) ;
#2189 = CARTESIAN_POINT ( 'NONE',  ( 1.624607259454516500, 0.3179273513979255500, -0.03679353627752009900 ) ) ;
#2190 = ORIENTED_EDGE ( 'NONE', *, *, #1973, .F. ) ;
#2191 = CARTESIAN_POINT ( 'NONE',  ( -2.233983844902760900, 0.3089886536902742300, 0.009733677546777043400 ) ) ;
#2192 = ORIENTED_EDGE ( 'NONE', *, *, #1517, .F. ) ;
#2193 = DIRECTION ( 'NONE',  ( 0.0000000000000000000, 0.0000000000000000000, 1.000000000000000000 ) ) ;
#2194 = CARTESIAN_POINT ( 'NONE',  ( 1.624715462362740400, 0.3265242944283511800, -0.03172376009539584100 ) ) ;
#2195 = ORIENTED_EDGE ( 'NONE', *, *, #1483, .F. ) ;
#2196 = CIRCLE ( 'NONE', #340, 2.234000000000000400 ) ;
#2197 = ORIENTED_EDGE ( 'NONE', *, *, #1504, .T. ) ;
#2198 = CARTESIAN_POINT ( 'NONE',  ( 0.0000000000000000000, 0.2235000000000002800, 1.399999999999999900 ) ) ;
#2199 = CARTESIAN_POINT ( 'NONE',  ( 2.223348440454259800, 0.3412940269187361700, 0.04856520961794748300 ) ) ;
#2200 = CIRCLE ( 'NONE', #326, 0.009999999999999873600 ) ;
#2201 = LINE ( 'NONE', #320, #2175 ) ;
#2202 = ORIENTED_EDGE ( 'NONE', *, *, #1517, .T. ) ;
#2203 = DIRECTION ( 'NONE',  ( -1.224646799147357600E-016, 1.000000000000000000, -1.224646799147353000E-016 ) ) ;
#2204 = CIRCLE ( 'NONE', #342, 0.1660000000000002300 ) ;
#2205 = VERTEX_POINT ( 'NONE', #1183 ) ;
#2206 = CARTESIAN_POINT ( 'NONE',  ( -2.223284506213734100, 0.3434999999999999200, 0.05378577810215678900 ) ) ;
#2207 = CARTESIAN_POINT ( 'NONE',  ( -1.509895648049511400, -0.3435000000000009200, 0.6941787065441498200 ) ) ;
#2208 = DIRECTION ( 'NONE',  ( 0.0000000000000000000, 0.0000000000000000000, 1.000000000000000000 ) ) ;
#2209 = CIRCLE ( 'NONE', #352, 1.474999999999999900 ) ;
#2210 = ORIENTED_EDGE ( 'NONE', *, *, #1525, .T. ) ;
#2211 = CARTESIAN_POINT ( 'NONE',  ( 0.0000000000000000000, -4.798272721475250100, 0.0000000000000000000 ) ) ;
#2212 = ORIENTED_EDGE ( 'NONE', *, *, #1746, .T. ) ;
#2213 = CARTESIAN_POINT ( 'NONE',  ( 2.233999999999997800, 0.3085000000000639500, -0.004829796397250650700 ) ) ;
#2214 = DIRECTION ( 'NONE',  ( 0.0000000000000000000, -0.6969696969696995700, -0.7171005797696479200 ) ) ;
#2215 = DIRECTION ( 'NONE',  ( 0.7071067811865492400, 0.0000000000000000000, 0.7071067811865459100 ) ) ;
#2216 = CARTESIAN_POINT ( 'NONE',  ( 1.714505518806294400E-016, 0.2675000000000002900, -1.399999999999999900 ) ) ;
#2217 = DIRECTION ( 'NONE',  ( -0.0000000000000000000, 1.000000000000000000, -0.0000000000000000000 ) ) ;
#2218 = DIRECTION ( 'NONE',  ( 0.0000000000000000000, 0.0000000000000000000, 1.000000000000000000 ) ) ;
#2219 = DIRECTION ( 'NONE',  ( -1.000000000000000000, -1.253141281497368800E-016, 8.881784197001252300E-016 ) ) ;
#2220 = ORIENTED_EDGE ( 'NONE', *, *, #1621, .F. ) ;
#2221 = CARTESIAN_POINT ( 'NONE',  ( -1.624391428597801400, 0.3238886936366160400, -0.04464316048329879800 ) ) ;
#2222 = VERTEX_POINT ( 'NONE', #1173 ) ;
#2223 = ORIENTED_EDGE ( 'NONE', *, *, #1661, .F. ) ;
#2224 = DIRECTION ( 'NONE',  ( -0.0000000000000000000, 1.000000000000000000, -0.0000000000000000000 ) ) ;
#2225 = ORIENTED_EDGE ( 'NONE', *, *, #1534, .T. ) ;
#2226 = CARTESIAN_POINT ( 'NONE',  ( -1.675895648049511500, 0.3435000000000002500, 0.6941787065441498200 ) ) ;
#2227 = CIRCLE ( 'NONE', #348, 0.1660000000000002300 ) ;
#2228 = CIRCLE ( 'NONE', #361, 1.624999999999999800 ) ;
#2229 = ORIENTED_EDGE ( 'NONE', *, *, #1538, .T. ) ;
#2230 = VECTOR ( 'NONE', #1460, 39.37007874015748100 ) ;
#2231 = CIRCLE ( 'NONE', #364, 1.474999999999999900 ) ;
#2232 = CIRCLE ( 'NONE', #373, 0.01000000000000001100 ) ;
#2233 = VECTOR ( 'NONE', #2183, 39.37007874015748100 ) ;
#2234 = CIRCLE ( 'NONE', #375, 0.01000000000000009400 ) ;
#2235 = CARTESIAN_POINT ( 'NONE',  ( 0.0000000000000000000, -4.798272721475250100, 0.0000000000000000000 ) ) ;
#2236 = CARTESIAN_POINT ( 'NONE',  ( -0.5281787065441554400, 0.3435000000000003600, -1.675895648049509100 ) ) ;
#2237 = ORIENTED_EDGE ( 'NONE', *, *, #1506, .F. ) ;
#2238 = ORIENTED_EDGE ( 'NONE', *, *, #1499, .T. ) ;
#2239 = CARTESIAN_POINT ( 'NONE',  ( -1.509895648049511400, -0.3435000000000010800, -0.6941787065441497000 ) ) ;
#2240 = DIRECTION ( 'NONE',  ( -1.000000000000000000, 0.0000000000000000000, 0.0000000000000000000 ) ) ;
#2241 = DIRECTION ( 'NONE',  ( -0.7071067811865388000, 0.0000000000000000000, 0.7071067811865561200 ) ) ;
#2242 = CARTESIAN_POINT ( 'NONE',  ( -0.6941787065441437100, -0.3435000000000009700, 1.675895648049514000 ) ) ;
#2243 = CARTESIAN_POINT ( 'NONE',  ( -0.6941787065441557000, -0.3435000000000008600, -1.675895648049509100 ) ) ;
#2244 = CARTESIAN_POINT ( 'NONE',  ( 0.0000000000000000000, 0.3334999999999998500, 0.0000000000000000000 ) ) ;
#2245 = ORIENTED_EDGE ( 'NONE', *, *, #1796, .F. ) ;
#2246 = DIRECTION ( 'NONE',  ( -1.224646799147357600E-016, 1.000000000000000000, -1.224646799147353000E-016 ) ) ;
#2247 = DIRECTION ( 'NONE',  ( 1.000000000000000000, -0.0000000000000000000, -0.0000000000000000000 ) ) ;
#2248 = CARTESIAN_POINT ( 'NONE',  ( -2.223392241941204400, 0.3374393939393938700, 0.04481878623560323100 ) ) ;
#2249 = VECTOR ( 'NONE', #409, 39.37007874015748100 ) ;
#2250 = ORIENTED_EDGE ( 'NONE', *, *, #1806, .T. ) ;
#2251 = DIRECTION ( 'NONE',  ( -1.000000000000000000, -4.114228906120875900E-016, 0.0000000000000000000 ) ) ;
#2252 = LINE ( 'NONE', #507, #2249 ) ;
#2253 = CIRCLE ( 'NONE', #380, 0.009999999999999993300 ) ;
#2254 = DIRECTION ( 'NONE',  ( 0.0000000000000000000, -0.6969696969696995700, -0.7171005797696479200 ) ) ;
#2255 = LINE ( 'NONE', #382, #2233 ) ;
#2256 = VECTOR ( 'NONE', #541, 39.37007874015748100 ) ;
#2257 = CARTESIAN_POINT ( 'NONE',  ( 0.0000000000000000000, 0.2235000000000002800, 0.0000000000000000000 ) ) ;
#2258 = CARTESIAN_POINT ( 'NONE',  ( -2.233209451533402700, 0.3334999999999995700, -0.05942680861261021700 ) ) ;
#2259 = DIRECTION ( 'NONE',  ( -0.9996461287078792800, 0.0000000000000000000, 0.02660107816141936400 ) ) ;
#2260 = ORIENTED_EDGE ( 'NONE', *, *, #1621, .T. ) ;
#2261 = ORIENTED_EDGE ( 'NONE', *, *, #1838, .F. ) ;
#2262 = DIRECTION ( 'NONE',  ( -2.090602855382850900E-016, 1.000000000000000000, -8.659560562354887300E-017 ) ) ;
#2263 = ORIENTED_EDGE ( 'NONE', *, *, #1846, .F. ) ;
#2264 = CARTESIAN_POINT ( 'NONE',  ( 1.634604842611121000, 0.3266270270472719800, -0.03191375693907786600 ) ) ;
#2265 = DIRECTION ( 'NONE',  ( -1.224646799147353200E-016, 1.000000000000000000, -0.0000000000000000000 ) ) ;
#2266 = DIRECTION ( 'NONE',  ( 0.0000000000000000000, 0.0000000000000000000, -1.000000000000000000 ) ) ;
#2267 = CARTESIAN_POINT ( 'NONE',  ( -1.675895648049511500, -0.3435000000000011400, -0.6941787065441497000 ) ) ;
#2268 = CARTESIAN_POINT ( 'NONE',  ( 1.675895648049511500, -0.3435000000000000300, -0.5281787065441495600 ) ) ;
#2269 = CIRCLE ( 'NONE', #389, 0.009999999999999993300 ) ;
#2270 = VECTOR ( 'NONE', #563, 39.37007874015748100 ) ;
#2271 = LINE ( 'NONE', #520, #2270 ) ;
#2272 = ORIENTED_EDGE ( 'NONE', *, *, #1561, .T. ) ;
#2273 = CARTESIAN_POINT ( 'NONE',  ( 2.234000000000000400, 0.3084999999999998900, -9.710139169608089000E-013 ) ) ;
#2274 = LINE ( 'NONE', #534, #2230 ) ;
#2275 = CIRCLE ( 'NONE', #390, 1.624999999999999800 ) ;
#2276 = LINE ( 'NONE', #565, #2256 ) ;
#2277 = ORIENTED_EDGE ( 'NONE', *, *, #1565, .T. ) ;
#2278 =( BOUNDED_SURFACE ( )  B_SPLINE_SURFACE ( 3, 2, ( 
 ( #1112, #1097, #1118 ),
 ( #1123, #1124, #1130 ),
 ( #1131, #1133, #1134 ),
 ( #1135, #1136, #1139 ) ),
 .UNSPECIFIED., .F., .F., .T. ) 
 B_SPLINE_SURFACE_WITH_KNOTS ( ( 4, 4 ),
 ( 3, 3 ),
 ( 6.505213034913026600E-019, 0.0002019824067458737600 ),
 ( 0.0000000000000000000, 1.000000000000000000 ),
 .UNSPECIFIED. ) 
 GEOMETRIC_REPRESENTATION_ITEM ( )  RATIONAL_B_SPLINE_SURFACE ( (
 ( 1.000000000000000000, 0.7071067811865475700, 1.000000000000000000),
 ( 1.000000000000000000, 0.7105370592929588500, 1.000000000000000000),
 ( 1.000000000000000000, 0.7133452760163961900, 1.000000000000000000),
 ( 1.000000000000000000, 0.7151232031765315500, 1.000000000000000000) ) ) 
 REPRESENTATION_ITEM ( '' )  SURFACE ( )  );
#2279 = DIRECTION ( 'NONE',  ( 1.000000000000000000, -0.0000000000000000000, -0.0000000000000000000 ) ) ;
#2280 = DIRECTION ( 'NONE',  ( 0.0000000000000000000, 0.0000000000000000000, -1.000000000000000000 ) ) ;
ENDSEC;
END-ISO-10303-21;
