ISO-10303-21;
HEADER;
FILE_DESCRIPTION (( 'STEP AP203' ),
    '1' );
FILE_NAME ('P103828.step',
    '2017-01-09T17:21:40',
    ( 'Rick' ),
    ( 'Microsoft' ),
    'SwSTEP 2.0',
    'SolidWorks 2015',
    '' );
FILE_SCHEMA (( 'CONFIG_CONTROL_DESIGN' ));
ENDSEC;

DATA;
#1 = DIRECTION ( 'NONE',  ( 1.120535769457212900E-016, -1.000000000000000000, 0.0000000000000000000 ) ) ;
#2 = CARTESIAN_POINT ( 'NONE',  ( 24.61757988836432900, -71.49200000000000400, 1.502684264907322900 ) ) ;
#3 = CARTESIAN_POINT ( 'NONE',  ( 25.43408357739416900, -72.00000000000000000, 14.68437500000012000 ) ) ;
#4 = AXIS2_PLACEMENT_3D ( 'NONE', #814, #1955, #2290 ) ;
#5 = EDGE_CURVE ( 'NONE', #2377, #1240, #200, .T. ) ;
#6 = B_SPLINE_CURVE_WITH_KNOTS ( 'NONE', 3,
 ( #845, #2882, #1529, #72, #2533, #981, #1858, #1643, #741, #759, #2443, #1661, #2676, #2386 ),
 .UNSPECIFIED., .F., .F.,
 ( 4, 2, 2, 2, 2, 2, 4 ),
 ( 0.0000000000000000000, 0.0006356068479654820500, 0.001271213695930964100, 0.001589017119913705100, 0.001906820543896446200, 0.002224623967879187200, 0.002542427391861928200 ),
 .UNSPECIFIED. ) ;
#7 = CARTESIAN_POINT ( 'NONE',  ( 24.15539999999990400, -70.85700000000115000, -0.1367826048996920700 ) ) ;
#8 = EDGE_CURVE ( 'NONE', #1143, #318, #1968, .T. ) ;
#9 = CARTESIAN_POINT ( 'NONE',  ( 0.0000000000000000000, 0.0000000000000000000, 0.0000000000000000000 ) ) ;
#10 = CARTESIAN_POINT ( 'NONE',  ( 8.619161138664877600E-016, -11.49199999999999600, 0.0000000000000000000 ) ) ;
#11 = CARTESIAN_POINT ( 'NONE',  ( 2.332952152375706900E-015, -57.03940000000000100, -19.04999999999999400 ) ) ;
#12 =( NAMED_UNIT ( * ) PLANE_ANGLE_UNIT ( ) SI_UNIT ( $, .RADIAN. ) );
#13 = ORIENTED_EDGE ( 'NONE', *, *, #53, .F. ) ;
#14 = CARTESIAN_POINT ( 'NONE',  ( -24.13175018629452100, -71.83123882426814100, -1.123991474648101500 ) ) ;
#15 = DIRECTION ( 'NONE',  ( -1.255360391952542600E-016, 1.000000000000000000, -0.0000000000000000000 ) ) ;
#16 = EDGE_LOOP ( 'NONE', ( #1784, #828 ) ) ;
#17 = ORIENTED_EDGE ( 'NONE', *, *, #370, .F. ) ;
#18 = DIRECTION ( 'NONE',  ( -1.000000000000000000, -1.870988165364011900E-016, 0.0000000000000000000 ) ) ;
#19 = ORIENTED_EDGE ( 'NONE', *, *, #411, .F. ) ;
#20 = AXIS2_PLACEMENT_3D ( 'NONE', #2556, #2562, #2534 ) ;
#21 = DIRECTION ( 'NONE',  ( -0.0000000000000000000, 1.000000000000000000, -0.0000000000000000000 ) ) ;
#22 = DIRECTION ( 'NONE',  ( -2.406071707233087900E-018, 1.000000000000000000, -0.0000000000000000000 ) ) ;
#23 = DIRECTION ( 'NONE',  ( 0.0000000000000000000, 0.0000000000000000000, -1.000000000000000000 ) ) ;
#24 = CARTESIAN_POINT ( 'NONE',  ( 2.021891865392279100E-015, -66.69140000000000200, -16.50999999999999400 ) ) ;
#25 = FACE_OUTER_BOUND ( 'NONE', #716, .T. ) ;
#26 = ORIENTED_EDGE ( 'NONE', *, *, #1715, .T. ) ;
#27 = ORIENTED_EDGE ( 'NONE', *, *, #510, .T. ) ;
#28 = ORIENTED_EDGE ( 'NONE', *, *, #826, .F. ) ;
#29 = CARTESIAN_POINT ( 'NONE',  ( 3.888253587292846500E-015, -12.00000000000000000, -31.75000000000000000 ) ) ;
#30 = VERTEX_POINT ( 'NONE', #2433 ) ;
#31 = EDGE_CURVE ( 'NONE', #2795, #454, #1370, .T. ) ;
#32 = ADVANCED_FACE ( 'NONE', ( #2561 ), #2112, .T. ) ;
#33 = PLANE ( 'NONE',  #2239 ) ;
#34 = EDGE_LOOP ( 'NONE', ( #1382, #1412, #1340, #1528 ) ) ;
#35 = DIRECTION ( 'NONE',  ( 0.0000000000000000000, -0.6969696969696752600, -0.7171005797696714500 ) ) ;
#36 = DIRECTION ( 'NONE',  ( -1.000000000000000000, -1.120535769457212900E-016, 0.0000000000000000000 ) ) ;
#37 = DIRECTION ( 'NONE',  ( -1.000000000000000000, 0.0000000000000000000, 0.0000000000000000000 ) ) ;
#38 = FACE_OUTER_BOUND ( 'NONE', #979, .T. ) ;
#39 = DIRECTION ( 'NONE',  ( -1.000000000000000000, -1.120535769457212900E-016, 0.0000000000000000000 ) ) ;
#40 = ORIENTED_EDGE ( 'NONE', *, *, #1702, .T. ) ;
#41 = FACE_OUTER_BOUND ( 'NONE', #2554, .T. ) ;
#42 = CARTESIAN_POINT ( 'NONE',  ( 8.019869744961274000E-015, -59.29999999999999000, 0.0000000000000000000 ) ) ;
#43 = VECTOR ( 'NONE', #474, 1000.000000000000200 ) ;
#44 = AXIS2_PLACEMENT_3D ( 'NONE', #1850, #1202, #1160 ) ;
#45 = DIRECTION ( 'NONE',  ( 0.04250535064178727300, -0.7164524923699994200, 0.6963398030729212000 ) ) ;
#46 = LINE ( 'NONE', #2125, #2891 ) ;
#47 =( BOUNDED_SURFACE ( )  B_SPLINE_SURFACE ( 3, 2, ( 
 ( #2346, #1162, #900 ),
 ( #1967, #1593, #791 ),
 ( #2836, #1605, #2870 ),
 ( #2868, #2864, #2573 ),
 ( #534, #2099, #506 ),
 ( #1171, #1088, #2415 ),
 ( #1847, #2796, #677 ),
 ( #949, #87, #1018 ),
 ( #1851, #2593, #1925 ),
 ( #481, #1641, #470 ),
 ( #2782, #542, #1107 ),
 ( #487, #492, #281 ) ),
 .UNSPECIFIED., .F., .F., .T. ) 
 B_SPLINE_SURFACE_WITH_KNOTS ( ( 4, 2, 2, 2, 2, 4 ),
 ( 3, 3 ),
 ( 0.0000000000000000000, 0.0008334912669967266000, 0.001250236900495090000, 0.001666982533993453200, 0.002500473800990180000, 0.003333965067986906400 ),
 ( 0.0000000000000000000, 1.000000000000000000 ),
 .UNSPECIFIED. ) 
 GEOMETRIC_REPRESENTATION_ITEM ( )  RATIONAL_B_SPLINE_SURFACE ( (
 ( 1.000000000000000000, 0.6958655805268649800, 1.000000000000000000),
 ( 1.000000000000000000, 0.6988058424188816600, 1.000000000000000000),
 ( 1.000000000000000000, 0.7017301152503865300, 1.000000000000000000),
 ( 1.000000000000000000, 0.7048543130524992400, 1.000000000000000000),
 ( 1.000000000000000000, 0.7056799784908750500, 1.000000000000000000),
 ( 1.000000000000000000, 0.7068093368095923500, 1.000000000000000000),
 ( 1.000000000000000000, 0.7071057764398166500, 1.000000000000000000),
 ( 1.000000000000000000, 0.7071087827923889800, 1.000000000000000000),
 ( 1.000000000000000000, 0.7058943485268575100, 1.000000000000000000),
 ( 1.000000000000000000, 0.7017582728766519300, 1.000000000000000000),
 ( 1.000000000000000000, 0.6988176557870052800, 1.000000000000000000),
 ( 1.000000000000000000, 0.6958655805268655300, 1.000000000000000000) ) ) 
 REPRESENTATION_ITEM ( '' )  SURFACE ( )  );
#48 = DIRECTION ( 'NONE',  ( 0.0000000000000000000, 0.0000000000000000000, 1.000000000000000000 ) ) ;
#49 = CARTESIAN_POINT ( 'NONE',  ( 0.0000000000000000000, -14.52559363519444300, -21.58999999999999600 ) ) ;
#50 = AXIS2_PLACEMENT_3D ( 'NONE', #618, #1513, #1119 ) ;
#51 = ADVANCED_FACE ( 'NONE', ( #827 ), #345, .F. ) ;
#52 = DIRECTION ( 'NONE',  ( -1.120535769457212900E-016, 1.000000000000000000, -0.0000000000000000000 ) ) ;
#53 = EDGE_CURVE ( 'NONE', #2795, #1571, #1511, .T. ) ;
#54 = DIRECTION ( 'NONE',  ( 1.000000000000000000, 1.120535769457212900E-016, 0.0000000000000000000 ) ) ;
#55 = CARTESIAN_POINT ( 'NONE',  ( -24.61757988836432900, -71.49200000000000400, 1.502684264907341100 ) ) ;
#56 = DIRECTION ( 'NONE',  ( 1.120535769457212900E-016, -1.000000000000000000, 0.0000000000000000000 ) ) ;
#57 = DIRECTION ( 'NONE',  ( -1.000000000000000000, 0.0000000000000000000, 0.0000000000000000000 ) ) ;
#58 = EDGE_LOOP ( 'NONE', ( #1542, #1409 ) ) ;
#59 = ORIENTED_EDGE ( 'NONE', *, *, #774, .T. ) ;
#60 = ORIENTED_EDGE ( 'NONE', *, *, #2163, .T. ) ;
#61 = ORIENTED_EDGE ( 'NONE', *, *, #2628, .T. ) ;
#62 = ADVANCED_FACE ( 'NONE', ( #2822 ), #2878, .T. ) ;
#63 = DIRECTION ( 'NONE',  ( -1.255360391952542600E-016, 1.000000000000000000, 0.0000000000000000000 ) ) ;
#64 = FACE_OUTER_BOUND ( 'NONE', #833, .T. ) ;
#65 = CARTESIAN_POINT ( 'NONE',  ( 0.0000000000000000000, -3.799999999999999800, 0.0000000000000000000 ) ) ;
#66 = ORIENTED_EDGE ( 'NONE', *, *, #2753, .F. ) ;
#67 = AXIS2_PLACEMENT_3D ( 'NONE', #509, #1472, #540 ) ;
#68 = AXIS2_PLACEMENT_3D ( 'NONE', #2434, #2429, #2422 ) ;
#69 = EDGE_LOOP ( 'NONE', ( #2519, #1937, #60, #478 ) ) ;
#70 = CARTESIAN_POINT ( 'NONE',  ( 25.43408357739416900, -59.29999999999999000, 14.68437500000012000 ) ) ;
#71 = ORIENTED_EDGE ( 'NONE', *, *, #2028, .T. ) ;
#72 = CARTESIAN_POINT ( 'NONE',  ( 34.15939993483530700, -71.40794279353994500, -0.4228433890070434400 ) ) ;
#73 = EDGE_CURVE ( 'NONE', #2592, #1765, #1450, .T. ) ;
#74 = ORIENTED_EDGE ( 'NONE', *, *, #2164, .T. ) ;
#75 = LINE ( 'NONE', #1169, #43 ) ;
#76 = EDGE_LOOP ( 'NONE', ( #2075, #26, #482, #2629 ) ) ;
#77 = PLANE ( 'NONE',  #2263 ) ;
#78 = EDGE_CURVE ( 'NONE', #1724, #1263, #1297, .T. ) ;
#79 = CARTESIAN_POINT ( 'NONE',  ( -24.61757988836432900, -71.84606060606057600, -1.138397170384328700 ) ) ;
#80 = CIRCLE ( 'NONE', #4, 24.15540000000000000 ) ;
#81 = DIRECTION ( 'NONE',  ( -1.870988165364011900E-016, 1.000000000000000000, 0.0000000000000000000 ) ) ;
#82 = AXIS2_PLACEMENT_3D ( 'NONE', #2578, #1778, #2022 ) ;
#83 = PLANE ( 'NONE',  #956 ) ;
#84 = AXIS2_PLACEMENT_3D ( 'NONE', #1203, #1196, #1190 ) ;
#85 = EDGE_CURVE ( 'NONE', #1240, #132, #2698, .T. ) ;
#86 = ORIENTED_EDGE ( 'NONE', *, *, #2065, .T. ) ;
#87 = CARTESIAN_POINT ( 'NONE',  ( 34.67100314393383100, -71.36492386274274200, -0.2142496535475891300 ) ) ;
#88 = ORIENTED_EDGE ( 'NONE', *, *, #259, .T. ) ;
#89 = ORIENTED_EDGE ( 'NONE', *, *, #1907, .T. ) ;
#90 = CARTESIAN_POINT ( 'NONE',  ( -47.50000000000000000, -12.00000000000000000, 0.0000000000000000000 ) ) ;
#91 = VERTEX_POINT ( 'NONE', #1671 ) ;
#92 = CARTESIAN_POINT ( 'NONE',  ( 34.65435370974272200, -71.14227411780983300, -1.080681274231918100 ) ) ;
#93 = TOROIDAL_SURFACE ( 'NONE', #271, 24.66340000000000300, 0.5080000000000000100 ) ;
#94 = ORIENTED_EDGE ( 'NONE', *, *, #1781, .T. ) ;
#95 = CARTESIAN_POINT ( 'NONE',  ( -47.50000000000000000, -71.84606060606057600, -1.138397170384333900 ) ) ;
#96 = ORIENTED_EDGE ( 'NONE', *, *, #136, .T. ) ;
#97 = LINE ( 'NONE', #2657, #1413 ) ;
#98 = DIRECTION ( 'NONE',  ( 1.000000000000000000, -0.0000000000000000000, -0.0000000000000000000 ) ) ;
#99 = ORIENTED_EDGE ( 'NONE', *, *, #800, .T. ) ;
#100 = ORIENTED_EDGE ( 'NONE', *, *, #73, .F. ) ;
#101 = AXIS2_PLACEMENT_3D ( 'NONE', #10, #987, #105 ) ;
#102 = AXIS2_PLACEMENT_3D ( 'NONE', #1767, #1775, #1749 ) ;
#103 = ORIENTED_EDGE ( 'NONE', *, *, #2315, .T. ) ;
#104 = CIRCLE ( 'NONE', #50, 45.91250000000000100 ) ;
#105 = DIRECTION ( 'NONE',  ( 1.000000000000000000, 1.120535769457212900E-016, 0.0000000000000000000 ) ) ;
#106 = VERTEX_POINT ( 'NONE', #2653 ) ;
#107 = DIRECTION ( 'NONE',  ( 0.0000000000000000000, -1.000000000000000000, 0.0000000000000000000 ) ) ;
#108 = EDGE_CURVE ( 'NONE', #407, #379, #2483, .T. ) ;
#109 = CIRCLE ( 'NONE', #67, 16.50999999999999400 ) ;
#110 = ORIENTED_EDGE ( 'NONE', *, *, #1084, .F. ) ;
#111 = DIRECTION ( 'NONE',  ( -1.000000000000000000, -1.870988165364011900E-016, 0.0000000000000000000 ) ) ;
#112 = FACE_OUTER_BOUND ( 'NONE', #752, .T. ) ;
#113 = VECTOR ( 'NONE', #770, 1000.000000000000000 ) ;
#114 = DIRECTION ( 'NONE',  ( -1.870988165364011900E-016, 1.000000000000000000, -0.0000000000000000000 ) ) ;
#115 = ADVANCED_FACE ( 'NONE', ( #570, #1264 ), #1082, .T. ) ;
#116 = DIRECTION ( 'NONE',  ( 0.0000000000000000000, 0.0000000000000000000, 1.000000000000000000 ) ) ;
#117 = DIRECTION ( 'NONE',  ( -0.0000000000000000000, 1.000000000000000000, -0.0000000000000000000 ) ) ;
#118 = ORIENTED_EDGE ( 'NONE', *, *, #1102, .T. ) ;
#119 = EDGE_CURVE ( 'NONE', #420, #1571, #1908, .T. ) ;
#120 = ORIENTED_EDGE ( 'NONE', *, *, #2879, .T. ) ;
#121 = CARTESIAN_POINT ( 'NONE',  ( 0.0000000000000000000, -6.411999999999999900, 0.0000000000000000000 ) ) ;
#122 = VERTEX_POINT ( 'NONE', #449 ) ;
#123 = ORIENTED_EDGE ( 'NONE', *, *, #575, .T. ) ;
#124 = DIRECTION ( 'NONE',  ( -1.000000000000000000, -2.031113749936255000E-016, 0.0000000000000000000 ) ) ;
#125 = VERTEX_POINT ( 'NONE', #1395 ) ;
#126 = EDGE_CURVE ( 'NONE', #493, #246, #1614, .T. ) ;
#127 = CIRCLE ( 'NONE', #940, 3.365500000000000400 ) ;
#128 = VERTEX_POINT ( 'NONE', #848 ) ;
#129 = EDGE_LOOP ( 'NONE', ( #457, #1038, #160, #908 ) ) ;
#130 = CARTESIAN_POINT ( 'NONE',  ( -23.75133357739417800, -72.00000000000001400, 11.76976650356356700 ) ) ;
#131 = DIRECTION ( 'NONE',  ( -1.563174278658271100E-016, 1.000000000000000000, 5.331492910495790900E-017 ) ) ;
#132 = VERTEX_POINT ( 'NONE', #1566 ) ;
#133 = ORIENTED_EDGE ( 'NONE', *, *, #1772, .T. ) ;
#134 = DIRECTION ( 'NONE',  ( 0.0000000000000000000, 0.0000000000000000000, 1.000000000000000000 ) ) ;
#135 = LINE ( 'NONE', #1437, #113 ) ;
#136 = EDGE_CURVE ( 'NONE', #454, #420, #1729, .T. ) ;
#137 = ORIENTED_EDGE ( 'NONE', *, *, #1841, .F. ) ;
#138 = CARTESIAN_POINT ( 'NONE',  ( 0.0000000000000000000, -3.799999999999998000, 0.0000000000000000000 ) ) ;
#139 = CARTESIAN_POINT ( 'NONE',  ( 34.50000000000000000, -3.799999999999996300, 4.225031457058368900E-015 ) ) ;
#140 = CIRCLE ( 'NONE', #293, 16.50999999999999100 ) ;
#141 = DIRECTION ( 'NONE',  ( -0.0000000000000000000, 1.000000000000000000, -0.0000000000000000000 ) ) ;
#142 = EDGE_CURVE ( 'NONE', #1376, #2867, #902, .T. ) ;
#143 = CARTESIAN_POINT ( 'NONE',  ( 0.0000000000000000000, -17.14884259481828400, 0.0000000000000000000 ) ) ;
#144 = CIRCLE ( 'NONE', #44, 3.365500000000001300 ) ;
#145 = ADVANCED_FACE ( 'NONE', ( #489 ), #274, .F. ) ;
#146 = CARTESIAN_POINT ( 'NONE',  ( 0.0000000000000000000, 0.0000000000000000000, 31.75000000000000000 ) ) ;
#147 = CARTESIAN_POINT ( 'NONE',  ( -34.16211773207112400, -71.37579391567020100, -0.2128993665482330200 ) ) ;
#148 = DIRECTION ( 'NONE',  ( 1.000000000000000000, 1.120535769457212900E-016, 0.0000000000000000000 ) ) ;
#149 = CARTESIAN_POINT ( 'NONE',  ( 0.0000000000000000000, 0.0000000000000000000, 0.0000000000000000000 ) ) ;
#150 = AXIS2_PLACEMENT_3D ( 'NONE', #1885, #1897, #1874 ) ;
#151 = ORIENTED_EDGE ( 'NONE', *, *, #2104, .T. ) ;
#152 = DIRECTION ( 'NONE',  ( -1.563174278658271100E-016, 1.000000000000000000, 5.331492910495790900E-017 ) ) ;
#153 = EDGE_LOOP ( 'NONE', ( #488, #1194, #2624 ) ) ;
#154 = EDGE_LOOP ( 'NONE', ( #597, #629, #703, #709, #190, #1645 ) ) ;
#155 = DIRECTION ( 'NONE',  ( 0.0000000000000000000, 1.000000000000000000, 0.0000000000000000000 ) ) ;
#156 = CARTESIAN_POINT ( 'NONE',  ( -24.14635118031439700, -70.96795778950999500, 0.6730274048527142800 ) ) ;
#157 = EDGE_CURVE ( 'NONE', #266, #1959, #601, .T. ) ;
#158 = DIRECTION ( 'NONE',  ( -0.0000000000000000000, 1.000000000000000000, -0.0000000000000000000 ) ) ;
#159 = CYLINDRICAL_SURFACE ( 'NONE', #2622, 1.587500000000010300 ) ;
#160 = ORIENTED_EDGE ( 'NONE', *, *, #2309, .T. ) ;
#161 = ORIENTED_EDGE ( 'NONE', *, *, #1575, .F. ) ;
#162 = CIRCLE ( 'NONE', #172, 45.00000000000000000 ) ;
#163 = EDGE_CURVE ( 'NONE', #541, #2656, #2633, .T. ) ;
#164 = FACE_OUTER_BOUND ( 'NONE', #1256, .T. ) ;
#165 = DIRECTION ( 'NONE',  ( -1.563174278658278500E-016, 1.000000000000000000, -5.331492910495834000E-017 ) ) ;
#166 = ORIENTED_EDGE ( 'NONE', *, *, #2775, .F. ) ;
#167 = DIRECTION ( 'NONE',  ( -0.06092770116477350800, 0.0000000000000000000, 0.9981421818712883400 ) ) ;
#168 = CARTESIAN_POINT ( 'NONE',  ( -34.15018512276694200, -71.53143604948398600, -0.7154919275767461800 ) ) ;
#169 = DIRECTION ( 'NONE',  ( -1.120535769457212900E-016, 1.000000000000000000, -0.0000000000000000000 ) ) ;
#170 = ORIENTED_EDGE ( 'NONE', *, *, #1698, .F. ) ;
#171 = DIRECTION ( 'NONE',  ( -0.0000000000000000000, 1.000000000000000000, -0.0000000000000000000 ) ) ;
#172 = AXIS2_PLACEMENT_3D ( 'NONE', #2873, #2907, #2887 ) ;
#173 = CIRCLE ( 'NONE', #232, 30.09900000000000000 ) ;
#174 = VERTEX_POINT ( 'NONE', #2124 ) ;
#175 = LINE ( 'NONE', #1292, #212 ) ;
#176 = CARTESIAN_POINT ( 'NONE',  ( -22.06858357739414300, -72.00000000000001400, -14.68437500000012000 ) ) ;
#177 = TOROIDAL_SURFACE ( 'NONE', #101, 46.99199999999999700, 0.5080000000000000100 ) ;
#178 = DIRECTION ( 'NONE',  ( 0.0000000000000000000, 0.0000000000000000000, -1.000000000000000000 ) ) ;
#179 = CARTESIAN_POINT ( 'NONE',  ( -24.11052365997371500, -71.49199999999997600, -1.471732992715606200 ) ) ;
#180 = CARTESIAN_POINT ( 'NONE',  ( 0.0000000000000000000, -55.18535422277897600, 16.96544256218241700 ) ) ;
#181 = CARTESIAN_POINT ( 'NONE',  ( 27.11683357739427400, -72.00000000000000000, -17.59898349643646800 ) ) ;
#182 = DIRECTION ( 'NONE',  ( -1.000000000000000000, -1.156482317317871200E-016, 0.0000000000000000000 ) ) ;
#183 = DIRECTION ( 'NONE',  ( -0.9981421818712881100, 0.0000000000000000000, 0.06092770116477561800 ) ) ;
#184 = DIRECTION ( 'NONE',  ( -1.870988165364011900E-016, 1.000000000000000000, -0.0000000000000000000 ) ) ;
#185 = CARTESIAN_POINT ( 'NONE',  ( 24.12217663820422000, -71.29145150023201400, 1.280829201928624700 ) ) ;
#186 = ORIENTED_EDGE ( 'NONE', *, *, #944, .F. ) ;
#187 = ORIENTED_EDGE ( 'NONE', *, *, #735, .T. ) ;
#188 = EDGE_LOOP ( 'NONE', ( #1608, #1966, #1418, #2368 ) ) ;
#189 = EDGE_CURVE ( 'NONE', #1794, #1866, #275, .T. ) ;
#190 = ORIENTED_EDGE ( 'NONE', *, *, #690, .T. ) ;
#191 = DIRECTION ( 'NONE',  ( 1.000000000000000000, 0.0000000000000000000, 0.0000000000000000000 ) ) ;
#192 = ORIENTED_EDGE ( 'NONE', *, *, #1745, .T. ) ;
#193 = CARTESIAN_POINT ( 'NONE',  ( 24.11634919171007900, -71.39174222084641000, 1.376296781489415100 ) ) ;
#194 = DIRECTION ( 'NONE',  ( -0.06092770116477562400, -2.130291185106857900E-015, -0.9981421818712883400 ) ) ;
#195 = DIRECTION ( 'NONE',  ( -1.870988165364011900E-016, 1.000000000000000000, -0.0000000000000000000 ) ) ;
#196 = EDGE_CURVE ( 'NONE', #607, #1782, #1225, .T. ) ;
#197 = DIRECTION ( 'NONE',  ( 1.870988165364011900E-016, -1.000000000000000000, 0.0000000000000000000 ) ) ;
#198 = ORIENTED_EDGE ( 'NONE', *, *, #323, .F. ) ;
#199 = ADVANCED_FACE ( 'NONE', ( #756 ), #2411, .T. ) ;
#200 = CIRCLE ( 'NONE', #1922, 19.50544256218242000 ) ;
#201 = ORIENTED_EDGE ( 'NONE', *, *, #1953, .T. ) ;
#202 = DIRECTION ( 'NONE',  ( -2.406071707233087900E-018, 1.000000000000000000, -0.0000000000000000000 ) ) ;
#203 = EDGE_LOOP ( 'NONE', ( #1738, #1668, #1523, #1628 ) ) ;
#204 = ORIENTED_EDGE ( 'NONE', *, *, #793, .F. ) ;
#205 = DIRECTION ( 'NONE',  ( -1.120535769457212900E-016, 1.000000000000000000, -0.0000000000000000000 ) ) ;
#206 = CARTESIAN_POINT ( 'NONE',  ( -47.50000000000000000, -71.49200000000000400, 1.502684264907322900 ) ) ;
#207 = DIRECTION ( 'NONE',  ( -2.406071707233087900E-018, 1.000000000000000000, -0.0000000000000000000 ) ) ;
#208 = CYLINDRICAL_SURFACE ( 'NONE', #210, 30.09900000000000000 ) ;
#209 = DIRECTION ( 'NONE',  ( -1.000000000000000000, -1.301042606982605100E-016, 0.0000000000000000000 ) ) ;
#210 = AXIS2_PLACEMENT_3D ( 'NONE', #599, #1637, #1741 ) ;
#211 = EDGE_CURVE ( 'NONE', #1186, #2233, #1826, .T. ) ;
#212 = VECTOR ( 'NONE', #52, 1000.000000000000000 ) ;
#213 = ADVANCED_FACE ( 'NONE', ( #933 ), #1549, .T. ) ;
#214 = VECTOR ( 'NONE', #1282, 1000.000000000000000 ) ;
#215 = DIRECTION ( 'NONE',  ( -1.120535769457212900E-016, 1.000000000000000000, -0.0000000000000000000 ) ) ;
#216 = EDGE_CURVE ( 'NONE', #2383, #334, #2148, .T. ) ;
#217 = CARTESIAN_POINT ( 'NONE',  ( 24.61757988836432900, -71.49199999999999000, -1.502684264907322900 ) ) ;
#218 = CARTESIAN_POINT ( 'NONE',  ( 23.75133357739428800, -72.00000000000000000, -11.76976650356340000 ) ) ;
#219 = DIRECTION ( 'NONE',  ( -1.120535769457212900E-016, 1.000000000000000000, -0.0000000000000000000 ) ) ;
#220 =( BOUNDED_SURFACE ( )  B_SPLINE_SURFACE ( 3, 2, ( 
 ( #1543, #1806, #1404 ),
 ( #1393, #1386, #1375 ),
 ( #1360, #1352, #1317 ),
 ( #1312, #1300, #1177 ),
 ( #1168, #1145, #1130 ),
 ( #1118, #1097, #1090 ),
 ( #1081, #1066, #947 ),
 ( #935, #925, #909 ),
 ( #886, #881, #872 ),
 ( #859, #849, #840 ),
 ( #710, #700, #692 ),
 ( #680, #667, #660 ) ),
 .UNSPECIFIED., .F., .F., .T. ) 
 B_SPLINE_SURFACE_WITH_KNOTS ( ( 4, 2, 2, 2, 2, 4 ),
 ( 3, 3 ),
 ( -1.626303258728256700E-017, 0.0008334912669967111000, 0.001250236900495074800, 0.001666982533993438500, 0.002500473800990166100, 0.003333965067986893400 ),
 ( 0.0000000000000000000, 1.000000000000000000 ),
 .UNSPECIFIED. ) 
 GEOMETRIC_REPRESENTATION_ITEM ( )  RATIONAL_B_SPLINE_SURFACE ( (
 ( 1.000000000000000000, 0.6958655805268655300, 1.000000000000000000),
 ( 1.000000000000000000, 0.6988058424188811100, 1.000000000000000000),
 ( 1.000000000000000000, 0.7017301152503867500, 1.000000000000000000),
 ( 1.000000000000000000, 0.7048543130524994600, 1.000000000000000000),
 ( 1.000000000000000000, 0.7056799784908673900, 1.000000000000000000),
 ( 1.000000000000000000, 0.7068093368096002300, 1.000000000000000000),
 ( 1.000000000000000000, 0.7071057764398166500, 1.000000000000000000),
 ( 1.000000000000000000, 0.7071087827923889800, 1.000000000000000000),
 ( 1.000000000000000000, 0.7058943485268728300, 1.000000000000000000),
 ( 1.000000000000000000, 0.7017582728766363900, 1.000000000000000000),
 ( 1.000000000000000000, 0.6988176557870171600, 1.000000000000000000),
 ( 1.000000000000000000, 0.6958655805268649800, 1.000000000000000000) ) ) 
 REPRESENTATION_ITEM ( '' )  SURFACE ( )  );
#221 = ADVANCED_FACE ( 'NONE', ( #312 ), #439, .T. ) ;
#222 = EDGE_CURVE ( 'NONE', #1263, #896, #6, .T. ) ;
#223 = CARTESIAN_POINT ( 'NONE',  ( 9.188393309549140400E-016, -11.99999999999999500, 0.0000000000000000000 ) ) ;
#224 = ORIENTED_EDGE ( 'NONE', *, *, #515, .F. ) ;
#225 = DIRECTION ( 'NONE',  ( 0.0000000000000000000, 0.0000000000000000000, -1.000000000000000000 ) ) ;
#226 = AXIS2_PLACEMENT_3D ( 'NONE', #638, #169, #1332 ) ;
#227 = DIRECTION ( 'NONE',  ( 0.0000000000000000000, 0.0000000000000000000, 1.000000000000000000 ) ) ;
#228 = DIRECTION ( 'NONE',  ( 0.0000000000000000000, 0.0000000000000000000, -1.000000000000000000 ) ) ;
#229 = DIRECTION ( 'NONE',  ( 0.0000000000000000000, 0.0000000000000000000, 1.000000000000000000 ) ) ;
#230 = VERTEX_POINT ( 'NONE', #2137 ) ;
#231 = ORIENTED_EDGE ( 'NONE', *, *, #1005, .T. ) ;
#232 = AXIS2_PLACEMENT_3D ( 'NONE', #138, #551, #788 ) ;
#233 = CARTESIAN_POINT ( 'NONE',  ( 0.0000000000000000000, -56.65479840879863400, 0.0000000000000000000 ) ) ;
#234 = FACE_OUTER_BOUND ( 'NONE', #1857, .T. ) ;
#235 = EDGE_CURVE ( 'NONE', #1794, #132, #1581, .T. ) ;
#236 = ORIENTED_EDGE ( 'NONE', *, *, #2665, .T. ) ;
#237 = DIRECTION ( 'NONE',  ( 0.0000000000000000000, -0.6969696969696761400, 0.7171005797696706800 ) ) ;
#238 = ORIENTED_EDGE ( 'NONE', *, *, #1988, .T. ) ;
#239 = FACE_OUTER_BOUND ( 'NONE', #1618, .T. ) ;
#240 = DIRECTION ( 'NONE',  ( 1.000000000000000000, -0.0000000000000000000, -0.0000000000000000000 ) ) ;
#241 = EDGE_LOOP ( 'NONE', ( #1818, #453, #1049, #1182 ) ) ;
#242 = DIRECTION ( 'NONE',  ( 1.000000000000000000, -0.0000000000000000000, -0.0000000000000000000 ) ) ;
#243 = ORIENTED_EDGE ( 'NONE', *, *, #2267, .T. ) ;
#244 = DIRECTION ( 'NONE',  ( -1.000000000000000000, -1.156482317317871000E-016, 0.0000000000000000000 ) ) ;
#245 = DIRECTION ( 'NONE',  ( 3.625545816320566200E-017, 0.9551729761631475600, -0.2960482825615363100 ) ) ;
#246 = VERTEX_POINT ( 'NONE', #1487 ) ;
#247 = DIRECTION ( 'NONE',  ( 0.04250535064175532700, 0.7164524923699985300, 0.6963398030729239800 ) ) ;
#248 = LINE ( 'NONE', #730, #214 ) ;
#249 = VERTEX_POINT ( 'NONE', #1869 ) ;
#250 = CARTESIAN_POINT ( 'NONE',  ( 0.0000000000000000000, -14.52559363519444300, 0.0000000000000000000 ) ) ;
#251 = LINE ( 'NONE', #1732, #280 ) ;
#252 = CARTESIAN_POINT ( 'NONE',  ( 24.12214336030414700, -71.30218999100976900, 1.272131866742803900 ) ) ;
#253 = DIRECTION ( 'NONE',  ( 0.0000000000000000000, -1.000000000000000000, 0.0000000000000000000 ) ) ;
#254 = CARTESIAN_POINT ( 'NONE',  ( 24.61757988836432900, -71.49199999999999000, -1.502684264907322900 ) ) ;
#255 = FACE_OUTER_BOUND ( 'NONE', #971, .T. ) ;
#256 = AXIS2_PLACEMENT_3D ( 'NONE', #1649, #1797, #1815 ) ;
#257 = AXIS2_PLACEMENT_3D ( 'NONE', #776, #2021, #2664 ) ;
#258 = DIRECTION ( 'NONE',  ( -1.120535769457212900E-016, 1.000000000000000000, 0.0000000000000000000 ) ) ;
#259 = EDGE_CURVE ( 'NONE', #2272, #418, #543, .T. ) ;
#260 = CARTESIAN_POINT ( 'NONE',  ( -34.12993567236831900, -71.49199999999999000, -1.502684264907322900 ) ) ;
#261 = B_SPLINE_CURVE_WITH_KNOTS ( 'NONE', 3,
 ( #2312, #1394, #1442, #572, #92, #2154, #2252, #882 ),
 .UNSPECIFIED., .F., .F.,
 ( 4, 2, 2, 4 ),
 ( 0.001687929945929517600, 0.002531163405688005200, 0.002952780135567248700, 0.003374396865446492200 ),
 .UNSPECIFIED. ) ;
#262 = DIRECTION ( 'NONE',  ( -1.000000000000000000, 0.0000000000000000000, 0.0000000000000000000 ) ) ;
#263 = CARTESIAN_POINT ( 'NONE',  ( -34.12993567236831900, -71.49199999999999000, 1.502684264907331800 ) ) ;
#264 = CARTESIAN_POINT ( 'NONE',  ( -24.14966577460375400, -70.92688319791197700, 0.5430729685141454400 ) ) ;
#265 = CARTESIAN_POINT ( 'NONE',  ( 24.14630454434690100, -70.96854419391176800, -0.6747189244787930000 ) ) ;
#266 = VERTEX_POINT ( 'NONE', #1837 ) ;
#267 = EDGE_LOOP ( 'NONE', ( #1367, #688, #1716, #2662 ) ) ;
#268 = ADVANCED_FACE ( 'NONE', ( #2243 ), #1942, .F. ) ;
#269 = EDGE_LOOP ( 'NONE', ( #1509, #465, #1068, #1547 ) ) ;
#270 = ORIENTED_EDGE ( 'NONE', *, *, #163, .F. ) ;
#271 = AXIS2_PLACEMENT_3D ( 'NONE', #2570, #2598, #2567 ) ;
#272 = DIRECTION ( 'NONE',  ( 0.0000000000000000000, 0.0000000000000000000, 1.000000000000000000 ) ) ;
#273 = EDGE_LOOP ( 'NONE', ( #2062, #2513, #1838 ) ) ;
#274 = CYLINDRICAL_SURFACE ( 'NONE', #226, 34.50000000000000000 ) ;
#275 = CIRCLE ( 'NONE', #2856, 31.75000000000000000 ) ;
#276 = EDGE_LOOP ( 'NONE', ( #1914, #1848, #374, #1043, #387 ) ) ;
#277 = EDGE_CURVE ( 'NONE', #230, #132, #868, .T. ) ;
#278 = ORIENTED_EDGE ( 'NONE', *, *, #1239, .F. ) ;
#279 = CARTESIAN_POINT ( 'NONE',  ( 0.0000000000000000000, -14.52559363519444300, 0.0000000000000000000 ) ) ;
#280 = VECTOR ( 'NONE', #1757, 1000.000000000000200 ) ;
#281 = CARTESIAN_POINT ( 'NONE',  ( 34.63744400950393800, -71.49199999999997600, -1.525029012340877000 ) ) ;
#282 = ORIENTED_EDGE ( 'NONE', *, *, #2650, .F. ) ;
#283 = ADVANCED_FACE ( 'NONE', ( #416, #2731 ), #2017, .T. ) ;
#284 = FACE_OUTER_BOUND ( 'NONE', #1917, .T. ) ;
#285 = DIRECTION ( 'NONE',  ( -0.0000000000000000000, 1.000000000000000000, -0.0000000000000000000 ) ) ;
#286 = DIRECTION ( 'NONE',  ( -0.5000000000000102100, 0.0000000000000000000, -0.8660254037844327100 ) ) ;
#287 = FACE_BOUND ( 'NONE', #719, .T. ) ;
#288 = CARTESIAN_POINT ( 'NONE',  ( 2.332952152375707300E-015, -59.29999999999997600, -19.04999999999999700 ) ) ;
#289 = CARTESIAN_POINT ( 'NONE',  ( 34.16300000000001800, -59.29999999999998300, 4.214866888625446500E-015 ) ) ;
#290 = FACE_OUTER_BOUND ( 'NONE', #1750, .T. ) ;
#291 = CARTESIAN_POINT ( 'NONE',  ( -25.43408357739414800, -72.00000000000001400, 14.68437500000011300 ) ) ;
#292 = DIRECTION ( 'NONE',  ( 1.000000000000000000, 0.0000000000000000000, 1.224646799147355400E-016 ) ) ;
#293 = AXIS2_PLACEMENT_3D ( 'NONE', #1268, #1478, #952 ) ;
#294 = CARTESIAN_POINT ( 'NONE',  ( -20.95500000000000200, -5.041923262506936500E-017, 0.0000000000000000000 ) ) ;
#295 = EDGE_CURVE ( 'NONE', #1866, #230, #1483, .T. ) ;
#296 = DIRECTION ( 'NONE',  ( -2.178802052069741900E-016, 1.000000000000000000, 5.331492910495855000E-017 ) ) ;
#297 = EDGE_CURVE ( 'NONE', #674, #2063, #2762, .T. ) ;
#298 = CARTESIAN_POINT ( 'NONE',  ( 24.13299013752390100, -71.14441190502968500, 1.046377944923426500 ) ) ;
#299 = DIRECTION ( 'NONE',  ( -1.224646799147353200E-016, -1.372260543395892300E-032, 1.000000000000000000 ) ) ;
#300 = CARTESIAN_POINT ( 'NONE',  ( 47.50000000000000000, -4.762499999999988600, 5.817072295949928200E-015 ) ) ;
#301 = EDGE_LOOP ( 'NONE', ( #875, #1324, #378, #1234 ) ) ;
#302 = CARTESIAN_POINT ( 'NONE',  ( -34.14719517272462900, -71.57148636396851800, 0.8107125463131837900 ) ) ;
#303 = ORIENTED_EDGE ( 'NONE', *, *, #538, .F. ) ;
#304 = ORIENTED_EDGE ( 'NONE', *, *, #1477, .F. ) ;
#305 = DIRECTION ( 'NONE',  ( 1.000000000000000000, -0.0000000000000000000, -0.0000000000000000000 ) ) ;
#306 = LINE ( 'NONE', #2582, #2069 ) ;
#307 = DIRECTION ( 'NONE',  ( 0.0000000000000000000, 0.0000000000000000000, 1.000000000000000000 ) ) ;
#308 = ORIENTED_EDGE ( 'NONE', *, *, #889, .F. ) ;
#309 = AXIS2_PLACEMENT_3D ( 'NONE', #2197, #2178, #2205 ) ;
#310 = CARTESIAN_POINT ( 'NONE',  ( -1.682749999999992600, -72.00000000000001400, -32.28335849643652000 ) ) ;
#311 = ORIENTED_EDGE ( 'NONE', *, *, #2035, .F. ) ;
#312 = FACE_OUTER_BOUND ( 'NONE', #803, .T. ) ;
#313 = EDGE_LOOP ( 'NONE', ( #88, #123, #187, #224, #231, #559 ) ) ;
#314 = EDGE_LOOP ( 'NONE', ( #372, #198, #354, #927 ) ) ;
#315 = CARTESIAN_POINT ( 'NONE',  ( -24.15249157425379800, -71.41517412207070900, 0.4092710186830128000 ) ) ;
#316 = DIRECTION ( 'NONE',  ( -0.0000000000000000000, 1.000000000000000000, 0.0000000000000000000 ) ) ;
#317 = EDGE_CURVE ( 'NONE', #1369, #1962, #162, .T. ) ;
#318 = VERTEX_POINT ( 'NONE', #29 ) ;
#319 = VECTOR ( 'NONE', #841, 1000.000000000000000 ) ;
#320 = EDGE_LOOP ( 'NONE', ( #40, #483 ) ) ;
#321 = DIRECTION ( 'NONE',  ( -0.5000000000000102100, 0.0000000000000000000, -0.8660254037844327100 ) ) ;
#322 = CYLINDRICAL_SURFACE ( 'NONE', #342, 45.00000000000000700 ) ;
#323 = EDGE_CURVE ( 'NONE', #1035, #1120, #2071, .T. ) ;
#324 = CARTESIAN_POINT ( 'NONE',  ( -24.66217771470774500, -71.37579597193460800, 0.2129156754510695100 ) ) ;
#325 = CIRCLE ( 'NONE', #404, 1.587499999999998600 ) ;
#326 = AXIS2_PLACEMENT_3D ( 'NONE', #1657, #1823, #1195 ) ;
#327 = AXIS2_PLACEMENT_3D ( 'NONE', #2910, #717, #639 ) ;
#328 = CARTESIAN_POINT ( 'NONE',  ( 2.116362640691704700E-013, -59.29999999999999000, 29.36874999999999500 ) ) ;
#329 = DIRECTION ( 'NONE',  ( -1.120535769457212900E-016, 1.000000000000000000, -0.0000000000000000000 ) ) ;
#330 = EDGE_CURVE ( 'NONE', #1140, #1021, #794, .T. ) ;
#331 = DIRECTION ( 'NONE',  ( 0.0000000000000000000, 0.0000000000000000000, 1.000000000000000000 ) ) ;
#332 = DIRECTION ( 'NONE',  ( -1.120535769457212900E-016, 1.000000000000000000, -0.0000000000000000000 ) ) ;
#333 = EDGE_LOOP ( 'NONE', ( #869, #243, #706 ) ) ;
#334 = VERTEX_POINT ( 'NONE', #2884 ) ;
#335 = ADVANCED_FACE ( 'NONE', ( #1333, #239 ), #83, .F. ) ;
#336 = DESIGN_CONTEXT ( 'detailed design', #2396, 'design' ) ;
#337 = CARTESIAN_POINT ( 'NONE',  ( -47.50000000000000000, -71.99999999999998600, 1.502684264907322400 ) ) ;
#338 = ORIENTED_EDGE ( 'NONE', *, *, #1932, .T. ) ;
#339 = VERTEX_POINT ( 'NONE', #670 ) ;
#340 = ORIENTED_EDGE ( 'NONE', *, *, #690, .F. ) ;
#341 = CARTESIAN_POINT ( 'NONE',  ( 0.0000000000000000000, -4.762499999999994000, 0.0000000000000000000 ) ) ;
#342 = AXIS2_PLACEMENT_3D ( 'NONE', #2354, #960, #860 ) ;
#343 = VECTOR ( 'NONE', #851, 1000.000000000000000 ) ;
#344 = DIRECTION ( 'NONE',  ( 0.0000000000000000000, 0.0000000000000000000, 1.000000000000000000 ) ) ;
#345 = CYLINDRICAL_SURFACE ( 'NONE', #257, 3.365500000000000400 ) ;
#346 = ORIENTED_EDGE ( 'NONE', *, *, #1544, .T. ) ;
#347 = AXIS2_PLACEMENT_3D ( 'NONE', #1061, #2269, #1039 ) ;
#348 = DIRECTION ( 'NONE',  ( 0.0000000000000000000, 0.0000000000000000000, -1.000000000000000000 ) ) ;
#349 = VERTEX_POINT ( 'NONE', #310 ) ;
#350 = EDGE_CURVE ( 'NONE', #1140, #1765, #2520, .T. ) ;
#351 = FACE_OUTER_BOUND ( 'NONE', #1602, .T. ) ;
#352 = PLANE ( 'NONE',  #256 ) ;
#353 = CARTESIAN_POINT ( 'NONE',  ( 0.0000000000000000000, -55.56995581398035700, 0.0000000000000000000 ) ) ;
#354 = ORIENTED_EDGE ( 'NONE', *, *, #566, .F. ) ;
#355 = LINE ( 'NONE', #2647, #319 ) ;
#356 = EDGE_LOOP ( 'NONE', ( #975, #1290, #94, #1488 ) ) ;
#357 = CYLINDRICAL_SURFACE ( 'NONE', #347, 3.365500000000001300 ) ;
#358 = CARTESIAN_POINT ( 'NONE',  ( 24.15540000000000000, -70.20014966225443200, 2.958183329212397800E-015 ) ) ;
#359 = CIRCLE ( 'NONE', #364, 18.92499999999999400 ) ;
#360 = DIRECTION ( 'NONE',  ( 0.0000000000000000000, 0.0000000000000000000, -1.000000000000000000 ) ) ;
#361 = CARTESIAN_POINT ( 'NONE',  ( 0.0000000000000000000, -70.83159999999999500, 0.0000000000000000000 ) ) ;
#362 = CARTESIAN_POINT ( 'NONE',  ( 1.717093073866893100E-016, -71.36499999999999500, 0.0000000000000000000 ) ) ;
#363 = DIRECTION ( 'NONE',  ( 0.0000000000000000000, 0.0000000000000000000, -1.000000000000000000 ) ) ;
#364 = AXIS2_PLACEMENT_3D ( 'NONE', #361, #1552, #1642 ) ;
#365 = AXIS2_PLACEMENT_3D ( 'NONE', #2486, #2481, #2473 ) ;
#366 = DIRECTION ( 'NONE',  ( -1.870988165364011900E-016, 1.000000000000000000, -0.0000000000000000000 ) ) ;
#367 = ADVANCED_FACE ( 'NONE', ( #2003 ), #1864, .T. ) ;
#368 = DIRECTION ( 'NONE',  ( -1.000000000000000000, 0.0000000000000000000, 0.0000000000000000000 ) ) ;
#369 = CARTESIAN_POINT ( 'NONE',  ( -34.64620232585350100, -71.30072191369232800, -1.316260053545798400 ) ) ;
#370 = EDGE_CURVE ( 'NONE', #2383, #2729, #97, .T. ) ;
#371 = DIRECTION ( 'NONE',  ( 1.000000000000000000, -0.0000000000000000000, -0.0000000000000000000 ) ) ;
#372 = ORIENTED_EDGE ( 'NONE', *, *, #697, .T. ) ;
#373 = CARTESIAN_POINT ( 'NONE',  ( 24.61757988836432500, -71.49199999999999000, -1.502684264907322900 ) ) ;
#374 = ORIENTED_EDGE ( 'NONE', *, *, #2134, .F. ) ;
#375 = EDGE_CURVE ( 'NONE', #635, #896, #2599, .T. ) ;
#376 = DIRECTION ( 'NONE',  ( -2.406071707233087900E-018, 1.000000000000000000, -0.0000000000000000000 ) ) ;
#377 = VECTOR ( 'NONE', #2555, 1000.000000000000000 ) ;
#378 = ORIENTED_EDGE ( 'NONE', *, *, #78, .F. ) ;
#379 = VERTEX_POINT ( 'NONE', #592 ) ;
#380 = CARTESIAN_POINT ( 'NONE',  ( -24.61757988836432900, -71.49199999999999000, -1.502684264907322900 ) ) ;
#381 = CARTESIAN_POINT ( 'NONE',  ( -24.64138783334256600, -71.57263679655450500, 0.8129657331342268200 ) ) ;
#382 = CIRCLE ( 'NONE', #903, 0.5079999999999786900 ) ;
#383 = FACE_OUTER_BOUND ( 'NONE', #1700, .T. ) ;
#384 = AXIS2_PLACEMENT_3D ( 'NONE', #2384, #2609, #272 ) ;
#385 = VERTEX_POINT ( 'NONE', #1086 ) ;
#386 = CARTESIAN_POINT ( 'NONE',  ( -34.12993567236831900, -71.99999999999998600, 1.502684264907322400 ) ) ;
#387 = ORIENTED_EDGE ( 'NONE', *, *, #222, .F. ) ;
#388 = DIRECTION ( 'NONE',  ( 0.0000000000000000000, 0.0000000000000000000, -1.000000000000000000 ) ) ;
#389 = LINE ( 'NONE', #1015, #394 ) ;
#390 = ORIENTED_EDGE ( 'NONE', *, *, #2715, .T. ) ;
#391 = DIRECTION ( 'NONE',  ( 1.000000000000000000, -0.0000000000000000000, -0.0000000000000000000 ) ) ;
#392 = DIRECTION ( 'NONE',  ( -1.120535769457212900E-016, 1.000000000000000000, -0.0000000000000000000 ) ) ;
#393 = CARTESIAN_POINT ( 'NONE',  ( -34.67099999999999200, -70.85699999999995700, -2.547106129533619000E-011 ) ) ;
#394 = VECTOR ( 'NONE', #1098, 1000.000000000000000 ) ;
#395 = CARTESIAN_POINT ( 'NONE',  ( 1.720148784935079100E-016, -71.49200000000000400, 0.0000000000000000000 ) ) ;
#396 = PRODUCT ( 'P103828', 'P103828', '', ( #2293 ) ) ;
#397 = DIRECTION ( 'NONE',  ( 1.000000000000000000, -0.0000000000000000000, -0.0000000000000000000 ) ) ;
#398 = FACE_OUTER_BOUND ( 'NONE', #905, .T. ) ;
#399 = DIRECTION ( 'NONE',  ( 1.000000000000000000, 0.0000000000000000000, 0.0000000000000000000 ) ) ;
#400 = DIRECTION ( 'NONE',  ( -1.000000000000000000, 0.0000000000000000000, 0.0000000000000000000 ) ) ;
#401 = DIRECTION ( 'NONE',  ( -1.000000000000000000, -0.0000000000000000000, -0.0000000000000000000 ) ) ;
#402 = DIRECTION ( 'NONE',  ( -2.486615938775481500E-016, 1.000000000000000000, 0.0000000000000000000 ) ) ;
#403 = DIRECTION ( 'NONE',  ( 0.0000000000000000000, 0.0000000000000000000, -1.000000000000000000 ) ) ;
#404 = AXIS2_PLACEMENT_3D ( 'NONE', #1640, #1590, #400 ) ;
#405 = AXIS2_PLACEMENT_3D ( 'NONE', #2119, #2117, #2113 ) ;
#406 = CARTESIAN_POINT ( 'NONE',  ( -25.43408357739414400, -72.00000000000001400, -14.68437500000012000 ) ) ;
#407 = VERTEX_POINT ( 'NONE', #2367 ) ;
#408 = ORIENTED_EDGE ( 'NONE', *, *, #1532, .F. ) ;
#409 = CARTESIAN_POINT ( 'NONE',  ( 0.0000000000000000000, -58.19320477360418700, 0.0000000000000000000 ) ) ;
#410 = DIRECTION ( 'NONE',  ( 0.4999999999999916200, 0.0000000000000000000, -0.8660254037844434800 ) ) ;
#411 = EDGE_CURVE ( 'NONE', #1687, #1159, #1759, .T. ) ;
#412 = ORIENTED_EDGE ( 'NONE', *, *, #2079, .T. ) ;
#413 = ADVANCED_FACE ( 'NONE', ( #715 ), #47, .T. ) ;
#414 = ORIENTED_EDGE ( 'NONE', *, *, #2035, .T. ) ;
#415 = ORIENTED_EDGE ( 'NONE', *, *, #1733, .T. ) ;
#416 = FACE_BOUND ( 'NONE', #672, .T. ) ;
#417 = FACE_OUTER_BOUND ( 'NONE', #780, .T. ) ;
#418 = VERTEX_POINT ( 'NONE', #2002 ) ;
#419 = DIRECTION ( 'NONE',  ( -0.0000000000000000000, 1.000000000000000000, -0.0000000000000000000 ) ) ;
#420 = VERTEX_POINT ( 'NONE', #2254 ) ;
#421 = DIRECTION ( 'NONE',  ( -1.000000000000000000, 0.0000000000000000000, 0.0000000000000000000 ) ) ;
#422 = AXIS2_PLACEMENT_3D ( 'NONE', #2655, #2604, #2602 ) ;
#423 = CIRCLE ( 'NONE', #441, 34.50000000000000000 ) ;
#424 = ORIENTED_EDGE ( 'NONE', *, *, #2804, .T. ) ;
#425 = ORIENTED_EDGE ( 'NONE', *, *, #856, .T. ) ;
#426 = VECTOR ( 'NONE', #1189, 1000.000000000000000 ) ;
#427 = ORIENTED_EDGE ( 'NONE', *, *, #472, .T. ) ;
#428 = DIRECTION ( 'NONE',  ( -1.000000000000000000, -1.301042606982605100E-016, 0.0000000000000000000 ) ) ;
#429 = EDGE_CURVE ( 'NONE', #1765, #2592, #633, .T. ) ;
#430 = LINE ( 'NONE', #1183, #426 ) ;
#431 = CARTESIAN_POINT ( 'NONE',  ( 0.0000000000000000000, -55.56995581398035700, 0.0000000000000000000 ) ) ;
#432 = DIRECTION ( 'NONE',  ( 0.0000000000000000000, 0.0000000000000000000, 1.000000000000000000 ) ) ;
#433 = CARTESIAN_POINT ( 'NONE',  ( 34.12993567236834000, -71.99999999999998600, -1.502684264907321800 ) ) ;
#434 = DIRECTION ( 'NONE',  ( -1.120535769457212900E-016, 1.000000000000000000, -0.0000000000000000000 ) ) ;
#435 = VECTOR ( 'NONE', #2011, 1000.000000000000100 ) ;
#436 = CARTESIAN_POINT ( 'NONE',  ( 6.947321770634716400E-016, -9.999999999999996400, 0.0000000000000000000 ) ) ;
#437 = DIRECTION ( 'NONE',  ( -0.0000000000000000000, 1.000000000000000000, -0.0000000000000000000 ) ) ;
#438 = ADVANCED_FACE ( 'NONE', ( #25 ), #1228, .F. ) ;
#439 =( BOUNDED_SURFACE ( )  B_SPLINE_SURFACE ( 3, 2, ( 
 ( #651, #2831, #836 ),
 ( #1807, #2493, #1611 ),
 ( #696, #2732, #1399 ),
 ( #505, #1663, #1975 ),
 ( #1978, #740, #2525 ),
 ( #777, #804, #2594 ),
 ( #2249, #2147, #2597 ),
 ( #1214, #627, #2086 ),
 ( #1956, #2242, #1126 ),
 ( #2114, #1561, #817 ),
 ( #1279, #1211, #185 ),
 ( #997, #1029, #1121 ) ),
 .UNSPECIFIED., .F., .F., .F. ) 
 B_SPLINE_SURFACE_WITH_KNOTS ( ( 4, 2, 2, 2, 2, 4 ),
 ( 3, 3 ),
 ( -1.626303258728256700E-017, 0.0008336806576875653800, 0.001250520986531356100, 0.001667361315375147000, 0.002501041973062728800, 0.003334722630750310500 ),
 ( 0.0000000000000000000, 1.000000000000000000 ),
 .UNSPECIFIED. ) 
 GEOMETRIC_REPRESENTATION_ITEM ( )  RATIONAL_B_SPLINE_SURFACE ( (
 ( 1.000000000000000000, 0.7223888460619020100, 1.000000000000000000),
 ( 1.000000000000000000, 0.7184700280057323400, 1.000000000000000000),
 ( 1.000000000000000000, 0.7144988805352762200, 1.000000000000000000),
 ( 1.000000000000000000, 0.7102185682454471600, 1.000000000000000000),
 ( 1.000000000000000000, 0.7090799143452494200, 1.000000000000000000),
 ( 1.000000000000000000, 0.7075195662712122600, 1.000000000000000000),
 ( 1.000000000000000000, 0.7071081885049485000, 1.000000000000000000),
 ( 1.000000000000000000, 0.7071039777160288400, 1.000000000000000000),
 ( 1.000000000000000000, 0.7087933536877455400, 1.000000000000000000),
 ( 1.000000000000000000, 0.7144606115996159400, 1.000000000000000000),
 ( 1.000000000000000000, 0.7184547160276028000, 1.000000000000000000),
 ( 1.000000000000000000, 0.7223888460619025700, 1.000000000000000000) ) ) 
 REPRESENTATION_ITEM ( '' )  SURFACE ( )  );
#440 = ORIENTED_EDGE ( 'NONE', *, *, #538, .T. ) ;
#441 = AXIS2_PLACEMENT_3D ( 'NONE', #1051, #2042, #2863 ) ;
#442 = VERTEX_POINT ( 'NONE', #2854 ) ;
#443 = EDGE_CURVE ( 'NONE', #1021, #2592, #2378, .T. ) ;
#444 = ORIENTED_EDGE ( 'NONE', *, *, #157, .T. ) ;
#445 = CARTESIAN_POINT ( 'NONE',  ( -3.887639409898325000E-031, -3.799999999999998000, -30.09900000000000000 ) ) ;
#446 = ORIENTED_EDGE ( 'NONE', *, *, #625, .T. ) ;
#447 = DIRECTION ( 'NONE',  ( -1.120535769457212900E-016, 1.000000000000000000, -0.0000000000000000000 ) ) ;
#448 = CARTESIAN_POINT ( 'NONE',  ( -24.15479867088249200, -71.37516872029409900, 0.2070228614615206900 ) ) ;
#449 = CARTESIAN_POINT ( 'NONE',  ( 0.0000000000000000000, -17.14884259481828400, 28.75455743781757400 ) ) ;
#450 = DIRECTION ( 'NONE',  ( -1.000000000000000000, -1.120535769457212900E-016, 0.0000000000000000000 ) ) ;
#451 = CIRCLE ( 'NONE', #68, 3.365500000000000400 ) ;
#452 = DIRECTION ( 'NONE',  ( 0.9981421818712881100, 0.0000000000000000000, 0.06092770116477561800 ) ) ;
#453 = ORIENTED_EDGE ( 'NONE', *, *, #1314, .F. ) ;
#454 = VERTEX_POINT ( 'NONE', #2307 ) ;
#455 = VECTOR ( 'NONE', #2747, 1000.000000000000000 ) ;
#456 = VERTEX_POINT ( 'NONE', #2837 ) ;
#457 = ORIENTED_EDGE ( 'NONE', *, *, #2013, .F. ) ;
#458 = DIRECTION ( 'NONE',  ( -1.255360391952542600E-016, 1.000000000000000000, 0.0000000000000000000 ) ) ;
#459 = CARTESIAN_POINT ( 'NONE',  ( 0.0000000000000000000, -59.29999999999997600, 0.0000000000000000000 ) ) ;
#460 = DIRECTION ( 'NONE',  ( -1.000000000000000000, -2.406071707233087900E-018, 0.0000000000000000000 ) ) ;
#461 = CARTESIAN_POINT ( 'NONE',  ( 24.61757988836432900, -71.49199999999999000, -1.502684264907322900 ) ) ;
#462 = LINE ( 'NONE', #899, #435 ) ;
#463 = CARTESIAN_POINT ( 'NONE',  ( 24.61757988836434000, -71.99999999999998600, 1.502684264907322400 ) ) ;
#464 = EDGE_LOOP ( 'NONE', ( #2476, #1726 ) ) ;
#465 = ORIENTED_EDGE ( 'NONE', *, *, #1379, .T. ) ;
#466 = AXIS2_PLACEMENT_3D ( 'NONE', #2420, #1067, #887 ) ;
#467 = AXIS2_PLACEMENT_3D ( 'NONE', #2262, #2232, #2229 ) ;
#468 = ADVANCED_FACE ( 'NONE', ( #1829 ), #1859, .F. ) ;
#469 = CIRCLE ( 'NONE', #479, 3.365500000000000400 ) ;
#470 = CARTESIAN_POINT ( 'NONE',  ( 34.65496267181784200, -71.12951619865764000, -1.085974658592323800 ) ) ;
#471 = CIRCLE ( 'NONE', #466, 0.5080000000000015600 ) ;
#472 = EDGE_CURVE ( 'NONE', #1993, #2173, #1260, .T. ) ;
#473 = DIRECTION ( 'NONE',  ( 0.0000000000000000000, -1.000000000000000000, 0.0000000000000000000 ) ) ;
#474 = DIRECTION ( 'NONE',  ( 0.0000000000000000000, 0.9551729761631475600, 0.2960482825615363100 ) ) ;
#475 = CARTESIAN_POINT ( 'NONE',  ( 0.0000000000000000000, -17.53344418601965400, 0.0000000000000000000 ) ) ;
#476 = EDGE_CURVE ( 'NONE', #1414, #2787, #1727, .T. ) ;
#477 = CARTESIAN_POINT ( 'NONE',  ( -25.43408357739414400, -72.00000000000001400, -14.68437500000012000 ) ) ;
#478 = ORIENTED_EDGE ( 'NONE', *, *, #2309, .F. ) ;
#479 = AXIS2_PLACEMENT_3D ( 'NONE', #910, #2472, #2432 ) ;
#480 = AXIS2_PLACEMENT_3D ( 'NONE', #2546, #131, #286 ) ;
#481 = CARTESIAN_POINT ( 'NONE',  ( 34.14719765164872500, -71.57145166526123600, -0.8106537441021644000 ) ) ;
#482 = ORIENTED_EDGE ( 'NONE', *, *, #411, .T. ) ;
#483 = ORIENTED_EDGE ( 'NONE', *, *, #1327, .T. ) ;
#484 = CARTESIAN_POINT ( 'NONE',  ( -34.12993567236831200, -71.84606060606059000, 1.138397170384345000 ) ) ;
#485 = EDGE_CURVE ( 'NONE', #2692, #2211, #2909, .T. ) ;
#486 = ORIENTED_EDGE ( 'NONE', *, *, #2846, .T. ) ;
#487 = CARTESIAN_POINT ( 'NONE',  ( 34.12993567236834700, -71.84606060606057600, -1.138397170384328100 ) ) ;
#488 = ORIENTED_EDGE ( 'NONE', *, *, #856, .F. ) ;
#489 = FACE_OUTER_BOUND ( 'NONE', #2758, .T. ) ;
#490 = CARTESIAN_POINT ( 'NONE',  ( 1.717093073866893100E-016, -71.36499999999999500, 0.0000000000000000000 ) ) ;
#491 = CARTESIAN_POINT ( 'NONE',  ( 0.0000000000000000000, 0.0000000000000000000, 0.0000000000000000000 ) ) ;
#492 = CARTESIAN_POINT ( 'NONE',  ( 34.65397330279205300, -71.85759218331973800, -1.149605026206280900 ) ) ;
#493 = VERTEX_POINT ( 'NONE', #2811 ) ;
#494 = DIRECTION ( 'NONE',  ( 1.000000000000000000, 0.0000000000000000000, 0.0000000000000000000 ) ) ;
#495 = ADVANCED_FACE ( 'NONE', ( #383 ), #2353, .T. ) ;
#496 = ADVANCED_FACE ( 'NONE', ( #1938 ), #159, .F. ) ;
#497 = ORIENTED_EDGE ( 'NONE', *, *, #2417, .F. ) ;
#498 = CARTESIAN_POINT ( 'NONE',  ( -24.65416087880336700, -71.44905893261335500, 0.5205920478298871100 ) ) ;
#499 = CARTESIAN_POINT ( 'NONE',  ( -24.15540000000000000, -70.85699999999995700, 1.738670563910190600E-011 ) ) ;
#500 = CONICAL_SURFACE ( 'NONE', #621, 20.95500000000000200, 1.221730476396028200 ) ;
#501 = EDGE_LOOP ( 'NONE', ( #1658, #1378 ) ) ;
#502 = AXIS2_PLACEMENT_3D ( 'NONE', #2441, #2053, #2067 ) ;
#503 = TOROIDAL_SURFACE ( 'NONE', #524, 34.16300000000000400, 0.5080000000000000100 ) ;
#504 = ORIENTED_EDGE ( 'NONE', *, *, #1396, .T. ) ;
#505 = CARTESIAN_POINT ( 'NONE',  ( 24.65416087880312500, -71.44905893261355300, -0.5205920478303239800 ) ) ;
#506 = CARTESIAN_POINT ( 'NONE',  ( 34.66671224519841800, -70.92685543380827100, 0.5626314289900650200 ) ) ;
#507 = CIRCLE ( 'NONE', #502, 0.5079999999999987900 ) ;
#508 = AXIS2_PLACEMENT_3D ( 'NONE', #2488, #1496, #1565 ) ;
#509 = CARTESIAN_POINT ( 'NONE',  ( 0.0000000000000000000, -66.69140000000000200, 0.0000000000000000000 ) ) ;
#510 = EDGE_CURVE ( 'NONE', #2692, #600, #1013, .T. ) ;
#511 = CIRCLE ( 'NONE', #550, 47.50000000000000000 ) ;
#512 = CARTESIAN_POINT ( 'NONE',  ( -24.15539999999990400, -70.85700000000113600, 0.1367826048997150500 ) ) ;
#513 = ADVANCED_FACE ( 'NONE', ( #712 ), #1408, .F. ) ;
#514 = CARTESIAN_POINT ( 'NONE',  ( -24.15419946788229000, -70.87128992802493600, 0.2757801183559301900 ) ) ;
#515 = EDGE_CURVE ( 'NONE', #1261, #1159, #789, .T. ) ;
#516 = CARTESIAN_POINT ( 'NONE',  ( 45.00000000000000700, -3.799999999999994900, 5.510910596163090300E-015 ) ) ;
#517 = CARTESIAN_POINT ( 'NONE',  ( 0.0000000000000000000, -14.14099204399307300, 0.0000000000000000000 ) ) ;
#518 = CARTESIAN_POINT ( 'NONE',  ( -24.14963621273969400, -70.92724842292982100, 0.5444973831500413700 ) ) ;
#519 = EDGE_LOOP ( 'NONE', ( #1425, #2343, #17, #1551 ) ) ;
#520 = CARTESIAN_POINT ( 'NONE',  ( -24.14630454434689400, -70.96854419391175400, 0.6747189244788097700 ) ) ;
#521 = ORIENTED_EDGE ( 'NONE', *, *, #2129, .F. ) ;
#522 = DIRECTION ( 'NONE',  ( 0.0000000000000000000, 0.0000000000000000000, 1.000000000000000000 ) ) ;
#523 = EDGE_LOOP ( 'NONE', ( #66, #1692, #1078, #2275 ) ) ;
#524 = AXIS2_PLACEMENT_3D ( 'NONE', #2116, #195, #2627 ) ;
#525 = AXIS2_PLACEMENT_3D ( 'NONE', #1494, #1492, #1481 ) ;
#526 = CARTESIAN_POINT ( 'NONE',  ( -47.50000000000000000, -71.84606060606057600, -1.138397170384333900 ) ) ;
#527 = CARTESIAN_POINT ( 'NONE',  ( -24.13793853534472300, -71.07767595898468500, 0.9269261239803877600 ) ) ;
#528 = ORIENTED_EDGE ( 'NONE', *, *, #2715, .F. ) ;
#529 = CARTESIAN_POINT ( 'NONE',  ( 0.0000000000000000000, -14.14099204399307300, 0.0000000000000000000 ) ) ;
#530 = VECTOR ( 'NONE', #2395, 1000.000000000000000 ) ;
#531 = EDGE_LOOP ( 'NONE', ( #1960, #74, #103, #137 ) ) ;
#532 = ORIENTED_EDGE ( 'NONE', *, *, #1597, .F. ) ;
#533 = EDGE_CURVE ( 'NONE', #844, #2729, #2518, .T. ) ;
#534 = CARTESIAN_POINT ( 'NONE',  ( 34.15877506972244500, -71.41792078429820400, 0.4199907157228943100 ) ) ;
#535 = EDGE_LOOP ( 'NONE', ( #984, #1142 ) ) ;
#536 = CARTESIAN_POINT ( 'NONE',  ( -24.13289389600920000, -71.14577481134178100, 1.048494669940141800 ) ) ;
#537 = ORIENTED_EDGE ( 'NONE', *, *, #552, .F. ) ;
#538 = EDGE_CURVE ( 'NONE', #635, #1724, #1308, .T. ) ;
#539 = CIRCLE ( 'NONE', #326, 34.67100000000000600 ) ;
#540 = DIRECTION ( 'NONE',  ( 0.0000000000000000000, 0.0000000000000000000, 1.000000000000000000 ) ) ;
#541 = VERTEX_POINT ( 'NONE', #2734 ) ;
#542 = CARTESIAN_POINT ( 'NONE',  ( 34.65824089654763900, -71.70481127132822500, -1.004093101834912400 ) ) ;
#543 = B_SPLINE_CURVE_WITH_KNOTS ( 'NONE', 3,
 ( #2131, #2074, #890, #1315, #2234, #265, #2550, #2425, #7, #1422 ),
 .UNSPECIFIED., .F., .F.,
 ( 4, 2, 2, 2, 4 ),
 ( 0.0000000000000000000, 0.0004100420502865708100, 0.0008200841005731416200, 0.001230126150859712500, 0.001640168201146282800 ),
 .UNSPECIFIED. ) ;
#544 = CIRCLE ( 'NONE', #508, 1.587499999999998600 ) ;
#545 = EDGE_LOOP ( 'NONE', ( #311, #504, #571, #604 ) ) ;
#546 = CARTESIAN_POINT ( 'NONE',  ( -24.12212610764925100, -71.30247837221499200, 1.272376090469207900 ) ) ;
#547 = AXIS2_PLACEMENT_3D ( 'NONE', #2801, #888, #2894 ) ;
#548 = CARTESIAN_POINT ( 'NONE',  ( 0.0000000000000000000, 0.0000000000000000000, 0.0000000000000000000 ) ) ;
#549 = FACE_OUTER_BOUND ( 'NONE', #1821, .T. ) ;
#550 = AXIS2_PLACEMENT_3D ( 'NONE', #2261, #2191, #2182 ) ;
#551 = DIRECTION ( 'NONE',  ( 1.120535769457212900E-016, -1.000000000000000000, 0.0000000000000000000 ) ) ;
#552 = EDGE_CURVE ( 'NONE', #600, #1071, #1479, .T. ) ;
#553 = CARTESIAN_POINT ( 'NONE',  ( -24.11635397947796400, -71.39165982305027600, 1.376218346344082500 ) ) ;
#554 = DIRECTION ( 'NONE',  ( -2.486615938775481500E-016, 1.000000000000000000, 0.0000000000000000000 ) ) ;
#555 = CARTESIAN_POINT ( 'NONE',  ( 2.133709875451472700E-013, -72.00000000000000000, 29.36874999999999500 ) ) ;
#556 = CARTESIAN_POINT ( 'NONE',  ( -24.61757988836432900, -71.84606060606059000, 1.138397170384345000 ) ) ;
#557 = ORIENTED_EDGE ( 'NONE', *, *, #429, .F. ) ;
#558 = CARTESIAN_POINT ( 'NONE',  ( -34.14647296723868700, -71.58292021018277800, -0.8096181493313344700 ) ) ;
#559 = ORIENTED_EDGE ( 'NONE', *, *, #1777, .T. ) ;
#560 = ORIENTED_EDGE ( 'NONE', *, *, #608, .T. ) ;
#561 = CARTESIAN_POINT ( 'NONE',  ( -24.62356873688951700, -71.76958671428009500, 1.064070100118306800 ) ) ;
#562 = CARTESIAN_POINT ( 'NONE',  ( -24.62948469080940200, -71.70182120048518500, 0.9833753834543796900 ) ) ;
#563 = ORIENTED_EDGE ( 'NONE', *, *, #1616, .T. ) ;
#564 = EDGE_LOOP ( 'NONE', ( #1034, #446 ) ) ;
#565 = AXIS2_PLACEMENT_3D ( 'NONE', #2532, #2031, #2682 ) ;
#566 = EDGE_CURVE ( 'NONE', #1486, #1035, #1996, .T. ) ;
#567 = DIRECTION ( 'NONE',  ( -1.120535769457212900E-016, 1.000000000000000000, -0.0000000000000000000 ) ) ;
#568 = EDGE_LOOP ( 'NONE', ( #2551, #2032, #1289, #19 ) ) ;
#569 = ORIENTED_EDGE ( 'NONE', *, *, #2164, .F. ) ;
#570 = FACE_BOUND ( 'NONE', #564, .T. ) ;
#571 = ORIENTED_EDGE ( 'NONE', *, *, #1265, .T. ) ;
#572 = CARTESIAN_POINT ( 'NONE',  ( 34.65809324085478200, -71.07494163450758200, -0.9548179438395393300 ) ) ;
#573 = CARTESIAN_POINT ( 'NONE',  ( -24.64049582565393200, -71.58298907371360500, 0.8097310832134668700 ) ) ;
#574 = ADVANCED_FACE ( 'NONE', ( #234, #863 ), #2620, .T. ) ;
#575 = EDGE_CURVE ( 'NONE', #418, #1520, #306, .T. ) ;
#576 = EDGE_LOOP ( 'NONE', ( #2814, #1227, #1832, #966 ) ) ;
#577 = CARTESIAN_POINT ( 'NONE',  ( -24.64563958676975000, -71.53150294988110100, 0.7156245703285416500 ) ) ;
#578 = FACE_OUTER_BOUND ( 'NONE', #1644, .T. ) ;
#579 = ORIENTED_EDGE ( 'NONE', *, *, #350, .F. ) ;
#580 = CARTESIAN_POINT ( 'NONE',  ( -24.65415631835765000, -71.44910163811995600, 0.5207153806072960500 ) ) ;
#581 = FACE_OUTER_BOUND ( 'NONE', #76, .T. ) ;
#582 = ORIENTED_EDGE ( 'NONE', *, *, #1473, .T. ) ;
#583 = CARTESIAN_POINT ( 'NONE',  ( -4.258035923937415000E-016, 5.204170427930421300E-015, 0.0000000000000000000 ) ) ;
#584 = FACE_BOUND ( 'NONE', #2149, .T. ) ;
#585 = CARTESIAN_POINT ( 'NONE',  ( -24.65754189698500600, -71.41797195230094500, 0.4201873682837576300 ) ) ;
#586 = CIRCLE ( 'NONE', #659, 0.5079999999999786900 ) ;
#587 = AXIS2_PLACEMENT_3D ( 'NONE', #2461, #1555, #1030 ) ;
#588 = ADVANCED_FACE ( 'NONE', ( #2661 ), #93, .T. ) ;
#589 = CARTESIAN_POINT ( 'NONE',  ( -24.66217680095588700, -71.37580403160207300, 0.2129872692862486400 ) ) ;
#590 = DIRECTION ( 'NONE',  ( 0.0000000000000000000, -1.000000000000000000, 0.0000000000000000000 ) ) ;
#591 = EDGE_CURVE ( 'NONE', #896, #1120, #2595, .T. ) ;
#592 = CARTESIAN_POINT ( 'NONE',  ( 2.317644067386365000E-015, -66.69140000000000200, -18.92499999999999400 ) ) ;
#593 = APPLICATION_PROTOCOL_DEFINITION ( 'international standard', 'config_control_design', 1994, #1254 ) ;
#594 = CARTESIAN_POINT ( 'NONE',  ( -24.66339584196766000, -71.36503707483605300, 0.1059507753574971400 ) ) ;
#595 = VERTEX_POINT ( 'NONE', #1452 ) ;
#596 = EDGE_CURVE ( 'NONE', #30, #493, #1083, .T. ) ;
#597 = ORIENTED_EDGE ( 'NONE', *, *, #2134, .T. ) ;
#598 = ORIENTED_EDGE ( 'NONE', *, *, #1158, .F. ) ;
#599 = CARTESIAN_POINT ( 'NONE',  ( 0.0000000000000000000, 0.0000000000000000000, 0.0000000000000000000 ) ) ;
#600 = VERTEX_POINT ( 'NONE', #1445 ) ;
#601 = CIRCLE ( 'NONE', #82, 40.00000000000000700 ) ;
#602 = CARTESIAN_POINT ( 'NONE',  ( -24.66340828319088300, -71.36492614344496100, -0.2102306406274123100 ) ) ;
#603 = ORIENTED_EDGE ( 'NONE', *, *, #2362, .F. ) ;
#604 = ORIENTED_EDGE ( 'NONE', *, *, #1102, .F. ) ;
#605 = AXIS2_PLACEMENT_3D ( 'NONE', #1241, #1179, #1170 ) ;
#606 = VECTOR ( 'NONE', #2409, 1000.000000000000000 ) ;
#607 = VERTEX_POINT ( 'NONE', #1221 ) ;
#608 = EDGE_CURVE ( 'NONE', #2211, #1071, #2145, .T. ) ;
#609 = CARTESIAN_POINT ( 'NONE',  ( -34.65804804450788600, -71.07574052010632200, -0.9565616639390208700 ) ) ;
#610 = ORIENTED_EDGE ( 'NONE', *, *, #1026, .T. ) ;
#611 = CARTESIAN_POINT ( 'NONE',  ( -24.65840965585304500, -71.40797915345568500, -0.4229809193734155300 ) ) ;
#612 = CIRCLE ( 'NONE', #684, 47.50000000000000000 ) ;
#613 = CARTESIAN_POINT ( 'NONE',  ( -24.64149567943723800, -71.57156686328974600, -0.8108521292439695400 ) ) ;
#614 = VERTEX_POINT ( 'NONE', #2529 ) ;
#615 = CIRCLE ( 'NONE', #664, 34.50000000000000000 ) ;
#616 = CARTESIAN_POINT ( 'NONE',  ( 0.0000000000000000000, -58.57780636480556800, 0.0000000000000000000 ) ) ;
#617 = CIRCLE ( 'NONE', #785, 0.5079999999999985600 ) ;
#618 = CARTESIAN_POINT ( 'NONE',  ( 2.178463612640979100E-032, -4.762499999999994000, 0.0000000000000000000 ) ) ;
#619 = DIRECTION ( 'NONE',  ( -0.0000000000000000000, -1.000000000000000000, -0.0000000000000000000 ) ) ;
#620 = CARTESIAN_POINT ( 'NONE',  ( -24.62955769867804200, -71.69311137619661200, -0.9897416241508014700 ) ) ;
#621 = AXIS2_PLACEMENT_3D ( 'NONE', #1207, #1277, #1620 ) ;
#622 = AXIS2_PLACEMENT_3D ( 'NONE', #2236, #1350, #2511 ) ;
#623 = DIRECTION ( 'NONE',  ( -0.0000000000000000000, 1.000000000000000000, -0.0000000000000000000 ) ) ;
#624 = CARTESIAN_POINT ( 'NONE',  ( 0.0000000000000000000, -58.19320477360418700, 16.50999999999999100 ) ) ;
#625 = EDGE_CURVE ( 'NONE', #2061, #2146, #930, .T. ) ;
#626 = ORIENTED_EDGE ( 'NONE', *, *, #1099, .F. ) ;
#627 = CARTESIAN_POINT ( 'NONE',  ( 24.15540410879337300, -71.36492994971550300, 0.2044507078340080400 ) ) ;
#628 = EDGE_LOOP ( 'NONE', ( #1624, #1798, #1662, #1621 ) ) ;
#629 = ORIENTED_EDGE ( 'NONE', *, *, #2417, .T. ) ;
#630 = EDGE_CURVE ( 'NONE', #541, #1970, #2728, .T. ) ;
#631 = ORIENTED_EDGE ( 'NONE', *, *, #108, .F. ) ;
#632 = CARTESIAN_POINT ( 'NONE',  ( -24.11052365997371500, -71.49200000000000400, 1.471732992715616900 ) ) ;
#633 = CIRCLE ( 'NONE', #1109, 3.365500000000000800 ) ;
#634 = CIRCLE ( 'NONE', #1056, 3.365500000000001300 ) ;
#635 = VERTEX_POINT ( 'NONE', #2563 ) ;
#636 = DIRECTION ( 'NONE',  ( 1.870988165364011900E-016, -1.000000000000000000, 0.0000000000000000000 ) ) ;
#637 = CARTESIAN_POINT ( 'NONE',  ( 0.0000000000000000000, -6.411999999999999900, 0.0000000000000000000 ) ) ;
#638 = CARTESIAN_POINT ( 'NONE',  ( 0.0000000000000000000, -3.799999999999999800, 0.0000000000000000000 ) ) ;
#639 = DIRECTION ( 'NONE',  ( 1.000000000000000000, 0.0000000000000000000, 0.0000000000000000000 ) ) ;
#640 = TOROIDAL_SURFACE ( 'NONE', #1096, 19.04999999999999700, 10.16000000000000000 ) ;
#641 = ORIENTED_EDGE ( 'NONE', *, *, #751, .F. ) ;
#642 = ORIENTED_EDGE ( 'NONE', *, *, #31, .T. ) ;
#643 = ORIENTED_EDGE ( 'NONE', *, *, #2565, .T. ) ;
#644 = ADVANCED_FACE ( 'NONE', ( #1006 ), #1612, .T. ) ;
#645 = TOROIDAL_SURFACE ( 'NONE', #742, 47.50000000000000000, 1.587499999999999900 ) ;
#646 = EDGE_CURVE ( 'NONE', #1040, #1573, #451, .T. ) ;
#647 = ORIENTED_EDGE ( 'NONE', *, *, #1863, .T. ) ;
#648 = DIRECTION ( 'NONE',  ( -0.0000000000000000000, 1.000000000000000000, -0.0000000000000000000 ) ) ;
#649 = DIRECTION ( 'NONE',  ( -1.000000000000000000, -2.406071707233087900E-018, 0.0000000000000000000 ) ) ;
#650 = DIRECTION ( 'NONE',  ( 0.0000000000000000000, -0.6969696969696744800, -0.7171005797696723400 ) ) ;
#651 = CARTESIAN_POINT ( 'NONE',  ( 24.61757988836432900, -71.84606060606057600, -1.138397170384332300 ) ) ;
#652 = FACE_OUTER_BOUND ( 'NONE', #1896, .T. ) ;
#653 = DIRECTION ( 'NONE',  ( -0.0000000000000000000, 1.000000000000000000, -0.0000000000000000000 ) ) ;
#654 = CARTESIAN_POINT ( 'NONE',  ( -24.61757988836432900, -71.84606060606057600, -1.138397170384333900 ) ) ;
#655 = CIRCLE ( 'NONE', #727, 47.50000000000000000 ) ;
#656 = VECTOR ( 'NONE', #2803, 1000.000000000000000 ) ;
#657 = CARTESIAN_POINT ( 'NONE',  ( -47.50000000000000000, -3.174999999999999800, 0.0000000000000000000 ) ) ;
#658 = CARTESIAN_POINT ( 'NONE',  ( 24.15045794645406100, -70.91438830610493900, 0.5491980513243398500 ) ) ;
#659 = AXIS2_PLACEMENT_3D ( 'NONE', #2510, #2524, #1599 ) ;
#660 = CARTESIAN_POINT ( 'NONE',  ( -34.63744400950390200, -71.49200000000000400, 1.525029012340903800 ) ) ;
#661 = CARTESIAN_POINT ( 'NONE',  ( 3.686064400753618300E-015, 0.0000000000000000000, 30.09900000000000000 ) ) ;
#662 = ADVANCED_FACE ( 'NONE', ( #2733 ), #2798, .T. ) ;
#663 =( NAMED_UNIT ( * ) SI_UNIT ( $, .STERADIAN. ) SOLID_ANGLE_UNIT ( ) );
#664 = AXIS2_PLACEMENT_3D ( 'NONE', #2637, #2652, #2717 ) ;
#665 = EDGE_CURVE ( 'NONE', #1040, #442, #2794, .T. ) ;
#666 = VERTEX_POINT ( 'NONE', #2399 ) ;
#667 = CARTESIAN_POINT ( 'NONE',  ( -34.65397330279201800, -71.85759218331975300, 1.149605026206300700 ) ) ;
#668 = DIRECTION ( 'NONE',  ( -1.000000000000000000, -1.120535769457212900E-016, 0.0000000000000000000 ) ) ;
#669 = EDGE_CURVE ( 'NONE', #2173, #1993, #1545, .T. ) ;
#670 = CARTESIAN_POINT ( 'NONE',  ( 0.0000000000000000000, -66.69140000000000200, 16.50999999999999400 ) ) ;
#671 = ORIENTED_EDGE ( 'NONE', *, *, #1600, .F. ) ;
#672 = EDGE_LOOP ( 'NONE', ( #424, #414 ) ) ;
#673 = B_SPLINE_CURVE_WITH_KNOTS ( 'NONE', 3,
 ( #654, #620, #613, #611, #602, #594, #589, #585, #580, #577, #573, #562, #561, #556 ),
 .UNSPECIFIED., .F., .F.,
 ( 4, 2, 2, 2, 2, 2, 4 ),
 ( 0.0000000000000000000, 0.0006358176990174794300, 0.001271635398034958900, 0.001589544247543698700, 0.001907453097052438300, 0.002225361946561177900, 0.002543270796069917700 ),
 .UNSPECIFIED. ) ;
#674 = VERTEX_POINT ( 'NONE', #2445 ) ;
#675 = FACE_OUTER_BOUND ( 'NONE', #1791, .T. ) ;
#676 = ORIENTED_EDGE ( 'NONE', *, *, #2475, .F. ) ;
#677 = CARTESIAN_POINT ( 'NONE',  ( 34.67099697821599600, -70.85704854311853800, 0.1418559996974871900 ) ) ;
#678 = EDGE_LOOP ( 'NONE', ( #1286, #1538, #1255, #1819 ) ) ;
#679 = CARTESIAN_POINT ( 'NONE',  ( 22.06858357739416800, -72.00000000000000000, 14.68437500000012000 ) ) ;
#680 = CARTESIAN_POINT ( 'NONE',  ( -34.12993567236831200, -71.84606060606059000, 1.138397170384348100 ) ) ;
#681 = DIRECTION ( 'NONE',  ( 0.0000000000000000000, -0.6969696969696744800, 0.7171005797696723400 ) ) ;
#682 = ORIENTED_EDGE ( 'NONE', *, *, #142, .F. ) ;
#683 = DIRECTION ( 'NONE',  ( 1.000000000000000000, 0.0000000000000000000, 0.0000000000000000000 ) ) ;
#684 = AXIS2_PLACEMENT_3D ( 'NONE', #2569, #2601, #2611 ) ;
#685 = AXIS2_PLACEMENT_3D ( 'NONE', #1678, #1646, #1584 ) ;
#686 = ORIENTED_EDGE ( 'NONE', *, *, #953, .T. ) ;
#687 = LINE ( 'NONE', #2793, #656 ) ;
#688 = ORIENTED_EDGE ( 'NONE', *, *, #1873, .F. ) ;
#689 = DIRECTION ( 'NONE',  ( 1.870988165364011900E-016, -1.000000000000000000, 0.0000000000000000000 ) ) ;
#690 = EDGE_CURVE ( 'NONE', #246, #1035, #2842, .T. ) ;
#691 = CIRCLE ( 'NONE', #867, 10.16000000000000200 ) ;
#692 = CARTESIAN_POINT ( 'NONE',  ( -34.64615572120738600, -71.29140180944004600, 1.327162988865645100 ) ) ;
#693 = CARTESIAN_POINT ( 'NONE',  ( -24.61757988836432900, -71.49199999999999000, -1.502684264907326400 ) ) ;
#694 = CARTESIAN_POINT ( 'NONE',  ( 1.337606859182039400E-014, -71.49200000000000400, 0.0000000000000000000 ) ) ;
#695 = CIRCLE ( 'NONE', #818, 20.95500000000000200 ) ;
#696 = CARTESIAN_POINT ( 'NONE',  ( 24.64138783334305300, -71.57263679655413600, -0.8129657331333132200 ) ) ;
#697 = EDGE_CURVE ( 'NONE', #2403, #1120, #2274, .T. ) ;
#698 = DIRECTION ( 'NONE',  ( -1.255360391952542600E-016, 1.000000000000000000, -0.0000000000000000000 ) ) ;
#699 = AXIS2_PLACEMENT_3D ( 'NONE', #2671, #1262, #809 ) ;
#700 = CARTESIAN_POINT ( 'NONE',  ( -34.65824089655031800, -71.70481127132714500, 1.004093101834330600 ) ) ;
#701 = CARTESIAN_POINT ( 'NONE',  ( 3.888253587292846500E-015, 0.0000000000000000000, -31.75000000000000000 ) ) ;
#702 = DIRECTION ( 'NONE',  ( -0.06092770116477562400, -8.521164740427664700E-016, 0.9981421818712882300 ) ) ;
#703 = ORIENTED_EDGE ( 'NONE', *, *, #2753, .T. ) ;
#704 = AXIS2_PLACEMENT_3D ( 'NONE', #1204, #1253, #1244 ) ;
#705 = CARTESIAN_POINT ( 'NONE',  ( 1.347111479062088500E-014, -72.00000000000000000, 0.0000000000000000000 ) ) ;
#706 = ORIENTED_EDGE ( 'NONE', *, *, #2366, .F. ) ;
#707 = EDGE_CURVE ( 'NONE', #442, #91, #1690, .T. ) ;
#708 = ORIENTED_EDGE ( 'NONE', *, *, #953, .F. ) ;
#709 = ORIENTED_EDGE ( 'NONE', *, *, #2072, .F. ) ;
#710 = CARTESIAN_POINT ( 'NONE',  ( -34.13852005133279700, -71.69408679327054300, 0.9906896587244991000 ) ) ;
#711 = CARTESIAN_POINT ( 'NONE',  ( -24.15539591539383600, -70.85704908631113600, 0.1369348228005681500 ) ) ;
#712 = FACE_OUTER_BOUND ( 'NONE', #2198, .T. ) ;
#713 = ORIENTED_EDGE ( 'NONE', *, *, #1062, .T. ) ;
#714 = EDGE_LOOP ( 'NONE', ( #2139, #1934, #1994, #2027 ) ) ;
#715 = FACE_OUTER_BOUND ( 'NONE', #276, .T. ) ;
#716 = EDGE_LOOP ( 'NONE', ( #166, #626, #2761, #642 ) ) ;
#717 = DIRECTION ( 'NONE',  ( -1.870988165364011900E-016, 1.000000000000000000, -0.0000000000000000000 ) ) ;
#718 = ORIENTED_EDGE ( 'NONE', *, *, #800, .F. ) ;
#719 = EDGE_LOOP ( 'NONE', ( #2719, #2105 ) ) ;
#720 = CARTESIAN_POINT ( 'NONE',  ( 2.081668171172168500E-014, -72.00000000000001400, -29.36875000000000200 ) ) ;
#721 = DIRECTION ( 'NONE',  ( -2.406071707233087900E-018, 1.000000000000000000, 0.0000000000000000000 ) ) ;
#722 = CARTESIAN_POINT ( 'NONE',  ( -24.66339582943365000, -71.36503718606957100, 0.1059201740907374200 ) ) ;
#723 = DIRECTION ( 'NONE',  ( -0.5000000000000102100, 0.0000000000000000000, -0.8660254037844327100 ) ) ;
#724 = FACE_OUTER_BOUND ( 'NONE', #1719, .T. ) ;
#725 = CARTESIAN_POINT ( 'NONE',  ( 0.0000000000000000000, 0.0000000000000000000, 0.0000000000000000000 ) ) ;
#726 = ORIENTED_EDGE ( 'NONE', *, *, #847, .T. ) ;
#727 = AXIS2_PLACEMENT_3D ( 'NONE', #583, #329, #2537 ) ;
#728 = AXIS2_PLACEMENT_3D ( 'NONE', #1983, #1965, #1954 ) ;
#729 = TOROIDAL_SURFACE ( 'NONE', #823, 47.50000000000000000, 1.587499999999999900 ) ;
#730 = CARTESIAN_POINT ( 'NONE',  ( 2.021891865392278700E-015, 0.0000000000000000000, -16.50999999999999100 ) ) ;
#731 = DIRECTION ( 'NONE',  ( -1.000000000000000000, -2.406071707233087900E-018, 0.0000000000000000000 ) ) ;
#732 = FACE_OUTER_BOUND ( 'NONE', #1976, .T. ) ;
#733 = ADVANCED_FACE ( 'NONE', ( #64 ), #2482, .F. ) ;
#734 = DIRECTION ( 'NONE',  ( -1.120535769457212900E-016, 1.000000000000000000, -0.0000000000000000000 ) ) ;
#735 = EDGE_CURVE ( 'NONE', #1520, #1159, #1295, .T. ) ;
#736 = CARTESIAN_POINT ( 'NONE',  ( 1.717093073866893100E-016, -71.36499999999999500, 0.0000000000000000000 ) ) ;
#737 = CIRCLE ( 'NONE', #884, 45.00000000000000000 ) ;
#738 = CARTESIAN_POINT ( 'NONE',  ( -24.13815442186853500, -71.68055214113566400, 0.9736778467263302900 ) ) ;
#739 = CARTESIAN_POINT ( 'NONE',  ( 40.00000000000000700, -3.799999999999995800, 4.898587196589413800E-015 ) ) ;
#740 = CARTESIAN_POINT ( 'NONE',  ( 24.15249157425379400, -71.41517412207069500, -0.4092710186828124000 ) ) ;
#741 = CARTESIAN_POINT ( 'NONE',  ( 34.15633097843124900, -71.44905198271745000, 0.5205722900930788200 ) ) ;
#742 = AXIS2_PLACEMENT_3D ( 'NONE', #2810, #1845, #36 ) ;
#743 = AXIS2_PLACEMENT_3D ( 'NONE', #694, #1283, #813 ) ;
#744 = CARTESIAN_POINT ( 'NONE',  ( 0.0000000000000000000, -6.411999999999999900, -30.09900000000000000 ) ) ;
#745 = ORIENTED_EDGE ( 'NONE', *, *, #552, .T. ) ;
#746 = EDGE_LOOP ( 'NONE', ( #816, #27, #745, #1722 ) ) ;
#747 = ADVANCED_FACE ( 'NONE', ( #1076 ), #1187, .F. ) ;
#748 = CARTESIAN_POINT ( 'NONE',  ( 0.0000000000000000000, -3.799999999999999800, 0.0000000000000000000 ) ) ;
#749 = VERTEX_POINT ( 'NONE', #2217 ) ;
#750 = EDGE_LOOP ( 'NONE', ( #1476, #1416, #2311, #59 ) ) ;
#751 = EDGE_CURVE ( 'NONE', #1573, #91, #754, .T. ) ;
#752 = EDGE_LOOP ( 'NONE', ( #2106, #186, #1485, #204 ) ) ;
#753 = DIRECTION ( 'NONE',  ( -0.0000000000000000000, -1.000000000000000000, -0.0000000000000000000 ) ) ;
#754 = LINE ( 'NONE', #2296, #1906 ) ;
#755 = DIRECTION ( 'NONE',  ( -2.178802052069748800E-016, 1.000000000000000000, -5.331492910495809400E-017 ) ) ;
#756 = FACE_OUTER_BOUND ( 'NONE', #1992, .T. ) ;
#757 = ORIENTED_EDGE ( 'NONE', *, *, #476, .F. ) ;
#758 = ORIENTED_EDGE ( 'NONE', *, *, #630, .F. ) ;
#759 = CARTESIAN_POINT ( 'NONE',  ( 34.15018512276697000, -71.53143604948404300, 0.7154919275767619400 ) ) ;
#760 = CYLINDRICAL_SURFACE ( 'NONE', #955, 40.00000000000000700 ) ;
#761 = VERTEX_POINT ( 'NONE', #2227 ) ;
#762 = ADVANCED_FACE ( 'NONE', ( #675 ), #2696, .F. ) ;
#763 = CARTESIAN_POINT ( 'NONE',  ( -45.00000000000000000, -12.00000000000000000, 0.0000000000000000000 ) ) ;
#764 = CIRCLE ( 'NONE', #985, 0.5079999999999989000 ) ;
#765 = EDGE_LOOP ( 'NONE', ( #582, #1358 ) ) ;
#766 = CARTESIAN_POINT ( 'NONE',  ( 0.0000000000000000000, 0.0000000000000000000, 0.0000000000000000000 ) ) ;
#767 = DIRECTION ( 'NONE',  ( -2.406071707233087900E-018, 1.000000000000000000, -0.0000000000000000000 ) ) ;
#768 = CYLINDRICAL_SURFACE ( 'NONE', #978, 20.95500000000000200 ) ;
#769 = EDGE_LOOP ( 'NONE', ( #1087, #1123, #1125, #1154 ) ) ;
#770 = DIRECTION ( 'NONE',  ( -1.120535769457212900E-016, 1.000000000000000000, -0.0000000000000000000 ) ) ;
#771 = EDGE_CURVE ( 'NONE', #318, #1143, #1449, .T. ) ;
#772 = CIRCLE ( 'NONE', #1055, 29.21000000000000100 ) ;
#773 = CARTESIAN_POINT ( 'NONE',  ( 1.337606859182039400E-014, -71.49200000000000400, 0.0000000000000000000 ) ) ;
#774 = EDGE_CURVE ( 'NONE', #91, #442, #127, .T. ) ;
#775 = CARTESIAN_POINT ( 'NONE',  ( 24.15540000000019900, -70.85699999999759800, 0.2733206807136213100 ) ) ;
#776 = CARTESIAN_POINT ( 'NONE',  ( -25.43408357739414400, -72.00000000000001400, -14.68437500000012000 ) ) ;
#777 = CARTESIAN_POINT ( 'NONE',  ( 24.66217771470774500, -71.37579597193463600, -0.2129156754512462600 ) ) ;
#778 = CARTESIAN_POINT ( 'NONE',  ( -34.15877383545690500, -71.41793647013450700, -0.4200511747943060400 ) ) ;
#779 = DIRECTION ( 'NONE',  ( 0.0000000000000000000, 0.0000000000000000000, 1.000000000000000000 ) ) ;
#780 = EDGE_LOOP ( 'NONE', ( #1185, #532, #1101, #603 ) ) ;
#781 = DIRECTION ( 'NONE',  ( -0.0000000000000000000, 1.000000000000000000, -0.0000000000000000000 ) ) ;
#782 = VERTEX_POINT ( 'NONE', #2169 ) ;
#783 = CARTESIAN_POINT ( 'NONE',  ( 24.15540000000000000, -70.85699999999995700, -1.736158758920792700E-011 ) ) ;
#784 = EDGE_LOOP ( 'NONE', ( #1243, #2721 ) ) ;
#785 = AXIS2_PLACEMENT_3D ( 'NONE', #2785, #2746, #2766 ) ;
#786 = AXIS2_PLACEMENT_3D ( 'NONE', #2369, #2364, #2363 ) ;
#787 = DIRECTION ( 'NONE',  ( 1.870988165364011900E-016, -1.000000000000000000, 0.0000000000000000000 ) ) ;
#788 = DIRECTION ( 'NONE',  ( -1.000000000000000000, -1.152678478339351400E-016, 0.0000000000000000000 ) ) ;
#789 = LINE ( 'NONE', #2751, #455 ) ;
#790 = ORIENTED_EDGE ( 'NONE', *, *, #596, .T. ) ;
#791 = CARTESIAN_POINT ( 'NONE',  ( 34.64612685709790400, -71.29206644611402100, 1.327818569165308600 ) ) ;
#792 = EDGE_LOOP ( 'NONE', ( #13, #1941, #96, #2477 ) ) ;
#793 = EDGE_CURVE ( 'NONE', #614, #1788, #825, .T. ) ;
#794 = CIRCLE ( 'NONE', #480, 3.365500000000000800 ) ;
#795 = DIRECTION ( 'NONE',  ( 0.0000000000000000000, 1.000000000000000000, 0.0000000000000000000 ) ) ;
#796 = ORIENTED_EDGE ( 'NONE', *, *, #510, .F. ) ;
#797 = EDGE_LOOP ( 'NONE', ( #28, #2600, #1188, #2380 ) ) ;
#798 = DIRECTION ( 'NONE',  ( 1.000000000000000000, 1.870988165364011900E-016, 0.0000000000000000000 ) ) ;
#799 = ORIENTED_EDGE ( 'NONE', *, *, #1721, .F. ) ;
#800 = EDGE_CURVE ( 'NONE', #2787, #2195, #1695, .T. ) ;
#801 = FACE_OUTER_BOUND ( 'NONE', #129, .T. ) ;
#802 = ORIENTED_EDGE ( 'NONE', *, *, #1817, .F. ) ;
#803 = EDGE_LOOP ( 'NONE', ( #346, #303, #1822, #799, #1320 ) ) ;
#804 = CARTESIAN_POINT ( 'NONE',  ( 24.15479867088248900, -71.37516872029408400, -0.2070228614616983800 ) ) ;
#805 = FACE_OUTER_BOUND ( 'NONE', #769, .T. ) ;
#806 = CARTESIAN_POINT ( 'NONE',  ( -24.61757988836432900, -71.49199999999999000, -1.502684264907322900 ) ) ;
#807 = AXIS2_PLACEMENT_3D ( 'NONE', #2806, #219, #244 ) ;
#808 = TOROIDAL_SURFACE ( 'NONE', #920, 19.04999999999999700, 10.16000000000000000 ) ;
#809 = DIRECTION ( 'NONE',  ( 1.000000000000000000, 1.870988165364011900E-016, 0.0000000000000000000 ) ) ;
#810 = CARTESIAN_POINT ( 'NONE',  ( -34.16299702743233300, -71.36503671353311500, -0.1059079551928694700 ) ) ;
#811 = DIRECTION ( 'NONE',  ( -1.000000000000000000, 0.0000000000000000000, 0.0000000000000000000 ) ) ;
#812 = DIRECTION ( 'NONE',  ( -1.255360391952542600E-016, 1.000000000000000000, 0.0000000000000000000 ) ) ;
#813 = DIRECTION ( 'NONE',  ( 1.000000000000000000, 0.0000000000000000000, 0.0000000000000000000 ) ) ;
#814 = CARTESIAN_POINT ( 'NONE',  ( 1.689065939458788100E-016, -70.20014966225443200, 0.0000000000000000000 ) ) ;
#815 = ORIENTED_EDGE ( 'NONE', *, *, #2379, .T. ) ;
#816 = ORIENTED_EDGE ( 'NONE', *, *, #485, .F. ) ;
#817 = CARTESIAN_POINT ( 'NONE',  ( 24.13395330301413800, -71.12958037797440600, 1.048133146193911400 ) ) ;
#818 = AXIS2_PLACEMENT_3D ( 'NONE', #490, #22, #262 ) ;
#819 = VERTEX_POINT ( 'NONE', #2095 ) ;
#820 = CARTESIAN_POINT ( 'NONE',  ( 25.43408357739416900, -72.00000000000000000, 14.68437500000012000 ) ) ;
#821 = EDGE_LOOP ( 'NONE', ( #904, #1259 ) ) ;
#822 = EDGE_LOOP ( 'NONE', ( #270, #1769, #1903, #2587 ) ) ;
#823 = AXIS2_PLACEMENT_3D ( 'NONE', #1361, #1387, #668 ) ;
#824 = DIRECTION ( 'NONE',  ( 1.000000000000000000, 0.0000000000000000000, 0.0000000000000000000 ) ) ;
#825 = CIRCLE ( 'NONE', #405, 46.99199999999999700 ) ;
#826 = EDGE_CURVE ( 'NONE', #349, #865, #2110, .T. ) ;
#827 = FACE_OUTER_BOUND ( 'NONE', #750, .T. ) ;
#828 = ORIENTED_EDGE ( 'NONE', *, *, #793, .T. ) ;
#829 = CARTESIAN_POINT ( 'NONE',  ( -34.12993567236831900, -71.49200000000000400, -1.502684264907322900 ) ) ;
#830 = CARTESIAN_POINT ( 'NONE',  ( -24.12213890247603100, -71.29210093847730400, 1.281447403852395300 ) ) ;
#831 = DIRECTION ( 'NONE',  ( -1.000000000000000000, -1.131341397376178600E-016, 0.0000000000000000000 ) ) ;
#832 = EDGE_CURVE ( 'NONE', #1970, #928, #2204, .T. ) ;
#833 = EDGE_LOOP ( 'NONE', ( #2557, #1293, #61, #1222 ) ) ;
#834 = CIRCLE ( 'NONE', #939, 0.5079999999999989000 ) ;
#835 = ORIENTED_EDGE ( 'NONE', *, *, #2407, .F. ) ;
#836 = CARTESIAN_POINT ( 'NONE',  ( 24.11052365997371500, -71.49199999999997600, -1.471732992715610200 ) ) ;
#837 = DATE_TIME_ROLE ( 'creation_date' ) ;
#838 = TOROIDAL_SURFACE ( 'NONE', #998, 21.58999999999999600, 10.16000000000000000 ) ;
#839 = ORIENTED_EDGE ( 'NONE', *, *, #2079, .F. ) ;
#840 = CARTESIAN_POINT ( 'NONE',  ( -34.65496267181779200, -71.12951619865955900, 1.085974658593019900 ) ) ;
#841 = DIRECTION ( 'NONE',  ( 1.000000000000000000, -0.0000000000000000000, -0.0000000000000000000 ) ) ;
#842 = CYLINDRICAL_SURFACE ( 'NONE', #1024, 47.50000000000000000 ) ;
#843 = DIRECTION ( 'NONE',  ( 0.0000000000000000000, 0.0000000000000000000, -1.000000000000000000 ) ) ;
#844 = VERTEX_POINT ( 'NONE', #2056 ) ;
#845 = CARTESIAN_POINT ( 'NONE',  ( 34.12993567236834000, -71.84606060606057600, -1.138397170384333900 ) ) ;
#846 = FACE_OUTER_BOUND ( 'NONE', #188, .T. ) ;
#847 = EDGE_CURVE ( 'NONE', #973, #1414, #1753, .T. ) ;
#848 = CARTESIAN_POINT ( 'NONE',  ( 3.577193300309419100E-015, -6.411999999999999900, -29.21000000000000100 ) ) ;
#849 = CARTESIAN_POINT ( 'NONE',  ( -34.66270995058232500, -71.57860584078648000, 0.8237694677733040600 ) ) ;
#850 = CARTESIAN_POINT ( 'NONE',  ( 0.0000000000000000000, -58.19320477360418700, 0.0000000000000000000 ) ) ;
#851 = DIRECTION ( 'NONE',  ( -0.0000000000000000000, 1.000000000000000000, -0.0000000000000000000 ) ) ;
#852 = EDGE_CURVE ( 'NONE', #844, #334, #2347, .T. ) ;
#853 = DIRECTION ( 'NONE',  ( -1.000000000000000000, 0.0000000000000000000, 0.0000000000000000000 ) ) ;
#854 = CARTESIAN_POINT ( 'NONE',  ( 34.12993567236834000, -71.49199999999999000, -1.502684264907322900 ) ) ;
#855 = ORIENTED_EDGE ( 'NONE', *, *, #2028, .F. ) ;
#856 = EDGE_CURVE ( 'NONE', #896, #2403, #2279, .T. ) ;
#857 = VERTEX_POINT ( 'NONE', #2026 ) ;
#858 = ORIENTED_EDGE ( 'NONE', *, *, #2273, .F. ) ;
#859 = CARTESIAN_POINT ( 'NONE',  ( -34.14719765164869600, -71.57145166526167700, 0.8106537441031753700 ) ) ;
#860 = DIRECTION ( 'NONE',  ( -1.000000000000000000, -1.156482317317871200E-016, 0.0000000000000000000 ) ) ;
#861 = CARTESIAN_POINT ( 'NONE',  ( 0.0000000000000000000, -3.799999999999999800, 0.0000000000000000000 ) ) ;
#862 = AXIS2_PLACEMENT_3D ( 'NONE', #1353, #184, #1579 ) ;
#863 = FACE_BOUND ( 'NONE', #1613, .T. ) ;
#864 = DIRECTION ( 'NONE',  ( 0.5000000000000040000, 0.0000000000000000000, 0.8660254037844363800 ) ) ;
#865 = VERTEX_POINT ( 'NONE', #1995 ) ;
#866 = ORIENTED_EDGE ( 'NONE', *, *, #2407, .T. ) ;
#867 = AXIS2_PLACEMENT_3D ( 'NONE', #2829, #2853, #2874 ) ;
#868 = CIRCLE ( 'NONE', #2371, 31.29455743781758100 ) ;
#869 = ORIENTED_EDGE ( 'NONE', *, *, #2222, .F. ) ;
#870 = DIRECTION ( 'NONE',  ( -2.178802052069748800E-016, 1.000000000000000000, -5.331492910495809400E-017 ) ) ;
#871 = ORIENTED_EDGE ( 'NONE', *, *, #2839, .F. ) ;
#872 = CARTESIAN_POINT ( 'NONE',  ( -34.66734793894853100, -70.91365967196938400, 0.5663617431220244700 ) ) ;
#873 = CARTESIAN_POINT ( 'NONE',  ( 3.686064400753618300E-015, -6.411999999999999900, 30.09900000000000000 ) ) ;
#874 = DIRECTION ( 'NONE',  ( -1.120535769457212900E-016, 1.000000000000000000, -0.0000000000000000000 ) ) ;
#875 = ORIENTED_EDGE ( 'NONE', *, *, #370, .T. ) ;
#876 = VECTOR ( 'NONE', #207, 1000.000000000000000 ) ;
#877 = CARTESIAN_POINT ( 'NONE',  ( 2.081668171172168500E-014, -72.00000000000001400, -29.36875000000000200 ) ) ;
#878 = VERTEX_POINT ( 'NONE', #1987 ) ;
#879 = LINE ( 'NONE', #294, #876 ) ;
#880 = CIRCLE ( 'NONE', #1036, 29.21000000000000100 ) ;
#881 = CARTESIAN_POINT ( 'NONE',  ( -34.66907230932233800, -71.41001261503785700, 0.4315603946369746500 ) ) ;
#882 = CARTESIAN_POINT ( 'NONE',  ( 34.63744400950393800, -71.49199999999999000, -1.525029012340891400 ) ) ;
#883 = DIRECTION ( 'NONE',  ( 0.0000000000000000000, -1.000000000000000000, 0.0000000000000000000 ) ) ;
#884 = AXIS2_PLACEMENT_3D ( 'NONE', #2214, #969, #1916 ) ;
#885 = AXIS2_PLACEMENT_3D ( 'NONE', #2094, #2091, #2090 ) ;
#886 = CARTESIAN_POINT ( 'NONE',  ( -34.15940144833716400, -71.40792399430569000, 0.4227753047961141400 ) ) ;
#887 = DIRECTION ( 'NONE',  ( -1.000000000000000000, 0.0000000000000000000, 0.0000000000000000000 ) ) ;
#888 = DIRECTION ( 'NONE',  ( -1.120535769457212900E-016, 1.000000000000000000, -0.0000000000000000000 ) ) ;
#889 = EDGE_CURVE ( 'NONE', #407, #1257, #1825, .T. ) ;
#890 = CARTESIAN_POINT ( 'NONE',  ( 24.12212610764924700, -71.30247837221499200, -1.272376090469202300 ) ) ;
#891 = VERTEX_POINT ( 'NONE', #1984 ) ;
#892 = DIRECTION ( 'NONE',  ( -1.120535769457212900E-016, 1.000000000000000000, -0.0000000000000000000 ) ) ;
#893 = ORIENTED_EDGE ( 'NONE', *, *, #476, .T. ) ;
#894 = EDGE_LOOP ( 'NONE', ( #708, #726, #893, #676 ) ) ;
#895 = EDGE_LOOP ( 'NONE', ( #871, #2847, #713, #1440 ) ) ;
#896 = VERTEX_POINT ( 'NONE', #1949 ) ;
#897 = DIRECTION ( 'NONE',  ( -2.406071707233087900E-018, 1.000000000000000000, -0.0000000000000000000 ) ) ;
#898 = DIRECTION ( 'NONE',  ( 0.0000000000000000000, -1.000000000000000000, 0.0000000000000000000 ) ) ;
#899 = CARTESIAN_POINT ( 'NONE',  ( 20.95500000000000200, -71.36499999999999500, 2.566247367613278800E-015 ) ) ;
#900 = CARTESIAN_POINT ( 'NONE',  ( 34.63744400950393000, -71.49200000000000400, 1.525029012340903400 ) ) ;
#901 = CIRCLE ( 'NONE', #1517, 34.67100000000000600 ) ;
#902 = CIRCLE ( 'NONE', #2724, 30.09900000000000000 ) ;
#903 = AXIS2_PLACEMENT_3D ( 'NONE', #1676, #1665, #1651 ) ;
#904 = ORIENTED_EDGE ( 'NONE', *, *, #472, .F. ) ;
#905 = EDGE_LOOP ( 'NONE', ( #2449, #2237, #192, #1964 ) ) ;
#906 = CIRCLE ( 'NONE', #1133, 29.21000000000000100 ) ;
#907 = EDGE_CURVE ( 'NONE', #349, #2063, #2410, .T. ) ;
#908 = ORIENTED_EDGE ( 'NONE', *, *, #2020, .T. ) ;
#909 = CARTESIAN_POINT ( 'NONE',  ( -34.67100601984561300, -70.85690329484354800, 0.2814905402937108400 ) ) ;
#910 = CARTESIAN_POINT ( 'NONE',  ( 25.43408357739416900, -59.29999999999999000, 14.68437500000012000 ) ) ;
#911 = TOROIDAL_SURFACE ( 'NONE', #1075, 26.66999999999999100, 10.16000000000000000 ) ;
#912 = EDGE_LOOP ( 'NONE', ( #1506, #1583, #1931, #440 ) ) ;
#913 = VECTOR ( 'NONE', #245, 1000.000000000000200 ) ;
#914 = ORIENTED_EDGE ( 'NONE', *, *, #2485, .T. ) ;
#915 = CYLINDRICAL_SURFACE ( 'NONE', #1095, 19.04999999999999400 ) ;
#916 = DIRECTION ( 'NONE',  ( 1.000000000000000000, 1.870988165364011900E-016, 0.0000000000000000000 ) ) ;
#917 = CARTESIAN_POINT ( 'NONE',  ( 2.081668171172168500E-014, -72.00000000000001400, -29.36875000000000200 ) ) ;
#918 = CARTESIAN_POINT ( 'NONE',  ( 8.619161138664877600E-016, -11.49199999999999600, 0.0000000000000000000 ) ) ;
#919 = DIRECTION ( 'NONE',  ( -0.9396926207859075400, 0.3420201433256710400, 0.0000000000000000000 ) ) ;
#920 = AXIS2_PLACEMENT_3D ( 'NONE', #517, #2298, #1405 ) ;
#921 = EDGE_CURVE ( 'NONE', #2063, #674, #2904, .T. ) ;
#922 = DIRECTION ( 'NONE',  ( 1.870988165364011900E-016, -1.000000000000000000, 0.0000000000000000000 ) ) ;
#923 = ORIENTED_EDGE ( 'NONE', *, *, #317, .F. ) ;
#924 = DIRECTION ( 'NONE',  ( 0.5000000000000040000, 0.0000000000000000000, 0.8660254037844363800 ) ) ;
#925 = CARTESIAN_POINT ( 'NONE',  ( -34.67100314393381000, -71.36492386274274200, 0.2142496535476094100 ) ) ;
#926 = CARTESIAN_POINT ( 'NONE',  ( -24.62943904813560200, -71.69462650495646000, 0.9912142192963391300 ) ) ;
#927 = ORIENTED_EDGE ( 'NONE', *, *, #1379, .F. ) ;
#928 = VERTEX_POINT ( 'NONE', #1912 ) ;
#929 = ADVANCED_FACE ( 'NONE', ( #1660 ), #2244, .T. ) ;
#930 = CIRCLE ( 'NONE', #2659, 40.00000000000000700 ) ;
#931 = ORIENTED_EDGE ( 'NONE', *, *, #375, .T. ) ;
#932 = VERTEX_POINT ( 'NONE', #1861 ) ;
#933 = FACE_OUTER_BOUND ( 'NONE', #1862, .T. ) ;
#934 = ORIENTED_EDGE ( 'NONE', *, *, #1639, .T. ) ;
#935 = CARTESIAN_POINT ( 'NONE',  ( -34.16300593172773100, -71.36492673957764100, 0.2101258611919775100 ) ) ;
#936 = CARTESIAN_POINT ( 'NONE',  ( -24.61757988836433200, -71.84606060606059000, 1.138397170384347800 ) ) ;
#937 = ORIENTED_EDGE ( 'NONE', *, *, #575, .F. ) ;
#938 = CARTESIAN_POINT ( 'NONE',  ( 1.347111479062088700E-014, -72.00000000000000000, 0.0000000000000000000 ) ) ;
#939 = AXIS2_PLACEMENT_3D ( 'NONE', #2549, #1503, #650 ) ;
#940 = AXIS2_PLACEMENT_3D ( 'NONE', #2142, #2135, #2132 ) ;
#941 = ORIENTED_EDGE ( 'NONE', *, *, #126, .T. ) ;
#942 = CIRCLE ( 'NONE', #1129, 0.5079999999999997900 ) ;
#943 = ORIENTED_EDGE ( 'NONE', *, *, #1167, .T. ) ;
#944 = EDGE_CURVE ( 'NONE', #1298, #2869, #2037, .T. ) ;
#945 = FACE_OUTER_BOUND ( 'NONE', #1108, .T. ) ;
#946 = DIRECTION ( 'NONE',  ( -2.178802052069748800E-016, 1.000000000000000000, -5.331492910495809400E-017 ) ) ;
#947 = CARTESIAN_POINT ( 'NONE',  ( -34.67099697821596700, -70.85704854311853800, -0.1418559996974724500 ) ) ;
#948 = CARTESIAN_POINT ( 'NONE',  ( -34.13852640029610800, -71.70177170168788900, -0.9833153472837348200 ) ) ;
#949 = CARTESIAN_POINT ( 'NONE',  ( 34.16300593172776000, -71.36492673957764100, -0.2101258611919576700 ) ) ;
#950 = CARTESIAN_POINT ( 'NONE',  ( 47.50000000000000000, -11.49199999999999000, 5.817072295949928200E-015 ) ) ;
#951 = FACE_OUTER_BOUND ( 'NONE', #792, .T. ) ;
#952 = DIRECTION ( 'NONE',  ( 0.0000000000000000000, 0.0000000000000000000, -1.000000000000000000 ) ) ;
#953 = EDGE_CURVE ( 'NONE', #973, #2195, #1045, .T. ) ;
#954 = DIRECTION ( 'NONE',  ( -2.406071707233087900E-018, 1.000000000000000000, -0.0000000000000000000 ) ) ;
#955 = AXIS2_PLACEMENT_3D ( 'NONE', #748, #392, #1433 ) ;
#956 = AXIS2_PLACEMENT_3D ( 'NONE', #2539, #316, #331 ) ;
#957 = CARTESIAN_POINT ( 'NONE',  ( -24.12217663820425900, -71.29145150023123300, -1.280829201927934100 ) ) ;
#958 = DIRECTION ( 'NONE',  ( 0.0000000000000000000, 0.0000000000000000000, -1.000000000000000000 ) ) ;
#959 = ADVANCED_FACE ( 'NONE', ( #417 ), #640, .F. ) ;
#960 = DIRECTION ( 'NONE',  ( -1.120535769457212900E-016, 1.000000000000000000, -0.0000000000000000000 ) ) ;
#961 = DIRECTION ( 'NONE',  ( 0.0000000000000000000, 0.0000000000000000000, 1.000000000000000000 ) ) ;
#962 = VERTEX_POINT ( 'NONE', #1846 ) ;
#963 = EDGE_CURVE ( 'NONE', #865, #674, #2877, .T. ) ;
#964 = ORIENTED_EDGE ( 'NONE', *, *, #2470, .T. ) ;
#965 = DIRECTION ( 'NONE',  ( 0.0000000000000000000, -1.000000000000000000, 0.0000000000000000000 ) ) ;
#966 = ORIENTED_EDGE ( 'NONE', *, *, #2485, .F. ) ;
#967 = DIRECTION ( 'NONE',  ( 1.000000000000000000, 0.0000000000000000000, 0.0000000000000000000 ) ) ;
#968 = EDGE_LOOP ( 'NONE', ( #308, #2206, #1328, #1790 ) ) ;
#969 = DIRECTION ( 'NONE',  ( -1.120535769457212900E-016, 1.000000000000000000, -0.0000000000000000000 ) ) ;
#970 = CARTESIAN_POINT ( 'NONE',  ( 0.0000000000000000000, -6.411999999999999900, 0.0000000000000000000 ) ) ;
#971 = EDGE_LOOP ( 'NONE', ( #1115, #2791, #118, #1596 ) ) ;
#972 = ORIENTED_EDGE ( 'NONE', *, *, #317, .T. ) ;
#973 = VERTEX_POINT ( 'NONE', #1789 ) ;
#974 = CARTESIAN_POINT ( 'NONE',  ( -34.67099999999999200, -59.80800000000000000, 0.0000000000000000000 ) ) ;
#975 = ORIENTED_EDGE ( 'NONE', *, *, #1153, .F. ) ;
#976 = ADVANCED_FACE ( 'NONE', ( #1617 ), #2763, .T. ) ;
#977 = CARTESIAN_POINT ( 'NONE',  ( 0.0000000000000000000, -3.799999999999999800, 0.0000000000000000000 ) ) ;
#978 = AXIS2_PLACEMENT_3D ( 'NONE', #1427, #2866, #460 ) ;
#979 = EDGE_LOOP ( 'NONE', ( #2760, #2552, #2372, #2339 ) ) ;
#980 = CARTESIAN_POINT ( 'NONE',  ( 23.75133357739428800, -72.00000000000000000, -11.76976650356340000 ) ) ;
#981 = CARTESIAN_POINT ( 'NONE',  ( 34.16299702743236100, -71.36503671353312900, 0.1059079551928863200 ) ) ;
#982 = LINE ( 'NONE', #11, #913 ) ;
#983 = PLANE ( 'NONE',  #2799 ) ;
#984 = ORIENTED_EDGE ( 'NONE', *, *, #297, .F. ) ;
#985 = AXIS2_PLACEMENT_3D ( 'NONE', #693, #2341, #681 ) ;
#986 = CIRCLE ( 'NONE', #1173, 0.5079999999999999000 ) ;
#987 = DIRECTION ( 'NONE',  ( 1.120535769457212900E-016, -1.000000000000000000, 0.0000000000000000000 ) ) ;
#988 = EDGE_CURVE ( 'NONE', #761, #2813, #2210, .T. ) ;
#989 = ORIENTED_EDGE ( 'NONE', *, *, #163, .T. ) ;
#990 = TOROIDAL_SURFACE ( 'NONE', #1152, 26.66999999999999100, 10.16000000000000000 ) ;
#991 = CARTESIAN_POINT ( 'NONE',  ( 34.12993567236834000, -71.84606060606057600, -1.138397170384333900 ) ) ;
#992 = FACE_OUTER_BOUND ( 'NONE', #628, .T. ) ;
#993 = DIRECTION ( 'NONE',  ( 0.0000000000000000000, 0.0000000000000000000, 1.000000000000000000 ) ) ;
#994 = ADVANCED_FACE ( 'NONE', ( #164 ), #2560, .T. ) ;
#995 = DIRECTION ( 'NONE',  ( -0.0000000000000000000, 1.000000000000000000, -0.0000000000000000000 ) ) ;
#996 = B_SPLINE_CURVE_WITH_KNOTS ( 'NONE', 3,
 ( #783, #775, #658, #1919, #298, #252, #193, #2700 ),
 .UNSPECIFIED., .F., .F.,
 ( 4, 2, 2, 4 ),
 ( 0.001640168201146282800, 0.002459519261239528600, 0.002869194791286160100, 0.003278870321332791200 ),
 .UNSPECIFIED. ) ;
#997 = CARTESIAN_POINT ( 'NONE',  ( 24.61757988836432900, -71.84606060606059000, 1.138397170384348700 ) ) ;
#998 = AXIS2_PLACEMENT_3D ( 'NONE', #2526, #2322, #2844 ) ;
#999 = AXIS2_PLACEMENT_3D ( 'NONE', #1337, #1321, #1354 ) ;
#1000 = CARTESIAN_POINT ( 'NONE',  ( 0.0000000000000000000, -66.69140000000000200, 0.0000000000000000000 ) ) ;
#1001 = DIRECTION ( 'NONE',  ( -1.000000000000000000, -2.406071707233087900E-018, 0.0000000000000000000 ) ) ;
#1002 = ORIENTED_EDGE ( 'NONE', *, *, #2192, .T. ) ;
#1003 = ORIENTED_EDGE ( 'NONE', *, *, #630, .T. ) ;
#1004 = ORIENTED_EDGE ( 'NONE', *, *, #1223, .F. ) ;
#1005 = EDGE_CURVE ( 'NONE', #1261, #2004, #1531, .T. ) ;
#1006 = FACE_OUTER_BOUND ( 'NONE', #2408, .T. ) ;
#1007 = DIRECTION ( 'NONE',  ( -1.870988165364011900E-016, 1.000000000000000000, -0.0000000000000000000 ) ) ;
#1008 = EDGE_LOOP ( 'NONE', ( #100, #557 ) ) ;
#1009 = ORIENTED_EDGE ( 'NONE', *, *, #73, .T. ) ;
#1010 = DIRECTION ( 'NONE',  ( 0.0000000000000000000, -0.6969696969696761400, 0.7171005797696706800 ) ) ;
#1011 = VECTOR ( 'NONE', #1774, 1000.000000000000000 ) ;
#1012 = EDGE_CURVE ( 'NONE', #1475, #635, #382, .T. ) ;
#1013 = LINE ( 'NONE', #2788, #1326 ) ;
#1014 = EDGE_LOOP ( 'NONE', ( #1615, #71 ) ) ;
#1015 = CARTESIAN_POINT ( 'NONE',  ( -47.50000000000000000, -3.800000000000005200, 0.0000000000000000000 ) ) ;
#1016 = DIRECTION ( 'NONE',  ( -0.03067197795516894400, 0.7167631869594327500, 0.6966417756552322200 ) ) ;
#1017 = ORIENTED_EDGE ( 'NONE', *, *, #826, .T. ) ;
#1018 = CARTESIAN_POINT ( 'NONE',  ( 34.67100601984564200, -70.85690329484354800, -0.2814905402936842500 ) ) ;
#1019 = AXIS2_PLACEMENT_3D ( 'NONE', #461, #2241, #1591 ) ;
#1020 = FACE_OUTER_BOUND ( 'NONE', #2029, .T. ) ;
#1021 = VERTEX_POINT ( 'NONE', #1686 ) ;
#1022 = CARTESIAN_POINT ( 'NONE',  ( -34.12993567236831900, -71.49199999999999000, -1.502684264907322900 ) ) ;
#1023 = CIRCLE ( 'NONE', #1287, 19.04999999999999700 ) ;
#1024 = AXIS2_PLACEMENT_3D ( 'NONE', #2589, #1237, #2330 ) ;
#1025 = CARTESIAN_POINT ( 'NONE',  ( -27.11683357739412500, -72.00000000000001400, 17.59898349643665900 ) ) ;
#1026 = EDGE_CURVE ( 'NONE', #1073, #385, #634, .T. ) ;
#1027 = CYLINDRICAL_SURFACE ( 'NONE', #1284, 0.5079999999999941200 ) ;
#1028 = CARTESIAN_POINT ( 'NONE',  ( 0.0000000000000000000, 0.0000000000000000000, 0.0000000000000000000 ) ) ;
#1029 = CARTESIAN_POINT ( 'NONE',  ( 24.13175018629453200, -71.83123882426814100, 1.123991474648121900 ) ) ;
#1030 = DIRECTION ( 'NONE',  ( 0.0000000000000000000, -0.6969696969696757000, -0.7171005797696710100 ) ) ;
#1031 = DIRECTION ( 'NONE',  ( -0.5000000000000102100, 0.0000000000000000000, -0.8660254037844327100 ) ) ;
#1032 = DIRECTION ( 'NONE',  ( -1.563174278658271100E-016, 1.000000000000000000, 5.331492910495790900E-017 ) ) ;
#1033 = DIRECTION ( 'NONE',  ( -1.000000000000000000, 0.0000000000000000000, 0.0000000000000000000 ) ) ;
#1034 = ORIENTED_EDGE ( 'NONE', *, *, #1457, .T. ) ;
#1035 = VERTEX_POINT ( 'NONE', #1679 ) ;
#1036 = AXIS2_PLACEMENT_3D ( 'NONE', #637, #285, #2545 ) ;
#1037 = VERTEX_POINT ( 'NONE', #1606 ) ;
#1038 = ORIENTED_EDGE ( 'NONE', *, *, #2453, .F. ) ;
#1039 = DIRECTION ( 'NONE',  ( -0.4999999999999978400, 0.0000000000000000000, 0.8660254037844399300 ) ) ;
#1040 = VERTEX_POINT ( 'NONE', #1638 ) ;
#1041 = CARTESIAN_POINT ( 'NONE',  ( 2.133709875451472700E-013, -72.00000000000000000, 29.36874999999999500 ) ) ;
#1042 = EDGE_CURVE ( 'NONE', #1230, #1944, #1510, .T. ) ;
#1043 = ORIENTED_EDGE ( 'NONE', *, *, #591, .F. ) ;
#1044 = CARTESIAN_POINT ( 'NONE',  ( 0.0000000000000000000, -70.83159999999999500, 18.92499999999999400 ) ) ;
#1045 = LINE ( 'NONE', #1843, #2176 ) ;
#1046 = CARTESIAN_POINT ( 'NONE',  ( -24.61757988836432900, -71.84606060606057600, -1.138397170384333900 ) ) ;
#1047 = ORIENTED_EDGE ( 'NONE', *, *, #1165, .T. ) ;
#1048 = ADVANCED_FACE ( 'NONE', ( #2313 ), #2596, .T. ) ;
#1049 = ORIENTED_EDGE ( 'NONE', *, *, #963, .T. ) ;
#1050 = CIRCLE ( 'NONE', #1346, 0.5079999999999941200 ) ;
#1051 = CARTESIAN_POINT ( 'NONE',  ( -4.331821416684086600E-031, -3.799999999999996300, 0.0000000000000000000 ) ) ;
#1052 = ORIENTED_EDGE ( 'NONE', *, *, #1808, .T. ) ;
#1053 = FACE_OUTER_BOUND ( 'NONE', #1760, .T. ) ;
#1054 = ORIENTED_EDGE ( 'NONE', *, *, #832, .F. ) ;
#1055 = AXIS2_PLACEMENT_3D ( 'NONE', #2177, #1213, #2230 ) ;
#1056 = AXIS2_PLACEMENT_3D ( 'NONE', #1634, #1629, #1622 ) ;
#1057 = CYLINDRICAL_SURFACE ( 'NONE', #1306, 34.67100000000000600 ) ;
#1058 = DIRECTION ( 'NONE',  ( 1.000000000000000000, 1.107458807441781900E-016, 0.0000000000000000000 ) ) ;
#1059 = CIRCLE ( 'NONE', #1323, 0.5079999999999786900 ) ;
#1060 = DIRECTION ( 'NONE',  ( 0.9990321597157254500, 0.0000000000000000000, 0.04398572329442156100 ) ) ;
#1061 = CARTESIAN_POINT ( 'NONE',  ( 25.43408357739428300, -72.00000000000000000, -14.68437499999993400 ) ) ;
#1062 = EDGE_CURVE ( 'NONE', #2691, #456, #2446, .T. ) ;
#1063 = DIRECTION ( 'NONE',  ( 1.120535769457212900E-016, -1.000000000000000000, 0.0000000000000000000 ) ) ;
#1064 = CARTESIAN_POINT ( 'NONE',  ( 9.188393309549140400E-016, -11.99999999999999500, 0.0000000000000000000 ) ) ;
#1065 = EDGE_CURVE ( 'NONE', #1274, #249, #901, .T. ) ;
#1066 = CARTESIAN_POINT ( 'NONE',  ( -34.67099842183180400, -71.36503821880606300, -0.1079706905213456800 ) ) ;
#1067 = DIRECTION ( 'NONE',  ( 0.0000000000000000000, 0.0000000000000000000, -1.000000000000000000 ) ) ;
#1068 = ORIENTED_EDGE ( 'NONE', *, *, #1532, .T. ) ;
#1069 = CARTESIAN_POINT ( 'NONE',  ( -24.15540000000000000, -70.85699999999995700, 1.738670563910190600E-011 ) ) ;
#1070 = AXIS2_PLACEMENT_3D ( 'NONE', #1391, #1429, #1415 ) ;
#1071 = VERTEX_POINT ( 'NONE', #1540 ) ;
#1072 = CARTESIAN_POINT ( 'NONE',  ( 0.0000000000000000000, -55.56995581398035700, 19.50544256218242000 ) ) ;
#1073 = VERTEX_POINT ( 'NONE', #1580 ) ;
#1074 = ORIENTED_EDGE ( 'NONE', *, *, #1012, .T. ) ;
#1075 = AXIS2_PLACEMENT_3D ( 'NONE', #850, #253, #228 ) ;
#1076 = FACE_OUTER_BOUND ( 'NONE', #1748, .T. ) ;
#1077 = EDGE_CURVE ( 'NONE', #1541, #607, #1480, .T. ) ;
#1078 = ORIENTED_EDGE ( 'NONE', *, *, #1042, .F. ) ;
#1079 = ADVANCED_FACE ( 'NONE', ( #2913 ), #2857, .T. ) ;
#1080 = ORIENTED_EDGE ( 'NONE', *, *, #1065, .F. ) ;
#1081 = CARTESIAN_POINT ( 'NONE',  ( -34.16299702244870000, -71.36503677455989700, -0.1058920632664182600 ) ) ;
#1082 = PLANE ( 'NONE',  #2548 ) ;
#1083 = CIRCLE ( 'NONE', #743, 34.67100000000000600 ) ;
#1084 = EDGE_CURVE ( 'NONE', #2211, #2692, #2859, .T. ) ;
#1085 = ORIENTED_EDGE ( 'NONE', *, *, #2362, .T. ) ;
#1086 = CARTESIAN_POINT ( 'NONE',  ( 27.11683357739427100, -59.29999999999999000, -17.59898349643646800 ) ) ;
#1087 = ORIENTED_EDGE ( 'NONE', *, *, #1560, .T. ) ;
#1088 = CARTESIAN_POINT ( 'NONE',  ( 34.67053095931452600, -71.37624176111023600, 0.2171205738458413200 ) ) ;
#1089 = EDGE_LOOP ( 'NONE', ( #1736, #1586, #1594, #1734 ) ) ;
#1090 = CARTESIAN_POINT ( 'NONE',  ( -34.67010496106399800, -70.87124243925318000, -0.2851561065114217000 ) ) ;
#1091 = CONICAL_SURFACE ( 'NONE', #1448, 19.04999999999999400, 0.3005528115890999700 ) ;
#1092 = CARTESIAN_POINT ( 'NONE',  ( -34.16299999999999000, -59.29999999999999700, 0.0000000000000000000 ) ) ;
#1093 = DIRECTION ( 'NONE',  ( 1.000000000000000000, -0.0000000000000000000, -0.0000000000000000000 ) ) ;
#1094 = CIRCLE ( 'NONE', #1410, 20.95500000000000200 ) ;
#1095 = AXIS2_PLACEMENT_3D ( 'NONE', #9, #21, #227 ) ;
#1096 = AXIS2_PLACEMENT_3D ( 'NONE', #1812, #1809, #1795 ) ;
#1097 = CARTESIAN_POINT ( 'NONE',  ( -34.67053095931450500, -71.37624176111023600, -0.2171205738460236000 ) ) ;
#1098 = DIRECTION ( 'NONE',  ( -1.120535769457212900E-016, 1.000000000000000000, -0.0000000000000000000 ) ) ;
#1099 = EDGE_CURVE ( 'NONE', #339, #1705, #2861, .T. ) ;
#1100 = CARTESIAN_POINT ( 'NONE',  ( -34.12993567236831900, -71.84606060606057600, -1.138397170384333900 ) ) ;
#1101 = ORIENTED_EDGE ( 'NONE', *, *, #2424, .T. ) ;
#1102 = EDGE_CURVE ( 'NONE', #1461, #1376, #2880, .T. ) ;
#1103 = ORIENTED_EDGE ( 'NONE', *, *, #596, .F. ) ;
#1104 = ORIENTED_EDGE ( 'NONE', *, *, #774, .F. ) ;
#1105 = CARTESIAN_POINT ( 'NONE',  ( -20.95500000000000200, -70.83159999999999500, 0.0000000000000000000 ) ) ;
#1106 = DIRECTION ( 'NONE',  ( 0.0000000000000000000, 0.0000000000000000000, -1.000000000000000000 ) ) ;
#1107 = CARTESIAN_POINT ( 'NONE',  ( 34.64615572120745000, -71.29140180944278900, -1.327162988864833500 ) ) ;
#1108 = EDGE_LOOP ( 'NONE', ( #643, #686, #718, #757 ) ) ;
#1109 = AXIS2_PLACEMENT_3D ( 'NONE', #2276, #2270, #2245 ) ;
#1110 = ORIENTED_EDGE ( 'NONE', *, *, #1417, .T. ) ;
#1111 = CARTESIAN_POINT ( 'NONE',  ( 1.109495982060858900E-014, -59.29999999999999000, 0.0000000000000000000 ) ) ;
#1112 = ORIENTED_EDGE ( 'NONE', *, *, #2366, .T. ) ;
#1113 = ORIENTED_EDGE ( 'NONE', *, *, #1563, .T. ) ;
#1114 = VECTOR ( 'NONE', #1901, 1000.000000000000200 ) ;
#1115 = ORIENTED_EDGE ( 'NONE', *, *, #1396, .F. ) ;
#1116 = EDGE_CURVE ( 'NONE', #1571, #420, #2883, .T. ) ;
#1117 = CARTESIAN_POINT ( 'NONE',  ( 2.670610772939986900E-016, -72.00000000000000000, 0.0000000000000000000 ) ) ;
#1118 = CARTESIAN_POINT ( 'NONE',  ( -34.16211807490975600, -71.37578972559686000, -0.2128621176934001000 ) ) ;
#1119 = DIRECTION ( 'NONE',  ( -1.000000000000000000, -1.133497506764045000E-016, 0.0000000000000000000 ) ) ;
#1120 = VERTEX_POINT ( 'NONE', #1424 ) ;
#1121 = CARTESIAN_POINT ( 'NONE',  ( 24.11052365997371500, -71.49200000000000400, 1.471732992715632200 ) ) ;
#1122 = FACE_OUTER_BOUND ( 'NONE', #1322, .T. ) ;
#1123 = ORIENTED_EDGE ( 'NONE', *, *, #1373, .T. ) ;
#1124 = VECTOR ( 'NONE', #2080, 1000.000000000000000 ) ;
#1125 = ORIENTED_EDGE ( 'NONE', *, *, #1457, .F. ) ;
#1126 = CARTESIAN_POINT ( 'NONE',  ( 24.15051638477310900, -70.91368487320004000, 0.5466657781706835100 ) ) ;
#1127 = FACE_OUTER_BOUND ( 'NONE', #2654, .T. ) ;
#1128 = CARTESIAN_POINT ( 'NONE',  ( 0.0000000000000000000, -3.799999999999999800, 0.0000000000000000000 ) ) ;
#1129 = AXIS2_PLACEMENT_3D ( 'NONE', #2586, #167, #1146 ) ;
#1130 = CARTESIAN_POINT ( 'NONE',  ( -34.66671224519839000, -70.92685543380827100, -0.5626314289897795800 ) ) ;
#1131 = DIRECTION ( 'NONE',  ( 1.000000000000000000, 1.870988165364011900E-016, 0.0000000000000000000 ) ) ;
#1132 = LINE ( 'NONE', #2066, #1124 ) ;
#1133 = AXIS2_PLACEMENT_3D ( 'NONE', #529, #590, #48 ) ;
#1134 = DIRECTION ( 'NONE',  ( -2.406071707233087900E-018, 1.000000000000000000, -0.0000000000000000000 ) ) ;
#1135 = ADVANCED_FACE ( 'NONE', ( #2830 ), #2807, .F. ) ;
#1136 = EDGE_CURVE ( 'NONE', #595, #106, #2888, .T. ) ;
#1137 = DIRECTION ( 'NONE',  ( -1.120535769457212900E-016, 1.000000000000000000, -0.0000000000000000000 ) ) ;
#1138 = CARTESIAN_POINT ( 'NONE',  ( -47.50000000000000000, -71.99999999999998600, 1.502684264907322400 ) ) ;
#1139 = ADVANCED_FACE ( 'NONE', ( #2834 ), #2805, .F. ) ;
#1140 = VERTEX_POINT ( 'NONE', #1388 ) ;
#1141 = ORIENTED_EDGE ( 'NONE', *, *, #1926, .T. ) ;
#1142 = ORIENTED_EDGE ( 'NONE', *, *, #921, .F. ) ;
#1143 = VERTEX_POINT ( 'NONE', #1325 ) ;
#1144 = DIRECTION ( 'NONE',  ( -1.000000000000000000, -1.084202172485504200E-016, 0.0000000000000000000 ) ) ;
#1145 = CARTESIAN_POINT ( 'NONE',  ( -34.66876665791016900, -71.41993588691860900, -0.4278581731273385900 ) ) ;
#1146 = DIRECTION ( 'NONE',  ( 0.9981421818712883400, 0.0000000000000000000, 0.06092770116477349400 ) ) ;
#1147 = CARTESIAN_POINT ( 'NONE',  ( 1.720148784935079100E-016, -71.49200000000000400, 0.0000000000000000000 ) ) ;
#1148 = VECTOR ( 'NONE', #2081, 1000.000000000000000 ) ;
#1149 = ADVANCED_FACE ( 'NONE', ( #2776 ), #2768, .F. ) ;
#1150 = APPROVAL_ROLE ( '' ) ;
#1151 = ORIENTED_EDGE ( 'NONE', *, *, #2216, .T. ) ;
#1152 = AXIS2_PLACEMENT_3D ( 'NONE', #409, #473, #178 ) ;
#1153 = EDGE_CURVE ( 'NONE', #2377, #607, #2770, .T. ) ;
#1154 = ORIENTED_EDGE ( 'NONE', *, *, #2634, .F. ) ;
#1155 = VECTOR ( 'NONE', #919, 1000.000000000000100 ) ;
#1156 = EDGE_LOOP ( 'NONE', ( #579, #1505, #2906, #1009 ) ) ;
#1157 = ORIENTED_EDGE ( 'NONE', *, *, #1777, .F. ) ;
#1158 = EDGE_CURVE ( 'NONE', #2813, #761, #2802, .T. ) ;
#1159 = VERTEX_POINT ( 'NONE', #1303 ) ;
#1160 = DIRECTION ( 'NONE',  ( 0.4999999999999916200, 0.0000000000000000000, -0.8660254037844434800 ) ) ;
#1161 = CIRCLE ( 'NONE', #1192, 0.5079999999999999000 ) ;
#1162 = CARTESIAN_POINT ( 'NONE',  ( 34.65397330279204600, -71.85759218331975300, 1.149605026206300000 ) ) ;
#1163 = ORIENTED_EDGE ( 'NONE', *, *, #126, .F. ) ;
#1164 = FACE_OUTER_BOUND ( 'NONE', #301, .T. ) ;
#1165 = EDGE_CURVE ( 'NONE', #2656, #928, #2773, .T. ) ;
#1166 = FACE_OUTER_BOUND ( 'NONE', #1444, .T. ) ;
#1167 = EDGE_CURVE ( 'NONE', #2140, #1215, #2824, .T. ) ;
#1168 = CARTESIAN_POINT ( 'NONE',  ( -34.15877506972241700, -71.41792078429814700, -0.4199907157226943600 ) ) ;
#1169 = CARTESIAN_POINT ( 'NONE',  ( 0.0000000000000000000, -56.65479840879863400, 16.50999999999999100 ) ) ;
#1170 = DIRECTION ( 'NONE',  ( 0.0000000000000000000, 0.0000000000000000000, 1.000000000000000000 ) ) ;
#1171 = CARTESIAN_POINT ( 'NONE',  ( 34.16211807490978500, -71.37578972559683200, 0.2128621176932303800 ) ) ;
#1172 = CARTESIAN_POINT ( 'NONE',  ( 24.11052365997371500, -71.49199999999999000, -1.471732992715619300 ) ) ;
#1173 = AXIS2_PLACEMENT_3D ( 'NONE', #2, #702, #452 ) ;
#1174 = DIRECTION ( 'NONE',  ( 1.870988165364011900E-016, -1.000000000000000000, 0.0000000000000000000 ) ) ;
#1175 = ORIENTED_EDGE ( 'NONE', *, *, #515, .T. ) ;
#1176 = DIRECTION ( 'NONE',  ( -1.120535769457212900E-016, 1.000000000000000000, -0.0000000000000000000 ) ) ;
#1177 = CARTESIAN_POINT ( 'NONE',  ( -34.66423355041896300, -70.96791926494724100, -0.6972873006228238500 ) ) ;
#1178 = CARTESIAN_POINT ( 'NONE',  ( -34.15939993483527800, -71.40794279353997400, 0.4228433890070589200 ) ) ;
#1179 = DIRECTION ( 'NONE',  ( -0.0000000000000000000, 1.000000000000000000, -0.0000000000000000000 ) ) ;
#1180 = CARTESIAN_POINT ( 'NONE',  ( 3.577193300309419100E-015, -14.14099204399307300, -29.21000000000000100 ) ) ;
#1181 = ORIENTED_EDGE ( 'NONE', *, *, #1969, .F. ) ;
#1182 = ORIENTED_EDGE ( 'NONE', *, *, #297, .T. ) ;
#1183 = CARTESIAN_POINT ( 'NONE',  ( -40.00000000000000700, -3.800000000000004300, 0.0000000000000000000 ) ) ;
#1184 = ORIENTED_EDGE ( 'NONE', *, *, #2720, .T. ) ;
#1185 = ORIENTED_EDGE ( 'NONE', *, *, #1167, .F. ) ;
#1186 = VERTEX_POINT ( 'NONE', #1285 ) ;
#1187 = CYLINDRICAL_SURFACE ( 'NONE', #2007, 3.365500000000001300 ) ;
#1188 = ORIENTED_EDGE ( 'NONE', *, *, #921, .T. ) ;
#1189 = DIRECTION ( 'NONE',  ( -1.120535769457212900E-016, 1.000000000000000000, -0.0000000000000000000 ) ) ;
#1190 = DIRECTION ( 'NONE',  ( -1.000000000000000000, 0.0000000000000000000, 0.0000000000000000000 ) ) ;
#1191 = ORIENTED_EDGE ( 'NONE', *, *, #2397, .T. ) ;
#1192 = AXIS2_PLACEMENT_3D ( 'NONE', #217, #194, #183 ) ;
#1193 = AXIS2_PLACEMENT_3D ( 'NONE', #328, #152, #723 ) ;
#1194 = ORIENTED_EDGE ( 'NONE', *, *, #591, .T. ) ;
#1195 = DIRECTION ( 'NONE',  ( -1.000000000000000000, -2.001353841512280200E-016, 0.0000000000000000000 ) ) ;
#1196 = DIRECTION ( 'NONE',  ( 0.0000000000000000000, -0.0000000000000000000, -1.000000000000000000 ) ) ;
#1197 = CIRCLE ( 'NONE', #1454, 28.75455743781757800 ) ;
#1198 = ORIENTED_EDGE ( 'NONE', *, *, #2470, .F. ) ;
#1199 = EDGE_CURVE ( 'NONE', #1274, #1230, #2740, .T. ) ;
#1200 = CIRCLE ( 'NONE', #1588, 19.04999999999999700 ) ;
#1201 = DIRECTION ( 'NONE',  ( 0.5000000000000040000, 0.0000000000000000000, 0.8660254037844363800 ) ) ;
#1202 = DIRECTION ( 'NONE',  ( -2.178802052069741900E-016, 1.000000000000000000, 5.331492910495855000E-017 ) ) ;
#1203 = CARTESIAN_POINT ( 'NONE',  ( -34.16299999999999000, -59.80800000000000000, 0.0000000000000000000 ) ) ;
#1204 = CARTESIAN_POINT ( 'NONE',  ( -25.43408357739414800, -72.00000000000001400, 14.68437500000011300 ) ) ;
#1205 = CYLINDRICAL_SURFACE ( 'NONE', #1499, 0.5079999999999786900 ) ;
#1206 = ADVANCED_FACE ( 'NONE', ( #2737 ), #2704, .F. ) ;
#1207 = CARTESIAN_POINT ( 'NONE',  ( 1.717093073866893100E-016, -71.36499999999999500, 0.0000000000000000000 ) ) ;
#1208 = CIRCLE ( 'NONE', #1539, 0.5079999999999999000 ) ;
#1209 = DIRECTION ( 'NONE',  ( -1.000000000000000000, 0.0000000000000000000, 0.0000000000000000000 ) ) ;
#1210 = AXIS2_PLACEMENT_3D ( 'NONE', #1761, #1728, #1714 ) ;
#1211 = CARTESIAN_POINT ( 'NONE',  ( 24.13817541458181600, -71.68005819749925000, 0.9731851289398725200 ) ) ;
#1212 = PERSON_AND_ORGANIZATION_ROLE ( 'classification_officer' ) ;
#1213 = DIRECTION ( 'NONE',  ( 0.0000000000000000000, -1.000000000000000000, 0.0000000000000000000 ) ) ;
#1214 = CARTESIAN_POINT ( 'NONE',  ( 24.66340830804161000, -71.36492592291534700, 0.2101639249105229100 ) ) ;
#1215 = VERTEX_POINT ( 'NONE', #1180 ) ;
#1216 = ADVANCED_FACE ( 'NONE', ( #2677 ), #2644, .F. ) ;
#1217 = DIRECTION ( 'NONE',  ( 1.224646799147352700E-016, 0.0000000000000000000, -1.000000000000000000 ) ) ;
#1218 = ADVANCED_FACE ( 'NONE', ( #2710 ), #2672, .T. ) ;
#1219 = ORIENTED_EDGE ( 'NONE', *, *, #2506, .F. ) ;
#1220 = VERTEX_POINT ( 'NONE', #1100 ) ;
#1221 = CARTESIAN_POINT ( 'NONE',  ( 2.332952152375706900E-015, -58.57780636480556800, -19.04999999999999400 ) ) ;
#1222 = ORIENTED_EDGE ( 'NONE', *, *, #1907, .F. ) ;
#1223 = EDGE_CURVE ( 'NONE', #1475, #2403, #2739, .T. ) ;
#1224 = ORIENTED_EDGE ( 'NONE', *, *, #2515, .T. ) ;
#1225 = CIRCLE ( 'NONE', #384, 19.04999999999999400 ) ;
#1226 = DIRECTION ( 'NONE',  ( 1.000000000000000000, 0.0000000000000000000, 1.224646799147353200E-016 ) ) ;
#1227 = ORIENTED_EDGE ( 'NONE', *, *, #944, .T. ) ;
#1228 = CYLINDRICAL_SURFACE ( 'NONE', #1882, 16.50999999999999100 ) ;
#1229 = AXIS2_PLACEMENT_3D ( 'NONE', #1275, #1271, #1269 ) ;
#1230 = VERTEX_POINT ( 'NONE', #1092 ) ;
#1231 = CARTESIAN_POINT ( 'NONE',  ( 3.888253587292846500E-015, -14.52559363519444300, -31.75000000000000000 ) ) ;
#1232 = CARTESIAN_POINT ( 'NONE',  ( -34.50000000000000000, -3.799999999999999800, 0.0000000000000000000 ) ) ;
#1233 = CARTESIAN_POINT ( 'NONE',  ( 2.332952152375707300E-015, -14.14099204399307300, -19.04999999999999700 ) ) ;
#1234 = ORIENTED_EDGE ( 'NONE', *, *, #1477, .T. ) ;
#1235 = ORIENTED_EDGE ( 'NONE', *, *, #625, .F. ) ;
#1236 = TOROIDAL_SURFACE ( 'NONE', #1489, 46.99199999999999700, 0.5080000000000000100 ) ;
#1237 = DIRECTION ( 'NONE',  ( -1.120535769457212900E-016, 1.000000000000000000, -0.0000000000000000000 ) ) ;
#1238 = ORIENTED_EDGE ( 'NONE', *, *, #2711, .T. ) ;
#1239 = EDGE_CURVE ( 'NONE', #1788, #614, #2706, .T. ) ;
#1240 = VERTEX_POINT ( 'NONE', #1072 ) ;
#1241 = CARTESIAN_POINT ( 'NONE',  ( 0.0000000000000000000, -56.65479840879863400, 0.0000000000000000000 ) ) ;
#1242 = SPHERICAL_SURFACE ( 'NONE', #1470, 0.5080000000000000100 ) ;
#1243 = ORIENTED_EDGE ( 'NONE', *, *, #2020, .F. ) ;
#1244 = DIRECTION ( 'NONE',  ( 0.4999999999999916200, 0.0000000000000000000, -0.8660254037844434800 ) ) ;
#1245 = EDGE_CURVE ( 'NONE', #1021, #1140, #2639, .T. ) ;
#1246 = CARTESIAN_POINT ( 'NONE',  ( 0.0000000000000000000, 0.0000000000000000000, 18.92499999999999400 ) ) ;
#1247 = FACE_OUTER_BOUND ( 'NONE', #2438, .T. ) ;
#1248 = DIRECTION ( 'NONE',  ( -1.000000000000000000, -1.120535769457213200E-016, 0.0000000000000000000 ) ) ;
#1249 =( LENGTH_UNIT ( ) NAMED_UNIT ( * ) SI_UNIT ( .MILLI., .METRE. ) );
#1250 = DIRECTION ( 'NONE',  ( -1.120535769457212900E-016, 1.000000000000000000, -0.0000000000000000000 ) ) ;
#1251 = EDGE_CURVE ( 'NONE', #493, #1220, #2670, .T. ) ;
#1252 = CARTESIAN_POINT ( 'NONE',  ( -4.258035923937413500E-016, 3.903127820947816000E-015, 0.0000000000000000000 ) ) ;
#1253 = DIRECTION ( 'NONE',  ( -2.178802052069741900E-016, 1.000000000000000000, 5.331492910495855000E-017 ) ) ;
#1254 = APPLICATION_CONTEXT ( 'configuration controlled 3d designs of mechanical parts and assemblies' ) ;
#1255 = ORIENTED_EDGE ( 'NONE', *, *, #771, .T. ) ;
#1256 = EDGE_LOOP ( 'NONE', ( #151, #1266, #201 ) ) ;
#1257 = VERTEX_POINT ( 'NONE', #1044 ) ;
#1258 = EDGE_CURVE ( 'NONE', #2474, #379, #2636, .T. ) ;
#1259 = ORIENTED_EDGE ( 'NONE', *, *, #669, .F. ) ;
#1260 = CIRCLE ( 'NONE', #807, 45.00000000000001400 ) ;
#1261 = VERTEX_POINT ( 'NONE', #1069 ) ;
#1262 = DIRECTION ( 'NONE',  ( 1.870988165364011900E-016, -1.000000000000000000, 0.0000000000000000000 ) ) ;
#1263 = VERTEX_POINT ( 'NONE', #991 ) ;
#1264 = FACE_OUTER_BOUND ( 'NONE', #821, .T. ) ;
#1265 = EDGE_CURVE ( 'NONE', #2867, #1376, #2612, .T. ) ;
#1266 = ORIENTED_EDGE ( 'NONE', *, *, #2192, .F. ) ;
#1267 = ORIENTED_EDGE ( 'NONE', *, *, #2580, .F. ) ;
#1268 = CARTESIAN_POINT ( 'NONE',  ( 0.0000000000000000000, -58.19320477360418700, 0.0000000000000000000 ) ) ;
#1269 = DIRECTION ( 'NONE',  ( -0.4999999999999978400, 0.0000000000000000000, 0.8660254037844399300 ) ) ;
#1270 = ORIENTED_EDGE ( 'NONE', *, *, #1428, .T. ) ;
#1271 = DIRECTION ( 'NONE',  ( -1.563174278658278500E-016, 1.000000000000000000, -5.331492910495834000E-017 ) ) ;
#1272 = AXIS2_PLACEMENT_3D ( 'NONE', #2876, #1546, #1799 ) ;
#1273 = FACE_OUTER_BOUND ( 'NONE', #1860, .T. ) ;
#1274 = VERTEX_POINT ( 'NONE', #974 ) ;
#1275 = CARTESIAN_POINT ( 'NONE',  ( 25.43408357739428300, -72.00000000000000000, -14.68437499999993400 ) ) ;
#1276 = FACE_BOUND ( 'NONE', #2122, .T. ) ;
#1277 = DIRECTION ( 'NONE',  ( -2.406071707233087900E-018, 1.000000000000000000, -0.0000000000000000000 ) ) ;
#1278 = VECTOR ( 'NONE', #1814, 1000.000000000000000 ) ;
#1279 = CARTESIAN_POINT ( 'NONE',  ( 24.62947742942070000, -71.69413639974038700, 0.9907378726114156600 ) ) ;
#1280 = ADVANCED_FACE ( 'NONE', ( #2705 ), #2568, .F. ) ;
#1281 = LINE ( 'NONE', #1330, #1278 ) ;
#1282 = DIRECTION ( 'NONE',  ( -0.0000000000000000000, 1.000000000000000000, -0.0000000000000000000 ) ) ;
#1283 = DIRECTION ( 'NONE',  ( -1.870988165364011900E-016, 1.000000000000000000, -0.0000000000000000000 ) ) ;
#1284 = AXIS2_PLACEMENT_3D ( 'NONE', #1756, #1578, #1796 ) ;
#1285 = CARTESIAN_POINT ( 'NONE',  ( 45.91250000000000100, -4.762499999999994000, 5.622659616585285200E-015 ) ) ;
#1286 = ORIENTED_EDGE ( 'NONE', *, *, #189, .T. ) ;
#1287 = AXIS2_PLACEMENT_3D ( 'NONE', #459, #437, #432 ) ;
#1288 = DIRECTION ( 'NONE',  ( 1.224646799147353200E-016, 0.0000000000000000000, -1.000000000000000000 ) ) ;
#1289 = ORIENTED_EDGE ( 'NONE', *, *, #2875, .F. ) ;
#1290 = ORIENTED_EDGE ( 'NONE', *, *, #1926, .F. ) ;
#1291 = DIRECTION ( 'NONE',  ( 0.0000000000000000000, 0.0000000000000000000, -1.000000000000000000 ) ) ;
#1292 = CARTESIAN_POINT ( 'NONE',  ( -45.00000000000000700, -3.800000000000005200, 0.0000000000000000000 ) ) ;
#1293 = ORIENTED_EDGE ( 'NONE', *, *, #1136, .T. ) ;
#1294 = DIRECTION ( 'NONE',  ( 1.000000000000000000, 0.0000000000000000000, 1.224646799147353200E-016 ) ) ;
#1295 = CIRCLE ( 'NONE', #467, 24.15540000000000000 ) ;
#1296 = CARTESIAN_POINT ( 'NONE',  ( 3.577193300309418300E-015, -58.57780636480556800, -29.20999999999999400 ) ) ;
#1297 = LINE ( 'NONE', #526, #2316 ) ;
#1298 = VERTEX_POINT ( 'NONE', #950 ) ;
#1299 = ORIENTED_EDGE ( 'NONE', *, *, #1245, .T. ) ;
#1300 = CARTESIAN_POINT ( 'NONE',  ( -34.66747929357217800, -71.45220850437223700, -0.5299579494974050500 ) ) ;
#1301 = CARTESIAN_POINT ( 'NONE',  ( -34.13857838787359400, -71.69305399550275100, 0.9896858542826371100 ) ) ;
#1302 = ORIENTED_EDGE ( 'NONE', *, *, #1136, .F. ) ;
#1303 = CARTESIAN_POINT ( 'NONE',  ( -24.15540000000000000, -70.20014966225443200, 0.0000000000000000000 ) ) ;
#1304 = FACE_OUTER_BOUND ( 'NONE', #784, .T. ) ;
#1305 = EDGE_LOOP ( 'NONE', ( #1652, #537 ) ) ;
#1306 = AXIS2_PLACEMENT_3D ( 'NONE', #1972, #1834, #2041 ) ;
#1307 = AXIS2_PLACEMENT_3D ( 'NONE', #1296, #1294, #1288 ) ;
#1308 = B_SPLINE_CURVE_WITH_KNOTS ( 'NONE', 3,
 ( #2713, #2752, #2738, #2708, #2703, #2699, #2693, #2690, #2684, #2683, #2673, #2669, #2666, #2660 ),
 .UNSPECIFIED., .F., .F.,
 ( 4, 2, 2, 2, 2, 2, 4 ),
 ( 2.168404344971008900E-019, 0.0006358176990174791000, 0.001271635398034958000, 0.001589544247543697400, 0.001907453097052437200, 0.002225361946561176100, 0.002543270796069915100 ),
 .UNSPECIFIED. ) ;
#1309 = ADVANCED_FACE ( 'NONE', ( #2571, #2606, #2575, #2610 ), #983, .T. ) ;
#1310 = CIRCLE ( 'NONE', #1636, 31.29455743781758100 ) ;
#1311 = CIRCLE ( 'NONE', #1609, 0.5079999999999985600 ) ;
#1312 = CARTESIAN_POINT ( 'NONE',  ( -34.15633269227645700, -71.44902974734618800, -0.5205080577396347100 ) ) ;
#1313 = CARTESIAN_POINT ( 'NONE',  ( -45.00000000000001400, -10.00000000000000000, 0.0000000000000000000 ) ) ;
#1314 = EDGE_CURVE ( 'NONE', #865, #349, #2535, .T. ) ;
#1315 = CARTESIAN_POINT ( 'NONE',  ( 24.13289389600920000, -71.14577481134179500, -1.048494669940133800 ) ) ;
#1316 = EDGE_CURVE ( 'NONE', #2729, #1263, #2530, .T. ) ;
#1317 = CARTESIAN_POINT ( 'NONE',  ( -34.65487846725353900, -71.13102313984124700, -1.088973962174732100 ) ) ;
#1318 = ORIENTED_EDGE ( 'NONE', *, *, #1265, .F. ) ;
#1319 = AXIS2_PLACEMENT_3D ( 'NONE', #1574, #1601, #2374 ) ;
#1320 = ORIENTED_EDGE ( 'NONE', *, *, #259, .F. ) ;
#1321 = DIRECTION ( 'NONE',  ( 1.000000000000000000, -0.0000000000000000000, -0.0000000000000000000 ) ) ;
#1322 = EDGE_LOOP ( 'NONE', ( #497, #815, #790, #941, #1365, #2175 ) ) ;
#1323 = AXIS2_PLACEMENT_3D ( 'NONE', #1746, #1633, #1619 ) ;
#1324 = ORIENTED_EDGE ( 'NONE', *, *, #1316, .T. ) ;
#1325 = CARTESIAN_POINT ( 'NONE',  ( 0.0000000000000000000, -12.00000000000000000, 31.75000000000000000 ) ) ;
#1326 = VECTOR ( 'NONE', #2792, 1000.000000000000000 ) ;
#1327 = EDGE_CURVE ( 'NONE', #595, #782, #2566, .T. ) ;
#1328 = ORIENTED_EDGE ( 'NONE', *, *, #1828, .T. ) ;
#1329 = ORIENTED_EDGE ( 'NONE', *, *, #1817, .T. ) ;
#1330 = CARTESIAN_POINT ( 'NONE',  ( -34.67100000000000600, -6.486903068133566900E-015, 0.0000000000000000000 ) ) ;
#1331 = CARTESIAN_POINT ( 'NONE',  ( -34.16300592184524000, -71.36492686058451800, 0.2101606538334444000 ) ) ;
#1332 = DIRECTION ( 'NONE',  ( -1.000000000000000000, -1.131341397376178600E-016, 0.0000000000000000000 ) ) ;
#1333 = FACE_BOUND ( 'NONE', #2108, .T. ) ;
#1334 = ADVANCED_FACE ( 'NONE', ( #2495 ), #2462, .F. ) ;
#1335 = ORIENTED_EDGE ( 'NONE', *, *, #1973, .F. ) ;
#1336 = ORIENTED_EDGE ( 'NONE', *, *, #2759, .F. ) ;
#1337 = CARTESIAN_POINT ( 'NONE',  ( -47.50000000000000000, -72.95249999999997200, 0.0000000000000000000 ) ) ;
#1338 = ORIENTED_EDGE ( 'NONE', *, *, #1953, .F. ) ;
#1339 = FACE_BOUND ( 'NONE', #464, .T. ) ;
#1340 = ORIENTED_EDGE ( 'NONE', *, *, #669, .T. ) ;
#1341 = CARTESIAN_POINT ( 'NONE',  ( 40.00000000000000700, -9.999999999999991100, 4.898587196589413800E-015 ) ) ;
#1342 = FACE_BOUND ( 'NONE', #320, .T. ) ;
#1343 = B_SPLINE_CURVE_WITH_KNOTS ( 'NONE', 3,
 ( #2460, #1301, #302, #1178, #1331, #810, #147, #778, #2701, #168, #558, #948, #1697, #1786 ),
 .UNSPECIFIED., .F., .F.,
 ( 4, 2, 2, 2, 2, 2, 4 ),
 ( 2.168404344971008900E-018, 0.0006356068479654836800, 0.001271213695930965200, 0.001589017119913706000, 0.001906820543896446600, 0.002224623967879187600, 0.002542427391861928200 ),
 .UNSPECIFIED. ) ;
#1344 = DIRECTION ( 'NONE',  ( 0.0000000000000000000, 0.0000000000000000000, 1.000000000000000000 ) ) ;
#1345 = CYLINDRICAL_SURFACE ( 'NONE', #1653, 3.365500000000001300 ) ;
#1346 = AXIS2_PLACEMENT_3D ( 'NONE', #380, #368, #360 ) ;
#1347 = AXIS2_PLACEMENT_3D ( 'NONE', #977, #2767, #2809 ) ;
#1348 = ADVANCED_FACE ( 'NONE', ( #2538 ), #2489, .T. ) ;
#1349 = FACE_OUTER_BOUND ( 'NONE', #269, .T. ) ;
#1350 = DIRECTION ( 'NONE',  ( 1.000000000000000000, 0.0000000000000000000, -1.224646799147353200E-016 ) ) ;
#1351 = DIRECTION ( 'NONE',  ( 0.0000000000000000000, 0.0000000000000000000, 1.000000000000000000 ) ) ;
#1352 = CARTESIAN_POINT ( 'NONE',  ( -34.66266678198606900, -71.57978362855134000, -0.8260335777187978200 ) ) ;
#1353 = CARTESIAN_POINT ( 'NONE',  ( 2.670610772939986900E-016, -72.00000000000000000, 0.0000000000000000000 ) ) ;
#1354 = DIRECTION ( 'NONE',  ( 0.0000000000000000000, 0.0000000000000000000, -1.000000000000000000 ) ) ;
#1355 = DIRECTION ( 'NONE',  ( -1.255360391952542600E-016, 1.000000000000000000, -0.0000000000000000000 ) ) ;
#1356 = CARTESIAN_POINT ( 'NONE',  ( 28.79958357739417000, -72.00000000000000000, 14.68437500000012000 ) ) ;
#1357 = ORIENTED_EDGE ( 'NONE', *, *, #216, .F. ) ;
#1358 = ORIENTED_EDGE ( 'NONE', *, *, #646, .T. ) ;
#1359 = DIRECTION ( 'NONE',  ( -0.0000000000000000000, 1.000000000000000000, -0.0000000000000000000 ) ) ;
#1360 = CARTESIAN_POINT ( 'NONE',  ( -34.14711468070938600, -71.57259328541043400, -0.8128926523087295400 ) ) ;
#1361 = CARTESIAN_POINT ( 'NONE',  ( 0.0000000000000000000, -4.762499999999994000, 0.0000000000000000000 ) ) ;
#1362 = CARTESIAN_POINT ( 'NONE',  ( 0.0000000000000000000, -58.57780636480556800, 0.0000000000000000000 ) ) ;
#1363 = ORIENTED_EDGE ( 'NONE', *, *, #1099, .T. ) ;
#1364 = ADVANCED_FACE ( 'NONE', ( #2457 ), #2528, .T. ) ;
#1365 = ORIENTED_EDGE ( 'NONE', *, *, #2072, .T. ) ;
#1366 = AXIS2_PLACEMENT_3D ( 'NONE', #1570, #1567, #1562 ) ;
#1367 = ORIENTED_EDGE ( 'NONE', *, *, #2264, .T. ) ;
#1368 = PRODUCT_DEFINITION_SHAPE ( 'NONE', 'NONE',  #2674 ) ;
#1369 = VERTEX_POINT ( 'NONE', #763 ) ;
#1370 = CIRCLE ( 'NONE', #1411, 16.50999999999999100 ) ;
#1371 = ORIENTED_EDGE ( 'NONE', *, *, #2711, .F. ) ;
#1372 = ADVANCED_FACE ( 'NONE', ( #2454 ), #2418, .T. ) ;
#1373 = EDGE_CURVE ( 'NONE', #266, #2061, #2455, .T. ) ;
#1374 = CARTESIAN_POINT ( 'NONE',  ( 0.0000000000000000000, -66.69140000000000200, 0.0000000000000000000 ) ) ;
#1375 = CARTESIAN_POINT ( 'NONE',  ( -34.64612685709805400, -71.29206644611969100, -1.327818569161397100 ) ) ;
#1376 = VERTEX_POINT ( 'NONE', #744 ) ;
#1377 = SPHERICAL_SURFACE ( 'NONE', #1713, 0.5080000000000000100 ) ;
#1378 = ORIENTED_EDGE ( 'NONE', *, *, #1745, .F. ) ;
#1379 = EDGE_CURVE ( 'NONE', #2403, #1486, #2421, .T. ) ;
#1380 = FACE_BOUND ( 'NONE', #2590, .T. ) ;
#1381 = ADVANCED_FACE ( 'NONE', ( #2394 ), #2361, .F. ) ;
#1382 = ORIENTED_EDGE ( 'NONE', *, *, #2397, .F. ) ;
#1383 = FACE_OUTER_BOUND ( 'NONE', #746, .T. ) ;
#1384 = DIRECTION ( 'NONE',  ( -0.0000000000000000000, 1.000000000000000000, -0.0000000000000000000 ) ) ;
#1385 = AXIS2_PLACEMENT_3D ( 'NONE', #1362, #1407, #1344 ) ;
#1386 = CARTESIAN_POINT ( 'NONE',  ( -34.65822683709245000, -71.70531460504891200, -1.004572485091091500 ) ) ;
#1387 = DIRECTION ( 'NONE',  ( -1.120535769457212900E-016, 1.000000000000000000, -0.0000000000000000000 ) ) ;
#1388 = CARTESIAN_POINT ( 'NONE',  ( 1.682750000000246400, -72.00000000000000000, 32.28335849643650600 ) ) ;
#1389 = CIRCLE ( 'NONE', #1743, 30.09900000000000000 ) ;
#1390 = AXIS2_PLACEMENT_3D ( 'NONE', #1147, #1174, #1131 ) ;
#1391 = CARTESIAN_POINT ( 'NONE',  ( 0.0000000000000000000, 0.0000000000000000000, 0.0000000000000000000 ) ) ;
#1392 = CARTESIAN_POINT ( 'NONE',  ( 25.43408357739416900, -72.00000000000000000, 14.68437500000012000 ) ) ;
#1393 = CARTESIAN_POINT ( 'NONE',  ( -34.13849152571386700, -71.69459179750711500, -0.9911804861755672000 ) ) ;
#1394 = CARTESIAN_POINT ( 'NONE',  ( 34.67100000000004200, -70.85699999999998500, -0.2813744793851191100 ) ) ;
#1395 = CARTESIAN_POINT ( 'NONE',  ( 20.95500000000000200, -70.83159999999999500, 2.566247367613278800E-015 ) ) ;
#1396 = EDGE_CURVE ( 'NONE', #749, #2867, #2385, .T. ) ;
#1397 = DIRECTION ( 'NONE',  ( 0.0000000000000000000, 0.0000000000000000000, -1.000000000000000000 ) ) ;
#1398 = ORIENTED_EDGE ( 'NONE', *, *, #1258, .T. ) ;
#1399 = CARTESIAN_POINT ( 'NONE',  ( 24.13384122432775000, -71.13108057452930700, -1.051011475651073300 ) ) ;
#1400 = EDGE_LOOP ( 'NONE', ( #1582, #1157, #2514, #1357 ) ) ;
#1401 = ORIENTED_EDGE ( 'NONE', *, *, #2129, .T. ) ;
#1402 = DIRECTION ( 'NONE',  ( 0.0000000000000000000, -1.000000000000000000, 0.0000000000000000000 ) ) ;
#1403 = CARTESIAN_POINT ( 'NONE',  ( 0.0000000000000000000, 0.0000000000000000000, 29.21000000000000100 ) ) ;
#1404 = CARTESIAN_POINT ( 'NONE',  ( -34.63744400950390900, -71.49199999999997600, -1.525029012340882100 ) ) ;
#1405 = DIRECTION ( 'NONE',  ( 0.0000000000000000000, 0.0000000000000000000, 1.000000000000000000 ) ) ;
#1406 = CARTESIAN_POINT ( 'NONE',  ( 0.0000000000000000000, -55.18535422277897600, 0.0000000000000000000 ) ) ;
#1407 = DIRECTION ( 'NONE',  ( -0.0000000000000000000, 1.000000000000000000, -0.0000000000000000000 ) ) ;
#1408 = CYLINDRICAL_SURFACE ( 'NONE', #2765, 18.92499999999999400 ) ;
#1409 = ORIENTED_EDGE ( 'NONE', *, *, #988, .T. ) ;
#1410 = AXIS2_PLACEMENT_3D ( 'NONE', #1999, #1989, #1980 ) ;
#1411 = AXIS2_PLACEMENT_3D ( 'NONE', #2542, #2332, #1890 ) ;
#1412 = ORIENTED_EDGE ( 'NONE', *, *, #1943, .T. ) ;
#1413 = VECTOR ( 'NONE', #2107, 1000.000000000000000 ) ;
#1414 = VERTEX_POINT ( 'NONE', #657 ) ;
#1415 = DIRECTION ( 'NONE',  ( -1.000000000000000000, -2.406071707233087900E-018, 0.0000000000000000000 ) ) ;
#1416 = ORIENTED_EDGE ( 'NONE', *, *, #1473, .F. ) ;
#1417 = EDGE_CURVE ( 'NONE', #2019, #962, #673, .T. ) ;
#1418 = ORIENTED_EDGE ( 'NONE', *, *, #295, .T. ) ;
#1419 = CARTESIAN_POINT ( 'NONE',  ( -24.61757988836433200, -71.99999999999998600, 1.502684264907322400 ) ) ;
#1420 = PLANE ( 'NONE',  #1557 ) ;
#1421 = CARTESIAN_POINT ( 'NONE',  ( 34.50000000000000000, 7.768976225575201200E-015, 4.225031457058368900E-015 ) ) ;
#1422 = CARTESIAN_POINT ( 'NONE',  ( 24.15540000000000000, -70.85699999999995700, -1.736158758920792700E-011 ) ) ;
#1423 = FACE_OUTER_BOUND ( 'NONE', #153, .T. ) ;
#1424 = CARTESIAN_POINT ( 'NONE',  ( 34.63744400950393800, -71.49200000000000400, 1.525029012340888900 ) ) ;
#1425 = ORIENTED_EDGE ( 'NONE', *, *, #852, .F. ) ;
#1426 = VECTOR ( 'NONE', #202, 1000.000000000000000 ) ;
#1427 = CARTESIAN_POINT ( 'NONE',  ( 0.0000000000000000000, 0.0000000000000000000, 0.0000000000000000000 ) ) ;
#1428 = EDGE_CURVE ( 'NONE', #666, #1261, #2141, .T. ) ;
#1429 = DIRECTION ( 'NONE',  ( -2.406071707233087900E-018, 1.000000000000000000, -0.0000000000000000000 ) ) ;
#1430 = CYLINDRICAL_SURFACE ( 'NONE', #1762, 31.75000000000000000 ) ;
#1431 = DIRECTION ( 'NONE',  ( 0.0000000000000000000, 0.0000000000000000000, 1.000000000000000000 ) ) ;
#1432 = CARTESIAN_POINT ( 'NONE',  ( -1.682749999999821400, -72.00000000000000000, 26.45414150356348800 ) ) ;
#1433 = DIRECTION ( 'NONE',  ( -1.000000000000000000, -1.084202172485504200E-016, 0.0000000000000000000 ) ) ;
#1434 = CARTESIAN_POINT ( 'NONE',  ( 20.95500000000000200, 5.041923262506936500E-017, 2.566247367613278800E-015 ) ) ;
#1435 = DIRECTION ( 'NONE',  ( -0.0000000000000000000, 1.000000000000000000, -0.0000000000000000000 ) ) ;
#1436 = ADVANCED_FACE ( 'NONE', ( #2491 ), #2389, .F. ) ;
#1437 = CARTESIAN_POINT ( 'NONE',  ( 47.50000000000000000, -3.799999999999994900, 5.817072295949928200E-015 ) ) ;
#1438 = CARTESIAN_POINT ( 'NONE',  ( 0.0000000000000000000, -66.69140000000000200, 0.0000000000000000000 ) ) ;
#1439 = DIRECTION ( 'NONE',  ( -0.0000000000000000000, -1.000000000000000000, -0.0000000000000000000 ) ) ;
#1440 = ORIENTED_EDGE ( 'NONE', *, *, #1525, .F. ) ;
#1441 = EDGE_LOOP ( 'NONE', ( #972, #1191 ) ) ;
#1442 = CARTESIAN_POINT ( 'NONE',  ( 34.66736322608527800, -70.91342035837944000, -0.5653508126031864300 ) ) ;
#1443 = VERTEX_POINT ( 'NONE', #484 ) ;
#1444 = EDGE_LOOP ( 'NONE', ( #412, #1802, #1852 ) ) ;
#1445 = CARTESIAN_POINT ( 'NONE',  ( -27.11683357739412500, -59.29999999999999700, 17.59898349643665900 ) ) ;
#1446 = UNCERTAINTY_MEASURE_WITH_UNIT (LENGTH_MEASURE( 1.000000000000000100E-005 ), #1249, 'distance_accuracy_value', 'NONE');
#1447 = ORIENTED_EDGE ( 'NONE', *, *, #2720, .F. ) ;
#1448 = AXIS2_PLACEMENT_3D ( 'NONE', #2240, #2190, #2181 ) ;
#1449 = CIRCLE ( 'NONE', #1558, 31.75000000000000000 ) ;
#1450 = CIRCLE ( 'NONE', #1193, 3.365500000000000800 ) ;
#1451 = ORIENTED_EDGE ( 'NONE', *, *, #2565, .F. ) ;
#1452 = CARTESIAN_POINT ( 'NONE',  ( 28.79958357739417000, -72.00000000000000000, 14.68437500000012000 ) ) ;
#1453 = APPROVAL_STATUS ( 'not_yet_approved' ) ;
#1454 = AXIS2_PLACEMENT_3D ( 'NONE', #2224, #2213, #2202 ) ;
#1455 = ADVANCED_FACE ( 'NONE', ( #2333 ), #2325, .F. ) ;
#1456 = EDGE_LOOP ( 'NONE', ( #236, #1003 ) ) ;
#1457 = EDGE_CURVE ( 'NONE', #2146, #2061, #2329, .T. ) ;
#1458 = DIRECTION ( 'NONE',  ( -0.0000000000000000000, 1.000000000000000000, -0.0000000000000000000 ) ) ;
#1459 = CARTESIAN_POINT ( 'NONE',  ( 0.0000000000000000000, 0.0000000000000000000, -30.09900000000000000 ) ) ;
#1460 = CIRCLE ( 'NONE', #1780, 0.5080000000000015600 ) ;
#1461 = VERTEX_POINT ( 'NONE', #445 ) ;
#1462 = DIRECTION ( 'NONE',  ( 0.4999999999999916200, 0.0000000000000000000, -0.8660254037844434800 ) ) ;
#1463 = CIRCLE ( 'NONE', #1744, 34.16300000000000400 ) ;
#1464 = DIRECTION ( 'NONE',  ( -1.120535769457212900E-016, 1.000000000000000000, -0.0000000000000000000 ) ) ;
#1465 = DIRECTION ( 'NONE',  ( -2.178802052069741900E-016, 1.000000000000000000, 5.331492910495855000E-017 ) ) ;
#1466 = CARTESIAN_POINT ( 'NONE',  ( -25.43408357739414800, -72.00000000000001400, 14.68437500000011300 ) ) ;
#1467 = VECTOR ( 'NONE', #623, 1000.000000000000000 ) ;
#1468 = CARTESIAN_POINT ( 'NONE',  ( -24.15420289088910300, -70.87125068443258200, 0.2752598408108128900 ) ) ;
#1469 = LINE ( 'NONE', #701, #1467 ) ;
#1470 = AXIS2_PLACEMENT_3D ( 'NONE', #2862, #2899, #2689 ) ;
#1471 = AXIS2_PLACEMENT_3D ( 'NONE', #291, #296, #410 ) ;
#1472 = DIRECTION ( 'NONE',  ( -0.0000000000000000000, 1.000000000000000000, -0.0000000000000000000 ) ) ;
#1473 = EDGE_CURVE ( 'NONE', #1573, #1040, #2360, .T. ) ;
#1474 = ORIENTED_EDGE ( 'NONE', *, *, #1600, .T. ) ;
#1475 = VERTEX_POINT ( 'NONE', #463 ) ;
#1476 = ORIENTED_EDGE ( 'NONE', *, *, #665, .F. ) ;
#1477 = EDGE_CURVE ( 'NONE', #1724, #2383, #2331, .T. ) ;
#1478 = DIRECTION ( 'NONE',  ( -0.0000000000000000000, 1.000000000000000000, -0.0000000000000000000 ) ) ;
#1479 = CIRCLE ( 'NONE', #2465, 3.365500000000001300 ) ;
#1480 = LINE ( 'NONE', #1507, #2889 ) ;
#1481 = DIRECTION ( 'NONE',  ( 0.0000000000000000000, 0.0000000000000000000, 1.000000000000000000 ) ) ;
#1482 = ORIENTED_EDGE ( 'NONE', *, *, #211, .T. ) ;
#1483 = CIRCLE ( 'NONE', #2675, 10.16000000000000000 ) ;
#1484 = DIRECTION ( 'NONE',  ( -0.0000000000000000000, 1.000000000000000000, -0.0000000000000000000 ) ) ;
#1485 = ORIENTED_EDGE ( 'NONE', *, *, #2650, .T. ) ;
#1486 = VERTEX_POINT ( 'NONE', #386 ) ;
#1487 = CARTESIAN_POINT ( 'NONE',  ( -34.67099999999999200, -70.85699999999995700, -2.547106129533619000E-011 ) ) ;
#1488 = ORIENTED_EDGE ( 'NONE', *, *, #196, .F. ) ;
#1489 = AXIS2_PLACEMENT_3D ( 'NONE', #918, #2852, #2725 ) ;
#1490 = LINE ( 'NONE', #1434, #1426 ) ;
#1491 = ORIENTED_EDGE ( 'NONE', *, *, #5, .T. ) ;
#1492 = DIRECTION ( 'NONE',  ( -0.0000000000000000000, 1.000000000000000000, -0.0000000000000000000 ) ) ;
#1493 = CYLINDRICAL_SURFACE ( 'NONE', #1803, 45.00000000000000700 ) ;
#1494 = CARTESIAN_POINT ( 'NONE',  ( 0.0000000000000000000, -57.03940000000000100, 0.0000000000000000000 ) ) ;
#1495 = CIRCLE ( 'NONE', #1840, 0.5080000000000015600 ) ;
#1496 = DIRECTION ( 'NONE',  ( 0.0000000000000000000, -0.0000000000000000000, -1.000000000000000000 ) ) ;
#1497 = DIRECTION ( 'NONE',  ( -1.000000000000000000, -2.001353841512280200E-016, 0.0000000000000000000 ) ) ;
#1498 = DIRECTION ( 'NONE',  ( 1.870988165364011900E-016, -1.000000000000000000, 0.0000000000000000000 ) ) ;
#1499 = AXIS2_PLACEMENT_3D ( 'NONE', #206, #391, #1291 ) ;
#1500 = AXIS2_PLACEMENT_3D ( 'NONE', #2039, #567, #1946 ) ;
#1501 = ADVANCED_FACE ( 'NONE', ( #2287 ), #2250, .T. ) ;
#1502 = CARTESIAN_POINT ( 'NONE',  ( 1.119000601940908100E-014, -59.80799999999999300, 0.0000000000000000000 ) ) ;
#1503 = DIRECTION ( 'NONE',  ( -0.04250535064175538900, -0.7164524923700023000, 0.6963398030729202000 ) ) ;
#1504 = ORIENTED_EDGE ( 'NONE', *, *, #1625, .T. ) ;
#1505 = ORIENTED_EDGE ( 'NONE', *, *, #1245, .F. ) ;
#1506 = ORIENTED_EDGE ( 'NONE', *, *, #78, .T. ) ;
#1507 = CARTESIAN_POINT ( 'NONE',  ( 2.332952152375706900E-015, 0.0000000000000000000, -19.04999999999999400 ) ) ;
#1508 = ORIENTED_EDGE ( 'NONE', *, *, #295, .F. ) ;
#1509 = ORIENTED_EDGE ( 'NONE', *, *, #1223, .T. ) ;
#1510 = CIRCLE ( 'NONE', #1366, 34.16300000000000400 ) ;
#1511 = CIRCLE ( 'NONE', #622, 10.16000000000000200 ) ;
#1512 = ORIENTED_EDGE ( 'NONE', *, *, #847, .F. ) ;
#1513 = DIRECTION ( 'NONE',  ( -1.120535769457212900E-016, 1.000000000000000000, -0.0000000000000000000 ) ) ;
#1514 = DIRECTION ( 'NONE',  ( -1.000000000000000000, -1.095614826932720200E-016, 0.0000000000000000000 ) ) ;
#1515 = ADVANCED_FACE ( 'NONE', ( #2294 ), #2253, .F. ) ;
#1516 = CARTESIAN_POINT ( 'NONE',  ( 0.0000000000000000000, 0.0000000000000000000, 0.0000000000000000000 ) ) ;
#1517 = AXIS2_PLACEMENT_3D ( 'NONE', #1502, #1498, #1497 ) ;
#1518 = CIRCLE ( 'NONE', #1783, 20.95500000000000200 ) ;
#1519 = CARTESIAN_POINT ( 'NONE',  ( 0.0000000000000000000, -3.799999999999998000, 0.0000000000000000000 ) ) ;
#1520 = VERTEX_POINT ( 'NONE', #358 ) ;
#1521 = CIRCLE ( 'NONE', #1898, 0.5079999999999983400 ) ;
#1522 = ORIENTED_EDGE ( 'NONE', *, *, #350, .T. ) ;
#1523 = ORIENTED_EDGE ( 'NONE', *, *, #1763, .F. ) ;
#1524 = CARTESIAN_POINT ( 'NONE',  ( -45.91250000000000100, -4.762499999999994000, 0.0000000000000000000 ) ) ;
#1525 = EDGE_CURVE ( 'NONE', #1186, #456, #2258, .T. ) ;
#1526 = FACE_OUTER_BOUND ( 'NONE', #1556, .T. ) ;
#1527 = DIRECTION ( 'NONE',  ( -1.120535769457212900E-016, 1.000000000000000000, -0.0000000000000000000 ) ) ;
#1528 = ORIENTED_EDGE ( 'NONE', *, *, #2789, .F. ) ;
#1529 = CARTESIAN_POINT ( 'NONE',  ( 34.14719517272467200, -71.57148636396850300, -0.8107125463131705800 ) ) ;
#1530 = VECTOR ( 'NONE', #447, 1000.000000000000000 ) ;
#1531 = B_SPLINE_CURVE_WITH_KNOTS ( 'NONE', 3,
 ( #1742, #1707, #1712, #1706, #1701, #1699, #1694, #1688 ),
 .UNSPECIFIED., .F., .F.,
 ( 4, 2, 2, 4 ),
 ( 0.001640168201146266100, 0.002459519261239518600, 0.002869194791286153200, 0.003278870321332787300 ),
 .UNSPECIFIED. ) ;
#1532 = EDGE_CURVE ( 'NONE', #1486, #1718, #2286, .T. ) ;
#1533 = CARTESIAN_POINT ( 'NONE',  ( -47.50000000000000000, -71.84606060606059000, 1.138397170384345000 ) ) ;
#1534 = DIRECTION ( 'NONE',  ( 0.0000000000000000000, 0.0000000000000000000, -1.000000000000000000 ) ) ;
#1535 = CARTESIAN_POINT ( 'NONE',  ( 2.857366212115886900E-016, -6.349999999999994300, 0.0000000000000000000 ) ) ;
#1536 = AXIS2_PLACEMENT_3D ( 'NONE', #1406, #1402, #1397 ) ;
#1537 = DIRECTION ( 'NONE',  ( 0.0000000000000000000, 0.0000000000000000000, 1.000000000000000000 ) ) ;
#1538 = ORIENTED_EDGE ( 'NONE', *, *, #1973, .T. ) ;
#1539 = AXIS2_PLACEMENT_3D ( 'NONE', #2843, #2745, #2735 ) ;
#1540 = CARTESIAN_POINT ( 'NONE',  ( -23.75133357739417800, -59.29999999999999700, 11.76976650356356700 ) ) ;
#1541 = VERTEX_POINT ( 'NONE', #288 ) ;
#1542 = ORIENTED_EDGE ( 'NONE', *, *, #1158, .T. ) ;
#1543 = CARTESIAN_POINT ( 'NONE',  ( -34.12993567236831900, -71.84606060606057600, -1.138397170384332300 ) ) ;
#1544 = EDGE_CURVE ( 'NONE', #2272, #1724, #2358, .T. ) ;
#1545 = CIRCLE ( 'NONE', #786, 45.00000000000001400 ) ;
#1546 = DIRECTION ( 'NONE',  ( -0.0000000000000000000, 1.000000000000000000, -0.0000000000000000000 ) ) ;
#1547 = ORIENTED_EDGE ( 'NONE', *, *, #1873, .T. ) ;
#1548 = ORIENTED_EDGE ( 'NONE', *, *, #277, .F. ) ;
#1549 = SPHERICAL_SURFACE ( 'NONE', #1019, 0.5080000000000000100 ) ;
#1550 = ORIENTED_EDGE ( 'NONE', *, *, #665, .T. ) ;
#1551 = ORIENTED_EDGE ( 'NONE', *, *, #216, .T. ) ;
#1552 = DIRECTION ( 'NONE',  ( -0.0000000000000000000, 1.000000000000000000, -0.0000000000000000000 ) ) ;
#1553 = ORIENTED_EDGE ( 'NONE', *, *, #852, .T. ) ;
#1554 = FACE_OUTER_BOUND ( 'NONE', #34, .T. ) ;
#1555 = DIRECTION ( 'NONE',  ( -0.03067197795517354400, -0.7167631869594334200, 0.6966417756552313300 ) ) ;
#1556 = EDGE_LOOP ( 'NONE', ( #1335, #133, #563, #2819 ) ) ;
#1557 = AXIS2_PLACEMENT_3D ( 'NONE', #1105, #721, #649 ) ;
#1558 = AXIS2_PLACEMENT_3D ( 'NONE', #2155, #2152, #2151 ) ;
#1559 = CYLINDRICAL_SURFACE ( 'NONE', #1904, 29.21000000000000100 ) ;
#1560 = EDGE_CURVE ( 'NONE', #1959, #266, #2221, .T. ) ;
#1561 = CARTESIAN_POINT ( 'NONE',  ( 24.14438987661826300, -71.56191241008657800, 0.7931865319141315800 ) ) ;
#1562 = DIRECTION ( 'NONE',  ( -1.000000000000000000, -2.031113749936255000E-016, 0.0000000000000000000 ) ) ;
#1563 = EDGE_CURVE ( 'NONE', #174, #666, #2255, .T. ) ;
#1564 = DIRECTION ( 'NONE',  ( 0.0000000000000000000, 0.0000000000000000000, -1.000000000000000000 ) ) ;
#1565 = DIRECTION ( 'NONE',  ( -1.000000000000000000, 0.0000000000000000000, 0.0000000000000000000 ) ) ;
#1566 = CARTESIAN_POINT ( 'NONE',  ( 0.0000000000000000000, -17.53344418601965400, 31.29455743781757300 ) ) ;
#1567 = DIRECTION ( 'NONE',  ( -1.870988165364011900E-016, 1.000000000000000000, -0.0000000000000000000 ) ) ;
#1568 = ADVANCED_FACE ( 'NONE', ( #2219 ), #2153, .F. ) ;
#1569 = EDGE_LOOP ( 'NONE', ( #937, #1648, #1113, #1270, #1175, #1961 ) ) ;
#1570 = CARTESIAN_POINT ( 'NONE',  ( 1.109495982060858900E-014, -59.29999999999999000, 0.0000000000000000000 ) ) ;
#1571 = VERTEX_POINT ( 'NONE', #180 ) ;
#1572 = ORIENTED_EDGE ( 'NONE', *, *, #1316, .F. ) ;
#1573 = VERTEX_POINT ( 'NONE', #176 ) ;
#1574 = CARTESIAN_POINT ( 'NONE',  ( 2.644012439359135000E-015, -14.52559363519444300, 21.58999999999999600 ) ) ;
#1575 = EDGE_CURVE ( 'NONE', #761, #385, #2183, .T. ) ;
#1576 = EDGE_LOOP ( 'NONE', ( #2373, #1899 ) ) ;
#1577 = DIRECTION ( 'NONE',  ( -0.0000000000000000000, 1.000000000000000000, -0.0000000000000000000 ) ) ;
#1578 = DIRECTION ( 'NONE',  ( 1.000000000000000000, -0.0000000000000000000, -0.0000000000000000000 ) ) ;
#1579 = DIRECTION ( 'NONE',  ( 1.000000000000000000, 0.0000000000000000000, 0.0000000000000000000 ) ) ;
#1580 = CARTESIAN_POINT ( 'NONE',  ( 23.75133357739428400, -59.29999999999999000, -11.76976650356340000 ) ) ;
#1581 = CIRCLE ( 'NONE', #1319, 10.16000000000000000 ) ;
#1582 = ORIENTED_EDGE ( 'NONE', *, *, #2247, .T. ) ;
#1583 = ORIENTED_EDGE ( 'NONE', *, *, #222, .T. ) ;
#1584 = DIRECTION ( 'NONE',  ( -1.000000000000000000, -1.095614826932720200E-016, 0.0000000000000000000 ) ) ;
#1585 = LINE ( 'NONE', #516, #1530 ) ;
#1586 = ORIENTED_EDGE ( 'NONE', *, *, #2815, .T. ) ;
#1587 = ORIENTED_EDGE ( 'NONE', *, *, #2281, .F. ) ;
#1588 = AXIS2_PLACEMENT_3D ( 'NONE', #2523, #2509, #2501 ) ;
#1589 = CARTESIAN_POINT ( 'NONE',  ( 0.0000000000000000000, -17.53344418601965400, 0.0000000000000000000 ) ) ;
#1590 = DIRECTION ( 'NONE',  ( 0.0000000000000000000, -0.0000000000000000000, -1.000000000000000000 ) ) ;
#1591 = DIRECTION ( 'NONE',  ( 1.000000000000000000, 0.0000000000000000000, 0.0000000000000000000 ) ) ;
#1592 = FACE_OUTER_BOUND ( 'NONE', #531, .T. ) ;
#1593 = CARTESIAN_POINT ( 'NONE',  ( 34.65822683709527800, -71.70531460504608400, 1.004572485092356500 ) ) ;
#1594 = ORIENTED_EDGE ( 'NONE', *, *, #1062, .F. ) ;
#1595 = CIRCLE ( 'NONE', #1854, 0.5080000000000006700 ) ;
#1596 = ORIENTED_EDGE ( 'NONE', *, *, #142, .T. ) ;
#1597 = EDGE_CURVE ( 'NONE', #122, #2140, #2187, .T. ) ;
#1598 = CYLINDRICAL_SURFACE ( 'NONE', #1921, 3.365500000000002600 ) ;
#1599 = DIRECTION ( 'NONE',  ( 0.0000000000000000000, 0.0000000000000000000, -1.000000000000000000 ) ) ;
#1600 = EDGE_CURVE ( 'NONE', #857, #128, #2157, .T. ) ;
#1601 = DIRECTION ( 'NONE',  ( 1.000000000000000000, 0.0000000000000000000, -1.224646799147353200E-016 ) ) ;
#1602 = EDGE_LOOP ( 'NONE', ( #2165, #923, #2687, #427 ) ) ;
#1603 = DIRECTION ( 'NONE',  ( -1.000000000000000000, -1.120535769457212900E-016, 0.0000000000000000000 ) ) ;
#1604 = CARTESIAN_POINT ( 'NONE',  ( -24.65754518139484500, -71.41794181772034700, 0.4200712584419104000 ) ) ;
#1605 = CARTESIAN_POINT ( 'NONE',  ( 34.66266678198609700, -71.57978362855330100, 0.8260335777190707100 ) ) ;
#1606 = CARTESIAN_POINT ( 'NONE',  ( 0.0000000000000000000, -14.14099204399307300, 29.21000000000000100 ) ) ;
#1607 = ORIENTED_EDGE ( 'NONE', *, *, #277, .T. ) ;
#1608 = ORIENTED_EDGE ( 'NONE', *, *, #235, .F. ) ;
#1609 = AXIS2_PLACEMENT_3D ( 'NONE', #829, #2401, #1060 ) ;
#1610 = AXIS2_PLACEMENT_3D ( 'NONE', #1725, #1720, #1717 ) ;
#1611 = CARTESIAN_POINT ( 'NONE',  ( 24.12213890247601700, -71.29210093847889600, -1.281447403852559200 ) ) ;
#1612 = CYLINDRICAL_SURFACE ( 'NONE', #2059, 0.5079999999999941200 ) ;
#1613 = EDGE_LOOP ( 'NONE', ( #1219, #2625 ) ) ;
#1614 = B_SPLINE_CURVE_WITH_KNOTS ( 'NONE', 3,
 ( #1758, #1752, #369, #1982, #609, #2203, #2001, #2826, #2442, #393 ),
 .UNSPECIFIED., .F., .F.,
 ( 4, 2, 2, 2, 4 ),
 ( 0.0000000000000000000, 0.0004219824864759859000, 0.0008439649729519718100, 0.001265947459427957800, 0.001687929945903943600 ),
 .UNSPECIFIED. ) ;
#1615 = ORIENTED_EDGE ( 'NONE', *, *, #1042, .T. ) ;
#1616 = EDGE_CURVE ( 'NONE', #1794, #1143, #2180, .T. ) ;
#1617 = FACE_OUTER_BOUND ( 'NONE', #1751, .T. ) ;
#1618 = EDGE_LOOP ( 'NONE', ( #2212, #2872 ) ) ;
#1619 = DIRECTION ( 'NONE',  ( 0.0000000000000000000, 2.731847993664377800E-014, -1.000000000000000000 ) ) ;
#1620 = DIRECTION ( 'NONE',  ( -1.000000000000000000, 0.0000000000000000000, 0.0000000000000000000 ) ) ;
#1621 = ORIENTED_EDGE ( 'NONE', *, *, #136, .F. ) ;
#1622 = DIRECTION ( 'NONE',  ( -0.4999999999999978400, 0.0000000000000000000, 0.8660254037844399300 ) ) ;
#1623 = ADVANCED_FACE ( 'NONE', ( #2128 ), #2083, .T. ) ;
#1624 = ORIENTED_EDGE ( 'NONE', *, *, #31, .F. ) ;
#1625 = EDGE_CURVE ( 'NONE', #1220, #2019, #2087, .T. ) ;
#1626 = DIRECTION ( 'NONE',  ( 0.03067197795517006800, -0.7167631869594144300, 0.6966417756552509800 ) ) ;
#1627 = CIRCLE ( 'NONE', #1986, 0.5079999999999941200 ) ;
#1628 = ORIENTED_EDGE ( 'NONE', *, *, #1781, .F. ) ;
#1629 = DIRECTION ( 'NONE',  ( -1.563174278658278500E-016, 1.000000000000000000, -5.331492910495834000E-017 ) ) ;
#1630 = CYLINDRICAL_SURFACE ( 'NONE', #1950, 3.365500000000002600 ) ;
#1631 = DIRECTION ( 'NONE',  ( 1.000000000000000000, 0.0000000000000000000, 1.224646799147355400E-016 ) ) ;
#1632 = AXIS2_PLACEMENT_3D ( 'NONE', #2451, #636, #2088 ) ;
#1633 = DIRECTION ( 'NONE',  ( -1.000000000000000000, 0.0000000000000000000, 0.0000000000000000000 ) ) ;
#1634 = CARTESIAN_POINT ( 'NONE',  ( 25.43408357739427900, -59.29999999999999000, -14.68437499999993400 ) ) ;
#1635 = LINE ( 'NONE', #679, #1669 ) ;
#1636 = AXIS2_PLACEMENT_3D ( 'NONE', #1589, #898, #1564 ) ;
#1637 = DIRECTION ( 'NONE',  ( -0.0000000000000000000, -1.000000000000000000, -0.0000000000000000000 ) ) ;
#1638 = CARTESIAN_POINT ( 'NONE',  ( -28.79958357739414200, -72.00000000000001400, -14.68437500000012000 ) ) ;
#1639 = EDGE_CURVE ( 'NONE', #891, #106, #2118, .T. ) ;
#1640 = CARTESIAN_POINT ( 'NONE',  ( -47.50000000000000000, -4.762499999999999300, 0.0000000000000000000 ) ) ;
#1641 = CARTESIAN_POINT ( 'NONE',  ( 34.66270995058235400, -71.57860584078456200, -0.8237694677729076000 ) ) ;
#1642 = DIRECTION ( 'NONE',  ( 0.0000000000000000000, 0.0000000000000000000, 1.000000000000000000 ) ) ;
#1643 = CARTESIAN_POINT ( 'NONE',  ( 34.15877383545693400, -71.41793647013452100, 0.4200511747943244100 ) ) ;
#1644 = EDGE_LOOP ( 'NONE', ( #682, #1318 ) ) ;
#1645 = ORIENTED_EDGE ( 'NONE', *, *, #323, .T. ) ;
#1646 = DIRECTION ( 'NONE',  ( -1.120535769457212900E-016, 1.000000000000000000, -0.0000000000000000000 ) ) ;
#1647 = CARTESIAN_POINT ( 'NONE',  ( 0.0000000000000000000, -4.762499999999994000, 0.0000000000000000000 ) ) ;
#1648 = ORIENTED_EDGE ( 'NONE', *, *, #1721, .T. ) ;
#1649 = CARTESIAN_POINT ( 'NONE',  ( -40.00000000000000700, -12.00000000000000200, 0.0000000000000000000 ) ) ;
#1650 = DIRECTION ( 'NONE',  ( -1.000000000000000000, -0.0000000000000000000, -0.0000000000000000000 ) ) ;
#1651 = DIRECTION ( 'NONE',  ( 0.0000000000000000000, 0.0000000000000000000, -1.000000000000000000 ) ) ;
#1652 = ORIENTED_EDGE ( 'NONE', *, *, #2846, .F. ) ;
#1653 = AXIS2_PLACEMENT_3D ( 'NONE', #2494, #2248, #2256 ) ;
#1654 = ADVANCED_FACE ( 'NONE', ( #2055, #2082 ), #77, .T. ) ;
#1655 = AXIS2_PLACEMENT_3D ( 'NONE', #2225, #2845, #1534 ) ;
#1656 = ADVANCED_FACE ( 'NONE', ( #2120, #2018, #2050, #2045, #2047, #2014, #2009, #1979 ), #33, .T. ) ;
#1657 = CARTESIAN_POINT ( 'NONE',  ( 1.119000601940908100E-014, -59.80799999999999300, 0.0000000000000000000 ) ) ;
#1658 = ORIENTED_EDGE ( 'NONE', *, *, #1026, .F. ) ;
#1659 = CARTESIAN_POINT ( 'NONE',  ( 1.704259087380511900E-016, -70.83159999999999500, 0.0000000000000000000 ) ) ;
#1660 = FACE_OUTER_BOUND ( 'NONE', #273, .T. ) ;
#1661 = CARTESIAN_POINT ( 'NONE',  ( 34.13852640029613600, -71.70177170168788900, 0.9833153472837497000 ) ) ;
#1662 = ORIENTED_EDGE ( 'NONE', *, *, #119, .F. ) ;
#1663 = CARTESIAN_POINT ( 'NONE',  ( 24.15080206761987100, -71.44471503120202300, -0.5076934910035581000 ) ) ;
#1664 = CYLINDRICAL_SURFACE ( 'NONE', #1952, 40.00000000000000700 ) ;
#1665 = DIRECTION ( 'NONE',  ( 1.000000000000000000, -0.0000000000000000000, -0.0000000000000000000 ) ) ;
#1666 = ORIENTED_EDGE ( 'NONE', *, *, #2138, .F. ) ;
#1667 = CIRCLE ( 'NONE', #2006, 19.50544256218242000 ) ;
#1668 = ORIENTED_EDGE ( 'NONE', *, *, #1153, .T. ) ;
#1669 = VECTOR ( 'NONE', #698, 1000.000000000000000 ) ;
#1670 = ADVANCED_FACE ( 'NONE', ( #1951 ), #1947, .F. ) ;
#1671 = CARTESIAN_POINT ( 'NONE',  ( -22.06858357739415100, -59.29999999999999700, -14.68437500000012000 ) ) ;
#1672 = DIRECTION ( 'NONE',  ( -1.224646799147353200E-016, -1.372260543395892300E-032, 1.000000000000000000 ) ) ;
#1673 = FACE_OUTER_BOUND ( 'NONE', #797, .T. ) ;
#1674 = AXIS2_PLACEMENT_3D ( 'NONE', #1535, #1527, #1514 ) ;
#1675 = DIRECTION ( 'NONE',  ( 0.0000000000000000000, -1.000000000000000000, 0.0000000000000000000 ) ) ;
#1676 = CARTESIAN_POINT ( 'NONE',  ( 24.61757988836432500, -71.49200000000000400, 1.502684264907322900 ) ) ;
#1677 = CARTESIAN_POINT ( 'NONE',  ( -24.15297309619233000, -71.40505106037605300, -0.4107645665218773200 ) ) ;
#1678 = CARTESIAN_POINT ( 'NONE',  ( 0.0000000000000000000, -3.799999999999999800, 0.0000000000000000000 ) ) ;
#1679 = CARTESIAN_POINT ( 'NONE',  ( -34.63744400950390900, -71.49200000000001900, 1.525029012340888900 ) ) ;
#1680 = CARTESIAN_POINT ( 'NONE',  ( 47.50000000000000000, -4.762499999999988600, 5.817072295949928200E-015 ) ) ;
#1681 = ORIENTED_EDGE ( 'NONE', *, *, #2264, .F. ) ;
#1682 = ADVANCED_FACE ( 'NONE', ( #1974 ), #1971, .F. ) ;
#1683 = CARTESIAN_POINT ( 'NONE',  ( -24.15051638477310900, -70.91368487319810800, -0.5466657781706494300 ) ) ;
#1684 = ORIENTED_EDGE ( 'NONE', *, *, #2273, .T. ) ;
#1685 = ORIENTED_EDGE ( 'NONE', *, *, #85, .F. ) ;
#1686 = CARTESIAN_POINT ( 'NONE',  ( -1.682749999999821400, -72.00000000000000000, 26.45414150356348800 ) ) ;
#1687 = VERTEX_POINT ( 'NONE', #1844 ) ;
#1688 = CARTESIAN_POINT ( 'NONE',  ( -24.11052365997371500, -71.49199999999997600, -1.471732992715610000 ) ) ;
#1689 = AXIS2_PLACEMENT_3D ( 'NONE', #1438, #1435, #1431 ) ;
#1690 = CIRCLE ( 'NONE', #2800, 3.365500000000000400 ) ;
#1691 = DIRECTION ( 'NONE',  ( 1.000000000000000000, 1.095614826932720200E-016, 0.0000000000000000000 ) ) ;
#1692 = ORIENTED_EDGE ( 'NONE', *, *, #1958, .T. ) ;
#1693 = ORIENTED_EDGE ( 'NONE', *, *, #443, .F. ) ;
#1694 = CARTESIAN_POINT ( 'NONE',  ( -24.11634919171008200, -71.39174222084638200, -1.376296781489386500 ) ) ;
#1695 = CIRCLE ( 'NONE', #885, 47.50000000000000000 ) ;
#1696 = ORIENTED_EDGE ( 'NONE', *, *, #189, .F. ) ;
#1697 = CARTESIAN_POINT ( 'NONE',  ( -34.13425700937548900, -71.76955766805025400, -1.064041869291865200 ) ) ;
#1698 = EDGE_CURVE ( 'NONE', #2869, #1298, #1977, .T. ) ;
#1699 = CARTESIAN_POINT ( 'NONE',  ( -24.12214336030415800, -71.30218999100975500, -1.272131866742788800 ) ) ;
#1700 = EDGE_LOOP ( 'NONE', ( #1696, #1998, #1548, #1508 ) ) ;
#1701 = CARTESIAN_POINT ( 'NONE',  ( -24.13299013752390800, -71.14441190502967100, -1.046377944923408100 ) ) ;
#1702 = EDGE_CURVE ( 'NONE', #782, #595, #1945, .T. ) ;
#1703 = FACE_OUTER_BOUND ( 'NONE', #2450, .T. ) ;
#1704 = DIRECTION ( 'NONE',  ( 0.0000000000000000000, 0.0000000000000000000, 1.000000000000000000 ) ) ;
#1705 = VERTEX_POINT ( 'NONE', #24 ) ;
#1706 = CARTESIAN_POINT ( 'NONE',  ( -24.13800238953121300, -71.07683115220940800, -0.9251550647009551000 ) ) ;
#1707 = CARTESIAN_POINT ( 'NONE',  ( -24.15540000000019900, -70.85699999999759800, -0.2733206807135990000 ) ) ;
#1708 = VECTOR ( 'NONE', #1577, 1000.000000000000000 ) ;
#1709 = ORIENTED_EDGE ( 'NONE', *, *, #2839, .T. ) ;
#1710 = CARTESIAN_POINT ( 'NONE',  ( -24.64150226929303900, -71.57150028595988500, -0.8107393215973790500 ) ) ;
#1711 = FACE_OUTER_BOUND ( 'NONE', #241, .T. ) ;
#1712 = CARTESIAN_POINT ( 'NONE',  ( -24.15045794645405800, -70.91438830610493900, -0.5491980513243172000 ) ) ;
#1713 = AXIS2_PLACEMENT_3D ( 'NONE', #2892, #155, #2487 ) ;
#1714 = DIRECTION ( 'NONE',  ( 1.000000000000000000, 0.0000000000000000000, 0.0000000000000000000 ) ) ;
#1715 = EDGE_CURVE ( 'NONE', #878, #1687, #1920, .T. ) ;
#1716 = ORIENTED_EDGE ( 'NONE', *, *, #2104, .F. ) ;
#1717 = DIRECTION ( 'NONE',  ( -0.4999999999999978400, 0.0000000000000000000, 0.8660254037844399300 ) ) ;
#1718 = VERTEX_POINT ( 'NONE', #1419 ) ;
#1719 = EDGE_LOOP ( 'NONE', ( #1755, #1911, #914, #1267 ) ) ;
#1720 = DIRECTION ( 'NONE',  ( -1.563174278658278500E-016, 1.000000000000000000, -5.331492910495834000E-017 ) ) ;
#1721 = EDGE_CURVE ( 'NONE', #418, #174, #996, .T. ) ;
#1722 = ORIENTED_EDGE ( 'NONE', *, *, #608, .F. ) ;
#1723 = CARTESIAN_POINT ( 'NONE',  ( -47.50000000000000000, -1.183744769913403900E-016, 0.0000000000000000000 ) ) ;
#1724 = VERTEX_POINT ( 'NONE', #2471 ) ;
#1725 = CARTESIAN_POINT ( 'NONE',  ( 25.43408357739428300, -72.00000000000000000, -14.68437499999993400 ) ) ;
#1726 = ORIENTED_EDGE ( 'NONE', *, *, #485, .T. ) ;
#1727 = LINE ( 'NONE', #2808, #2444 ) ;
#1728 = DIRECTION ( 'NONE',  ( 0.0000000000000000000, 1.000000000000000000, 0.0000000000000000000 ) ) ;
#1729 = CIRCLE ( 'NONE', #2585, 10.16000000000000200 ) ;
#1730 = VERTEX_POINT ( 'NONE', #2908 ) ;
#1731 = VECTOR ( 'NONE', #1384, 1000.000000000000000 ) ;
#1732 = CARTESIAN_POINT ( 'NONE',  ( 2.021891865392278700E-015, -56.65479840879863400, -16.50999999999999100 ) ) ;
#1733 = EDGE_CURVE ( 'NONE', #2813, #1073, #1888, .T. ) ;
#1734 = ORIENTED_EDGE ( 'NONE', *, *, #2702, .F. ) ;
#1735 = CYLINDRICAL_SURFACE ( 'NONE', #2024, 18.92499999999999400 ) ;
#1736 = ORIENTED_EDGE ( 'NONE', *, *, #1698, .T. ) ;
#1737 = DIRECTION ( 'NONE',  ( -0.0000000000000000000, 1.000000000000000000, -0.0000000000000000000 ) ) ;
#1738 = ORIENTED_EDGE ( 'NONE', *, *, #5, .F. ) ;
#1739 = CIRCLE ( 'NONE', #2040, 18.92499999999999400 ) ;
#1740 = LINE ( 'NONE', #1403, #1731 ) ;
#1741 = DIRECTION ( 'NONE',  ( 0.0000000000000000000, 0.0000000000000000000, -1.000000000000000000 ) ) ;
#1742 = CARTESIAN_POINT ( 'NONE',  ( -24.15540000000000000, -70.85699999999995700, 1.738670563910190600E-011 ) ) ;
#1743 = AXIS2_PLACEMENT_3D ( 'NONE', #1519, #1, #2336 ) ;
#1744 = AXIS2_PLACEMENT_3D ( 'NONE', #1111, #366, #124 ) ;
#1745 = EDGE_CURVE ( 'NONE', #385, #1073, #1948, .T. ) ;
#1746 = CARTESIAN_POINT ( 'NONE',  ( -24.61757988836432900, -71.49200000000000400, 1.502684264907322900 ) ) ;
#1747 = ORIENTED_EDGE ( 'NONE', *, *, #1077, .F. ) ;
#1748 = EDGE_LOOP ( 'NONE', ( #161, #598, #415, #610 ) ) ;
#1749 = DIRECTION ( 'NONE',  ( 1.000000000000000000, 0.0000000000000000000, 0.0000000000000000000 ) ) ;
#1750 = EDGE_LOOP ( 'NONE', ( #1870, #2231 ) ) ;
#1751 = EDGE_LOOP ( 'NONE', ( #1198, #2686, #1572 ) ) ;
#1752 = CARTESIAN_POINT ( 'NONE',  ( -34.64185320170732000, -71.39047276185839100, -1.424884590931949200 ) ) ;
#1753 = CIRCLE ( 'NONE', #2749, 47.50000000000000000 ) ;
#1754 = ORIENTED_EDGE ( 'NONE', *, *, #1314, .T. ) ;
#1755 = ORIENTED_EDGE ( 'NONE', *, *, #211, .F. ) ;
#1756 = CARTESIAN_POINT ( 'NONE',  ( -47.50000000000000000, -71.49199999999999000, -1.502684264907322900 ) ) ;
#1757 = DIRECTION ( 'NONE',  ( 3.625545816320566200E-017, 0.9551729761631475600, -0.2960482825615363100 ) ) ;
#1758 = CARTESIAN_POINT ( 'NONE',  ( -34.63744400950390900, -71.49199999999997600, -1.525029012340881800 ) ) ;
#1759 = LINE ( 'NONE', #2186, #1155 ) ;
#1760 = EDGE_LOOP ( 'NONE', ( #2902, #835, #1181, #340, #1163 ) ) ;
#1761 = CARTESIAN_POINT ( 'NONE',  ( -24.61757988836432900, -71.49200000000000400, 1.502684264907322900 ) ) ;
#1762 = AXIS2_PLACEMENT_3D ( 'NONE', #491, #1458, #1537 ) ;
#1763 = EDGE_CURVE ( 'NONE', #1782, #607, #1880, .T. ) ;
#1764 = CARTESIAN_POINT ( 'NONE',  ( -45.00000000000001400, -10.00000000000000000, 0.0000000000000000000 ) ) ;
#1765 = VERTEX_POINT ( 'NONE', #2771 ) ;
#1766 = ORIENTED_EDGE ( 'NONE', *, *, #2424, .F. ) ;
#1767 = CARTESIAN_POINT ( 'NONE',  ( 34.12993567236834700, -71.49199999999999000, -1.502684264907322900 ) ) ;
#1768 = CIRCLE ( 'NONE', #2046, 24.66340000000000300 ) ;
#1769 = ORIENTED_EDGE ( 'NONE', *, *, #2665, .F. ) ;
#1770 = CARTESIAN_POINT ( 'NONE',  ( -24.15080206762011600, -71.44471503120108500, 0.5076934910035705300 ) ) ;
#1771 = DIRECTION ( 'NONE',  ( 1.120535769457212900E-016, -1.000000000000000000, 0.0000000000000000000 ) ) ;
#1772 = EDGE_CURVE ( 'NONE', #1866, #1794, #1915, .T. ) ;
#1773 = FACE_OUTER_BOUND ( 'NONE', #968, .T. ) ;
#1774 = DIRECTION ( 'NONE',  ( -2.178802052069748800E-016, 1.000000000000000000, -5.331492910495809400E-017 ) ) ;
#1775 = DIRECTION ( 'NONE',  ( 0.0000000000000000000, 1.000000000000000000, 0.0000000000000000000 ) ) ;
#1776 = FACE_OUTER_BOUND ( 'NONE', #523, .T. ) ;
#1777 = EDGE_CURVE ( 'NONE', #2004, #2272, #1918, .T. ) ;
#1778 = DIRECTION ( 'NONE',  ( -1.120535769457212900E-016, 1.000000000000000000, -0.0000000000000000000 ) ) ;
#1779 = CARTESIAN_POINT ( 'NONE',  ( -1.682749999999993500, -59.29999999999999700, -32.28335849643652700 ) ) ;
#1780 = AXIS2_PLACEMENT_3D ( 'NONE', #2209, #2235, #2194 ) ;
#1781 = EDGE_CURVE ( 'NONE', #1240, #1782, #1842, .T. ) ;
#1782 = VERTEX_POINT ( 'NONE', #2348 ) ;
#1783 = AXIS2_PLACEMENT_3D ( 'NONE', #1659, #1134, #1033 ) ;
#1784 = ORIENTED_EDGE ( 'NONE', *, *, #1239, .T. ) ;
#1785 = ORIENTED_EDGE ( 'NONE', *, *, #1077, .T. ) ;
#1786 = CARTESIAN_POINT ( 'NONE',  ( -34.12993567236831900, -71.84606060606057600, -1.138397170384333900 ) ) ;
#1787 = CARTESIAN_POINT ( 'NONE',  ( 0.0000000000000000000, -58.19320477360418700, -26.66999999999999100 ) ) ;
#1788 = VERTEX_POINT ( 'NONE', #2130 ) ;
#1789 = CARTESIAN_POINT ( 'NONE',  ( 47.50000000000000000, -3.174999999999989600, 5.817072295949928200E-015 ) ) ;
#1790 = ORIENTED_EDGE ( 'NONE', *, *, #1863, .F. ) ;
#1791 = EDGE_LOOP ( 'NONE', ( #569, #1085, #2816, #1474 ) ) ;
#1792 = ORIENTED_EDGE ( 'NONE', *, *, #889, .T. ) ;
#1793 = ADVANCED_FACE ( 'NONE', ( #1876 ), #1804, .F. ) ;
#1794 = VERTEX_POINT ( 'NONE', #2057 ) ;
#1795 = DIRECTION ( 'NONE',  ( 0.0000000000000000000, 0.0000000000000000000, 1.000000000000000000 ) ) ;
#1796 = DIRECTION ( 'NONE',  ( 0.0000000000000000000, 0.0000000000000000000, -1.000000000000000000 ) ) ;
#1797 = DIRECTION ( 'NONE',  ( 1.120535769457212900E-016, -1.000000000000000000, 0.0000000000000000000 ) ) ;
#1798 = ORIENTED_EDGE ( 'NONE', *, *, #53, .T. ) ;
#1799 = DIRECTION ( 'NONE',  ( 0.0000000000000000000, 0.0000000000000000000, 1.000000000000000000 ) ) ;
#1800 = LINE ( 'NONE', #1246, #1708 ) ;
#1801 = CARTESIAN_POINT ( 'NONE',  ( 1.682750000000035500, -72.00000000000001400, -26.45414150356348100 ) ) ;
#1802 = ORIENTED_EDGE ( 'NONE', *, *, #1932, .F. ) ;
#1803 = AXIS2_PLACEMENT_3D ( 'NONE', #65, #205, #182 ) ;
#1804 = CYLINDRICAL_SURFACE ( 'NONE', #2058, 30.09900000000000000 ) ;
#1805 = LINE ( 'NONE', #2052, #1811 ) ;
#1806 = CARTESIAN_POINT ( 'NONE',  ( -34.65397330279202500, -71.85759218331973800, -1.149605026206285100 ) ) ;
#1807 = CARTESIAN_POINT ( 'NONE',  ( 24.62943904813858300, -71.69462650495707100, -0.9912142192969254400 ) ) ;
#1808 = EDGE_CURVE ( 'NONE', #1730, #1782, #1805, .T. ) ;
#1809 = DIRECTION ( 'NONE',  ( -0.0000000000000000000, 1.000000000000000000, -0.0000000000000000000 ) ) ;
#1810 = ADVANCED_FACE ( 'NONE', ( #1776 ), #1836, .T. ) ;
#1811 = VECTOR ( 'NONE', #1928, 1000.000000000000000 ) ;
#1812 = CARTESIAN_POINT ( 'NONE',  ( 0.0000000000000000000, -14.14099204399307300, 0.0000000000000000000 ) ) ;
#1813 = CARTESIAN_POINT ( 'NONE',  ( 0.0000000000000000000, 0.0000000000000000000, 0.0000000000000000000 ) ) ;
#1814 = DIRECTION ( 'NONE',  ( -1.870988165364011900E-016, 1.000000000000000000, -0.0000000000000000000 ) ) ;
#1815 = DIRECTION ( 'NONE',  ( 1.000000000000000000, 1.120535769457212900E-016, 0.0000000000000000000 ) ) ;
#1816 = DIRECTION ( 'NONE',  ( 1.000000000000000000, 1.095614826932720200E-016, 0.0000000000000000000 ) ) ;
#1817 = EDGE_CURVE ( 'NONE', #973, #1186, #1839, .T. ) ;
#1818 = ORIENTED_EDGE ( 'NONE', *, *, #907, .F. ) ;
#1819 = ORIENTED_EDGE ( 'NONE', *, *, #1616, .F. ) ;
#1820 = ADVANCED_FACE ( 'NONE', ( #1773 ), #1735, .F. ) ;
#1821 = EDGE_LOOP ( 'NONE', ( #1997, #1080, #2437, #855 ) ) ;
#1822 = ORIENTED_EDGE ( 'NONE', *, *, #2393, .F. ) ;
#1823 = DIRECTION ( 'NONE',  ( 1.870988165364011900E-016, -1.000000000000000000, 0.0000000000000000000 ) ) ;
#1824 = DIRECTION ( 'NONE',  ( -1.120535769457212900E-016, 1.000000000000000000, -0.0000000000000000000 ) ) ;
#1825 = CIRCLE ( 'NONE', #2160, 18.92499999999999400 ) ;
#1826 = CIRCLE ( 'NONE', #547, 45.91250000000000100 ) ;
#1827 = EDGE_LOOP ( 'NONE', ( #1401, #1785, #2841, #2790 ) ) ;
#1828 = EDGE_CURVE ( 'NONE', #379, #2474, #1739, .T. ) ;
#1829 = FACE_OUTER_BOUND ( 'NONE', #2342, .T. ) ;
#1830 = CARTESIAN_POINT ( 'NONE',  ( 8.619161138664877600E-016, -11.49199999999999600, 0.0000000000000000000 ) ) ;
#1831 = B_SPLINE_CURVE_WITH_KNOTS ( 'NONE', 3,
 ( #2663, #2646, #2459, #2440, #2431, #2419, #2412, #2289, #2282, #2268 ),
 .UNSPECIFIED., .F., .F.,
 ( 4, 2, 2, 2, 4 ),
 ( 1.696490603732684700E-017, 0.0004219824864823921300, 0.0008439649729647672400, 0.001265947459447142300, 0.001687929945929517600 ),
 .UNSPECIFIED. ) ;
#1832 = ORIENTED_EDGE ( 'NONE', *, *, #2702, .T. ) ;
#1833 = AXIS2_PLACEMENT_3D ( 'NONE', #1466, #1465, #1462 ) ;
#1834 = DIRECTION ( 'NONE',  ( -1.870988165364011900E-016, 1.000000000000000000, -0.0000000000000000000 ) ) ;
#1835 = CARTESIAN_POINT ( 'NONE',  ( -24.14438987661825900, -71.56191241008848200, -0.7931865319139670400 ) ) ;
#1836 = TOROIDAL_SURFACE ( 'NONE', #2084, 34.16300000000000400, 0.5080000000000000100 ) ;
#1837 = CARTESIAN_POINT ( 'NONE',  ( 40.00000000000000700, -11.99999999999998900, 4.898587196589413800E-015 ) ) ;
#1838 = ORIENTED_EDGE ( 'NONE', *, *, #1969, .T. ) ;
#1839 = CIRCLE ( 'NONE', #2078, 1.587499999999998600 ) ;
#1840 = AXIS2_PLACEMENT_3D ( 'NONE', #2291, #2098, #1884 ) ;
#1841 = EDGE_CURVE ( 'NONE', #1037, #857, #1740, .T. ) ;
#1842 = CIRCLE ( 'NONE', #2096, 10.16000000000000200 ) ;
#1843 = CARTESIAN_POINT ( 'NONE',  ( 47.50000000000000000, -3.799999999999994900, 5.817072295949928200E-015 ) ) ;
#1844 = CARTESIAN_POINT ( 'NONE',  ( -20.95500000000000200, -71.36499999999999500, 0.0000000000000000000 ) ) ;
#1845 = DIRECTION ( 'NONE',  ( -1.120535769457212900E-016, 1.000000000000000000, -0.0000000000000000000 ) ) ;
#1846 = CARTESIAN_POINT ( 'NONE',  ( -24.61757988836432900, -71.84606060606059000, 1.138397170384345000 ) ) ;
#1847 = CARTESIAN_POINT ( 'NONE',  ( 34.16299702244872100, -71.36503677455989700, 0.1058920632664292800 ) ) ;
#1848 = ORIENTED_EDGE ( 'NONE', *, *, #2379, .F. ) ;
#1849 = CARTESIAN_POINT ( 'NONE',  ( 45.00000000000001400, -9.999999999999989300, 5.510910596163091900E-015 ) ) ;
#1850 = CARTESIAN_POINT ( 'NONE',  ( -25.43408357739414800, -59.29999999999999700, 14.68437500000011300 ) ) ;
#1851 = CARTESIAN_POINT ( 'NONE',  ( 34.15940144833719200, -71.40792399430611700, -0.4227753047970965700 ) ) ;
#1852 = ORIENTED_EDGE ( 'NONE', *, *, #1251, .F. ) ;
#1853 = ORIENTED_EDGE ( 'NONE', *, *, #1763, .T. ) ;
#1854 = AXIS2_PLACEMENT_3D ( 'NONE', #263, #1626, #2036 ) ;
#1855 = AXIS2_PLACEMENT_3D ( 'NONE', #1991, #619, #403 ) ;
#1856 = CARTESIAN_POINT ( 'NONE',  ( -24.13395330301413800, -71.12958037797631100, -1.048133146193907000 ) ) ;
#1857 = EDGE_LOOP ( 'NONE', ( #99, #2478 ) ) ;
#1858 = CARTESIAN_POINT ( 'NONE',  ( 34.16211773207114500, -71.37579391567018700, 0.2128993665482532500 ) ) ;
#1859 = CYLINDRICAL_SURFACE ( 'NONE', #2025, 3.365500000000000800 ) ;
#1860 = EDGE_LOOP ( 'NONE', ( #931, #425, #1004, #1074 ) ) ;
#1861 = CARTESIAN_POINT ( 'NONE',  ( -20.95500000000000200, -70.83159999999999500, 0.0000000000000000000 ) ) ;
#1862 = EDGE_LOOP ( 'NONE', ( #2170, #304, #2631 ) ) ;
#1863 = EDGE_CURVE ( 'NONE', #1257, #2474, #1800, .T. ) ;
#1864 = CYLINDRICAL_SURFACE ( 'NONE', #1272, 31.75000000000000000 ) ;
#1865 = DIRECTION ( 'NONE',  ( -0.0000000000000000000, 1.000000000000000000, -0.0000000000000000000 ) ) ;
#1866 = VERTEX_POINT ( 'NONE', #1231 ) ;
#1867 = CARTESIAN_POINT ( 'NONE',  ( -24.62947742942275700, -71.69413639974016000, -0.9907378726111764100 ) ) ;
#1868 = ORIENTED_EDGE ( 'NONE', *, *, #429, .T. ) ;
#1869 = CARTESIAN_POINT ( 'NONE',  ( 34.67100000000002100, -59.80799999999998600, 4.245972917323789500E-015 ) ) ;
#1870 = ORIENTED_EDGE ( 'NONE', *, *, #1560, .F. ) ;
#1871 = CARTESIAN_POINT ( 'NONE',  ( -24.13817541458527700, -71.68005819749596700, -0.9731851289419700700 ) ) ;
#1872 = CARTESIAN_POINT ( 'NONE',  ( 2.317644067386365000E-015, 0.0000000000000000000, -18.92499999999999400 ) ) ;
#1873 = EDGE_CURVE ( 'NONE', #1718, #1475, #1768, .T. ) ;
#1874 = DIRECTION ( 'NONE',  ( 1.000000000000000000, 0.0000000000000000000, 0.0000000000000000000 ) ) ;
#1875 =( BOUNDED_SURFACE ( )  B_SPLINE_SURFACE ( 3, 2, ( 
 ( #936, #2085, #1963 ),
 ( #926, #738, #830 ),
 ( #381, #2000, #2314 ),
 ( #498, #1770, #156 ),
 ( #1604, #315, #264 ),
 ( #324, #448, #1468 ),
 ( #722, #2726, #711 ),
 ( #1883, #1887, #1894 ),
 ( #1905, #1677, #1683 ),
 ( #1710, #1835, #1856 ),
 ( #1867, #1871, #957 ),
 ( #79, #14, #179 ) ),
 .UNSPECIFIED., .F., .F., .T. ) 
 B_SPLINE_SURFACE_WITH_KNOTS ( ( 4, 2, 2, 2, 2, 4 ),
 ( 3, 3 ),
 ( -7.589415207398531000E-019, 0.0008336806576875802300, 0.001250520986531370700, 0.001667361315375161300, 0.002501041973062742200, 0.003334722630750323500 ),
 ( 0.0000000000000000000, 1.000000000000000000 ),
 .UNSPECIFIED. ) 
 GEOMETRIC_REPRESENTATION_ITEM ( )  RATIONAL_B_SPLINE_SURFACE ( (
 ( 1.000000000000000000, 0.7223888460619047900, 1.000000000000000000),
 ( 1.000000000000000000, 0.7184700280059751500, 1.000000000000000000),
 ( 1.000000000000000000, 0.7144988805349507000, 1.000000000000000000),
 ( 1.000000000000000000, 0.7102185682456102500, 1.000000000000000000),
 ( 1.000000000000000000, 0.7090799143452496400, 1.000000000000000000),
 ( 1.000000000000000000, 0.7075195662712124900, 1.000000000000000000),
 ( 1.000000000000000000, 0.7071081885049485000, 1.000000000000000000),
 ( 1.000000000000000000, 0.7071039777160288400, 1.000000000000000000),
 ( 1.000000000000000000, 0.7087933536877453200, 1.000000000000000000),
 ( 1.000000000000000000, 0.7144606115996157100, 1.000000000000000000),
 ( 1.000000000000000000, 0.7184547160276051300, 1.000000000000000000),
 ( 1.000000000000000000, 0.7223888460619017900, 1.000000000000000000) ) ) 
 REPRESENTATION_ITEM ( '' )  SURFACE ( )  );
#1876 = FACE_OUTER_BOUND ( 'NONE', #545, .T. ) ;
#1877 = ORIENTED_EDGE ( 'NONE', *, *, #330, .F. ) ;
#1878 = ADVANCED_FACE ( 'NONE', ( #1703 ), #1664, .T. ) ;
#1879 = ADVANCED_FACE ( 'NONE', ( #1673 ), #1630, .F. ) ;
#1880 = CIRCLE ( 'NONE', #2159, 19.04999999999999400 ) ;
#1881 = DIRECTION ( 'NONE',  ( -1.000000000000000000, -1.870988165364011900E-016, 0.0000000000000000000 ) ) ;
#1882 = AXIS2_PLACEMENT_3D ( 'NONE', #2184, #2895, #961 ) ;
#1883 = CARTESIAN_POINT ( 'NONE',  ( -24.66340830804161000, -71.36492592291534700, -0.2101639249105087500 ) ) ;
#1884 = DIRECTION ( 'NONE',  ( 1.000000000000000000, 0.0000000000000000000, 1.224646799147354200E-016 ) ) ;
#1885 = CARTESIAN_POINT ( 'NONE',  ( -34.12993567236831900, -71.49200000000000400, 1.502684264907322900 ) ) ;
#1886 = VECTOR ( 'NONE', #2881, 1000.000000000000000 ) ;
#1887 = CARTESIAN_POINT ( 'NONE',  ( -24.15540410879337300, -71.36492994971550300, -0.2044507078339942400 ) ) ;
#1888 = LINE ( 'NONE', #980, #1886 ) ;
#1889 = DIRECTION ( 'NONE',  ( 0.5000000000000040000, 0.0000000000000000000, 0.8660254037844363800 ) ) ;
#1890 = DIRECTION ( 'NONE',  ( 0.0000000000000000000, 0.0000000000000000000, -1.000000000000000000 ) ) ;
#1891 = DIRECTION ( 'NONE',  ( -1.870988165364011900E-016, 1.000000000000000000, -0.0000000000000000000 ) ) ;
#1892 = DIRECTION ( 'NONE',  ( -2.178802052069748800E-016, 1.000000000000000000, -5.331492910495809400E-017 ) ) ;
#1893 = ADVANCED_FACE ( 'NONE', ( #1711 ), #1598, .F. ) ;
#1894 = CARTESIAN_POINT ( 'NONE',  ( -24.15540813680282300, -70.85690221684970400, -0.2717023462597262800 ) ) ;
#1895 = CARTESIAN_POINT ( 'NONE',  ( 1.734723475976807100E-014, -59.29999999999999700, -29.36875000000000200 ) ) ;
#1896 = EDGE_LOOP ( 'NONE', ( #1329, #1482, #1371, #1512 ) ) ;
#1897 = DIRECTION ( 'NONE',  ( 0.0000000000000000000, 1.000000000000000000, 0.0000000000000000000 ) ) ;
#1898 = AXIS2_PLACEMENT_3D ( 'NONE', #55, #45, #35 ) ;
#1899 = ORIENTED_EDGE ( 'NONE', *, *, #2628, .F. ) ;
#1900 = ORIENTED_EDGE ( 'NONE', *, *, #1702, .F. ) ;
#1901 = DIRECTION ( 'NONE',  ( 0.0000000000000000000, 0.9551729761631475600, 0.2960482825615363100 ) ) ;
#1902 = DIRECTION ( 'NONE',  ( 0.0000000000000000000, 0.0000000000000000000, 1.000000000000000000 ) ) ;
#1903 = ORIENTED_EDGE ( 'NONE', *, *, #832, .T. ) ;
#1904 = AXIS2_PLACEMENT_3D ( 'NONE', #548, #648, #522 ) ;
#1905 = CARTESIAN_POINT ( 'NONE',  ( -24.65841367901549600, -71.40794308614191300, -0.4228503253117651400 ) ) ;
#1906 = VECTOR ( 'NONE', #2193, 1000.000000000000000 ) ;
#1907 = EDGE_CURVE ( 'NONE', #782, #891, #1635, .T. ) ;
#1908 = CIRCLE ( 'NONE', #1655, 16.96544256218241700 ) ;
#1909 = ADVANCED_FACE ( 'NONE', ( #1592 ), #1559, .F. ) ;
#1910 = DIRECTION ( 'NONE',  ( -1.120535769457212900E-016, 1.000000000000000000, -0.0000000000000000000 ) ) ;
#1911 = ORIENTED_EDGE ( 'NONE', *, *, #1525, .T. ) ;
#1912 = CARTESIAN_POINT ( 'NONE',  ( -34.50000000000000000, 3.727941632043064100E-017, 0.0000000000000000000 ) ) ;
#1913 = APPROVAL_ROLE ( '' ) ;
#1914 = ORIENTED_EDGE ( 'NONE', *, *, #2591, .T. ) ;
#1915 = CIRCLE ( 'NONE', #2156, 31.75000000000000000 ) ;
#1916 = DIRECTION ( 'NONE',  ( -1.000000000000000000, -1.156482317317871500E-016, 0.0000000000000000000 ) ) ;
#1917 = EDGE_LOOP ( 'NONE', ( #1112, #2840, #2516, #1338, #2136 ) ) ;
#1918 = CIRCLE ( 'NONE', #2103, 24.15540000000000000 ) ;
#1919 = CARTESIAN_POINT ( 'NONE',  ( 24.13800238953121600, -71.07683115220939400, 0.9251550647009732000 ) ) ;
#1920 = CIRCLE ( 'NONE', #2185, 20.95500000000000200 ) ;
#1921 = AXIS2_PLACEMENT_3D ( 'NONE', #720, #755, #924 ) ;
#1922 = AXIS2_PLACEMENT_3D ( 'NONE', #353, #2166, #2215 ) ;
#1923 = CARTESIAN_POINT ( 'NONE',  ( -23.75133357739417800, -72.00000000000001400, 11.76976650356356700 ) ) ;
#1924 = DIRECTION ( 'NONE',  ( -0.0000000000000000000, 1.000000000000000000, -0.0000000000000000000 ) ) ;
#1925 = CARTESIAN_POINT ( 'NONE',  ( 34.66734793894853800, -70.91365967197131700, -0.5663617431226838400 ) ) ;
#1926 = EDGE_CURVE ( 'NONE', #1240, #2377, #1667, .T. ) ;
#1927 = DIRECTION ( 'NONE',  ( -2.178802052069748800E-016, 1.000000000000000000, -5.331492910495809400E-017 ) ) ;
#1928 = DIRECTION ( 'NONE',  ( -0.0000000000000000000, 1.000000000000000000, -0.0000000000000000000 ) ) ;
#1929 = CARTESIAN_POINT ( 'NONE',  ( -1.682749999999993500, -72.00000000000001400, -32.28335849643652700 ) ) ;
#1930 = PERSON_AND_ORGANIZATION_ROLE ( 'creator' ) ;
#1931 = ORIENTED_EDGE ( 'NONE', *, *, #375, .F. ) ;
#1932 = EDGE_CURVE ( 'NONE', #1220, #844, #1627, .T. ) ;
#1933 = ORIENTED_EDGE ( 'NONE', *, *, #119, .T. ) ;
#1934 = ORIENTED_EDGE ( 'NONE', *, *, #2759, .T. ) ;
#1935 = DIRECTION ( 'NONE',  ( 0.0000000000000000000, 0.0000000000000000000, 1.000000000000000000 ) ) ;
#1936 = DIRECTION ( 'NONE',  ( -0.0000000000000000000, 1.000000000000000000, -0.0000000000000000000 ) ) ;
#1937 = ORIENTED_EDGE ( 'NONE', *, *, #2013, .T. ) ;
#1938 = FACE_OUTER_BOUND ( 'NONE', #912, .T. ) ;
#1939 = ORIENTED_EDGE ( 'NONE', *, *, #2216, .F. ) ;
#1940 = CARTESIAN_POINT ( 'NONE',  ( 0.0000000000000000000, -70.83159999999999500, 0.0000000000000000000 ) ) ;
#1941 = ORIENTED_EDGE ( 'NONE', *, *, #2828, .F. ) ;
#1942 = CYLINDRICAL_SURFACE ( 'NONE', #2522, 3.365500000000000800 ) ;
#1943 = EDGE_CURVE ( 'NONE', #1962, #2173, #1585, .T. ) ;
#1944 = VERTEX_POINT ( 'NONE', #289 ) ;
#1945 = CIRCLE ( 'NONE', #2189, 3.365500000000000400 ) ;
#1946 = DIRECTION ( 'NONE',  ( -1.000000000000000000, -1.095614826932720200E-016, 0.0000000000000000000 ) ) ;
#1947 = CYLINDRICAL_SURFACE ( 'NONE', #2207, 3.365500000000000400 ) ;
#1948 = CIRCLE ( 'NONE', #2171, 3.365500000000001300 ) ;
#1949 = CARTESIAN_POINT ( 'NONE',  ( 34.12993567236834000, -71.84606060606059000, 1.138397170384345000 ) ) ;
#1950 = AXIS2_PLACEMENT_3D ( 'NONE', #917, #946, #1201 ) ;
#1951 = FACE_OUTER_BOUND ( 'NONE', #2220, .T. ) ;
#1952 = AXIS2_PLACEMENT_3D ( 'NONE', #1128, #1137, #1144 ) ;
#1953 = EDGE_CURVE ( 'NONE', #962, #666, #1521, .T. ) ;
#1954 = DIRECTION ( 'NONE',  ( 0.0000000000000000000, 2.731847993664377800E-014, -1.000000000000000000 ) ) ;
#1955 = DIRECTION ( 'NONE',  ( -2.406071707233087900E-018, 1.000000000000000000, -0.0000000000000000000 ) ) ;
#1956 = CARTESIAN_POINT ( 'NONE',  ( 24.65841367901549600, -71.40794308614216800, 0.4228503253123430700 ) ) ;
#1957 = ADVANCED_FACE ( 'NONE', ( #1554 ), #1493, .F. ) ;
#1958 = EDGE_CURVE ( 'NONE', #249, #1944, #1495, .T. ) ;
#1959 = VERTEX_POINT ( 'NONE', #2577 ) ;
#1960 = ORIENTED_EDGE ( 'NONE', *, *, #2281, .T. ) ;
#1961 = ORIENTED_EDGE ( 'NONE', *, *, #2875, .T. ) ;
#1962 = VERTEX_POINT ( 'NONE', #2323 ) ;
#1963 = CARTESIAN_POINT ( 'NONE',  ( -24.11052365997371900, -71.49200000000000400, 1.471732992715630900 ) ) ;
#1964 = ORIENTED_EDGE ( 'NONE', *, *, #1733, .F. ) ;
#1965 = DIRECTION ( 'NONE',  ( -1.000000000000000000, 0.0000000000000000000, 0.0000000000000000000 ) ) ;
#1966 = ORIENTED_EDGE ( 'NONE', *, *, #1772, .F. ) ;
#1967 = CARTESIAN_POINT ( 'NONE',  ( 34.13849152571660300, -71.69459179750670300, 0.9911804861751740700 ) ) ;
#1968 = CIRCLE ( 'NONE', #1855, 31.75000000000000000 ) ;
#1969 = EDGE_CURVE ( 'NONE', #1035, #1443, #1595, .T. ) ;
#1970 = VERTEX_POINT ( 'NONE', #1232 ) ;
#1971 = TOROIDAL_SURFACE ( 'NONE', #2246, 47.50000000000000000, 1.587499999999999900 ) ;
#1972 = CARTESIAN_POINT ( 'NONE',  ( 0.0000000000000000000, 0.0000000000000000000, 0.0000000000000000000 ) ) ;
#1973 = EDGE_CURVE ( 'NONE', #1866, #318, #1469, .T. ) ;
#1974 = FACE_OUTER_BOUND ( 'NONE', #2306, .T. ) ;
#1975 = CARTESIAN_POINT ( 'NONE',  ( 24.14635118031438700, -70.96795778951096200, -0.6730274048529555400 ) ) ;
#1976 = EDGE_LOOP ( 'NONE', ( #1666, #943, #1587, #1766 ) ) ;
#1977 = CIRCLE ( 'NONE', #2228, 47.50000000000000000 ) ;
#1978 = CARTESIAN_POINT ( 'NONE',  ( 24.65754518139484500, -71.41794181772029000, -0.4200712584417099500 ) ) ;
#1979 = FACE_BOUND ( 'NONE', #2402, .T. ) ;
#1980 = DIRECTION ( 'NONE',  ( -1.000000000000000000, 0.0000000000000000000, 0.0000000000000000000 ) ) ;
#1981 = CARTESIAN_POINT ( 'NONE',  ( 0.0000000000000000000, 0.0000000000000000000, 0.0000000000000000000 ) ) ;
#1982 = CARTESIAN_POINT ( 'NONE',  ( -34.65428240151633300, -71.14362318433056500, -1.082860733654990000 ) ) ;
#1983 = CARTESIAN_POINT ( 'NONE',  ( 34.12993567236834000, -71.49200000000000400, 1.502684264907322900 ) ) ;
#1984 = CARTESIAN_POINT ( 'NONE',  ( 22.06858357739416800, -59.29999999999999000, 14.68437500000012000 ) ) ;
#1985 = ADVANCED_FACE ( 'NONE', ( #1526 ), #1430, .T. ) ;
#1986 = AXIS2_PLACEMENT_3D ( 'NONE', #260, #240, #225 ) ;
#1987 = CARTESIAN_POINT ( 'NONE',  ( 20.95500000000000200, -71.36499999999999500, 2.762215348412838100E-015 ) ) ;
#1988 = EDGE_CURVE ( 'NONE', #2869, #614, #1460, .T. ) ;
#1989 = DIRECTION ( 'NONE',  ( -2.406071707233087900E-018, 1.000000000000000000, -0.0000000000000000000 ) ) ;
#1990 = DIRECTION ( 'NONE',  ( 0.0000000000000000000, 0.0000000000000000000, 1.000000000000000000 ) ) ;
#1991 = CARTESIAN_POINT ( 'NONE',  ( 0.0000000000000000000, -12.00000000000000000, 0.0000000000000000000 ) ) ;
#1992 = EDGE_LOOP ( 'NONE', ( #964, #2345, #839, #1103 ) ) ;
#1993 = VERTEX_POINT ( 'NONE', #1764 ) ;
#1994 = ORIENTED_EDGE ( 'NONE', *, *, #2138, .T. ) ;
#1995 = CARTESIAN_POINT ( 'NONE',  ( 1.682750000000035500, -72.00000000000001400, -26.45414150356348100 ) ) ;
#1996 = CIRCLE ( 'NONE', #2886, 0.5079999999999986700 ) ;
#1997 = ORIENTED_EDGE ( 'NONE', *, *, #1958, .F. ) ;
#1998 = ORIENTED_EDGE ( 'NONE', *, *, #235, .T. ) ;
#1999 = CARTESIAN_POINT ( 'NONE',  ( 1.704259087380511900E-016, -70.83159999999999500, 0.0000000000000000000 ) ) ;
#2000 = CARTESIAN_POINT ( 'NONE',  ( -24.14433159506100400, -71.56300229252757100, 0.7953825733934848400 ) ) ;
#2001 = CARTESIAN_POINT ( 'NONE',  ( -34.66674102312033100, -70.92637938142961200, -0.5608050569580012000 ) ) ;
#2002 = CARTESIAN_POINT ( 'NONE',  ( 24.15540000000000000, -70.85699999999995700, -1.736158758920792700E-011 ) ) ;
#2003 = FACE_OUTER_BOUND ( 'NONE', #678, .T. ) ;
#2004 = VERTEX_POINT ( 'NONE', #2188 ) ;
#2005 = DIRECTION ( 'NONE',  ( -1.000000000000000000, -1.095614826932720200E-016, 0.0000000000000000000 ) ) ;
#2006 = AXIS2_PLACEMENT_3D ( 'NONE', #431, #419, #307 ) ;
#2007 = AXIS2_PLACEMENT_3D ( 'NONE', #2266, #2283, #2295 ) ;
#2008 = DIRECTION ( 'NONE',  ( -1.120535769457212900E-016, 1.000000000000000000, -0.0000000000000000000 ) ) ;
#2009 = FACE_OUTER_BOUND ( 'NONE', #1014, .T. ) ;
#2010 = CARTESIAN_POINT ( 'NONE',  ( 47.50000000000000000, 1.052671533285218300E-014, 5.817072295949928200E-015 ) ) ;
#2011 = DIRECTION ( 'NONE',  ( 0.9396926207859075400, 0.3420201433256710400, 1.150791560227849300E-016 ) ) ;
#2012 = DIRECTION ( 'NONE',  ( 0.0000000000000000000, 0.0000000000000000000, 1.000000000000000000 ) ) ;
#2013 = EDGE_CURVE ( 'NONE', #878, #125, #1490, .T. ) ;
#2014 = FACE_BOUND ( 'NONE', #1576, .T. ) ;
#2015 = DIRECTION ( 'NONE',  ( -1.563174278658271100E-016, 1.000000000000000000, 5.331492910495790900E-017 ) ) ;
#2016 = PERSON ( 'UNSPECIFIED', 'UNSPECIFIED', 'UNSPECIFIED', ('UNSPECIFIED'), ('UNSPECIFIED'), ('UNSPECIFIED') ) ;
#2017 = PLANE ( 'NONE',  #2812 ) ;
#2018 = FACE_BOUND ( 'NONE', #1305, .T. ) ;
#2019 = VERTEX_POINT ( 'NONE', #1046 ) ;
#2020 = EDGE_CURVE ( 'NONE', #932, #125, #1518, .T. ) ;
#2021 = DIRECTION ( 'NONE',  ( -2.486615938775481500E-016, 1.000000000000000000, 0.0000000000000000000 ) ) ;
#2022 = DIRECTION ( 'NONE',  ( -1.000000000000000000, -1.301042606982605100E-016, 0.0000000000000000000 ) ) ;
#2023 = CARTESIAN_POINT ( 'NONE',  ( -7.003348559107641900E-017, -3.174999999999994500, 0.0000000000000000000 ) ) ;
#2024 = AXIS2_PLACEMENT_3D ( 'NONE', #1813, #1865, #1704 ) ;
#2025 = AXIS2_PLACEMENT_3D ( 'NONE', #2835, #2848, #2833 ) ;
#2026 = CARTESIAN_POINT ( 'NONE',  ( 0.0000000000000000000, -6.411999999999999900, 29.21000000000000100 ) ) ;
#2027 = ORIENTED_EDGE ( 'NONE', *, *, #2879, .F. ) ;
#2028 = EDGE_CURVE ( 'NONE', #1944, #1230, #1463, .T. ) ;
#2029 = EDGE_LOOP ( 'NONE', ( #1747, #1151, #1052, #1853 ) ) ;
#2030 = CARTESIAN_POINT ( 'NONE',  ( 1.119000601940908100E-014, -59.80799999999999300, 0.0000000000000000000 ) ) ;
#2031 = DIRECTION ( 'NONE',  ( 0.0000000000000000000, -1.000000000000000000, 0.0000000000000000000 ) ) ;
#2032 = ORIENTED_EDGE ( 'NONE', *, *, #2615, .T. ) ;
#2033 = ORIENTED_EDGE ( 'NONE', *, *, #1625, .F. ) ;
#2034 = ORIENTED_EDGE ( 'NONE', *, *, #2315, .F. ) ;
#2035 = EDGE_CURVE ( 'NONE', #749, #1461, #1389, .T. ) ;
#2036 = DIRECTION ( 'NONE',  ( 0.0000000000000000000, -0.6969696969696993500, -0.7171005797696480300 ) ) ;
#2037 = CIRCLE ( 'NONE', #2448, 47.50000000000000000 ) ;
#2038 = VECTOR ( 'NONE', #874, 1000.000000000000000 ) ;
#2039 = CARTESIAN_POINT ( 'NONE',  ( 0.0000000000000000000, -3.799999999999999800, 0.0000000000000000000 ) ) ;
#2040 = AXIS2_PLACEMENT_3D ( 'NONE', #1374, #1359, #1351 ) ;
#2041 = DIRECTION ( 'NONE',  ( -1.000000000000000000, -1.870988165364011900E-016, 0.0000000000000000000 ) ) ;
#2042 = DIRECTION ( 'NONE',  ( -1.120535769457212900E-016, 1.000000000000000000, -0.0000000000000000000 ) ) ;
#2043 = CARTESIAN_POINT ( 'NONE',  ( -47.50000000000000000, -71.99999999999998600, -1.502684264907321800 ) ) ;
#2044 = ADVANCED_FACE ( 'NONE', ( #1383 ), #1345, .F. ) ;
#2045 = FACE_BOUND ( 'NONE', #535, .T. ) ;
#2046 = AXIS2_PLACEMENT_3D ( 'NONE', #1117, #1007, #967 ) ;
#2047 = FACE_BOUND ( 'NONE', #501, .T. ) ;
#2048 = DIRECTION ( 'NONE',  ( -1.563174278658271100E-016, 1.000000000000000000, 5.331492910495790900E-017 ) ) ;
#2049 = ADVANCED_FACE ( 'NONE', ( #1423 ), #1377, .T. ) ;
#2050 = FACE_BOUND ( 'NONE', #2167, .T. ) ;
#2051 = ORIENTED_EDGE ( 'NONE', *, *, #2393, .T. ) ;
#2052 = CARTESIAN_POINT ( 'NONE',  ( 0.0000000000000000000, 0.0000000000000000000, 19.04999999999999400 ) ) ;
#2053 = DIRECTION ( 'NONE',  ( 0.03067197795516405500, 0.7167631869594359700, 0.6966417756552292200 ) ) ;
#2054 = DIRECTION ( 'NONE',  ( 1.000000000000000000, -0.0000000000000000000, -0.0000000000000000000 ) ) ;
#2055 = FACE_OUTER_BOUND ( 'NONE', #16, .T. ) ;
#2056 = CARTESIAN_POINT ( 'NONE',  ( -34.12993567236831900, -71.99999999999998600, -1.502684264907321800 ) ) ;
#2057 = CARTESIAN_POINT ( 'NONE',  ( 0.0000000000000000000, -14.52559363519444300, 31.75000000000000000 ) ) ;
#2058 = AXIS2_PLACEMENT_3D ( 'NONE', #2297, #2077, #2288 ) ;
#2059 = AXIS2_PLACEMENT_3D ( 'NONE', #2527, #2497, #2468 ) ;
#2060 = ADVANCED_FACE ( 'NONE', ( #1380, #1339, #1342, #1349 ), #2480, .T. ) ;
#2061 = VERTEX_POINT ( 'NONE', #1341 ) ;
#2062 = ORIENTED_EDGE ( 'NONE', *, *, #2515, .F. ) ;
#2063 = VERTEX_POINT ( 'NONE', #1779 ) ;
#2064 = DIRECTION ( 'NONE',  ( 0.5000000000000040000, 0.0000000000000000000, 0.8660254037844363800 ) ) ;
#2065 = EDGE_CURVE ( 'NONE', #132, #230, #1310, .T. ) ;
#2066 = CARTESIAN_POINT ( 'NONE',  ( 3.577193300309419100E-015, 0.0000000000000000000, -29.21000000000000100 ) ) ;
#2067 = DIRECTION ( 'NONE',  ( 0.0000000000000000000, -0.6969696969696745900, 0.7171005797696721200 ) ) ;
#2068 = DIRECTION ( 'NONE',  ( -2.178802052069748800E-016, 1.000000000000000000, -5.331492910495809400E-017 ) ) ;
#2069 = VECTOR ( 'NONE', #2579, 1000.000000000000000 ) ;
#2070 = ORIENTED_EDGE ( 'NONE', *, *, #1373, .F. ) ;
#2071 = CIRCLE ( 'NONE', #327, 34.67100000000000600 ) ;
#2072 = EDGE_CURVE ( 'NONE', #246, #1274, #1281, .T. ) ;
#2073 = ORIENTED_EDGE ( 'NONE', *, *, #707, .T. ) ;
#2074 = CARTESIAN_POINT ( 'NONE',  ( 24.11635397947797100, -71.39165982305027600, -1.376218346344074900 ) ) ;
#2075 = ORIENTED_EDGE ( 'NONE', *, *, #2615, .F. ) ;
#2076 = CARTESIAN_POINT ( 'NONE',  ( 2.081668171172168500E-014, -72.00000000000001400, -29.36875000000000200 ) ) ;
#2077 = DIRECTION ( 'NONE',  ( -0.0000000000000000000, -1.000000000000000000, -0.0000000000000000000 ) ) ;
#2078 = AXIS2_PLACEMENT_3D ( 'NONE', #1680, #1672, #1631 ) ;
#2079 = EDGE_CURVE ( 'NONE', #493, #844, #1311, .T. ) ;
#2080 = DIRECTION ( 'NONE',  ( -0.0000000000000000000, 1.000000000000000000, -0.0000000000000000000 ) ) ;
#2081 = DIRECTION ( 'NONE',  ( -1.120535769457212900E-016, 1.000000000000000000, -0.0000000000000000000 ) ) ;
#2082 = FACE_BOUND ( 'NONE', #1441, .T. ) ;
#2083 = CYLINDRICAL_SURFACE ( 'NONE', #2301, 34.67100000000000600 ) ;
#2084 = AXIS2_PLACEMENT_3D ( 'NONE', #2030, #1891, #1881 ) ;
#2085 = CARTESIAN_POINT ( 'NONE',  ( -24.13175018629453200, -71.83123882426814100, 1.123991474648123700 ) ) ;
#2086 = CARTESIAN_POINT ( 'NONE',  ( 24.15540813680282300, -70.85690221684970400, 0.2717023462597446000 ) ) ;
#2087 = LINE ( 'NONE', #95, #2179 ) ;
#2088 = DIRECTION ( 'NONE',  ( 1.000000000000000000, 1.870988165364011900E-016, 0.0000000000000000000 ) ) ;
#2089 = CARTESIAN_POINT ( 'NONE',  ( -47.50000000000000000, -6.349999999999999600, 0.0000000000000000000 ) ) ;
#2090 = DIRECTION ( 'NONE',  ( -1.000000000000000000, -1.120535769457212900E-016, 0.0000000000000000000 ) ) ;
#2091 = DIRECTION ( 'NONE',  ( -1.120535769457212900E-016, 1.000000000000000000, -0.0000000000000000000 ) ) ;
#2092 = ADVANCED_FACE ( 'NONE', ( #1276, #1304 ), #1420, .F. ) ;
#2093 = ADVANCED_FACE ( 'NONE', ( #1273 ), #1205, .T. ) ;
#2094 = CARTESIAN_POINT ( 'NONE',  ( -4.258035923937415000E-016, 5.204170427930421300E-015, 0.0000000000000000000 ) ) ;
#2095 = CARTESIAN_POINT ( 'NONE',  ( 34.67100000000002100, -70.85699999999995700, -9.622053433037119600E-014 ) ) ;
#2096 = AXIS2_PLACEMENT_3D ( 'NONE', #2121, #2111, #2097 ) ;
#2097 = DIRECTION ( 'NONE',  ( 0.0000000000000000000, 0.0000000000000000000, 1.000000000000000000 ) ) ;
#2098 = DIRECTION ( 'NONE',  ( -1.224646799147353200E-016, -2.291299667955615900E-032, 1.000000000000000000 ) ) ;
#2099 = CARTESIAN_POINT ( 'NONE',  ( 34.66876665791019700, -71.41993588691862300, 0.4278581731275494200 ) ) ;
#2100 = CARTESIAN_POINT ( 'NONE',  ( -34.50000000000000000, -3.800000000000003800, 0.0000000000000000000 ) ) ;
#2101 = EDGE_LOOP ( 'NONE', ( #528, #866, #1504, #1110 ) ) ;
#2102 = ORIENTED_EDGE ( 'NONE', *, *, #1012, .F. ) ;
#2103 = AXIS2_PLACEMENT_3D ( 'NONE', #2278, #2259, #2238 ) ;
#2104 = EDGE_CURVE ( 'NONE', #666, #1718, #1208, .T. ) ;
#2105 = ORIENTED_EDGE ( 'NONE', *, *, #771, .F. ) ;
#2106 = ORIENTED_EDGE ( 'NONE', *, *, #1988, .F. ) ;
#2107 = DIRECTION ( 'NONE',  ( 1.000000000000000000, -0.0000000000000000000, -0.0000000000000000000 ) ) ;
#2108 = EDGE_LOOP ( 'NONE', ( #1363, #2818 ) ) ;
#2109 = ADVANCED_FACE ( 'NONE', ( #1247 ), #1236, .T. ) ;
#2110 = CIRCLE ( 'NONE', #2208, 3.365500000000002600 ) ;
#2111 = DIRECTION ( 'NONE',  ( -1.000000000000000000, 0.0000000000000000000, 0.0000000000000000000 ) ) ;
#2112 = CYLINDRICAL_SURFACE ( 'NONE', #1347, 47.50000000000000000 ) ;
#2113 = DIRECTION ( 'NONE',  ( 1.000000000000000000, 1.107458807441781900E-016, 0.0000000000000000000 ) ) ;
#2114 = CARTESIAN_POINT ( 'NONE',  ( 24.64150226929303900, -71.57150028595967200, 0.8107393215968303800 ) ) ;
#2115 = APPROVAL_STATUS ( 'not_yet_approved' ) ;
#2116 = CARTESIAN_POINT ( 'NONE',  ( 1.119000601940908100E-014, -59.80799999999999300, 0.0000000000000000000 ) ) ;
#2117 = DIRECTION ( 'NONE',  ( 1.120535769457212900E-016, -1.000000000000000000, 0.0000000000000000000 ) ) ;
#2118 = CIRCLE ( 'NONE', #2340, 3.365500000000000400 ) ;
#2119 = CARTESIAN_POINT ( 'NONE',  ( 9.188393309549140400E-016, -11.99999999999999500, 0.0000000000000000000 ) ) ;
#2120 = FACE_BOUND ( 'NONE', #1008, .T. ) ;
#2121 = CARTESIAN_POINT ( 'NONE',  ( 0.0000000000000000000, -58.57780636480556800, 29.20999999999999400 ) ) ;
#2122 = EDGE_LOOP ( 'NONE', ( #1184, #1792 ) ) ;
#2123 = AXIS2_PLACEMENT_3D ( 'NONE', #2326, #2324, #2318 ) ;
#2124 = CARTESIAN_POINT ( 'NONE',  ( 24.11052365997371500, -71.49199999999999000, 1.471732992715616900 ) ) ;
#2125 = CARTESIAN_POINT ( 'NONE',  ( 0.0000000000000000000, 0.0000000000000000000, 16.50999999999999100 ) ) ;
#2126 = VECTOR ( 'NONE', #171, 1000.000000000000000 ) ;
#2127 = ADVANCED_FACE ( 'NONE', ( #1166 ), #1242, .T. ) ;
#2128 = FACE_OUTER_BOUND ( 'NONE', #154, .T. ) ;
#2129 = EDGE_CURVE ( 'NONE', #1730, #1541, #1200, .T. ) ;
#2130 = CARTESIAN_POINT ( 'NONE',  ( 46.99199999999999700, -11.99999999999998900, 0.0000000000000000000 ) ) ;
#2131 = CARTESIAN_POINT ( 'NONE',  ( 24.11052365997371500, -71.49199999999999000, -1.471732992715619300 ) ) ;
#2132 = DIRECTION ( 'NONE',  ( 1.000000000000000000, 0.0000000000000000000, 0.0000000000000000000 ) ) ;
#2133 = APPLICATION_PROTOCOL_DEFINITION ( 'international standard', 'config_control_design', 1994, #2396 ) ;
#2134 = EDGE_CURVE ( 'NONE', #1120, #819, #1831, .T. ) ;
#2135 = DIRECTION ( 'NONE',  ( -2.486615938775481500E-016, 1.000000000000000000, 0.0000000000000000000 ) ) ;
#2136 = ORIENTED_EDGE ( 'NONE', *, *, #1417, .F. ) ;
#2137 = CARTESIAN_POINT ( 'NONE',  ( 3.832477959695628900E-015, -17.53344418601965400, -31.29455743781757300 ) ) ;
#2138 = EDGE_CURVE ( 'NONE', #2140, #122, #1197, .T. ) ;
#2139 = ORIENTED_EDGE ( 'NONE', *, *, #1116, .T. ) ;
#2140 = VERTEX_POINT ( 'NONE', #2260 ) ;
#2141 = B_SPLINE_CURVE_WITH_KNOTS ( 'NONE', 3,
 ( #632, #553, #546, #536, #527, #520, #518, #514, #512, #499 ),
 .UNSPECIFIED., .F., .F.,
 ( 4, 2, 2, 2, 4 ),
 ( 8.673617379884035500E-019, 0.0004100420502865671800, 0.0008200841005731334800, 0.001230126150859699700, 0.001640168201146266100 ),
 .UNSPECIFIED. ) ;
#2142 = CARTESIAN_POINT ( 'NONE',  ( -25.43408357739414800, -59.29999999999999700, -14.68437500000012000 ) ) ;
#2143 = AXIS2_PLACEMENT_3D ( 'NONE', #1064, #1063, #1058 ) ;
#2144 = CARTESIAN_POINT ( 'NONE',  ( 24.61757988836434000, -71.99999999999998600, -1.502684264907321800 ) ) ;
#2145 = LINE ( 'NONE', #1923, #377 ) ;
#2146 = VERTEX_POINT ( 'NONE', #2681 ) ;
#2147 = CARTESIAN_POINT ( 'NONE',  ( 24.15539793743289500, -71.36503516443855200, -0.1030401655026506600 ) ) ;
#2148 = CIRCLE ( 'NONE', #862, 24.66340000000000300 ) ;
#2149 = EDGE_LOOP ( 'NONE', ( #671, #2034 ) ) ;
#2150 = ADVANCED_FACE ( 'NONE', ( #1127 ), #1091, .T. ) ;
#2151 = DIRECTION ( 'NONE',  ( 0.0000000000000000000, 0.0000000000000000000, -1.000000000000000000 ) ) ;
#2152 = DIRECTION ( 'NONE',  ( -0.0000000000000000000, -1.000000000000000000, -0.0000000000000000000 ) ) ;
#2153 = CONICAL_SURFACE ( 'NONE', #2392, 16.50999999999999100, 0.3005528115890999700 ) ;
#2154 = CARTESIAN_POINT ( 'NONE',  ( 34.64621490793363300, -71.30044030683863800, -1.316015049196942700 ) ) ;
#2155 = CARTESIAN_POINT ( 'NONE',  ( 0.0000000000000000000, -12.00000000000000000, 0.0000000000000000000 ) ) ;
#2156 = AXIS2_PLACEMENT_3D ( 'NONE', #2337, #2319, #2310 ) ;
#2157 = CIRCLE ( 'NONE', #2376, 29.21000000000000100 ) ;
#2158 = VECTOR ( 'NONE', #165, 1000.000000000000000 ) ;
#2159 = AXIS2_PLACEMENT_3D ( 'NONE', #2531, #2508, #2499 ) ;
#2160 = AXIS2_PLACEMENT_3D ( 'NONE', #1940, #1936, #1935 ) ;
#2161 = DIRECTION ( 'NONE',  ( 0.0000000000000000000, 0.0000000000000000000, -1.000000000000000000 ) ) ;
#2162 = CARTESIAN_POINT ( 'NONE',  ( -47.50000000000000000, -11.49200000000000100, 0.0000000000000000000 ) ) ;
#2163 = EDGE_CURVE ( 'NONE', #125, #932, #1094, .T. ) ;
#2164 = EDGE_CURVE ( 'NONE', #1215, #128, #1132, .T. ) ;
#2165 = ORIENTED_EDGE ( 'NONE', *, *, #1943, .F. ) ;
#2166 = DIRECTION ( 'NONE',  ( -0.0000000000000000000, 1.000000000000000000, -0.0000000000000000000 ) ) ;
#2167 = EDGE_LOOP ( 'NONE', ( #1104, #2850 ) ) ;
#2168 = EDGE_LOOP ( 'NONE', ( #2821, #1550, #2073, #641 ) ) ;
#2169 = CARTESIAN_POINT ( 'NONE',  ( 22.06858357739416800, -72.00000000000000000, 14.68437500000012000 ) ) ;
#2170 = ORIENTED_EDGE ( 'NONE', *, *, #2247, .F. ) ;
#2171 = AXIS2_PLACEMENT_3D ( 'NONE', #2754, #2743, #2716 ) ;
#2172 = AXIS2_PLACEMENT_3D ( 'NONE', #2727, #2722, #2718 ) ;
#2173 = VERTEX_POINT ( 'NONE', #1849 ) ;
#2174 = ADVANCED_FACE ( 'NONE', ( #1122 ), #1057, .T. ) ;
#2175 = ORIENTED_EDGE ( 'NONE', *, *, #1065, .T. ) ;
#2176 = VECTOR ( 'NONE', #1910, 1000.000000000000000 ) ;
#2177 = CARTESIAN_POINT ( 'NONE',  ( 0.0000000000000000000, -14.14099204399307300, 0.0000000000000000000 ) ) ;
#2178 = DIRECTION ( 'NONE',  ( -0.0000000000000000000, 1.000000000000000000, -0.0000000000000000000 ) ) ;
#2179 = VECTOR ( 'NONE', #98, 1000.000000000000000 ) ;
#2180 = LINE ( 'NONE', #146, #2126 ) ;
#2181 = DIRECTION ( 'NONE',  ( 0.0000000000000000000, 0.0000000000000000000, 1.000000000000000000 ) ) ;
#2182 = DIRECTION ( 'NONE',  ( -1.000000000000000000, -1.095614826932720200E-016, 0.0000000000000000000 ) ) ;
#2183 = LINE ( 'NONE', #181, #2158 ) ;
#2184 = CARTESIAN_POINT ( 'NONE',  ( 0.0000000000000000000, 0.0000000000000000000, 0.0000000000000000000 ) ) ;
#2185 = AXIS2_PLACEMENT_3D ( 'NONE', #736, #897, #2251 ) ;
#2186 = CARTESIAN_POINT ( 'NONE',  ( -20.95500000000000200, -71.36499999999999500, 0.0000000000000000000 ) ) ;
#2187 = CIRCLE ( 'NONE', #2388, 28.75455743781757800 ) ;
#2188 = CARTESIAN_POINT ( 'NONE',  ( -24.11052365997371500, -71.49199999999997600, -1.471732992715610000 ) ) ;
#2189 = AXIS2_PLACEMENT_3D ( 'NONE', #1392, #458, #1209 ) ;
#2190 = DIRECTION ( 'NONE',  ( -0.0000000000000000000, 1.000000000000000000, -0.0000000000000000000 ) ) ;
#2191 = DIRECTION ( 'NONE',  ( -1.120535769457212900E-016, 1.000000000000000000, -0.0000000000000000000 ) ) ;
#2192 = EDGE_CURVE ( 'NONE', #962, #1718, #1059, .T. ) ;
#2193 = DIRECTION ( 'NONE',  ( -2.486615938775481500E-016, 1.000000000000000000, 0.0000000000000000000 ) ) ;
#2194 = DIRECTION ( 'NONE',  ( 1.000000000000000000, 0.0000000000000000000, -1.224646799147354200E-016 ) ) ;
#2195 = VERTEX_POINT ( 'NONE', #2010 ) ;
#2196 = ADVANCED_FACE ( 'NONE', ( #1164 ), #1027, .T. ) ;
#2197 = CARTESIAN_POINT ( 'NONE',  ( 0.0000000000000000000, 0.0000000000000000000, 0.0000000000000000000 ) ) ;
#2198 = EDGE_LOOP ( 'NONE', ( #631, #1447, #647, #1398 ) ) ;
#2199 = ORIENTED_EDGE ( 'NONE', *, *, #2222, .T. ) ;
#2200 = PRODUCT_RELATED_PRODUCT_CATEGORY ( 'detail', '', ( #396 ) ) ;
#2201 = ADVANCED_FACE ( 'NONE', ( #1053 ), #220, .T. ) ;
#2202 = DIRECTION ( 'NONE',  ( 0.0000000000000000000, 0.0000000000000000000, 1.000000000000000000 ) ) ;
#2203 = CARTESIAN_POINT ( 'NONE',  ( -34.66427194158129100, -70.96727195623211100, -0.6953813575550166200 ) ) ;
#2204 = LINE ( 'NONE', #2100, #1148 ) ;
#2205 = DIRECTION ( 'NONE',  ( 0.0000000000000000000, 0.0000000000000000000, 1.000000000000000000 ) ) ;
#2206 = ORIENTED_EDGE ( 'NONE', *, *, #108, .T. ) ;
#2207 = AXIS2_PLACEMENT_3D ( 'NONE', #3, #15, #37 ) ;
#2208 = AXIS2_PLACEMENT_3D ( 'NONE', #2076, #2068, #2064 ) ;
#2209 = CARTESIAN_POINT ( 'NONE',  ( -46.99199999999999700, -11.49200000000000100, 5.754860238553242300E-015 ) ) ;
#2210 = CIRCLE ( 'NONE', #1610, 3.365500000000001300 ) ;
#2211 = VERTEX_POINT ( 'NONE', #130 ) ;
#2212 = ORIENTED_EDGE ( 'NONE', *, *, #1258, .F. ) ;
#2213 = DIRECTION ( 'NONE',  ( -0.0000000000000000000, 1.000000000000000000, -0.0000000000000000000 ) ) ;
#2214 = CARTESIAN_POINT ( 'NONE',  ( 9.188393309549140400E-016, -11.99999999999999500, 0.0000000000000000000 ) ) ;
#2215 = DIRECTION ( 'NONE',  ( 0.0000000000000000000, 0.0000000000000000000, 1.000000000000000000 ) ) ;
#2216 = EDGE_CURVE ( 'NONE', #1541, #1730, #1023, .T. ) ;
#2217 = CARTESIAN_POINT ( 'NONE',  ( 3.686064400753617500E-015, -3.799999999999998000, 30.09900000000000000 ) ) ;
#2218 = DIRECTION ( 'NONE',  ( 1.000000000000000000, -0.0000000000000000000, -0.0000000000000000000 ) ) ;
#2219 = FACE_OUTER_BOUND ( 'NONE', #2349, .T. ) ;
#2220 = EDGE_LOOP ( 'NONE', ( #1302, #1900, #89, #934 ) ) ;
#2221 = CIRCLE ( 'NONE', #2447, 40.00000000000000700 ) ;
#2222 = EDGE_CURVE ( 'NONE', #334, #2019, #1050, .T. ) ;
#2223 = VECTOR ( 'NONE', #305, 1000.000000000000000 ) ;
#2224 = CARTESIAN_POINT ( 'NONE',  ( 0.0000000000000000000, -17.14884259481828400, 0.0000000000000000000 ) ) ;
#2225 = CARTESIAN_POINT ( 'NONE',  ( 0.0000000000000000000, -55.18535422277897600, 0.0000000000000000000 ) ) ;
#2226 = CC_DESIGN_SECURITY_CLASSIFICATION ( #2370, ( #2498 ) ) ;
#2227 = CARTESIAN_POINT ( 'NONE',  ( 27.11683357739427100, -72.00000000000000000, -17.59898349643646800 ) ) ;
#2228 = AXIS2_PLACEMENT_3D ( 'NONE', #2574, #1464, #1691 ) ;
#2229 = DIRECTION ( 'NONE',  ( -1.000000000000000000, 0.0000000000000000000, 0.0000000000000000000 ) ) ;
#2230 = DIRECTION ( 'NONE',  ( 0.0000000000000000000, 0.0000000000000000000, 1.000000000000000000 ) ) ;
#2231 = ORIENTED_EDGE ( 'NONE', *, *, #157, .F. ) ;
#2232 = DIRECTION ( 'NONE',  ( -2.406071707233087900E-018, 1.000000000000000000, -0.0000000000000000000 ) ) ;
#2233 = VERTEX_POINT ( 'NONE', #1524 ) ;
#2234 = CARTESIAN_POINT ( 'NONE',  ( 24.13793853534472700, -71.07767595898464200, -0.9269261239803754400 ) ) ;
#2235 = DIRECTION ( 'NONE',  ( 1.224646799147353200E-016, 1.372260543395892300E-032, 1.000000000000000000 ) ) ;
#2236 = CARTESIAN_POINT ( 'NONE',  ( 3.266133013325990200E-015, -58.19320477360418700, 26.66999999999999100 ) ) ;
#2237 = ORIENTED_EDGE ( 'NONE', *, *, #1575, .T. ) ;
#2238 = DIRECTION ( 'NONE',  ( 1.000000000000000000, 0.0000000000000000000, 0.0000000000000000000 ) ) ;
#2239 = AXIS2_PLACEMENT_3D ( 'NONE', #42, #81, #18 ) ;
#2240 = CARTESIAN_POINT ( 'NONE',  ( 0.0000000000000000000, -57.03940000000000100, 0.0000000000000000000 ) ) ;
#2241 = DIRECTION ( 'NONE',  ( 0.0000000000000000000, 1.000000000000000000, 0.0000000000000000000 ) ) ;
#2242 = CARTESIAN_POINT ( 'NONE',  ( 24.15297309619232600, -71.40505106037798600, 0.4107645665217400900 ) ) ;
#2243 = FACE_OUTER_BOUND ( 'NONE', #1156, .T. ) ;
#2244 = SPHERICAL_SURFACE ( 'NONE', #150, 0.5080000000000000100 ) ;
#2245 = DIRECTION ( 'NONE',  ( -0.5000000000000102100, 0.0000000000000000000, -0.8660254037844327100 ) ) ;
#2246 = AXIS2_PLACEMENT_3D ( 'NONE', #1647, #1176, #1603 ) ;
#2247 = EDGE_CURVE ( 'NONE', #2383, #2272, #1161, .T. ) ;
#2248 = DIRECTION ( 'NONE',  ( -2.178802052069741900E-016, 1.000000000000000000, 5.331492910495855000E-017 ) ) ;
#2249 = CARTESIAN_POINT ( 'NONE',  ( 24.66339582943365000, -71.36503718606957100, -0.1059201740907237400 ) ) ;
#2250 = CONICAL_SURFACE ( 'NONE', #2547, 20.95500000000000200, 1.221730476396028200 ) ;
#2251 = DIRECTION ( 'NONE',  ( -1.000000000000000000, 0.0000000000000000000, 0.0000000000000000000 ) ) ;
#2252 = CARTESIAN_POINT ( 'NONE',  ( 34.64184918688134500, -71.39056520831468300, -1.424975778253183800 ) ) ;
#2253 = TOROIDAL_SURFACE ( 'NONE', #2502, 47.50000000000000000, 1.587499999999999900 ) ;
#2254 = CARTESIAN_POINT ( 'NONE',  ( 2.799542582850848300E-015, -55.18535422277897600, -16.96544256218241700 ) ) ;
#2255 = CIRCLE ( 'NONE', #2439, 24.15540000000000000 ) ;
#2256 = DIRECTION ( 'NONE',  ( 0.4999999999999916200, 0.0000000000000000000, -0.8660254037844434800 ) ) ;
#2257 = ADVANCED_FACE ( 'NONE', ( #992 ), #990, .T. ) ;
#2258 = CIRCLE ( 'NONE', #2543, 1.587499999999998600 ) ;
#2259 = DIRECTION ( 'NONE',  ( 1.870988165364011900E-016, -1.000000000000000000, 0.0000000000000000000 ) ) ;
#2260 = CARTESIAN_POINT ( 'NONE',  ( 3.521417672712200800E-015, -17.14884259481828400, -28.75455743781757400 ) ) ;
#2261 = CARTESIAN_POINT ( 'NONE',  ( -7.003348559107641900E-017, -3.174999999999994500, 0.0000000000000000000 ) ) ;
#2262 = CARTESIAN_POINT ( 'NONE',  ( 1.689065939458788100E-016, -70.20014966225443200, 0.0000000000000000000 ) ) ;
#2263 = AXIS2_PLACEMENT_3D ( 'NONE', #90, #56, #54 ) ;
#2264 = EDGE_CURVE ( 'NONE', #174, #1475, #986, .T. ) ;
#2265 = ADVANCED_FACE ( 'NONE', ( #1020 ), #915, .T. ) ;
#2266 = CARTESIAN_POINT ( 'NONE',  ( 25.43408357739428300, -72.00000000000000000, -14.68437499999993400 ) ) ;
#2267 = EDGE_CURVE ( 'NONE', #334, #2004, #942, .T. ) ;
#2268 = CARTESIAN_POINT ( 'NONE',  ( 34.67100000000002100, -70.85699999999995700, -9.622053433037119600E-014 ) ) ;
#2269 = DIRECTION ( 'NONE',  ( -1.563174278658278500E-016, 1.000000000000000000, -5.331492910495834000E-017 ) ) ;
#2270 = DIRECTION ( 'NONE',  ( -1.563174278658271100E-016, 1.000000000000000000, 5.331492910495790900E-017 ) ) ;
#2271 = DATE_TIME_ROLE ( 'classification_date' ) ;
#2272 = VERTEX_POINT ( 'NONE', #1172 ) ;
#2273 = EDGE_CURVE ( 'NONE', #2377, #230, #982, .T. ) ;
#2274 = CIRCLE ( 'NONE', #2123, 0.5079999999999985600 ) ;
#2275 = ORIENTED_EDGE ( 'NONE', *, *, #1199, .F. ) ;
#2276 = CARTESIAN_POINT ( 'NONE',  ( 2.116362640691704700E-013, -59.29999999999999000, 29.36874999999999500 ) ) ;
#2277 = ADVANCED_FACE ( 'NONE', ( #951 ), #911, .T. ) ;
#2278 = CARTESIAN_POINT ( 'NONE',  ( 1.720148784935079100E-016, -71.49200000000000400, 0.0000000000000000000 ) ) ;
#2279 = CIRCLE ( 'NONE', #728, 0.5079999999999786900 ) ;
#2280 = CC_DESIGN_APPROVAL ( #2320, ( #2370 ) ) ;
#2281 = EDGE_CURVE ( 'NONE', #1037, #1215, #906, .T. ) ;
#2282 = CARTESIAN_POINT ( 'NONE',  ( 34.67100000000002100, -70.85699999999994200, 0.1408092872376085500 ) ) ;
#2283 = DIRECTION ( 'NONE',  ( -1.563174278658278500E-016, 1.000000000000000000, -5.331492910495834000E-017 ) ) ;
#2284 = DIRECTION ( 'NONE',  ( 1.000000000000000000, 0.0000000000000000000, 0.0000000000000000000 ) ) ;
#2285 = AXIS2_PLACEMENT_3D ( 'NONE', #1252, #1250, #1248 ) ;
#2286 = LINE ( 'NONE', #337, #2223 ) ;
#2287 = FACE_OUTER_BOUND ( 'NONE', #568, .T. ) ;
#2288 = DIRECTION ( 'NONE',  ( 0.0000000000000000000, 0.0000000000000000000, -1.000000000000000000 ) ) ;
#2289 = CARTESIAN_POINT ( 'NONE',  ( 34.67011578568784100, -70.87106938249361600, 0.2837373486258847300 ) ) ;
#2290 = DIRECTION ( 'NONE',  ( -1.000000000000000000, 0.0000000000000000000, 0.0000000000000000000 ) ) ;
#2291 = CARTESIAN_POINT ( 'NONE',  ( 34.16300000000001800, -59.80799999999998600, 4.183760859927103500E-015 ) ) ;
#2292 = DIRECTION ( 'NONE',  ( -0.0000000000000000000, 1.000000000000000000, -0.0000000000000000000 ) ) ;
#2293 = MECHANICAL_CONTEXT ( 'NONE', #1254, 'mechanical' ) ;
#2294 = FACE_OUTER_BOUND ( 'NONE', #895, .T. ) ;
#2295 = DIRECTION ( 'NONE',  ( -0.4999999999999978400, 0.0000000000000000000, 0.8660254037844399300 ) ) ;
#2296 = CARTESIAN_POINT ( 'NONE',  ( -22.06858357739414300, -72.00000000000001400, -14.68437500000012000 ) ) ;
#2297 = CARTESIAN_POINT ( 'NONE',  ( 0.0000000000000000000, 0.0000000000000000000, 0.0000000000000000000 ) ) ;
#2298 = DIRECTION ( 'NONE',  ( -0.0000000000000000000, 1.000000000000000000, -0.0000000000000000000 ) ) ;
#2299 = DIRECTION ( 'NONE',  ( 1.000000000000000000, 0.0000000000000000000, 0.0000000000000000000 ) ) ;
#2300 = DIRECTION ( 'NONE',  ( -2.486615938775481500E-016, 1.000000000000000000, 0.0000000000000000000 ) ) ;
#2301 = AXIS2_PLACEMENT_3D ( 'NONE', #149, #114, #111 ) ;
#2302 = AXIS2_PLACEMENT_3D ( 'NONE', #2466, #2436, #2414 ) ;
#2303 = CARTESIAN_POINT ( 'NONE',  ( -1.682749999999823200, -59.29999999999999000, 26.45414150356348800 ) ) ;
#2304 = CARTESIAN_POINT ( 'NONE',  ( -25.43408357739414800, -59.29999999999999700, -14.68437500000012000 ) ) ;
#2305 = ORIENTED_EDGE ( 'NONE', *, *, #85, .T. ) ;
#2306 = EDGE_LOOP ( 'NONE', ( #1238, #1709, #802, #1451 ) ) ;
#2307 = CARTESIAN_POINT ( 'NONE',  ( 2.021891865392278700E-015, -58.19320477360418700, -16.50999999999999100 ) ) ;
#2308 = ADVANCED_FACE ( 'NONE', ( #945 ), #842, .T. ) ;
#2309 = EDGE_CURVE ( 'NONE', #1687, #932, #879, .T. ) ;
#2310 = DIRECTION ( 'NONE',  ( 0.0000000000000000000, 0.0000000000000000000, -1.000000000000000000 ) ) ;
#2311 = ORIENTED_EDGE ( 'NONE', *, *, #751, .T. ) ;
#2312 = CARTESIAN_POINT ( 'NONE',  ( 34.67100000000002100, -70.85699999999995700, -9.622053433037119600E-014 ) ) ;
#2313 = FACE_OUTER_BOUND ( 'NONE', #894, .T. ) ;
#2314 = CARTESIAN_POINT ( 'NONE',  ( -24.13384122432773200, -71.13108057453123900, 1.051011475651604900 ) ) ;
#2315 = EDGE_CURVE ( 'NONE', #128, #857, #880, .T. ) ;
#2316 = VECTOR ( 'NONE', #2685, 1000.000000000000000 ) ;
#2317 = DIRECTION ( 'NONE',  ( -1.255360391952542600E-016, 1.000000000000000000, -0.0000000000000000000 ) ) ;
#2318 = DIRECTION ( 'NONE',  ( 0.9990321597157254500, 0.0000000000000000000, 0.04398572329442156100 ) ) ;
#2319 = DIRECTION ( 'NONE',  ( -0.0000000000000000000, 1.000000000000000000, -0.0000000000000000000 ) ) ;
#2320 = APPROVAL ( #2115, 'UNSPECIFIED' ) ;
#2321 = AXIS2_PLACEMENT_3D ( 'NONE', #279, #107, #348 ) ;
#2322 = DIRECTION ( 'NONE',  ( 0.0000000000000000000, -1.000000000000000000, 0.0000000000000000000 ) ) ;
#2323 = CARTESIAN_POINT ( 'NONE',  ( 45.00000000000000000, -11.99999999999998900, 5.510910596163090300E-015 ) ) ;
#2324 = DIRECTION ( 'NONE',  ( -0.04398572329442156800, -8.528762503517217700E-016, 0.9990321597157255700 ) ) ;
#2325 = CYLINDRICAL_SURFACE ( 'NONE', #2588, 3.365500000000000400 ) ;
#2326 = CARTESIAN_POINT ( 'NONE',  ( 34.12993567236834700, -71.49199999999999000, 1.502684264907322900 ) ) ;
#2327 = ADVANCED_FACE ( 'NONE', ( #846 ), #838, .T. ) ;
#2328 = ADVANCED_FACE ( 'NONE', ( #801 ), #768, .F. ) ;
#2329 = CIRCLE ( 'NONE', #2603, 40.00000000000000700 ) ;
#2330 = DIRECTION ( 'NONE',  ( -1.000000000000000000, -1.095614826932720200E-016, 0.0000000000000000000 ) ) ;
#2331 = CIRCLE ( 'NONE', #2564, 0.5079999999999941200 ) ;
#2332 = DIRECTION ( 'NONE',  ( -0.0000000000000000000, 1.000000000000000000, -0.0000000000000000000 ) ) ;
#2333 = FACE_OUTER_BOUND ( 'NONE', #2168, .T. ) ;
#2334 = ADVANCED_FACE ( 'NONE', ( #805 ), #760, .T. ) ;
#2335 = CC_DESIGN_DATE_AND_TIME_ASSIGNMENT ( #2496, #2271, ( #2370 ) ) ;
#2336 = DIRECTION ( 'NONE',  ( -1.000000000000000000, -1.152678478339351400E-016, 0.0000000000000000000 ) ) ;
#2337 = CARTESIAN_POINT ( 'NONE',  ( 0.0000000000000000000, -14.52559363519444300, 0.0000000000000000000 ) ) ;
#2338 = CARTESIAN_POINT ( 'NONE',  ( -34.63744400950390900, -71.49200000000001900, 1.525029012340888900 ) ) ;
#2339 = ORIENTED_EDGE ( 'NONE', *, *, #2905, .F. ) ;
#2340 = AXIS2_PLACEMENT_3D ( 'NONE', #70, #63, #57 ) ;
#2341 = DIRECTION ( 'NONE',  ( -0.04250535064175987900, 0.7164524923700017500, 0.6963398030729205400 ) ) ;
#2342 = EDGE_LOOP ( 'NONE', ( #1877, #1522, #1868, #1693 ) ) ;
#2343 = ORIENTED_EDGE ( 'NONE', *, *, #533, .T. ) ;
#2344 = CARTESIAN_POINT ( 'NONE',  ( -34.64184918688140200, -71.39056520831316300, 1.424975778251670500 ) ) ;
#2345 = ORIENTED_EDGE ( 'NONE', *, *, #533, .F. ) ;
#2346 = CARTESIAN_POINT ( 'NONE',  ( 34.12993567236834000, -71.84606060606059000, 1.138397170384347600 ) ) ;
#2347 = LINE ( 'NONE', #2043, #2849 ) ;
#2348 = CARTESIAN_POINT ( 'NONE',  ( 0.0000000000000000000, -58.57780636480556800, 19.04999999999999400 ) ) ;
#2349 = EDGE_LOOP ( 'NONE', ( #1336, #1933, #120, #2668 ) ) ;
#2350 = MANIFOLD_SOLID_BREP ( 'Fillet1', #2507 ) ;
#2351 = CARTESIAN_POINT ( 'NONE',  ( -34.64621490793373200, -71.30044030683591000, 1.316015049193646900 ) ) ;
#2352 = PERSON_AND_ORGANIZATION_ROLE ( 'creator' ) ;
#2353 = TOROIDAL_SURFACE ( 'NONE', #2321, 21.58999999999999600, 10.16000000000000000 ) ;
#2354 = CARTESIAN_POINT ( 'NONE',  ( 0.0000000000000000000, -3.799999999999999800, 0.0000000000000000000 ) ) ;
#2355 = CARTESIAN_POINT ( 'NONE',  ( -34.65435370974294200, -71.14227411780538500, 1.080681274224522900 ) ) ;
#2356 = CC_DESIGN_PERSON_AND_ORGANIZATION_ASSIGNMENT ( #2540, #1212, ( #2370 ) ) ;
#2357 = CARTESIAN_POINT ( 'NONE',  ( -34.65809324085502400, -71.07494163450275000, 0.9548179438300242700 ) ) ;
#2358 = CIRCLE ( 'NONE', #2484, 0.5079999999999976800 ) ;
#2359 = CARTESIAN_POINT ( 'NONE',  ( -34.66736322608554800, -70.91342035837446600, 0.5653508125868475000 ) ) ;
#2360 = CIRCLE ( 'NONE', #2641, 3.365500000000000400 ) ;
#2361 = CYLINDRICAL_SURFACE ( 'NONE', #2607, 24.15540000000000000 ) ;
#2362 = EDGE_CURVE ( 'NONE', #1215, #1037, #772, .T. ) ;
#2363 = DIRECTION ( 'NONE',  ( -1.000000000000000000, -1.156482317317871000E-016, 0.0000000000000000000 ) ) ;
#2364 = DIRECTION ( 'NONE',  ( -1.120535769457212900E-016, 1.000000000000000000, -0.0000000000000000000 ) ) ;
#2365 = CARTESIAN_POINT ( 'NONE',  ( 1.682750000000247800, -72.00000000000000000, 32.28335849643650600 ) ) ;
#2366 = EDGE_CURVE ( 'NONE', #2019, #2004, #764, .T. ) ;
#2367 = CARTESIAN_POINT ( 'NONE',  ( 2.317644067386365000E-015, -70.83159999999999500, -18.92499999999999400 ) ) ;
#2368 = ORIENTED_EDGE ( 'NONE', *, *, #2065, .F. ) ;
#2369 = CARTESIAN_POINT ( 'NONE',  ( 6.947321770634715400E-016, -9.999999999999994700, 0.0000000000000000000 ) ) ;
#2370 = SECURITY_CLASSIFICATION ( '', '', #2400 ) ;
#2371 = AXIS2_PLACEMENT_3D ( 'NONE', #475, #1675, #23 ) ;
#2372 = ORIENTED_EDGE ( 'NONE', *, *, #2828, .T. ) ;
#2373 = ORIENTED_EDGE ( 'NONE', *, *, #1639, .F. ) ;
#2374 = DIRECTION ( 'NONE',  ( -1.224646799147353200E-016, 0.0000000000000000000, -1.000000000000000000 ) ) ;
#2375 = CARTESIAN_POINT ( 'NONE',  ( 25.43408357739416900, -72.00000000000000000, 14.68437500000012000 ) ) ;
#2376 = AXIS2_PLACEMENT_3D ( 'NONE', #121, #117, #116 ) ;
#2377 = VERTEX_POINT ( 'NONE', #2413 ) ;
#2378 = LINE ( 'NONE', #1432, #606 ) ;
#2379 = EDGE_CURVE ( 'NONE', #819, #30, #261, .T. ) ;
#2380 = ORIENTED_EDGE ( 'NONE', *, *, #963, .F. ) ;
#2381 = VECTOR ( 'NONE', #2048, 1000.000000000000000 ) ;
#2382 = CARTESIAN_POINT ( 'NONE',  ( -34.67100000000019100, -70.85699999999664600, 0.2813744793639594300 ) ) ;
#2383 = VERTEX_POINT ( 'NONE', #2144 ) ;
#2384 = CARTESIAN_POINT ( 'NONE',  ( 0.0000000000000000000, -58.57780636480556800, 0.0000000000000000000 ) ) ;
#2385 = LINE ( 'NONE', #661, #2391 ) ;
#2386 = CARTESIAN_POINT ( 'NONE',  ( 34.12993567236834000, -71.84606060606059000, 1.138397170384345000 ) ) ;
#2387 = ADVANCED_FACE ( 'NONE', ( #732 ), #808, .F. ) ;
#2388 = AXIS2_PLACEMENT_3D ( 'NONE', #143, #141, #134 ) ;
#2389 = TOROIDAL_SURFACE ( 'NONE', #2742, 29.20999999999999400, 10.16000000000000000 ) ;
#2390 = DIRECTION ( 'NONE',  ( -1.000000000000000000, 0.0000000000000000000, 0.0000000000000000000 ) ) ;
#2391 = VECTOR ( 'NONE', #753, 1000.000000000000000 ) ;
#2392 = AXIS2_PLACEMENT_3D ( 'NONE', #233, #158, #229 ) ;
#2393 = EDGE_CURVE ( 'NONE', #174, #635, #834, .T. ) ;
#2394 = FACE_OUTER_BOUND ( 'NONE', #313, .T. ) ;
#2395 = DIRECTION ( 'NONE',  ( -2.486615938775481500E-016, 1.000000000000000000, 0.0000000000000000000 ) ) ;
#2396 = APPLICATION_CONTEXT ( 'configuration controlled 3d designs of mechanical parts and assemblies' ) ;
#2397 = EDGE_CURVE ( 'NONE', #1962, #1369, #737, .T. ) ;
#2398 = CARTESIAN_POINT ( 'NONE',  ( -28.79958357739414200, -72.00000000000001400, -14.68437500000012000 ) ) ;
#2399 = CARTESIAN_POINT ( 'NONE',  ( -24.11052365997371500, -71.49200000000000400, 1.471732992715616900 ) ) ;
#2400 = SECURITY_CLASSIFICATION_LEVEL ( 'unclassified' ) ;
#2401 = DIRECTION ( 'NONE',  ( -0.04398572329442156800, 2.132190625879304500E-015, 0.9990321597157255700 ) ) ;
#2402 = EDGE_LOOP ( 'NONE', ( #521, #1939 ) ) ;
#2403 = VERTEX_POINT ( 'NONE', #2559 ) ;
#2404 = CARTESIAN_POINT ( 'NONE',  ( -34.67099999999999200, -70.85699999999995700, -2.547106129533619000E-011 ) ) ;
#2405 = EDGE_LOOP ( 'NONE', ( #1754, #1017 ) ) ;
#2406 = CC_DESIGN_PERSON_AND_ORGANIZATION_ASSIGNMENT ( #2572, #2648, ( #2498 ) ) ;
#2407 = EDGE_CURVE ( 'NONE', #1443, #1220, #1343, .T. ) ;
#2408 = EDGE_LOOP ( 'NONE', ( #2033, #338, #1553, #2199 ) ) ;
#2409 = DIRECTION ( 'NONE',  ( -1.563174278658271100E-016, 1.000000000000000000, 5.331492910495790900E-017 ) ) ;
#2410 = LINE ( 'NONE', #1929, #2667 ) ;
#2411 = TOROIDAL_SURFACE ( 'NONE', #699, 34.16300000000000400, 0.5080000000000000100 ) ;
#2412 = CARTESIAN_POINT ( 'NONE',  ( 34.66674102312062900, -70.92637938142503600, 0.5608050569416016500 ) ) ;
#2413 = CARTESIAN_POINT ( 'NONE',  ( 3.110602869834276900E-015, -55.56995581398035700, -19.50544256218242000 ) ) ;
#2414 = DIRECTION ( 'NONE',  ( 1.000000000000000000, 0.0000000000000000000, 0.0000000000000000000 ) ) ;
#2415 = CARTESIAN_POINT ( 'NONE',  ( 34.67010496106402700, -70.87124243925319400, 0.2851561065111780600 ) ) ;
#2416 = ADVANCED_FACE ( 'NONE', ( #724 ), #729, .F. ) ;
#2417 = EDGE_CURVE ( 'NONE', #819, #249, #687, .T. ) ;
#2418 = CYLINDRICAL_SURFACE ( 'NONE', #2658, 19.04999999999999400 ) ;
#2419 = CARTESIAN_POINT ( 'NONE',  ( 34.66427194158160300, -70.96727195622716500, 0.6953813575409493200 ) ) ;
#2420 = CARTESIAN_POINT ( 'NONE',  ( 46.99199999999999700, -11.49199999999999000, 0.0000000000000000000 ) ) ;
#2421 = CIRCLE ( 'NONE', #2688, 34.16300000000000400 ) ;
#2422 = DIRECTION ( 'NONE',  ( 1.000000000000000000, 0.0000000000000000000, 0.0000000000000000000 ) ) ;
#2423 = CC_DESIGN_PERSON_AND_ORGANIZATION_ASSIGNMENT ( #2576, #2352, ( #2498 ) ) ;
#2424 = EDGE_CURVE ( 'NONE', #122, #1037, #691, .T. ) ;
#2425 = CARTESIAN_POINT ( 'NONE',  ( 24.15419946788229300, -70.87128992802496400, -0.2757801183559100400 ) ) ;
#2426 = VECTOR ( 'NONE', #734, 1000.000000000000000 ) ;
#2427 = AXIS2_PLACEMENT_3D ( 'NONE', #1233, #1226, #1217 ) ;
#2428 = APPROVAL_DATE_TIME ( #2430, #2320 ) ;
#2429 = DIRECTION ( 'NONE',  ( -2.486615938775481500E-016, 1.000000000000000000, 0.0000000000000000000 ) ) ;
#2430 = DATE_AND_TIME ( #2458, #2464 ) ;
#2431 = CARTESIAN_POINT ( 'NONE',  ( 34.65804804450818500, -71.07574052010140500, 0.9565616639293950100 ) ) ;
#2432 = DIRECTION ( 'NONE',  ( -1.000000000000000000, 0.0000000000000000000, 0.0000000000000000000 ) ) ;
#2433 = CARTESIAN_POINT ( 'NONE',  ( 34.63744400950393800, -71.49199999999999000, -1.525029012340891400 ) ) ;
#2434 = CARTESIAN_POINT ( 'NONE',  ( -25.43408357739414400, -72.00000000000001400, -14.68437500000012000 ) ) ;
#2435 = APPROVAL_STATUS ( 'not_yet_approved' ) ;
#2436 = DIRECTION ( 'NONE',  ( 0.0000000000000000000, 1.000000000000000000, 0.0000000000000000000 ) ) ;
#2437 = ORIENTED_EDGE ( 'NONE', *, *, #1199, .T. ) ;
#2438 = EDGE_LOOP ( 'NONE', ( #170, #238, #278, #282 ) ) ;
#2439 = AXIS2_PLACEMENT_3D ( 'NONE', #395, #197, #191 ) ;
#2440 = CARTESIAN_POINT ( 'NONE',  ( 34.65428240151658200, -71.14362318432617400, 1.082860733647691900 ) ) ;
#2441 = CARTESIAN_POINT ( 'NONE',  ( 34.12993567236834700, -71.49199999999999000, -1.502684264907326400 ) ) ;
#2442 = CARTESIAN_POINT ( 'NONE',  ( -34.67099999999989300, -70.85700000000164800, -0.1408092872611156100 ) ) ;
#2443 = CARTESIAN_POINT ( 'NONE',  ( 34.14647296723871500, -71.58292021018279200, 0.8096181493313514600 ) ) ;
#2444 = VECTOR ( 'NONE', #2817, 1000.000000000000000 ) ;
#2445 = CARTESIAN_POINT ( 'NONE',  ( 1.682750000000032200, -59.29999999999999700, -26.45414150356348100 ) ) ;
#2446 = CIRCLE ( 'NONE', #1674, 47.50000000000000000 ) ;
#2447 = AXIS2_PLACEMENT_3D ( 'NONE', #223, #215, #209 ) ;
#2448 = AXIS2_PLACEMENT_3D ( 'NONE', #1830, #1824, #1816 ) ;
#2449 = ORIENTED_EDGE ( 'NONE', *, *, #988, .F. ) ;
#2450 = EDGE_LOOP ( 'NONE', ( #2070, #444, #2694, #1235 ) ) ;
#2451 = CARTESIAN_POINT ( 'NONE',  ( 1.347111479062088700E-014, -72.00000000000000000, 0.0000000000000000000 ) ) ;
#2452 = CARTESIAN_POINT ( 'NONE',  ( 0.0000000000000000000, -6.411999999999999900, 0.0000000000000000000 ) ) ;
#2453 = EDGE_CURVE ( 'NONE', #1687, #878, #695, .T. ) ;
#2454 = FACE_OUTER_BOUND ( 'NONE', #1827, .T. ) ;
#2455 = LINE ( 'NONE', #739, #2426 ) ;
#2456 = ADVANCED_FACE ( 'NONE', ( #652 ), #645, .F. ) ;
#2457 = FACE_OUTER_BOUND ( 'NONE', #314, .T. ) ;
#2458 = CALENDAR_DATE ( 2017, 9, 1 ) ;
#2459 = CARTESIAN_POINT ( 'NONE',  ( 34.64620232585365000, -71.30072191368960000, 1.316260053542526000 ) ) ;
#2460 = CARTESIAN_POINT ( 'NONE',  ( -34.12993567236831200, -71.84606060606059000, 1.138397170384345000 ) ) ;
#2461 = CARTESIAN_POINT ( 'NONE',  ( 34.12993567236834000, -71.49200000000000400, 1.502684264907334200 ) ) ;
#2462 = CYLINDRICAL_SURFACE ( 'NONE', #2730, 34.50000000000000000 ) ;
#2463 = CC_DESIGN_APPROVAL ( #2479, ( #2498 ) ) ;
#2464 = LOCAL_TIME ( 10, 21, 40.00000000000000000, #2467 ) ;
#2465 = AXIS2_PLACEMENT_3D ( 'NONE', #2635, #2632, #2630 ) ;
#2466 = CARTESIAN_POINT ( 'NONE',  ( 24.61757988836432900, -71.49200000000000400, 1.502684264907322900 ) ) ;
#2467 = COORDINATED_UNIVERSAL_TIME_OFFSET ( 7, 0, .BEHIND. ) ;
#2468 = DIRECTION ( 'NONE',  ( 0.0000000000000000000, 0.0000000000000000000, -1.000000000000000000 ) ) ;
#2469 = APPROVAL_PERSON_ORGANIZATION ( #2492, #2320, #1913 ) ;
#2470 = EDGE_CURVE ( 'NONE', #30, #2729, #617, .T. ) ;
#2471 = CARTESIAN_POINT ( 'NONE',  ( 24.61757988836432500, -71.84606060606057600, -1.138397170384333900 ) ) ;
#2472 = DIRECTION ( 'NONE',  ( -1.255360391952542600E-016, 1.000000000000000000, 0.0000000000000000000 ) ) ;
#2473 = DIRECTION ( 'NONE',  ( -1.000000000000000000, -1.131341397376178600E-016, 0.0000000000000000000 ) ) ;
#2474 = VERTEX_POINT ( 'NONE', #2757 ) ;
#2475 = EDGE_CURVE ( 'NONE', #2195, #2787, #655, .T. ) ;
#2476 = ORIENTED_EDGE ( 'NONE', *, *, #1084, .T. ) ;
#2477 = ORIENTED_EDGE ( 'NONE', *, *, #1116, .F. ) ;
#2478 = ORIENTED_EDGE ( 'NONE', *, *, #2475, .T. ) ;
#2479 = APPROVAL ( #1453, 'UNSPECIFIED' ) ;
#2480 = PLANE ( 'NONE',  #1632 ) ;
#2481 = DIRECTION ( 'NONE',  ( -1.120535769457212900E-016, 1.000000000000000000, -0.0000000000000000000 ) ) ;
#2482 = CYLINDRICAL_SURFACE ( 'NONE', #2608, 3.365500000000000400 ) ;
#2483 = LINE ( 'NONE', #1872, #343 ) ;
#2484 = AXIS2_PLACEMENT_3D ( 'NONE', #254, #247, #237 ) ;
#2485 = EDGE_CURVE ( 'NONE', #456, #2691, #612, .T. ) ;
#2486 = CARTESIAN_POINT ( 'NONE',  ( -4.331821416684086600E-031, -3.799999999999996300, 0.0000000000000000000 ) ) ;
#2487 = DIRECTION ( 'NONE',  ( 1.000000000000000000, 0.0000000000000000000, 0.0000000000000000000 ) ) ;
#2488 = CARTESIAN_POINT ( 'NONE',  ( -47.50000000000000000, -4.762499999999999300, 0.0000000000000000000 ) ) ;
#2489 = SPHERICAL_SURFACE ( 'NONE', #2748, 0.5080000000000000100 ) ;
#2490 = PERSON_AND_ORGANIZATION_ROLE ( 'design_owner' ) ;
#2491 = FACE_OUTER_BOUND ( 'NONE', #356, .T. ) ;
#2492 = PERSON_AND_ORGANIZATION ( #2016, #2780 ) ;
#2493 = CARTESIAN_POINT ( 'NONE',  ( 24.13815442187005900, -71.68055214113405800, -0.9736778467294500100 ) ) ;
#2494 = CARTESIAN_POINT ( 'NONE',  ( -25.43408357739414800, -72.00000000000001400, 14.68437500000011300 ) ) ;
#2495 = FACE_OUTER_BOUND ( 'NONE', #822, .T. ) ;
#2496 = DATE_AND_TIME ( #2500, #2504 ) ;
#2497 = DIRECTION ( 'NONE',  ( 1.000000000000000000, -0.0000000000000000000, -0.0000000000000000000 ) ) ;
#2498 = PRODUCT_DEFINITION_FORMATION_WITH_SPECIFIED_SOURCE ( 'ANY', '', #396, .NOT_KNOWN. ) ;
#2499 = DIRECTION ( 'NONE',  ( 0.0000000000000000000, 0.0000000000000000000, 1.000000000000000000 ) ) ;
#2500 = CALENDAR_DATE ( 2017, 9, 1 ) ;
#2501 = DIRECTION ( 'NONE',  ( 0.0000000000000000000, 0.0000000000000000000, 1.000000000000000000 ) ) ;
#2502 = AXIS2_PLACEMENT_3D ( 'NONE', #341, #332, #450 ) ;
#2503 = AXIS2_PLACEMENT_3D ( 'NONE', #1895, #1892, #1889 ) ;
#2504 = LOCAL_TIME ( 10, 21, 40.00000000000000000, #2536 ) ;
#2505 = DIRECTION ( 'NONE',  ( -1.000000000000000000, -1.301042606982605100E-016, 0.0000000000000000000 ) ) ;
#2506 = EDGE_CURVE ( 'NONE', #928, #2656, #615, .T. ) ;
#2507 = CLOSED_SHELL ( 'NONE', ( #1682, #2456, #1139, #2387, #2257, #495, #468, #2044, #1455, #1879, #2697, #733, #1810, #1820, #1135, #1501, #1381, #1623, #367, #1079, #1372, #2897, #1216, #1909, #2109, #1793, #2308, #145, #2334, #1957, #32, #2416, #335, #1515, #62, #1654, #2709, #115, #1878, #2756, #283, #1334, #574, #1048, #2769, #2825, #2541, #762, #1568, #438, #2265, #2150, #1985, #1309, #1656, #2174, #2060, #1280, #2544, #2328, #2092, #496, #2093, #2196, #644, #2901, #1149, #976, #413, #199, #2049, #2127, #1364, #2201, #929, #213, #221, #1218, #662, #1348, #588, #2784, #994, #513, #2558, #1670, #747, #1893, #51, #1206, #268, #2327, #2277, #959, #1436 ) ) ;
#2508 = DIRECTION ( 'NONE',  ( 0.0000000000000000000, -1.000000000000000000, 0.0000000000000000000 ) ) ;
#2509 = DIRECTION ( 'NONE',  ( -0.0000000000000000000, 1.000000000000000000, -0.0000000000000000000 ) ) ;
#2510 = CARTESIAN_POINT ( 'NONE',  ( -34.12993567236831900, -71.49200000000000400, 1.502684264907322900 ) ) ;
#2511 = DIRECTION ( 'NONE',  ( -1.224646799147353200E-016, 0.0000000000000000000, -1.000000000000000000 ) ) ;
#2512 = DIRECTION ( 'NONE',  ( -1.120535769457212900E-016, 1.000000000000000000, -0.0000000000000000000 ) ) ;
#2513 = ORIENTED_EDGE ( 'NONE', *, *, #566, .T. ) ;
#2514 = ORIENTED_EDGE ( 'NONE', *, *, #2267, .F. ) ;
#2515 = EDGE_CURVE ( 'NONE', #1486, #1443, #586, .T. ) ;
#2516 = ORIENTED_EDGE ( 'NONE', *, *, #1428, .F. ) ;
#2517 = CARTESIAN_POINT ( 'NONE',  ( 6.947321770634716400E-016, -9.999999999999996400, 0.0000000000000000000 ) ) ;
#2518 = CIRCLE ( 'NONE', #2172, 34.16300000000000400 ) ;
#2519 = ORIENTED_EDGE ( 'NONE', *, *, #1715, .F. ) ;
#2520 = LINE ( 'NONE', #2365, #2381 ) ;
#2521 = CC_DESIGN_DATE_AND_TIME_ASSIGNMENT ( #2649, #837, ( #2674 ) ) ;
#2522 = AXIS2_PLACEMENT_3D ( 'NONE', #555, #2015, #321 ) ;
#2523 = CARTESIAN_POINT ( 'NONE',  ( 0.0000000000000000000, -59.29999999999997600, 0.0000000000000000000 ) ) ;
#2524 = DIRECTION ( 'NONE',  ( 1.000000000000000000, -0.0000000000000000000, -0.0000000000000000000 ) ) ;
#2525 = CARTESIAN_POINT ( 'NONE',  ( 24.14966577460375800, -70.92688319791196200, -0.5430729685138761000 ) ) ;
#2526 = CARTESIAN_POINT ( 'NONE',  ( 0.0000000000000000000, -14.52559363519444300, 0.0000000000000000000 ) ) ;
#2527 = CARTESIAN_POINT ( 'NONE',  ( -47.50000000000000000, -71.49199999999999000, -1.502684264907322900 ) ) ;
#2528 = TOROIDAL_SURFACE ( 'NONE', #2695, 34.16300000000000400, 0.5080000000000000100 ) ;
#2529 = CARTESIAN_POINT ( 'NONE',  ( -46.99199999999999700, -12.00000000000000000, 5.785966267251585200E-015 ) ) ;
#2530 = CIRCLE ( 'NONE', #2783, 0.5079999999999941200 ) ;
#2531 = CARTESIAN_POINT ( 'NONE',  ( 0.0000000000000000000, -58.57780636480556800, 0.0000000000000000000 ) ) ;
#2532 = CARTESIAN_POINT ( 'NONE',  ( -31.75000000000000000, -6.411999999999999900, 0.0000000000000000000 ) ) ;
#2533 = CARTESIAN_POINT ( 'NONE',  ( 34.16300592184526900, -71.36492686058453200, -0.2101606538334256400 ) ) ;
#2534 = DIRECTION ( 'NONE',  ( 0.5000000000000040000, 0.0000000000000000000, 0.8660254037844363800 ) ) ;
#2535 = CIRCLE ( 'NONE', #2838, 3.365500000000002600 ) ;
#2536 = COORDINATED_UNIVERSAL_TIME_OFFSET ( 7, 0, .BEHIND. ) ;
#2537 = DIRECTION ( 'NONE',  ( -1.000000000000000000, -1.120535769457212900E-016, 0.0000000000000000000 ) ) ;
#2538 = FACE_OUTER_BOUND ( 'NONE', #333, .T. ) ;
#2539 = CARTESIAN_POINT ( 'NONE',  ( -16.50999999999999400, -66.69140000000000200, 0.0000000000000000000 ) ) ;
#2540 = PERSON_AND_ORGANIZATION ( #2016, #2780 ) ;
#2541 = ADVANCED_FACE ( 'NONE', ( #584, #578 ), #2893, .F. ) ;
#2542 = CARTESIAN_POINT ( 'NONE',  ( 0.0000000000000000000, -58.19320477360418700, 0.0000000000000000000 ) ) ;
#2543 = AXIS2_PLACEMENT_3D ( 'NONE', #300, #299, #292 ) ;
#2544 = ADVANCED_FACE ( 'NONE', ( #581 ), #500, .T. ) ;
#2545 = DIRECTION ( 'NONE',  ( 0.0000000000000000000, 0.0000000000000000000, 1.000000000000000000 ) ) ;
#2546 = CARTESIAN_POINT ( 'NONE',  ( 2.133709875451472700E-013, -72.00000000000000000, 29.36874999999999500 ) ) ;
#2547 = AXIS2_PLACEMENT_3D ( 'NONE', #362, #376, #421 ) ;
#2548 = AXIS2_PLACEMENT_3D ( 'NONE', #1313, #1771, #148 ) ;
#2549 = CARTESIAN_POINT ( 'NONE',  ( 24.61757988836432900, -71.49200000000000400, 1.502684264907336900 ) ) ;
#2550 = CARTESIAN_POINT ( 'NONE',  ( 24.14963621273969700, -70.92724842292983600, -0.5444973831500250500 ) ) ;
#2551 = ORIENTED_EDGE ( 'NONE', *, *, #2453, .T. ) ;
#2552 = ORIENTED_EDGE ( 'NONE', *, *, #2775, .T. ) ;
#2553 = EDGE_LOOP ( 'NONE', ( #1141, #1684, #1607, #1685 ) ) ;
#2554 = EDGE_LOOP ( 'NONE', ( #408, #1224, #390, #1002 ) ) ;
#2555 = DIRECTION ( 'NONE',  ( -2.178802052069741900E-016, 1.000000000000000000, 5.331492910495855000E-017 ) ) ;
#2556 = CARTESIAN_POINT ( 'NONE',  ( 1.734723475976807100E-014, -59.29999999999999700, -29.36875000000000200 ) ) ;
#2557 = ORIENTED_EDGE ( 'NONE', *, *, #1327, .F. ) ;
#2558 = ADVANCED_FACE ( 'NONE', ( #549 ), #503, .T. ) ;
#2559 = CARTESIAN_POINT ( 'NONE',  ( 34.12993567236834000, -71.99999999999998600, 1.502684264907322400 ) ) ;
#2560 = SPHERICAL_SURFACE ( 'NONE', #1210, 0.5080000000000000100 ) ;
#2561 = FACE_OUTER_BOUND ( 'NONE', #1089, .T. ) ;
#2562 = DIRECTION ( 'NONE',  ( -2.178802052069748800E-016, 1.000000000000000000, -5.331492910495809400E-017 ) ) ;
#2563 = CARTESIAN_POINT ( 'NONE',  ( 24.61757988836432500, -71.84606060606059000, 1.138397170384345000 ) ) ;
#2564 = AXIS2_PLACEMENT_3D ( 'NONE', #373, #371, #363 ) ;
#2565 = EDGE_CURVE ( 'NONE', #1414, #973, #511, .T. ) ;
#2566 = CIRCLE ( 'NONE', #2764, 3.365500000000000400 ) ;
#2567 = DIRECTION ( 'NONE',  ( 1.000000000000000000, 1.870988165364011900E-016, 0.0000000000000000000 ) ) ;
#2568 = CYLINDRICAL_SURFACE ( 'NONE', #2823, 24.15540000000000000 ) ;
#2569 = CARTESIAN_POINT ( 'NONE',  ( 2.857366212115886900E-016, -6.349999999999994300, 0.0000000000000000000 ) ) ;
#2570 = CARTESIAN_POINT ( 'NONE',  ( 1.720148784935079100E-016, -71.49200000000000400, 0.0000000000000000000 ) ) ;
#2571 = FACE_BOUND ( 'NONE', #765, .T. ) ;
#2572 = PERSON_AND_ORGANIZATION ( #2016, #2780 ) ;
#2573 = CARTESIAN_POINT ( 'NONE',  ( 34.66423355041899900, -70.96791926494628900, 0.6972873006225791500 ) ) ;
#2574 = CARTESIAN_POINT ( 'NONE',  ( 8.619161138664877600E-016, -11.49199999999999600, 0.0000000000000000000 ) ) ;
#2575 = FACE_BOUND ( 'NONE', #58, .T. ) ;
#2576 = PERSON_AND_ORGANIZATION ( #2016, #2780 ) ;
#2577 = CARTESIAN_POINT ( 'NONE',  ( -40.00000000000000700, -12.00000000000000000, 0.0000000000000000000 ) ) ;
#2578 = CARTESIAN_POINT ( 'NONE',  ( 9.188393309549140400E-016, -11.99999999999999500, 0.0000000000000000000 ) ) ;
#2579 = DIRECTION ( 'NONE',  ( -2.406071707233087900E-018, 1.000000000000000000, -0.0000000000000000000 ) ) ;
#2580 = EDGE_CURVE ( 'NONE', #2233, #2691, #544, .T. ) ;
#2581 = APPROVAL_DATE_TIME ( #2583, #2479 ) ;
#2582 = CARTESIAN_POINT ( 'NONE',  ( 24.15540000000000000, 5.811962451689813200E-017, 2.958183329212397800E-015 ) ) ;
#2583 = DATE_AND_TIME ( #2614, #2617 ) ;
#2584 = CC_DESIGN_PERSON_AND_ORGANIZATION_ASSIGNMENT ( #2680, #1930, ( #2674 ) ) ;
#2585 = AXIS2_PLACEMENT_3D ( 'NONE', #1787, #401, #2012 ) ;
#2586 = CARTESIAN_POINT ( 'NONE',  ( -24.61757988836433200, -71.49200000000000400, -1.502684264907322000 ) ) ;
#2587 = ORIENTED_EDGE ( 'NONE', *, *, #2506, .T. ) ;
#2588 = AXIS2_PLACEMENT_3D ( 'NONE', #477, #554, #494 ) ;
#2589 = CARTESIAN_POINT ( 'NONE',  ( 0.0000000000000000000, -3.799999999999999800, 0.0000000000000000000 ) ) ;
#2590 = EDGE_LOOP ( 'NONE', ( #1299, #2755 ) ) ;
#2591 = EDGE_CURVE ( 'NONE', #1263, #30, #507, .T. ) ;
#2592 = VERTEX_POINT ( 'NONE', #2303 ) ;
#2593 = CARTESIAN_POINT ( 'NONE',  ( 34.66907230932236000, -71.41001261503977600, -0.4315603946373317000 ) ) ;
#2594 = CARTESIAN_POINT ( 'NONE',  ( 24.15420289088909900, -70.87125068443256700, -0.2752598408110501500 ) ) ;
#2595 = CIRCLE ( 'NONE', #587, 0.5079999999999980100 ) ;
#2596 = CYLINDRICAL_SURFACE ( 'NONE', #685, 47.50000000000000000 ) ;
#2597 = CARTESIAN_POINT ( 'NONE',  ( 24.15539591539383600, -70.85704908631113600, -0.1369348228005504700 ) ) ;
#2598 = DIRECTION ( 'NONE',  ( 1.870988165364011900E-016, -1.000000000000000000, 0.0000000000000000000 ) ) ;
#2599 = LINE ( 'NONE', #1533, #2851 ) ;
#2600 = ORIENTED_EDGE ( 'NONE', *, *, #907, .T. ) ;
#2601 = DIRECTION ( 'NONE',  ( -1.120535769457212900E-016, 1.000000000000000000, -0.0000000000000000000 ) ) ;
#2602 = DIRECTION ( 'NONE',  ( -1.000000000000000000, -1.120535769457212900E-016, 0.0000000000000000000 ) ) ;
#2603 = AXIS2_PLACEMENT_3D ( 'NONE', #436, #434, #428 ) ;
#2604 = DIRECTION ( 'NONE',  ( -1.120535769457212900E-016, 1.000000000000000000, 0.0000000000000000000 ) ) ;
#2605 = ADVANCED_BREP_SHAPE_REPRESENTATION ( 'P103828', ( #2350, #2779 ), #2898 ) ;
#2606 = FACE_BOUND ( 'NONE', #2405, .T. ) ;
#2607 = AXIS2_PLACEMENT_3D ( 'NONE', #725, #767, #731 ) ;
#2608 = AXIS2_PLACEMENT_3D ( 'NONE', #2375, #2317, #2390 ) ;
#2609 = DIRECTION ( 'NONE',  ( 0.0000000000000000000, -1.000000000000000000, 0.0000000000000000000 ) ) ;
#2610 = FACE_OUTER_BOUND ( 'NONE', #519, .T. ) ;
#2611 = DIRECTION ( 'NONE',  ( -1.000000000000000000, -1.095614826932720200E-016, 0.0000000000000000000 ) ) ;
#2612 = CIRCLE ( 'NONE', #2860, 30.09900000000000000 ) ;
#2613 = DIRECTION ( 'NONE',  ( -0.9990321597157252300, 0.0000000000000000000, 0.04398572329442240700 ) ) ;
#2614 = CALENDAR_DATE ( 2017, 9, 1 ) ;
#2615 = EDGE_CURVE ( 'NONE', #878, #1520, #462, .T. ) ;
#2616 = DIRECTION ( 'NONE',  ( -0.04398572329442241400, -0.0000000000000000000, -0.9990321597157253400 ) ) ;
#2617 = LOCAL_TIME ( 10, 21, 40.00000000000000000, #2618 ) ;
#2618 = COORDINATED_UNIVERSAL_TIME_OFFSET ( 7, 0, .BEHIND. ) ;
#2619 = CARTESIAN_POINT ( 'NONE',  ( -34.12993567236831900, -71.49200000000000400, 1.502684264907322400 ) ) ;
#2620 = PLANE ( 'NONE',  #422 ) ;
#2621 = CC_DESIGN_APPROVAL ( #2638, ( #2674 ) ) ;
#2622 = AXIS2_PLACEMENT_3D ( 'NONE', #2797, #242, #388 ) ;
#2623 = EDGE_LOOP ( 'NONE', ( #796, #110, #560, #486 ) ) ;
#2624 = ORIENTED_EDGE ( 'NONE', *, *, #697, .F. ) ;
#2625 = ORIENTED_EDGE ( 'NONE', *, *, #1165, .F. ) ;
#2626 = EDGE_LOOP ( 'NONE', ( #2051, #2102, #1681 ) ) ;
#2627 = DIRECTION ( 'NONE',  ( -1.000000000000000000, -1.870988165364011900E-016, 0.0000000000000000000 ) ) ;
#2628 = EDGE_CURVE ( 'NONE', #106, #891, #469, .T. ) ;
#2629 = ORIENTED_EDGE ( 'NONE', *, *, #735, .F. ) ;
#2630 = DIRECTION ( 'NONE',  ( 0.4999999999999916200, 0.0000000000000000000, -0.8660254037844434800 ) ) ;
#2631 = ORIENTED_EDGE ( 'NONE', *, *, #1544, .F. ) ;
#2632 = DIRECTION ( 'NONE',  ( -2.178802052069741900E-016, 1.000000000000000000, 5.331492910495855000E-017 ) ) ;
#2633 = LINE ( 'NONE', #139, #2038 ) ;
#2634 = EDGE_CURVE ( 'NONE', #1959, #2146, #430, .T. ) ;
#2635 = CARTESIAN_POINT ( 'NONE',  ( -25.43408357739414800, -59.29999999999999700, 14.68437500000011300 ) ) ;
#2636 = CIRCLE ( 'NONE', #2871, 18.92499999999999400 ) ;
#2637 = CARTESIAN_POINT ( 'NONE',  ( -4.258035923937413500E-016, 3.903127820947816000E-015, 0.0000000000000000000 ) ) ;
#2638 = APPROVAL ( #2435, 'UNSPECIFIED' ) ;
#2639 = CIRCLE ( 'NONE', #2912, 3.365500000000000800 ) ;
#2640 = VECTOR ( 'NONE', #1093, 1000.000000000000000 ) ;
#2641 = AXIS2_PLACEMENT_3D ( 'NONE', #406, #402, #399 ) ;
#2642 = APPROVAL_PERSON_ORGANIZATION ( #2645, #2479, #2900 ) ;
#2643 = CARTESIAN_POINT ( 'NONE',  ( 0.0000000000000000000, -57.03940000000000100, 19.04999999999999400 ) ) ;
#2644 = CONICAL_SURFACE ( 'NONE', #605, 16.50999999999999100, 0.3005528115890999700 ) ;
#2645 = PERSON_AND_ORGANIZATION ( #2016, #2780 ) ;
#2646 = CARTESIAN_POINT ( 'NONE',  ( 34.64185320170740600, -71.39047276185684200, 1.424884590930456800 ) ) ;
#2647 = CARTESIAN_POINT ( 'NONE',  ( -47.50000000000000000, -71.84606060606059000, 1.138397170384345000 ) ) ;
#2648 = PERSON_AND_ORGANIZATION_ROLE ( 'design_supplier' ) ;
#2649 = DATE_AND_TIME ( #2651, #2678 ) ;
#2650 = EDGE_CURVE ( 'NONE', #1298, #1788, #471, .T. ) ;
#2651 = CALENDAR_DATE ( 2017, 9, 1 ) ;
#2652 = DIRECTION ( 'NONE',  ( -1.120535769457212900E-016, 1.000000000000000000, -0.0000000000000000000 ) ) ;
#2653 = CARTESIAN_POINT ( 'NONE',  ( 28.79958357739417000, -59.29999999999999000, 14.68437500000012000 ) ) ;
#2654 = EDGE_LOOP ( 'NONE', ( #858, #1491, #2305, #86 ) ) ;
#2655 = CARTESIAN_POINT ( 'NONE',  ( -47.50000000000000000, -7.283482501471882400E-016, 0.0000000000000000000 ) ) ;
#2656 = VERTEX_POINT ( 'NONE', #1421 ) ;
#2657 = CARTESIAN_POINT ( 'NONE',  ( -47.50000000000000000, -71.99999999999998600, -1.502684264907321800 ) ) ;
#2658 = AXIS2_PLACEMENT_3D ( 'NONE', #766, #781, #779 ) ;
#2659 = AXIS2_PLACEMENT_3D ( 'NONE', #2517, #2512, #2505 ) ;
#2660 = CARTESIAN_POINT ( 'NONE',  ( 24.61757988836432500, -71.84606060606057600, -1.138397170384333900 ) ) ;
#2661 = FACE_OUTER_BOUND ( 'NONE', #267, .T. ) ;
#2662 = ORIENTED_EDGE ( 'NONE', *, *, #1563, .F. ) ;
#2663 = CARTESIAN_POINT ( 'NONE',  ( 34.63744400950393800, -71.49200000000000400, 1.525029012340888900 ) ) ;
#2664 = DIRECTION ( 'NONE',  ( 1.000000000000000000, 0.0000000000000000000, 0.0000000000000000000 ) ) ;
#2665 = EDGE_CURVE ( 'NONE', #1970, #541, #423, .T. ) ;
#2666 = CARTESIAN_POINT ( 'NONE',  ( 24.62356873688951000, -71.76958671428006700, -1.064070100118291700 ) ) ;
#2667 = VECTOR ( 'NONE', #1927, 1000.000000000000000 ) ;
#2668 = ORIENTED_EDGE ( 'NONE', *, *, #1597, .T. ) ;
#2669 = CARTESIAN_POINT ( 'NONE',  ( 24.62948469080939500, -71.70182120048515600, -0.9833753834543697000 ) ) ;
#2670 = CIRCLE ( 'NONE', #2903, 0.5079999999999976800 ) ;
#2671 = CARTESIAN_POINT ( 'NONE',  ( 1.337606859182039400E-014, -71.49200000000000400, 0.0000000000000000000 ) ) ;
#2672 = TOROIDAL_SURFACE ( 'NONE', #1390, 24.66340000000000300, 0.5080000000000000100 ) ;
#2673 = CARTESIAN_POINT ( 'NONE',  ( 24.64049582565392900, -71.58298907371360500, -0.8097310832134564400 ) ) ;
#2674 = PRODUCT_DEFINITION ( 'UNKNOWN', '', #2498, #336 ) ;
#2675 = AXIS2_PLACEMENT_3D ( 'NONE', #49, #1650, #1902 ) ;
#2676 = CARTESIAN_POINT ( 'NONE',  ( 34.13425700937549600, -71.76955766805026800, 1.064041869291879200 ) ) ;
#2677 = FACE_OUTER_BOUND ( 'NONE', #714, .T. ) ;
#2678 = LOCAL_TIME ( 10, 21, 40.00000000000000000, #2679 ) ;
#2679 = COORDINATED_UNIVERSAL_TIME_OFFSET ( 7, 0, .BEHIND. ) ;
#2680 = PERSON_AND_ORGANIZATION ( #2016, #2780 ) ;
#2681 = CARTESIAN_POINT ( 'NONE',  ( -40.00000000000000700, -10.00000000000000200, 0.0000000000000000000 ) ) ;
#2682 = DIRECTION ( 'NONE',  ( 0.0000000000000000000, -0.0000000000000000000, -1.000000000000000000 ) ) ;
#2683 = CARTESIAN_POINT ( 'NONE',  ( 24.64563958676975000, -71.53150294988105900, -0.7156245703285252200 ) ) ;
#2684 = CARTESIAN_POINT ( 'NONE',  ( 24.65415631835765000, -71.44910163811992700, -0.5207153806072776200 ) ) ;
#2685 = DIRECTION ( 'NONE',  ( 1.000000000000000000, -0.0000000000000000000, -0.0000000000000000000 ) ) ;
#2686 = ORIENTED_EDGE ( 'NONE', *, *, #2591, .F. ) ;
#2687 = ORIENTED_EDGE ( 'NONE', *, *, #2789, .T. ) ;
#2688 = AXIS2_PLACEMENT_3D ( 'NONE', #705, #689, #683 ) ;
#2689 = DIRECTION ( 'NONE',  ( 1.000000000000000000, 0.0000000000000000000, 0.0000000000000000000 ) ) ;
#2690 = CARTESIAN_POINT ( 'NONE',  ( 24.65754189698500600, -71.41797195230093100, -0.4201873682837367600 ) ) ;
#2691 = VERTEX_POINT ( 'NONE', #2089 ) ;
#2692 = VERTEX_POINT ( 'NONE', #1025 ) ;
#2693 = CARTESIAN_POINT ( 'NONE',  ( 24.66217680095588700, -71.37580403160207300, -0.2129872692862273000 ) ) ;
#2694 = ORIENTED_EDGE ( 'NONE', *, *, #2634, .T. ) ;
#2695 = AXIS2_PLACEMENT_3D ( 'NONE', #773, #787, #798 ) ;
#2696 = CYLINDRICAL_SURFACE ( 'NONE', #309, 29.21000000000000100 ) ;
#2697 = ADVANCED_FACE ( 'NONE', ( #398 ), #357, .F. ) ;
#2698 = LINE ( 'NONE', #2643, #1114 ) ;
#2699 = CARTESIAN_POINT ( 'NONE',  ( 24.66339584196766000, -71.36503707483603900, -0.1059507753574786800 ) ) ;
#2700 = CARTESIAN_POINT ( 'NONE',  ( 24.11052365997371500, -71.49199999999999000, 1.471732992715616900 ) ) ;
#2701 = CARTESIAN_POINT ( 'NONE',  ( -34.15633097843122100, -71.44905198271746400, -0.5205722900930611600 ) ) ;
#2702 = EDGE_CURVE ( 'NONE', #2869, #2691, #389, .T. ) ;
#2703 = CARTESIAN_POINT ( 'NONE',  ( 24.66340828319089000, -71.36492614344494700, 0.2102306406274306900 ) ) ;
#2704 = CYLINDRICAL_SURFACE ( 'NONE', #704, 3.365500000000001300 ) ;
#2705 = FACE_OUTER_BOUND ( 'NONE', #1569, .T. ) ;
#2706 = CIRCLE ( 'NONE', #2143, 46.99199999999999700 ) ;
#2707 = APPROVAL_DATE_TIME ( #2712, #2638 ) ;
#2708 = CARTESIAN_POINT ( 'NONE',  ( 24.65840965585304200, -71.40797915345569900, 0.4229809193734354000 ) ) ;
#2709 = ADVANCED_FACE ( 'NONE', ( #351 ), #322, .F. ) ;
#2710 = FACE_OUTER_BOUND ( 'NONE', #1400, .T. ) ;
#2711 = EDGE_CURVE ( 'NONE', #1414, #2233, #325, .T. ) ;
#2712 = DATE_AND_TIME ( #2714, #2741 ) ;
#2713 = CARTESIAN_POINT ( 'NONE',  ( 24.61757988836432500, -71.84606060606059000, 1.138397170384345000 ) ) ;
#2714 = CALENDAR_DATE ( 2017, 9, 1 ) ;
#2715 = EDGE_CURVE ( 'NONE', #1443, #962, #355, .T. ) ;
#2716 = DIRECTION ( 'NONE',  ( -0.4999999999999978400, 0.0000000000000000000, 0.8660254037844399300 ) ) ;
#2717 = DIRECTION ( 'NONE',  ( -1.000000000000000000, -1.120535769457213200E-016, 0.0000000000000000000 ) ) ;
#2718 = DIRECTION ( 'NONE',  ( 1.000000000000000000, 0.0000000000000000000, 0.0000000000000000000 ) ) ;
#2719 = ORIENTED_EDGE ( 'NONE', *, *, #8, .F. ) ;
#2720 = EDGE_CURVE ( 'NONE', #1257, #407, #359, .T. ) ;
#2721 = ORIENTED_EDGE ( 'NONE', *, *, #2163, .F. ) ;
#2722 = DIRECTION ( 'NONE',  ( 1.870988165364011900E-016, -1.000000000000000000, 0.0000000000000000000 ) ) ;
#2723 = CC_DESIGN_PERSON_AND_ORGANIZATION_ASSIGNMENT ( #2777, #2490, ( #396 ) ) ;
#2724 = AXIS2_PLACEMENT_3D ( 'NONE', #2452, #883, #1106 ) ;
#2725 = DIRECTION ( 'NONE',  ( 1.000000000000000000, 1.120535769457212900E-016, 0.0000000000000000000 ) ) ;
#2726 = CARTESIAN_POINT ( 'NONE',  ( -24.15539793743289500, -71.36503516443855200, 0.1030401655026639400 ) ) ;
#2727 = CARTESIAN_POINT ( 'NONE',  ( 1.347111479062088500E-014, -72.00000000000000000, 0.0000000000000000000 ) ) ;
#2728 = CIRCLE ( 'NONE', #365, 34.50000000000000000 ) ;
#2729 = VERTEX_POINT ( 'NONE', #433 ) ;
#2730 = AXIS2_PLACEMENT_3D ( 'NONE', #861, #892, #831 ) ;
#2731 = FACE_OUTER_BOUND ( 'NONE', #1456, .T. ) ;
#2732 = CARTESIAN_POINT ( 'NONE',  ( 24.14433159506148700, -71.56300229252559600, -0.7953825733933392900 ) ) ;
#2733 = FACE_OUTER_BOUND ( 'NONE', #2626, .T. ) ;
#2734 = CARTESIAN_POINT ( 'NONE',  ( 34.50000000000000000, -3.799999999999992300, 4.225031457058368900E-015 ) ) ;
#2735 = DIRECTION ( 'NONE',  ( -0.9981421818712881100, 0.0000000000000000000, 0.06092770116477561800 ) ) ;
#2736 = DIRECTION ( 'NONE',  ( 0.0000000000000000000, 0.0000000000000000000, -1.000000000000000000 ) ) ;
#2737 = FACE_OUTER_BOUND ( 'NONE', #2623, .T. ) ;
#2738 = CARTESIAN_POINT ( 'NONE',  ( 24.64149567943723400, -71.57156686328974600, 0.8108521292439873100 ) ) ;
#2739 = LINE ( 'NONE', #1138, #2640 ) ;
#2740 = CIRCLE ( 'NONE', #84, 0.5080000000000015600 ) ;
#2741 = LOCAL_TIME ( 10, 21, 40.00000000000000000, #2744 ) ;
#2742 = AXIS2_PLACEMENT_3D ( 'NONE', #616, #1737, #344 ) ;
#2743 = DIRECTION ( 'NONE',  ( -1.563174278658278500E-016, 1.000000000000000000, -5.331492910495834000E-017 ) ) ;
#2744 = COORDINATED_UNIVERSAL_TIME_OFFSET ( 7, 0, .BEHIND. ) ;
#2745 = DIRECTION ( 'NONE',  ( -0.06092770116477562400, 8.421712824852963200E-016, -0.9981421818712883400 ) ) ;
#2746 = DIRECTION ( 'NONE',  ( -0.04398572329442156800, -2.132190625879304500E-015, -0.9990321597157255700 ) ) ;
#2747 = DIRECTION ( 'NONE',  ( -2.406071707233087900E-018, 1.000000000000000000, -0.0000000000000000000 ) ) ;
#2748 = AXIS2_PLACEMENT_3D ( 'NONE', #806, #795, #824 ) ;
#2749 = AXIS2_PLACEMENT_3D ( 'NONE', #2023, #2008, #2005 ) ;
#2750 = APPROVAL_PERSON_ORGANIZATION ( #2774, #2638, #1150 ) ;
#2751 = CARTESIAN_POINT ( 'NONE',  ( -24.15540000000000000, -5.811962451689813200E-017, 0.0000000000000000000 ) ) ;
#2752 = CARTESIAN_POINT ( 'NONE',  ( 24.62955769867804500, -71.69311137619661200, 0.9897416241508155700 ) ) ;
#2753 = EDGE_CURVE ( 'NONE', #249, #1274, #539, .T. ) ;
#2754 = CARTESIAN_POINT ( 'NONE',  ( 25.43408357739427900, -59.29999999999999000, -14.68437499999993400 ) ) ;
#2755 = ORIENTED_EDGE ( 'NONE', *, *, #330, .T. ) ;
#2756 = ADVANCED_FACE ( 'NONE', ( #287, #290 ), #352, .T. ) ;
#2757 = CARTESIAN_POINT ( 'NONE',  ( 0.0000000000000000000, -66.69140000000000200, 18.92499999999999400 ) ) ;
#2758 = EDGE_LOOP ( 'NONE', ( #758, #989, #1047, #1054 ) ) ;
#2759 = EDGE_CURVE ( 'NONE', #420, #2140, #251, .T. ) ;
#2760 = ORIENTED_EDGE ( 'NONE', *, *, #2832, .F. ) ;
#2761 = ORIENTED_EDGE ( 'NONE', *, *, #2905, .T. ) ;
#2762 = CIRCLE ( 'NONE', #20, 3.365500000000002600 ) ;
#2763 = SPHERICAL_SURFACE ( 'NONE', #102, 0.5080000000000000100 ) ;
#2764 = AXIS2_PLACEMENT_3D ( 'NONE', #820, #812, #811 ) ;
#2765 = AXIS2_PLACEMENT_3D ( 'NONE', #2786, #2778, #2772 ) ;
#2766 = DIRECTION ( 'NONE',  ( -0.9990321597157254500, 0.0000000000000000000, 0.04398572329442156100 ) ) ;
#2767 = DIRECTION ( 'NONE',  ( -1.120535769457212900E-016, 1.000000000000000000, -0.0000000000000000000 ) ) ;
#2768 = CYLINDRICAL_SURFACE ( 'NONE', #999, 1.587500000000010300 ) ;
#2769 = ADVANCED_FACE ( 'NONE', ( #255 ), #208, .F. ) ;
#2770 = CIRCLE ( 'NONE', #1307, 10.16000000000000200 ) ;
#2771 = CARTESIAN_POINT ( 'NONE',  ( 1.682750000000246000, -59.29999999999999000, 32.28335849643650600 ) ) ;
#2772 = DIRECTION ( 'NONE',  ( 0.0000000000000000000, 0.0000000000000000000, 1.000000000000000000 ) ) ;
#2773 = CIRCLE ( 'NONE', #2285, 34.50000000000000000 ) ;
#2774 = PERSON_AND_ORGANIZATION ( #2016, #2780 ) ;
#2775 = EDGE_CURVE ( 'NONE', #1705, #454, #248, .T. ) ;
#2776 = FACE_OUTER_BOUND ( 'NONE', #2101, .T. ) ;
#2777 = PERSON_AND_ORGANIZATION ( #2016, #2780 ) ;
#2778 = DIRECTION ( 'NONE',  ( -0.0000000000000000000, 1.000000000000000000, -0.0000000000000000000 ) ) ;
#2779 = AXIS2_PLACEMENT_3D ( 'NONE', #1516, #2885, #2284 ) ;
#2780 = ORGANIZATION ( 'UNSPECIFIED', 'UNSPECIFIED', '' ) ;
#2781 = SHAPE_DEFINITION_REPRESENTATION ( #1368, #2605 ) ;
#2782 = CARTESIAN_POINT ( 'NONE',  ( 34.13852005133030300, -71.69408679327102600, -0.9906896587249561800 ) ) ;
#2783 = AXIS2_PLACEMENT_3D ( 'NONE', #854, #853, #843 ) ;
#2784 = ADVANCED_FACE ( 'NONE', ( #284 ), #1875, .T. ) ;
#2785 = CARTESIAN_POINT ( 'NONE',  ( 34.12993567236834700, -71.49199999999999000, -1.502684264907322900 ) ) ;
#2786 = CARTESIAN_POINT ( 'NONE',  ( 0.0000000000000000000, 0.0000000000000000000, 0.0000000000000000000 ) ) ;
#2787 = VERTEX_POINT ( 'NONE', #1723 ) ;
#2788 = CARTESIAN_POINT ( 'NONE',  ( -27.11683357739412500, -72.00000000000001400, 17.59898349643665900 ) ) ;
#2789 = EDGE_CURVE ( 'NONE', #1369, #1993, #175, .T. ) ;
#2790 = ORIENTED_EDGE ( 'NONE', *, *, #1808, .F. ) ;
#2791 = ORIENTED_EDGE ( 'NONE', *, *, #2804, .F. ) ;
#2792 = DIRECTION ( 'NONE',  ( -2.178802052069741900E-016, 1.000000000000000000, 5.331492910495855000E-017 ) ) ;
#2793 = CARTESIAN_POINT ( 'NONE',  ( 34.67100000000000600, 6.486903068133566900E-015, 4.245972917323789500E-015 ) ) ;
#2794 = LINE ( 'NONE', #2398, #530 ) ;
#2795 = VERTEX_POINT ( 'NONE', #624 ) ;
#2796 = CARTESIAN_POINT ( 'NONE',  ( 34.67099842183184000, -71.36503821880606300, 0.1079706905213569200 ) ) ;
#2797 = CARTESIAN_POINT ( 'NONE',  ( -47.50000000000000000, -72.95249999999997200, 0.0000000000000000000 ) ) ;
#2798 = SPHERICAL_SURFACE ( 'NONE', #2302, 0.5080000000000000100 ) ;
#2799 = AXIS2_PLACEMENT_3D ( 'NONE', #938, #922, #916 ) ;
#2800 = AXIS2_PLACEMENT_3D ( 'NONE', #2304, #2300, #2299 ) ;
#2801 = CARTESIAN_POINT ( 'NONE',  ( 2.178463612640979100E-032, -4.762499999999994000, 0.0000000000000000000 ) ) ;
#2802 = CIRCLE ( 'NONE', #1229, 3.365500000000001300 ) ;
#2803 = DIRECTION ( 'NONE',  ( -1.870988165364011900E-016, 1.000000000000000000, -0.0000000000000000000 ) ) ;
#2804 = EDGE_CURVE ( 'NONE', #1461, #749, #173, .T. ) ;
#2805 = TOROIDAL_SURFACE ( 'NONE', #1385, 29.20999999999999400, 10.16000000000000000 ) ;
#2806 = CARTESIAN_POINT ( 'NONE',  ( 6.947321770634715400E-016, -9.999999999999994700, 0.0000000000000000000 ) ) ;
#2807 = CYLINDRICAL_SURFACE ( 'NONE', #1070, 20.95500000000000200 ) ;
#2808 = CARTESIAN_POINT ( 'NONE',  ( -47.50000000000000000, -3.800000000000005200, 0.0000000000000000000 ) ) ;
#2809 = DIRECTION ( 'NONE',  ( -1.000000000000000000, -1.095614826932720200E-016, 0.0000000000000000000 ) ) ;
#2810 = CARTESIAN_POINT ( 'NONE',  ( 0.0000000000000000000, -4.762499999999994000, 0.0000000000000000000 ) ) ;
#2811 = CARTESIAN_POINT ( 'NONE',  ( -34.63744400950390900, -71.49199999999997600, -1.525029012340881800 ) ) ;
#2812 = AXIS2_PLACEMENT_3D ( 'NONE', #2858, #258, #39 ) ;
#2813 = VERTEX_POINT ( 'NONE', #218 ) ;
#2814 = ORIENTED_EDGE ( 'NONE', *, *, #2815, .F. ) ;
#2815 = EDGE_CURVE ( 'NONE', #1298, #456, #135, .T. ) ;
#2816 = ORIENTED_EDGE ( 'NONE', *, *, #1841, .T. ) ;
#2817 = DIRECTION ( 'NONE',  ( -1.120535769457212900E-016, 1.000000000000000000, -0.0000000000000000000 ) ) ;
#2818 = ORIENTED_EDGE ( 'NONE', *, *, #2832, .T. ) ;
#2819 = ORIENTED_EDGE ( 'NONE', *, *, #8, .T. ) ;
#2820 = CARTESIAN_POINT ( 'NONE',  ( -47.50000000000000000, -71.49200000000000400, 1.502684264907322900 ) ) ;
#2821 = ORIENTED_EDGE ( 'NONE', *, *, #646, .F. ) ;
#2822 = FACE_OUTER_BOUND ( 'NONE', #576, .T. ) ;
#2823 = AXIS2_PLACEMENT_3D ( 'NONE', #1028, #954, #1001 ) ;
#2824 = CIRCLE ( 'NONE', #2427, 10.16000000000000200 ) ;
#2825 = ADVANCED_FACE ( 'NONE', ( #112 ), #177, .T. ) ;
#2826 = CARTESIAN_POINT ( 'NONE',  ( -34.67011578568763500, -70.87106938249660000, -0.2837373486472057300 ) ) ;
#2827 = VECTOR ( 'NONE', #1355, 1000.000000000000000 ) ;
#2828 = EDGE_CURVE ( 'NONE', #454, #2795, #140, .T. ) ;
#2829 = CARTESIAN_POINT ( 'NONE',  ( 0.0000000000000000000, -14.14099204399307300, 19.04999999999999700 ) ) ;
#2830 = FACE_OUTER_BOUND ( 'NONE', #69, .T. ) ;
#2831 = CARTESIAN_POINT ( 'NONE',  ( 24.13175018629452900, -71.83123882426814100, -1.123991474648104800 ) ) ;
#2832 = EDGE_CURVE ( 'NONE', #1705, #339, #109, .T. ) ;
#2833 = DIRECTION ( 'NONE',  ( -0.5000000000000102100, 0.0000000000000000000, -0.8660254037844327100 ) ) ;
#2834 = FACE_OUTER_BOUND ( 'NONE', #203, .T. ) ;
#2835 = CARTESIAN_POINT ( 'NONE',  ( 2.133709875451472700E-013, -72.00000000000000000, 29.36874999999999500 ) ) ;
#2836 = CARTESIAN_POINT ( 'NONE',  ( 34.14711468070941400, -71.57259328541083200, 0.8128926523096566800 ) ) ;
#2837 = CARTESIAN_POINT ( 'NONE',  ( 47.50000000000000000, -6.349999999999989000, 5.817072295949928200E-015 ) ) ;
#2838 = AXIS2_PLACEMENT_3D ( 'NONE', #877, #870, #864 ) ;
#2839 = EDGE_CURVE ( 'NONE', #2233, #1186, #104, .T. ) ;
#2840 = ORIENTED_EDGE ( 'NONE', *, *, #1005, .F. ) ;
#2841 = ORIENTED_EDGE ( 'NONE', *, *, #196, .T. ) ;
#2842 = B_SPLINE_CURVE_WITH_KNOTS ( 'NONE', 3,
 ( #2404, #2382, #2359, #2357, #2355, #2351, #2344, #2338 ),
 .UNSPECIFIED., .F., .F.,
 ( 4, 2, 2, 4 ),
 ( 0.001687929945903943600, 0.002531163405675215100, 0.002952780135560842800, 0.003374396865446470600 ),
 .UNSPECIFIED. ) ;
#2843 = CARTESIAN_POINT ( 'NONE',  ( -24.61757988836432900, -71.49200000000000400, 1.502684264907322900 ) ) ;
#2844 = DIRECTION ( 'NONE',  ( 0.0000000000000000000, 0.0000000000000000000, -1.000000000000000000 ) ) ;
#2845 = DIRECTION ( 'NONE',  ( 0.0000000000000000000, -1.000000000000000000, 0.0000000000000000000 ) ) ;
#2846 = EDGE_CURVE ( 'NONE', #1071, #600, #144, .T. ) ;
#2847 = ORIENTED_EDGE ( 'NONE', *, *, #2580, .T. ) ;
#2848 = DIRECTION ( 'NONE',  ( -1.563174278658271100E-016, 1.000000000000000000, 5.331492910495790900E-017 ) ) ;
#2849 = VECTOR ( 'NONE', #2054, 1000.000000000000000 ) ;
#2850 = ORIENTED_EDGE ( 'NONE', *, *, #707, .F. ) ;
#2851 = VECTOR ( 'NONE', #397, 1000.000000000000000 ) ;
#2852 = DIRECTION ( 'NONE',  ( 1.120535769457212900E-016, -1.000000000000000000, 0.0000000000000000000 ) ) ;
#2853 = DIRECTION ( 'NONE',  ( -1.000000000000000000, 0.0000000000000000000, 0.0000000000000000000 ) ) ;
#2854 = CARTESIAN_POINT ( 'NONE',  ( -28.79958357739414900, -59.29999999999999700, -14.68437500000012000 ) ) ;
#2855 = AXIS2_PLACEMENT_3D ( 'NONE', #2820, #2218, #2161 ) ;
#2856 = AXIS2_PLACEMENT_3D ( 'NONE', #250, #2292, #2736 ) ;
#2857 = CONICAL_SURFACE ( 'NONE', #525, 19.04999999999999400, 0.3005528115890999700 ) ;
#2858 = CARTESIAN_POINT ( 'NONE',  ( -34.50000000000000000, -3.800000000000001600, 0.0000000000000000000 ) ) ;
#2859 = CIRCLE ( 'NONE', #1833, 3.365500000000001300 ) ;
#2860 = AXIS2_PLACEMENT_3D ( 'NONE', #970, #965, #958 ) ;
#2861 = CIRCLE ( 'NONE', #1689, 16.50999999999999400 ) ;
#2862 = CARTESIAN_POINT ( 'NONE',  ( -34.12993567236831900, -71.49199999999999000, -1.502684264907322900 ) ) ;
#2863 = DIRECTION ( 'NONE',  ( -1.000000000000000000, -1.131341397376178600E-016, 0.0000000000000000000 ) ) ;
#2864 = CARTESIAN_POINT ( 'NONE',  ( 34.66747929357220000, -71.45220850437128500, 0.5299579494972912500 ) ) ;
#2865 = AXIS2_PLACEMENT_3D ( 'NONE', #1981, #1924, #1990 ) ;
#2866 = DIRECTION ( 'NONE',  ( -2.406071707233087900E-018, 1.000000000000000000, -0.0000000000000000000 ) ) ;
#2867 = VERTEX_POINT ( 'NONE', #873 ) ;
#2868 = CARTESIAN_POINT ( 'NONE',  ( 34.15633269227648600, -71.44902974734600300, 0.5205080577391930600 ) ) ;
#2869 = VERTEX_POINT ( 'NONE', #2162 ) ;
#2870 = CARTESIAN_POINT ( 'NONE',  ( 34.65487846725355300, -71.13102313984320800, 1.088973962175281600 ) ) ;
#2871 = AXIS2_PLACEMENT_3D ( 'NONE', #1000, #995, #993 ) ;
#2872 = ORIENTED_EDGE ( 'NONE', *, *, #1828, .F. ) ;
#2873 = CARTESIAN_POINT ( 'NONE',  ( 9.188393309549140400E-016, -11.99999999999999500, 0.0000000000000000000 ) ) ;
#2874 = DIRECTION ( 'NONE',  ( 0.0000000000000000000, 0.0000000000000000000, 1.000000000000000000 ) ) ;
#2875 = EDGE_CURVE ( 'NONE', #1159, #1520, #80, .T. ) ;
#2876 = CARTESIAN_POINT ( 'NONE',  ( 0.0000000000000000000, 0.0000000000000000000, 0.0000000000000000000 ) ) ;
#2877 = LINE ( 'NONE', #1801, #1011 ) ;
#2878 = CYLINDRICAL_SURFACE ( 'NONE', #1500, 47.50000000000000000 ) ;
#2879 = EDGE_CURVE ( 'NONE', #1571, #122, #75, .T. ) ;
#2880 = LINE ( 'NONE', #1459, #2911 ) ;
#2881 = DIRECTION ( 'NONE',  ( -1.563174278658278500E-016, 1.000000000000000000, -5.331492910495834000E-017 ) ) ;
#2882 = CARTESIAN_POINT ( 'NONE',  ( 34.13857838787363600, -71.69305399550273700, -0.9896858542826209000 ) ) ;
#2883 = CIRCLE ( 'NONE', #1536, 16.96544256218241700 ) ;
#2884 = CARTESIAN_POINT ( 'NONE',  ( -24.61757988836433200, -71.99999999999998600, -1.502684264907321800 ) ) ;
#2885 = DIRECTION ( 'NONE',  ( 0.0000000000000000000, 0.0000000000000000000, 1.000000000000000000 ) ) ;
#2886 = AXIS2_PLACEMENT_3D ( 'NONE', #2619, #2616, #2613 ) ;
#2887 = DIRECTION ( 'NONE',  ( -1.000000000000000000, -1.156482317317871500E-016, 0.0000000000000000000 ) ) ;
#2888 = LINE ( 'NONE', #1356, #2827 ) ;
#2889 = VECTOR ( 'NONE', #1484, 1000.000000000000000 ) ;
#2890 = CYLINDRICAL_SURFACE ( 'NONE', #2855, 0.5079999999999786900 ) ;
#2891 = VECTOR ( 'NONE', #653, 1000.000000000000000 ) ;
#2892 = CARTESIAN_POINT ( 'NONE',  ( 34.12993567236834700, -71.49200000000000400, 1.502684264907322900 ) ) ;
#2893 = PLANE ( 'NONE',  #565 ) ;
#2894 = DIRECTION ( 'NONE',  ( -1.000000000000000000, -1.133497506764045000E-016, 0.0000000000000000000 ) ) ;
#2895 = DIRECTION ( 'NONE',  ( -0.0000000000000000000, 1.000000000000000000, -0.0000000000000000000 ) ) ;
#2896 = CYLINDRICAL_SURFACE ( 'NONE', #2865, 16.50999999999999100 ) ;
#2897 = ADVANCED_FACE ( 'NONE', ( #38 ), #2896, .F. ) ;
#2898 =( GEOMETRIC_REPRESENTATION_CONTEXT ( 3 ) GLOBAL_UNCERTAINTY_ASSIGNED_CONTEXT ( ( #1446 ) ) GLOBAL_UNIT_ASSIGNED_CONTEXT ( ( #1249, #12, #663 ) ) REPRESENTATION_CONTEXT ( 'NONE', 'WORKASPACE' ) );
#2899 = DIRECTION ( 'NONE',  ( 0.0000000000000000000, 1.000000000000000000, 0.0000000000000000000 ) ) ;
#2900 = APPROVAL_ROLE ( '' ) ;
#2901 = ADVANCED_FACE ( 'NONE', ( #41 ), #2890, .T. ) ;
#2902 = ORIENTED_EDGE ( 'NONE', *, *, #1251, .T. ) ;
#2903 = AXIS2_PLACEMENT_3D ( 'NONE', #1022, #1016, #1010 ) ;
#2904 = CIRCLE ( 'NONE', #2503, 3.365500000000002600 ) ;
#2905 = EDGE_CURVE ( 'NONE', #339, #2795, #46, .T. ) ;
#2906 = ORIENTED_EDGE ( 'NONE', *, *, #443, .T. ) ;
#2907 = DIRECTION ( 'NONE',  ( -1.120535769457212900E-016, 1.000000000000000000, -0.0000000000000000000 ) ) ;
#2908 = CARTESIAN_POINT ( 'NONE',  ( 0.0000000000000000000, -59.29999999999997600, 19.04999999999999700 ) ) ;
#2909 = CIRCLE ( 'NONE', #1471, 3.365500000000001300 ) ;
#2910 = CARTESIAN_POINT ( 'NONE',  ( 1.337606859182039400E-014, -71.49200000000000400, 0.0000000000000000000 ) ) ;
#2911 = VECTOR ( 'NONE', #1439, 1000.000000000000000 ) ;
#2912 = AXIS2_PLACEMENT_3D ( 'NONE', #1041, #1032, #1031 ) ;
#2913 = FACE_OUTER_BOUND ( 'NONE', #2553, .T. ) ;
ENDSEC;
END-ISO-10303-21;
