ISO-10303-21;
HEADER;
FILE_DESCRIPTION (( 'STEP AP203' ),
    '1' );
FILE_NAME ('P106724.STEP',
    '2023-04-10T20:33:43',
    ( '' ),
    ( '' ),
    'SwSTEP 2.0',
    'SolidWorks 2021',
    '' );
FILE_SCHEMA (( 'CONFIG_CONTROL_DESIGN' ));
ENDSEC;

DATA;
#1 = AXIS2_PLACEMENT_3D ( 'NONE', #1878, #1809, #3372 ) ;
#2 = AXIS2_PLACEMENT_3D ( 'NONE', #2954, #377, #2608 ) ;
#3 = CARTESIAN_POINT ( 'NONE',  ( -9.703089028030316143, 56.81823709027784730, 79.68176414815377484 ) ) ;
#4 = AXIS2_PLACEMENT_3D ( 'NONE', #170, #4598, #2037 ) ;
#5 = CARTESIAN_POINT ( 'NONE',  ( -0.4493656158450000104, 30.38875224710000111, 102.4942682169999983 ) ) ;
#6 = CIRCLE ( 'NONE', #3758, 4.762500000000000178 ) ;
#7 = CYLINDRICAL_SURFACE ( 'NONE', #3262, 4.687807484369997724 ) ;
#8 = CARTESIAN_POINT ( 'NONE',  ( 0.000000000000000000, 0.000000000000000000, 155.1939999999999884 ) ) ;
#9 = CARTESIAN_POINT ( 'NONE',  ( 9.865783519254069489, 57.12701167411889003, 79.37304270230484349 ) ) ;
#10 = AXIS2_PLACEMENT_3D ( 'NONE', #3923, #575, #2463 ) ;
#11 = DIRECTION ( 'NONE',  ( 0.000000000000000000, 0.000000000000000000, -1.000000000000000000 ) ) ;
#12 = ORIENTED_EDGE ( 'NONE', *, *, #1698, .F. ) ;
#13 = CARTESIAN_POINT ( 'NONE',  ( -2.808254027659370600, 72.63550388360339127, 63.86449676441367984 ) ) ;
#14 = DIRECTION ( 'NONE',  ( 0.4794255386042041156, -0.8775825618903722036, 0.000000000000000000 ) ) ;
#15 = CARTESIAN_POINT ( 'NONE',  ( -2.693463047697086221, 72.66521419898040790, 63.83484553368644043 ) ) ;
#16 = ADVANCED_FACE ( 'NONE', ( #4696 ), #3186, .T. ) ;
#17 = CARTESIAN_POINT ( 'NONE',  ( 120.9309549879999821, -34.47850020718834685, 101.1521665713746359 ) ) ;
#18 = FACE_OUTER_BOUND ( 'NONE', #3875, .T. ) ;
#19 = EDGE_LOOP ( 'NONE', ( #3452, #2939, #147, #3607 ) ) ;
#20 = LINE ( 'NONE', #3008, #855 ) ;
#21 = CARTESIAN_POINT ( 'NONE',  ( 2.391168936449530324, 51.26189762853878307, 85.23790102621234155 ) ) ;
#22 = EDGE_CURVE ( 'NONE', #3496, #1183, #128, .T. ) ;
#23 = CARTESIAN_POINT ( 'NONE',  ( -7.648925569592537776, 54.09465645893641295, 82.40534037843329429 ) ) ;
#24 = CARTESIAN_POINT ( 'NONE',  ( 24.00000000000000000, 16.00199999999999889, 71.88200000000000500 ) ) ;
#25 = ORIENTED_EDGE ( 'NONE', *, *, #552, .T. ) ;
#26 = VERTEX_POINT ( 'NONE', #3531 ) ;
#27 = CARTESIAN_POINT ( 'NONE',  ( -7.599161721187033258, 54.04683629484918583, 82.45316447806666815 ) ) ;
#28 = CARTESIAN_POINT ( 'NONE',  ( -7.867761858905138794, 69.69068460464787051, 66.80948330310825156 ) ) ;
#29 = CARTESIAN_POINT ( 'NONE',  ( 6.575468962720296240, 70.84316512245706576, 65.65750855616396109 ) ) ;
#30 = DIRECTION ( 'NONE',  ( 0.000000000000000000, 0.000000000000000000, 1.000000000000000000 ) ) ;
#31 = CARTESIAN_POINT ( 'NONE',  ( 6.948341690403668558, 53.47234535662891375, 83.02763960979743274 ) ) ;
#32 = EDGE_CURVE ( 'NONE', #620, #1252, #1621, .T. ) ;
#33 = DIRECTION ( 'NONE',  ( -0.4794255386042040601, -0.8775825618903719816, 0.000000000000000000 ) ) ;
#34 = AXIS2_PLACEMENT_3D ( 'NONE', #4195, #3883, #531 ) ;
#35 = ORIENTED_EDGE ( 'NONE', *, *, #3312, .F. ) ;
#36 = CARTESIAN_POINT ( 'NONE',  ( -3.321526397583968393, 72.48723848697098049, 64.01288123528570395 ) ) ;
#37 = FACE_OUTER_BOUND ( 'NONE', #3414, .T. ) ;
#38 = DIRECTION ( 'NONE',  ( 0.000000000000000000, 1.000000000000000000, 0.000000000000000000 ) ) ;
#39 = AXIS2_PLACEMENT_3D ( 'NONE', #3871, #1244, #4210 ) ;
#40 = CARTESIAN_POINT ( 'NONE',  ( 121.2999999999999829, -33.92589439222868464, 100.2088094373579708 ) ) ;
#41 = PLANE ( 'NONE',  #2744 ) ;
#42 = VERTEX_POINT ( 'NONE', #173 ) ;
#43 = CARTESIAN_POINT ( 'NONE',  ( -9.996273696959999455, -29.45148673799999983, 91.49426821710001434 ) ) ;
#44 = CARTESIAN_POINT ( 'NONE',  ( 68.79999999999999716, 38.67189004540000496, 96.99426821710000013 ) ) ;
#45 = DIRECTION ( 'NONE',  ( 1.000000000000000000, 0.000000000000000000, 0.000000000000000000 ) ) ;
#46 = LINE ( 'NONE', #1544, #872 ) ;
#47 = ORIENTED_EDGE ( 'NONE', *, *, #2091, .T. ) ;
#48 = ORIENTED_EDGE ( 'NONE', *, *, #3349, .F. ) ;
#49 = EDGE_CURVE ( 'NONE', #928, #4299, #2520, .T. ) ;
#50 = CARTESIAN_POINT ( 'NONE',  ( -10.75699701756844107, 64.30269851083674837, 72.19720528413462546 ) ) ;
#51 = AXIS2_PLACEMENT_3D ( 'NONE', #3950, #3188, #3258 ) ;
#52 = CARTESIAN_POINT ( 'NONE',  ( -8.260567857678790205, 69.26381689091347482, 67.23618316176973053 ) ) ;
#53 = PLANE ( 'NONE',  #2801 ) ;
#54 = AXIS2_PLACEMENT_3D ( 'NONE', #1651, #2069, #1696 ) ;
#55 = CARTESIAN_POINT ( 'NONE',  ( 120.9309549879999963, -29.61336533231213153, 141.4817469890648169 ) ) ;
#56 = CARTESIAN_POINT ( 'NONE',  ( 10.99566659443723005, 61.68739677183413050, 74.81256176071906339 ) ) ;
#57 = CYLINDRICAL_SURFACE ( 'NONE', #1732, 44.06899999999999551 ) ;
#58 = ORIENTED_EDGE ( 'NONE', *, *, #4218, .F. ) ;
#59 = CARTESIAN_POINT ( 'NONE',  ( 0.000000000000000000, 0.000000000000000000, 121.5389999999999873 ) ) ;
#60 = FACE_BOUND ( 'NONE', #4399, .T. ) ;
#61 = DIRECTION ( 'NONE',  ( 0.000000000000000000, 0.000000000000000000, -1.000000000000000000 ) ) ;
#62 = CARTESIAN_POINT ( 'NONE',  ( 68.79999999999999716, -30.38875224710000111, 91.49426821710001434 ) ) ;
#63 = EDGE_LOOP ( 'NONE', ( #680, #2369, #4630, #1453 ) ) ;
#64 = EDGE_LOOP ( 'NONE', ( #3382, #1968 ) ) ;
#65 = ORIENTED_EDGE ( 'NONE', *, *, #3430, .T. ) ;
#66 = DIRECTION ( 'NONE',  ( 0.000000000000000000, 0.000000000000000000, 1.000000000000000000 ) ) ;
#67 = CARTESIAN_POINT ( 'NONE',  ( 0.9362555322605209396, 51.02980911095777827, 85.46993846895624358 ) ) ;
#68 = CARTESIAN_POINT ( 'NONE',  ( -28.02539504780000001, 14.07466254490000068, 91.49426821710001434 ) ) ;
#69 = VECTOR ( 'NONE', #1217, 1000.000000000000000 ) ;
#70 = CARTESIAN_POINT ( 'NONE',  ( -9.996273696959999455, -29.45148673799999983, 102.4942682169999983 ) ) ;
#71 = ORIENTED_EDGE ( 'NONE', *, *, #4341, .F. ) ;
#72 = ADVANCED_FACE ( 'NONE', ( #1669 ), #3166, .F. ) ;
#73 = EDGE_LOOP ( 'NONE', ( #2182, #4835, #1709, #3069 ) ) ;
#74 = AXIS2_PLACEMENT_3D ( 'NONE', #2808, #1679, #4028 ) ;
#75 = CARTESIAN_POINT ( 'NONE',  ( -10.98930769483075309, 61.51437722053579193, 74.98562653027759950 ) ) ;
#76 = CC_DESIGN_APPROVAL ( #4820, ( #1516 ) ) ;
#77 = CARTESIAN_POINT ( 'NONE',  ( 121.3000000000000114, 30.01894910760907820, 145.0553894039930185 ) ) ;
#78 = AXIS2_PLACEMENT_3D ( 'NONE', #777, #2276, #1856 ) ;
#79 = CARTESIAN_POINT ( 'NONE',  ( -9.996273696959999455, 29.45148673799999983, 102.4942682169999983 ) ) ;
#80 = PERSON_AND_ORGANIZATION ( #916, #1017 ) ;
#81 = CARTESIAN_POINT ( 'NONE',  ( 120.1858349299999986, -31.70675659200425400, 140.7366269315993748 ) ) ;
#82 = CARTESIAN_POINT ( 'NONE',  ( 118.2999999999999972, 27.69730146339999877, 97.57852415689998793 ) ) ;
#83 = AXIS2_PLACEMENT_3D ( 'NONE', #769, #1896, #510 ) ;
#84 = CARTESIAN_POINT ( 'NONE',  ( -0.4493656158450000104, 34.38875224709999401, 145.5521743360000073 ) ) ;
#85 = CIRCLE ( 'NONE', #3529, 35.05199999999999960 ) ;
#86 = ORIENTED_EDGE ( 'NONE', *, *, #4812, .F. ) ;
#87 = LINE ( 'NONE', #848, #3115 ) ;
#88 = DIRECTION ( 'NONE',  ( 0.000000000000000000, 0.000000000000000000, -1.000000000000000000 ) ) ;
#89 = ADVANCED_FACE ( 'NONE', ( #864 ), #4241, .T. ) ;
#90 = CARTESIAN_POINT ( 'NONE',  ( 4.159187785432314044, 72.18352206731549359, 64.31644433878039990 ) ) ;
#91 = EDGE_CURVE ( 'NONE', #2286, #2705, #4283, .T. ) ;
#92 = DIRECTION ( 'NONE',  ( 0.000000000000000000, -0.7071067811865475727, 0.7071067811865475727 ) ) ;
#93 = ORIENTED_EDGE ( 'NONE', *, *, #3169, .T. ) ;
#94 = EDGE_LOOP ( 'NONE', ( #1355, #2890, #2038, #3016 ) ) ;
#95 = LINE ( 'NONE', #4665, #2959 ) ;
#96 = VERTEX_POINT ( 'NONE', #2439 ) ;
#97 = CARTESIAN_POINT ( 'NONE',  ( 25.50000000000000000, 0.000000000000000000, 176.0000000000000000 ) ) ;
#98 = EDGE_CURVE ( 'NONE', #4347, #823, #398, .T. ) ;
#99 = CARTESIAN_POINT ( 'NONE',  ( -30.83811786289999901, 4.773454040559999889, 91.49426821710001434 ) ) ;
#100 = ADVANCED_FACE ( 'NONE', ( #3552 ), #765, .F. ) ;
#101 = CARTESIAN_POINT ( 'NONE',  ( 120.1858349299999986, 27.38799411889417001, 145.0553894040187402 ) ) ;
#102 = ORIENTED_EDGE ( 'NONE', *, *, #3728, .F. ) ;
#103 = ORIENTED_EDGE ( 'NONE', *, *, #726, .T. ) ;
#104 = CARTESIAN_POINT ( 'NONE',  ( -10.99079290087339622, 61.54983148697985484, 74.95016940394867788 ) ) ;
#105 = DIRECTION ( 'NONE',  ( 0.000000000000000000, 1.000000000000000000, 0.000000000000000000 ) ) ;
#106 = DIRECTION ( 'NONE',  ( 0.000000000000000000, 1.000000000000000000, 0.000000000000000000 ) ) ;
#107 = APPLICATION_PROTOCOL_DEFINITION ( 'international standard', 'config_control_design', 1994, #2575 ) ;
#108 = CARTESIAN_POINT ( 'NONE',  ( 121.2999999999999972, -30.01894910710112541, 144.0666946701838924 ) ) ;
#109 = ADVANCED_FACE ( 'NONE', ( #4097 ), #4474, .T. ) ;
#110 = DIRECTION ( 'NONE',  ( 0.000000000000000000, 0.000000000000000000, 1.000000000000000000 ) ) ;
#111 = ORIENTED_EDGE ( 'NONE', *, *, #389, .T. ) ;
#112 = LINE ( 'NONE', #3052, #4123 ) ;
#113 = ORIENTED_EDGE ( 'NONE', *, *, #605, .F. ) ;
#114 = FACE_OUTER_BOUND ( 'NONE', #148, .T. ) ;
#115 = ADVANCED_FACE ( 'NONE', ( #1576 ), #2645, .T. ) ;
#116 = CARTESIAN_POINT ( 'NONE',  ( 5.371952911731928459, 71.60053944229166234, 64.89941301463494483 ) ) ;
#117 = CARTESIAN_POINT ( 'NONE',  ( 121.2999999999999829, -33.37380368153800703, 99.26633164127748898 ) ) ;
#118 = ORIENTED_EDGE ( 'NONE', *, *, #4761, .F. ) ;
#119 = EDGE_LOOP ( 'NONE', ( #4472, #3737, #3144, #4834 ) ) ;
#120 = DIRECTION ( 'NONE',  ( 0.000000000000000000, -1.000000000000000000, 0.000000000000000000 ) ) ;
#121 = AXIS2_PLACEMENT_3D ( 'NONE', #3734, #2245, #825 ) ;
#122 = B_SPLINE_SURFACE_WITH_KNOTS ( 'NONE', 5, 1, ( 
 ( #1804, #3708 ),
 ( #2975, #2271 ),
 ( #2584, #1898 ),
 ( #1113, #4460 ),
 ( #699, #3685 ),
 ( #1827, #4082 ),
 ( #722, #2222 ),
 ( #349, #1851 ),
 ( #3341, #4175 ) ),
 .UNSPECIFIED., .F., .F., .F.,
 ( 6, 3, 6 ),
 ( 2, 2 ),
 ( 0.000000000000000000, 27.46240678619999898, 54.92481357249999974 ),
 ( 0.000000000000000000, 1.000000000000000000 ),
 .UNSPECIFIED. ) ;
#123 = ORIENTED_EDGE ( 'NONE', *, *, #533, .F. ) ;
#124 = CYLINDRICAL_SURFACE ( 'NONE', #39, 44.06899999999999551 ) ;
#125 = FACE_OUTER_BOUND ( 'NONE', #192, .T. ) ;
#126 = CARTESIAN_POINT ( 'NONE',  ( -29.90085235379999773, -9.546908081119999778, 102.4942682169999983 ) ) ;
#127 = EDGE_LOOP ( 'NONE', ( #3310, #3331, #2025, #904 ) ) ;
#128 = LINE ( 'NONE', #2086, #4627 ) ;
#129 = CARTESIAN_POINT ( 'NONE',  ( -10.11475538257012019, 66.32339967804973924, 70.17660003060450435 ) ) ;
#130 = VERTEX_POINT ( 'NONE', #2237 ) ;
#131 = LINE ( 'NONE', #2755, #3499 ) ;
#132 = CARTESIAN_POINT ( 'NONE',  ( 120.1858349299999986, -29.17688410831553369, 140.7366269314797478 ) ) ;
#133 = DIRECTION ( 'NONE',  ( -0.4794255386042036715, 0.8775825618903724257, 0.000000000000000000 ) ) ;
#134 = CARTESIAN_POINT ( 'NONE',  ( -18.02256484720000174, 32.99008366660000036, 28.44800000000000040 ) ) ;
#135 = VERTEX_POINT ( 'NONE', #763 ) ;
#136 = VECTOR ( 'NONE', #2921, 1000.000000000000000 ) ;
#137 = CARTESIAN_POINT ( 'NONE',  ( -21.12780406070000083, -38.67418591989999754, 151.8919999999999959 ) ) ;
#138 = DIRECTION ( 'NONE',  ( 1.000000000000000000, 0.000000000000000000, 0.000000000000000000 ) ) ;
#139 = CARTESIAN_POINT ( 'NONE',  ( 4.222476536998209795, 72.15729392172468692, 64.34267684201310544 ) ) ;
#140 = CARTESIAN_POINT ( 'NONE',  ( 92.54999999999999716, 39.44619999999999749, 158.0521743360000073 ) ) ;
#141 = EDGE_LOOP ( 'NONE', ( #1029, #1792, #4805, #3629 ) ) ;
#142 = VERTEX_POINT ( 'NONE', #2599 ) ;
#143 = FACE_OUTER_BOUND ( 'NONE', #2776, .T. ) ;
#144 = DIRECTION ( 'NONE',  ( 0.000000000000000000, 0.000000000000000000, -1.000000000000000000 ) ) ;
#145 = CARTESIAN_POINT ( 'NONE',  ( 0.000000000000000000, 0.000000000000000000, 88.00000000000000000 ) ) ;
#146 = CARTESIAN_POINT ( 'NONE',  ( 0.000000000000000000, 0.000000000000000000, 88.00000000000000000 ) ) ;
#147 = ORIENTED_EDGE ( 'NONE', *, *, #4355, .T. ) ;
#148 = EDGE_LOOP ( 'NONE', ( #3715, #4332, #2145, #151 ) ) ;
#149 = AXIS2_PLACEMENT_3D ( 'NONE', #1411, #1806, #3941 ) ;
#150 = CARTESIAN_POINT ( 'NONE',  ( -10.80211275619615563, 59.92275379360530962, 76.57724795708494980 ) ) ;
#151 = ORIENTED_EDGE ( 'NONE', *, *, #3328, .F. ) ;
#152 = VECTOR ( 'NONE', #2239, 1000.000000000000000 ) ;
#153 = CARTESIAN_POINT ( 'NONE',  ( 121.3000000000000114, 33.39456407619999823, 145.0553922029999967 ) ) ;
#154 = DATE_AND_TIME ( #3409, #4067 ) ;
#155 = CARTESIAN_POINT ( 'NONE',  ( 68.79999999999999716, 39.44619999999999749, 158.0521743360000073 ) ) ;
#156 = EDGE_CURVE ( 'NONE', #4722, #2926, #1866, .T. ) ;
#157 = CARTESIAN_POINT ( 'NONE',  ( 0.000000000000000000, 62.00000000000000000, 92.75000000000000000 ) ) ;
#158 = CARTESIAN_POINT ( 'NONE',  ( 0.000000000000000000, 0.000000000000000000, 7.105427357599999690E-14 ) ) ;
#159 = DIRECTION ( 'NONE',  ( 0.000000000000000000, 0.000000000000000000, -1.000000000000000000 ) ) ;
#160 = AXIS2_PLACEMENT_3D ( 'NONE', #262, #4693, #3277 ) ;
#161 = CARTESIAN_POINT ( 'NONE',  ( 0.000000000000000000, 0.000000000000000000, 87.88400000000000034 ) ) ;
#162 = AXIS2_PLACEMENT_3D ( 'NONE', #3344, #1784, #4436 ) ;
#163 = DIRECTION ( 'NONE',  ( 0.000000000000000000, 0.000000000000000000, -1.000000000000000000 ) ) ;
#164 = ORIENTED_EDGE ( 'NONE', *, *, #1848, .F. ) ;
#165 = ORIENTED_EDGE ( 'NONE', *, *, #3637, .T. ) ;
#166 = VECTOR ( 'NONE', #2652, 1000.000000000000000 ) ;
#167 = CARTESIAN_POINT ( 'NONE',  ( 21.12780406070000083, 38.67418591989999754, 119.8879999999999910 ) ) ;
#168 = LINE ( 'NONE', #4568, #1838 ) ;
#169 = CARTESIAN_POINT ( 'NONE',  ( 118.2999999999999972, -37.07291643261622482, 97.57852415673191615 ) ) ;
#170 = CARTESIAN_POINT ( 'NONE',  ( 121.3000000000000114, 32.38510894779999916, 97.57852415689998793 ) ) ;
#171 = VERTEX_POINT ( 'NONE', #5 ) ;
#172 = ORIENTED_EDGE ( 'NONE', *, *, #2127, .F. ) ;
#173 = CARTESIAN_POINT ( 'NONE',  ( 118.2999999999999972, -27.01894910739999744, 145.0553894040000102 ) ) ;
#174 = EDGE_CURVE ( 'NONE', #3720, #4217, #446, .T. ) ;
#175 = CARTESIAN_POINT ( 'NONE',  ( -5.842107647894345668, 71.34287524657455037, 65.15712475341010190 ) ) ;
#176 = ORIENTED_EDGE ( 'NONE', *, *, #2287, .T. ) ;
#177 = DIRECTION ( 'NONE',  ( 0.000000000000000000, 1.000000000000000000, 0.000000000000000000 ) ) ;
#178 = CARTESIAN_POINT ( 'NONE',  ( -0.4493656158450000104, -3.422993009330000670E-17, 140.0521743360000073 ) ) ;
#179 = CARTESIAN_POINT ( 'NONE',  ( 120.1858349299999844, 29.85523646437605549, 93.25976168486177187 ) ) ;
#180 = CARTESIAN_POINT ( 'NONE',  ( 10.99244936799786210, 62.40751599608114475, 74.09248389711382288 ) ) ;
#181 = CARTESIAN_POINT ( 'NONE',  ( 68.79999999999999716, -38.67189004540000496, 158.0521743360000073 ) ) ;
#182 = EDGE_CURVE ( 'NONE', #1294, #2250, #3799, .T. ) ;
#183 = CARTESIAN_POINT ( 'NONE',  ( 6.088497310682824626, 71.16134892396522105, 65.33865085734008460 ) ) ;
#184 = CARTESIAN_POINT ( 'NONE',  ( 68.79999999999999716, -38.67189004540000496, 158.0521743360000073 ) ) ;
#185 = EDGE_LOOP ( 'NONE', ( #651, #1421, #3669, #804 ) ) ;
#186 = DIRECTION ( 'NONE',  ( 0.000000000000000000, -1.000000000000000000, 0.000000000000000000 ) ) ;
#187 = LINE ( 'NONE', #2742, #674 ) ;
#188 = CARTESIAN_POINT ( 'NONE',  ( 121.3000000000000114, -31.70675659180000139, 145.0553894040000102 ) ) ;
#189 = CARTESIAN_POINT ( 'NONE',  ( 0.000000000000000000, 0.000000000000000000, 88.00000000000000000 ) ) ;
#190 = EDGE_LOOP ( 'NONE', ( #2529, #4261, #3242, #3568 ) ) ;
#191 = VECTOR ( 'NONE', #4313, 1000.000000000000000 ) ;
#192 = EDGE_LOOP ( 'NONE', ( #974, #3880, #646, #1365 ) ) ;
#193 = CARTESIAN_POINT ( 'NONE',  ( -8.270101876074791747, 69.25296687719223598, 67.24703407878801897 ) ) ;
#194 = AXIS2_PLACEMENT_3D ( 'NONE', #2307, #3791, #438 ) ;
#195 = CARTESIAN_POINT ( 'NONE',  ( -10.99394257932005736, 61.63453096386485441, 74.86547285675040087 ) ) ;
#196 = ORIENTED_EDGE ( 'NONE', *, *, #2830, .F. ) ;
#197 = EDGE_CURVE ( 'NONE', #3160, #3684, #1127, .T. ) ;
#198 = LINE ( 'NONE', #4724, #3811 ) ;
#199 = EDGE_CURVE ( 'NONE', #3119, #4132, #3299, .T. ) ;
#200 = CYLINDRICAL_SURFACE ( 'NONE', #2930, 4.687807484369997724 ) ;
#201 = CARTESIAN_POINT ( 'NONE',  ( 118.3000000000000114, 29.63905490090576578, 92.89071667213623584 ) ) ;
#202 = CARTESIAN_POINT ( 'NONE',  ( 10.94455614630099660, 60.89382877595737398, 75.60617133125879263 ) ) ;
#203 = CARTESIAN_POINT ( 'NONE',  ( 0.000000000000000000, 0.000000000000000000, 123.1899999999999977 ) ) ;
#204 = CARTESIAN_POINT ( 'NONE',  ( 10.47813306558614777, 65.35700936673167405, 71.14299089409973931 ) ) ;
#205 = CARTESIAN_POINT ( 'NONE',  ( 34.17531719209999608, -30.38875224710000111, 151.0521743360000073 ) ) ;
#206 = AXIS2_PLACEMENT_3D ( 'NONE', #3489, #457, #1949 ) ;
#207 = ORIENTED_EDGE ( 'NONE', *, *, #1250, .F. ) ;
#208 = CARTESIAN_POINT ( 'NONE',  ( 3.552713678799999608E-15, 1.776356839399999804E-15, 103.8860000000000099 ) ) ;
#209 = VECTOR ( 'NONE', #1400, 1000.000000000000000 ) ;
#210 = CARTESIAN_POINT ( 'NONE',  ( 0.000000000000000000, 0.000000000000000000, 87.88400000000000034 ) ) ;
#211 = CARTESIAN_POINT ( 'NONE',  ( 16.80482397919999826, -30.76102395939999923, 97.53600000000000136 ) ) ;
#212 = EDGE_CURVE ( 'NONE', #3551, #3947, #2452, .T. ) ;
#213 = CARTESIAN_POINT ( 'NONE',  ( -34.83811786289999901, 5.401772571280000435, 91.49426821710000013 ) ) ;
#214 = EDGE_LOOP ( 'NONE', ( #1436, #2059, #1938, #354 ) ) ;
#215 = ORIENTED_EDGE ( 'NONE', *, *, #3055, .F. ) ;
#216 = EDGE_CURVE ( 'NONE', #3389, #830, #794, .T. ) ;
#217 = CARTESIAN_POINT ( 'NONE',  ( 118.3000000000000114, -27.01894910715110854, 142.3093353571400712 ) ) ;
#218 = CARTESIAN_POINT ( 'NONE',  ( -8.345415608900962567, 69.16632628690426543, 67.33367098699071107 ) ) ;
#219 = CARTESIAN_POINT ( 'NONE',  ( -10.88894128365670255, 60.43627611940172528, 76.06358614927911788 ) ) ;
#220 = EDGE_LOOP ( 'NONE', ( #4686, #3340 ) ) ;
#221 = EDGE_LOOP ( 'NONE', ( #1671, #1086 ) ) ;
#222 = DIRECTION ( 'NONE',  ( 0.000000000000000000, -1.000000000000000000, 0.000000000000000000 ) ) ;
#223 = CARTESIAN_POINT ( 'NONE',  ( 118.7999999999999972, -32.38510894779999916, 97.57852415689998793 ) ) ;
#224 = CARTESIAN_POINT ( 'NONE',  ( 118.2999999999999972, 37.07291643260060710, 97.57852415689995951 ) ) ;
#225 = AXIS2_PLACEMENT_3D ( 'NONE', #3664, #307, #2977 ) ;
#226 = CARTESIAN_POINT ( 'NONE',  ( 10.05384834402738292, 57.53650421615858335, 78.96348123187823376 ) ) ;
#227 = CARTESIAN_POINT ( 'NONE',  ( 0.000000000000000000, 4.762500000000000178, 35.05199999999999960 ) ) ;
#228 = AXIS2_PLACEMENT_3D ( 'NONE', #1509, #3002, #2630 ) ;
#229 = CARTESIAN_POINT ( 'NONE',  ( 9.368018169819823271, 67.76719484652804226, 68.73275566542926640 ) ) ;
#230 = DIRECTION ( 'NONE',  ( 0.000000000000000000, 1.000000000000000000, 0.000000000000000000 ) ) ;
#231 = ORIENTED_EDGE ( 'NONE', *, *, #1773, .F. ) ;
#232 = AXIS2_PLACEMENT_3D ( 'NONE', #146, #1644, #910 ) ;
#233 = EDGE_CURVE ( 'NONE', #1344, #557, #3760, .T. ) ;
#234 = LINE ( 'NONE', #1386, #3201 ) ;
#235 = VECTOR ( 'NONE', #3549, 1000.000000000000114 ) ;
#236 = CARTESIAN_POINT ( 'NONE',  ( 5.273680924649999824, 35.82670409039999981, 84.15340818079999963 ) ) ;
#237 = AXIS2_PLACEMENT_3D ( 'NONE', #24, #3330, #2937 ) ;
#238 = CARTESIAN_POINT ( 'NONE',  ( -0.4493656158450000104, 34.38875224709999401, 91.49426821710000013 ) ) ;
#239 = CIRCLE ( 'NONE', #393, 9.000000000000000000 ) ;
#240 = ORIENTED_EDGE ( 'NONE', *, *, #1040, .F. ) ;
#241 = CARTESIAN_POINT ( 'NONE',  ( 120.1858349300000128, 36.02551906463371978, 136.4178644581869548 ) ) ;
#242 = ADVANCED_FACE ( 'NONE', ( #4444 ), #4418, .T. ) ;
#243 = CARTESIAN_POINT ( 'NONE',  ( 64.79999999999999716, 38.67189004540000496, 102.4942682169999983 ) ) ;
#244 = AXIS2_PLACEMENT_3D ( 'NONE', #2184, #3673, #1815 ) ;
#245 = CARTESIAN_POINT ( 'NONE',  ( -9.444619353781781967, 67.63978243337101048, 68.86020470104149638 ) ) ;
#246 = CARTESIAN_POINT ( 'NONE',  ( -9.829532078905430126, 57.06172053435386715, 79.43838506138324362 ) ) ;
#247 = ORIENTED_EDGE ( 'NONE', *, *, #2551, .T. ) ;
#248 = ORIENTED_EDGE ( 'NONE', *, *, #1907, .T. ) ;
#249 = CARTESIAN_POINT ( 'NONE',  ( 34.17531719209999608, 30.38875224710000111, 102.4942682169999983 ) ) ;
#250 = CARTESIAN_POINT ( 'NONE',  ( -1.309404257834477558, 51.07666356414363662, 85.42340219964231096 ) ) ;
#251 = FACE_OUTER_BOUND ( 'NONE', #4093, .T. ) ;
#252 = CARTESIAN_POINT ( 'NONE',  ( 10.81462188958004589, 64.01095983375165588, 72.48900963993932578 ) ) ;
#253 = FACE_BOUND ( 'NONE', #3973, .T. ) ;
#254 = CARTESIAN_POINT ( 'NONE',  ( 7.817767206774120403, 69.74394070228321141, 66.75605954599227232 ) ) ;
#255 = CARTESIAN_POINT ( 'NONE',  ( 116.2999999999999972, -39.80180000000000007, 158.0521743360000073 ) ) ;
#256 = EDGE_LOOP ( 'NONE', ( #4511, #4331, #3395, #4829 ) ) ;
#257 = B_SPLINE_CURVE_WITH_KNOTS ( 'NONE', 5,
 ( #3738, #436, #4466, #1119, #1931, #3424, #43, #1142, #2637 ),
 .UNSPECIFIED., .F., .F.,
 ( 6, 3, 6 ),
 ( -376.3675020740000150, -352.5002318709999827, -328.6329616680000072 ),
 .UNSPECIFIED. ) ;
#258 = ADVANCED_FACE ( 'NONE', ( #4040 ), #1144, .F. ) ;
#259 = CARTESIAN_POINT ( 'NONE',  ( 116.2999999999999972, 0.000000000000000000, 0.000000000000000000 ) ) ;
#260 = CARTESIAN_POINT ( 'NONE',  ( 118.3000000000000114, 37.07291643210497512, 106.9541391257056375 ) ) ;
#261 = CARTESIAN_POINT ( 'NONE',  ( 0.000000000000000000, 0.000000000000000000, 91.18600000000000705 ) ) ;
#262 = CARTESIAN_POINT ( 'NONE',  ( 0.000000000000000000, 62.00000000000000000, 114.8923048449999982 ) ) ;
#263 = ORIENTED_EDGE ( 'NONE', *, *, #4424, .F. ) ;
#264 = ORIENTED_EDGE ( 'NONE', *, *, #3202, .T. ) ;
#265 = CARTESIAN_POINT ( 'NONE',  ( 0.000000000000000000, -44.06899999999999551, 151.8919999999999959 ) ) ;
#266 = CARTESIAN_POINT ( 'NONE',  ( 118.2999999999999972, -36.39456407619999823, 145.0553894040000102 ) ) ;
#267 = CARTESIAN_POINT ( 'NONE',  ( -10.82418227515055165, 63.96450660253783127, 72.53616067305372894 ) ) ;
#268 = AXIS2_PLACEMENT_3D ( 'NONE', #3759, #1900, #4435 ) ;
#269 = ORIENTED_EDGE ( 'NONE', *, *, #3003, .F. ) ;
#270 = ORIENTED_EDGE ( 'NONE', *, *, #3774, .F. ) ;
#271 = CARTESIAN_POINT ( 'NONE',  ( 21.12780406070000083, 38.67418591989999754, 87.88400000000000034 ) ) ;
#272 = AXIS2_PLACEMENT_3D ( 'NONE', #3572, #2768, #4257 ) ;
#273 = CARTESIAN_POINT ( 'NONE',  ( 119.2424777959999886, -36.39456407551090678, 154.4310043712704044 ) ) ;
#274 = CARTESIAN_POINT ( 'NONE',  ( 10.99917920923414272, 62.14363838019521324, 74.35625112144322202 ) ) ;
#275 = CARTESIAN_POINT ( 'NONE',  ( 2.820371580142805090, 51.36769859707942487, 85.13229474041710887 ) ) ;
#276 = CARTESIAN_POINT ( 'NONE',  ( 10.98607089147788152, 62.55591100476365085, 73.94407465428909632 ) ) ;
#277 = AXIS2_PLACEMENT_3D ( 'NONE', #1170, #2665, #2718 ) ;
#278 = DIRECTION ( 'NONE',  ( -0.4794255386042040601, 0.8775825618903719816, 0.000000000000000000 ) ) ;
#279 = ORIENTED_EDGE ( 'NONE', *, *, #908, .T. ) ;
#280 = CARTESIAN_POINT ( 'NONE',  ( 0.000000000000000000, 62.00000000000000000, 95.00000000000000000 ) ) ;
#281 = CARTESIAN_POINT ( 'NONE',  ( 121.3000000000000114, 34.07291643219502220, 97.57852415690000214 ) ) ;
#282 = AXIS2_PLACEMENT_3D ( 'NONE', #2831, #2532, #1697 ) ;
#283 = CARTESIAN_POINT ( 'NONE',  ( 120.9309549879999821, -28.81146653330759833, 99.67191541625798834 ) ) ;
#284 = DIRECTION ( 'NONE',  ( 0.000000000000000000, 0.000000000000000000, 1.000000000000000000 ) ) ;
#285 = ORIENTED_EDGE ( 'NONE', *, *, #2551, .F. ) ;
#286 = VECTOR ( 'NONE', #3034, 1000.000000000000000 ) ;
#287 = CARTESIAN_POINT ( 'NONE',  ( -33.77748229880000252, -10.80354514260000087, 102.4942682169999983 ) ) ;
#288 = DIRECTION ( 'NONE',  ( 0.000000000000000000, 0.000000000000000000, 1.000000000000000000 ) ) ;
#289 = CARTESIAN_POINT ( 'NONE',  ( -10.28269605510474705, 65.93209429091108120, 70.56790495388908369 ) ) ;
#290 = ORIENTED_EDGE ( 'NONE', *, *, #3487, .T. ) ;
#291 = ORIENTED_EDGE ( 'NONE', *, *, #2416, .F. ) ;
#292 = CARTESIAN_POINT ( 'NONE',  ( 117.2999999999999972, -27.01894910739999744, 145.0553894040000102 ) ) ;
#293 = EDGE_CURVE ( 'NONE', #4799, #523, #2053, .T. ) ;
#294 = CARTESIAN_POINT ( 'NONE',  ( -7.191383079059999517, 75.16373842840000918, 119.0000000000000000 ) ) ;
#295 = ADVANCED_FACE ( 'NONE', ( #4137 ), #2231, .F. ) ;
#296 = CARTESIAN_POINT ( 'NONE',  ( 9.781912984898648133, 67.03147338135579503, 69.46837291515869595 ) ) ;
#297 = CARTESIAN_POINT ( 'NONE',  ( 13.76004174070000019, -25.18758745649999753, 164.0000000000000000 ) ) ;
#298 = CARTESIAN_POINT ( 'NONE',  ( 10.99781834944684711, 61.78014581065987443, 74.71985838903461286 ) ) ;
#299 = EDGE_CURVE ( 'NONE', #4282, #3947, #4063, .T. ) ;
#300 = AXIS2_PLACEMENT_3D ( 'NONE', #905, #496, #120 ) ;
#301 = CARTESIAN_POINT ( 'NONE',  ( 0.000000000000000000, 0.000000000000000000, 176.0000000000000000 ) ) ;
#302 = AXIS2_PLACEMENT_3D ( 'NONE', #1025, #2137, #2523 ) ;
#303 = ORIENTED_EDGE ( 'NONE', *, *, #4596, .F. ) ;
#304 = AXIS2_PLACEMENT_3D ( 'NONE', #1593, #1617, #1219 ) ;
#305 = AXIS2_PLACEMENT_3D ( 'NONE', #4154, #4226, #3155 ) ;
#306 = DIRECTION ( 'NONE',  ( 1.000000000000000000, 0.000000000000000000, 0.000000000000000000 ) ) ;
#307 = DIRECTION ( 'NONE',  ( 1.000000000000000000, 0.000000000000000000, 0.000000000000000000 ) ) ;
#308 = CYLINDRICAL_SURFACE ( 'NONE', #1129, 45.99999999999999289 ) ;
#309 = DIRECTION ( 'NONE',  ( 0.000000000000000000, -1.000000000000000000, 0.000000000000000000 ) ) ;
#310 = DIRECTION ( 'NONE',  ( 0.000000000000000000, -1.000000000000000000, 0.000000000000000000 ) ) ;
#311 = VECTOR ( 'NONE', #3346, 1000.000000000000000 ) ;
#312 = EDGE_LOOP ( 'NONE', ( #1375, #540, #3112, #456 ) ) ;
#313 = EDGE_CURVE ( 'NONE', #4132, #4299, #336, .T. ) ;
#314 = DIRECTION ( 'NONE',  ( 0.000000000000000000, -1.000000000000000000, 0.000000000000000000 ) ) ;
#315 = CIRCLE ( 'NONE', #638, 30.38875224710000111 ) ;
#316 = VECTOR ( 'NONE', #679, 1000.000000000000000 ) ;
#317 = CARTESIAN_POINT ( 'NONE',  ( 64.79999999999999716, 38.67189004540000496, 158.0521743360000073 ) ) ;
#318 = EDGE_LOOP ( 'NONE', ( #1545, #270, #3219, #2897 ) ) ;
#319 = VERTEX_POINT ( 'NONE', #357 ) ;
#320 = EDGE_CURVE ( 'NONE', #3285, #1904, #322, .T. ) ;
#321 = CARTESIAN_POINT ( 'NONE',  ( -4.011088927209756960, 51.75672066806281890, 84.74332599159421875 ) ) ;
#322 = CIRCLE ( 'NONE', #490, 4.762500000000000178 ) ;
#323 = CARTESIAN_POINT ( 'NONE',  ( 32.17531719210000318, 34.38875224709999401, 140.0521743360000073 ) ) ;
#324 = CARTESIAN_POINT ( 'NONE',  ( -28.02539504780000001, -14.07466254490000068, 102.4942682169999983 ) ) ;
#325 = CARTESIAN_POINT ( 'NONE',  ( 9.667882229054283627, 56.75104341191667601, 79.74901044121219229 ) ) ;
#326 = FACE_OUTER_BOUND ( 'NONE', #4538, .T. ) ;
#327 = ORIENTED_EDGE ( 'NONE', *, *, #4645, .T. ) ;
#328 = CARTESIAN_POINT ( 'NONE',  ( 0.000000000000000000, 0.000000000000000000, 91.18600000000000705 ) ) ;
#329 = DIRECTION ( 'NONE',  ( 0.000000000000000000, 0.000000000000000000, 1.000000000000000000 ) ) ;
#330 = CARTESIAN_POINT ( 'NONE',  ( 120.1858349299999986, 36.70387141989412072, 106.2160491015197437 ) ) ;
#331 = FACE_OUTER_BOUND ( 'NONE', #4655, .T. ) ;
#332 = DIRECTION ( 'NONE',  ( -0.4794255386042040601, -0.8775825618903719816, 0.000000000000000000 ) ) ;
#333 = EDGE_CURVE ( 'NONE', #1903, #620, #3534, .T. ) ;
#334 = ORIENTED_EDGE ( 'NONE', *, *, #2693, .F. ) ;
#335 = CARTESIAN_POINT ( 'NONE',  ( -34.83811786289999901, -5.401772571280000435, 102.4942682169999983 ) ) ;
#336 = LINE ( 'NONE', #2958, #3930 ) ;
#337 = CARTESIAN_POINT ( 'NONE',  ( 119.2424777960000029, -36.39456407650132519, 145.0553894042035381 ) ) ;
#338 = ORIENTED_EDGE ( 'NONE', *, *, #3547, .T. ) ;
#339 = ORIENTED_EDGE ( 'NONE', *, *, #4432, .F. ) ;
#340 = CARTESIAN_POINT ( 'NONE',  ( -9.725096549160573645, 56.85970996295052515, 79.64029039566921142 ) ) ;
#341 = EDGE_CURVE ( 'NONE', #3389, #3296, #4597, .T. ) ;
#342 = EDGE_CURVE ( 'NONE', #130, #3771, #2434, .T. ) ;
#343 = VECTOR ( 'NONE', #845, 1000.000000000000000 ) ;
#344 = CARTESIAN_POINT ( 'NONE',  ( 0.000000000000000000, 0.000000000000000000, 162.5000000000000000 ) ) ;
#345 = CARTESIAN_POINT ( 'NONE',  ( -21.12780406070000083, -38.67418591989999754, 89.53499999999999659 ) ) ;
#346 = CARTESIAN_POINT ( 'NONE',  ( 7.497158773067290838, 53.94914371324040303, 82.55088797291236347 ) ) ;
#347 = CARTESIAN_POINT ( 'NONE',  ( 116.2999999999999972, -39.80180000000000007, 116.7732212760000010 ) ) ;
#348 = ORIENTED_EDGE ( 'NONE', *, *, #4740, .F. ) ;
#349 = CARTESIAN_POINT ( 'NONE',  ( -5.851138187120000111, -34.38875224709999401, 91.49426821710001434 ) ) ;
#350 = CARTESIAN_POINT ( 'NONE',  ( 48.00000000000000000, 1.705302565819999782E-13, 54.60999999999999943 ) ) ;
#351 = CARTESIAN_POINT ( 'NONE',  ( -2.938623255839999901E-08, 73.00000000000000000, 63.50000000000000000 ) ) ;
#352 = CARTESIAN_POINT ( 'NONE',  ( 68.79999999999999716, -0.1777999999990000080, 158.0521743360000073 ) ) ;
#353 = CARTESIAN_POINT ( 'NONE',  ( -16.80482397919999826, 30.76102395939999923, 87.88400000000000034 ) ) ;
#354 = ORIENTED_EDGE ( 'NONE', *, *, #3083, .T. ) ;
#355 = DIRECTION ( 'NONE',  ( 0.000000000000000000, -1.000000000000000000, 0.000000000000000000 ) ) ;
#356 = ADVANCED_FACE ( 'NONE', ( #2743 ), #860, .T. ) ;
#357 = CARTESIAN_POINT ( 'NONE',  ( 21.12780406070000083, 38.67418591989999754, 151.8919999999999959 ) ) ;
#358 =( BOUNDED_SURFACE ( )  B_SPLINE_SURFACE ( 5, 3, ( 
 ( #1751, #580, #3224, #4747 ),
 ( #966, #4383, #273, #675 ),
 ( #2148, #1358, #4657, #3584 ),
 ( #2805, #4289, #4677, #941 ),
 ( #1037, #4335, #2070, #2448 ),
 ( #3955, #1332, #3932, #2469 ) ),
 .UNSPECIFIED., .F., .F., .T. ) 
 B_SPLINE_SURFACE_WITH_KNOTS ( ( 6, 6 ),
 ( 4, 4 ),
 ( 0.000000000000000000, 4.712388980380000092 ),
 ( 0.000000000000000000, 1.000000000000000000 ),
 .UNSPECIFIED. ) 
 GEOMETRIC_REPRESENTATION_ITEM ( )  RATIONAL_B_SPLINE_SURFACE ( (
 ( 1.000000000000000000, 0.3333333333387125119, 0.3333333333387125119, 1.000000000000000000),
 ( 1.000000000000000000, 0.3333333333387125119, 0.3333333333387125119, 1.000000000000000000),
 ( 1.000000000000000000, 0.3333333333387125119, 0.3333333333387125119, 1.000000000000000000),
 ( 1.000000000000000000, 0.3333333333387125119, 0.3333333333387125119, 1.000000000000000000),
 ( 1.000000000000000000, 0.3333333333387125119, 0.3333333333387125119, 1.000000000000000000),
 ( 1.000000000000000000, 0.3333333333387125119, 0.3333333333387125119, 1.000000000000000000) ) ) 
 REPRESENTATION_ITEM ( '' )  SURFACE ( )  );
#359 = CARTESIAN_POINT ( 'NONE',  ( -0.4493656158450000104, -3.422993009330000670E-17, 151.0521743360000073 ) ) ;
#360 = VERTEX_POINT ( 'NONE', #2411 ) ;
#361 = ADVANCED_FACE ( 'NONE', ( #125 ), #1642, .T. ) ;
#362 = VECTOR ( 'NONE', #4771, 1000.000000000000000 ) ;
#363 = ORIENTED_EDGE ( 'NONE', *, *, #2147, .T. ) ;
#364 = CARTESIAN_POINT ( 'NONE',  ( -4.921151137753011717, 52.15632908729752160, 84.34372214546365853 ) ) ;
#365 = DIRECTION ( 'NONE',  ( -0.4794255386042038936, 0.8775825618903722036, 0.000000000000000000 ) ) ;
#366 = EDGE_CURVE ( 'NONE', #3128, #3090, #859, .T. ) ;
#367 = CARTESIAN_POINT ( 'NONE',  ( 8.566305886873891495, 68.90695277382938855, 67.59372498079571301 ) ) ;
#368 = CARTESIAN_POINT ( 'NONE',  ( -0.4493656158450000104, -34.38875224709999401, 91.49426821710001434 ) ) ;
#369 = CARTESIAN_POINT ( 'NONE',  ( 9.991286828122758479, 57.38887291492711995, 79.11112698521505138 ) ) ;
#370 = DIRECTION ( 'NONE',  ( -0.4794255386042040601, -0.8775825618903719816, 0.000000000000000000 ) ) ;
#371 = EDGE_LOOP ( 'NONE', ( #4102, #2063, #1839, #4141 ) ) ;
#372 = CARTESIAN_POINT ( 'NONE',  ( 21.12780406070000083, 38.67418591989999754, 91.18600000000000705 ) ) ;
#373 = EDGE_CURVE ( 'NONE', #3168, #863, #378, .T. ) ;
#374 = CARTESIAN_POINT ( 'NONE',  ( 0.000000000000000000, 0.000000000000000000, 88.00000000000000000 ) ) ;
#375 = VECTOR ( 'NONE', #2985, 1000.000000000000000 ) ;
#376 = LINE ( 'NONE', #1535, #981 ) ;
#377 = DIRECTION ( 'NONE',  ( 1.000000000000000000, 0.000000000000000000, 0.000000000000000000 ) ) ;
#378 = CIRCLE ( 'NONE', #1013, 8.500000000000000000 ) ;
#379 = CARTESIAN_POINT ( 'NONE',  ( 0.000000000000000000, 39.44619999999999749, 75.49426821710001434 ) ) ;
#380 = AXIS2_PLACEMENT_3D ( 'NONE', #8, #2996, #4476 ) ;
#381 = ORIENTED_EDGE ( 'NONE', *, *, #743, .F. ) ;
#382 = EDGE_CURVE ( 'NONE', #4232, #4537, #776, .T. ) ;
#383 = DIRECTION ( 'NONE',  ( 1.000000000000000000, 0.000000000000000000, 0.000000000000000000 ) ) ;
#384 = CARTESIAN_POINT ( 'NONE',  ( 1.636701669744470289, 51.11989782744738875, 85.37975387582501696 ) ) ;
#385 = CARTESIAN_POINT ( 'NONE',  ( -9.758009689734063130, 56.92243861183749942, 79.57772706611014257 ) ) ;
#386 = CARTESIAN_POINT ( 'NONE',  ( -0.4493656158450000104, 30.38875224710000111, 91.49426821710001434 ) ) ;
#387 = ORIENTED_EDGE ( 'NONE', *, *, #4004, .F. ) ;
#388 = VERTEX_POINT ( 'NONE', #3455 ) ;
#389 = EDGE_CURVE ( 'NONE', #26, #425, #2689, .T. ) ;
#390 = VECTOR ( 'NONE', #431, 1000.000000000000000 ) ;
#391 = CARTESIAN_POINT ( 'NONE',  ( -7.501634900518878268, 53.95460755867830471, 82.54539646974201617 ) ) ;
#392 = DIRECTION ( 'NONE',  ( 5.434375124855859976E-29, 4.858411868449010174E-16, 1.000000000000000000 ) ) ;
#393 = AXIS2_PLACEMENT_3D ( 'NONE', #4752, #1477, #2972 ) ;
#394 = ADVANCED_FACE ( 'NONE', ( #909 ), #3873, .F. ) ;
#395 = CARTESIAN_POINT ( 'NONE',  ( 116.2999999999999972, -27.69730146339999877, 97.57852415689998793 ) ) ;
#396 = CARTESIAN_POINT ( 'NONE',  ( -34.83811786289999901, 2.131628207279999844E-14, 91.49426821710001434 ) ) ;
#397 = CARTESIAN_POINT ( 'NONE',  ( 7.326426772168056267, 53.79242449695830430, 82.70759272684330199 ) ) ;
#398 = CIRCLE ( 'NONE', #10, 25.50000000000000000 ) ;
#399 = DIRECTION ( 'NONE',  ( 1.000000000000000000, 0.000000000000000000, 0.000000000000000000 ) ) ;
#400 = ORIENTED_EDGE ( 'NONE', *, *, #2513, .F. ) ;
#401 = LINE ( 'NONE', #4053, #3266 ) ;
#402 = DIRECTION ( 'NONE',  ( 0.000000000000000000, 0.000000000000000000, 1.000000000000000000 ) ) ;
#403 = LINE ( 'NONE', #4535, #4652 ) ;
#404 = LINE ( 'NONE', #140, #2901 ) ;
#405 = DIRECTION ( 'NONE',  ( 1.000000000000000000, 0.000000000000000000, 0.000000000000000000 ) ) ;
#406 = ADVANCED_FACE ( 'NONE', ( #3092 ), #4515, .T. ) ;
#407 = ORIENTED_EDGE ( 'NONE', *, *, #723, .T. ) ;
#408 = EDGE_LOOP ( 'NONE', ( #291, #1572 ) ) ;
#409 = CARTESIAN_POINT ( 'NONE',  ( 64.79999999999999716, -38.67189004540000496, 96.99426821710000013 ) ) ;
#410 = CARTESIAN_POINT ( 'NONE',  ( 121.3000000000000114, 33.39456407619999823, 145.0553922029999967 ) ) ;
#411 = DIRECTION ( 'NONE',  ( 0.000000000000000000, -1.000000000000000000, 0.000000000000000000 ) ) ;
#412 = CARTESIAN_POINT ( 'NONE',  ( 121.3000000000000114, -34.33704187241826133, 145.0553894041121339 ) ) ;
#413 = VERTEX_POINT ( 'NONE', #4186 ) ;
#414 = ORIENTED_EDGE ( 'NONE', *, *, #1066, .F. ) ;
#415 = MANIFOLD_SOLID_BREP ( 'PartBody', #648 ) ;
#416 = CARTESIAN_POINT ( 'NONE',  ( -8.326643721675411669, 54.81047333226671725, 81.68957127050596512 ) ) ;
#417 = CARTESIAN_POINT ( 'NONE',  ( -7.334889329047008744, 70.20409273433466524, 66.29648121527536375 ) ) ;
#418 = LINE ( 'NONE', #4145, #1309 ) ;
#419 = CALENDAR_DATE ( 2023, 10, 4 ) ;
#420 = MANIFOLD_SOLID_BREP ( 'Body.2', #1889 ) ;
#421 = CARTESIAN_POINT ( 'NONE',  ( 121.2999999999999972, -34.33704187248394391, 143.5146039596214109 ) ) ;
#422 = CARTESIAN_POINT ( 'NONE',  ( 10.64423277932384515, 59.22505322081789103, 77.27494680542986316 ) ) ;
#423 = DIRECTION ( 'NONE',  ( 0.000000000000000000, 0.000000000000000000, -1.000000000000000000 ) ) ;
#424 = AXIS2_PLACEMENT_3D ( 'NONE', #2681, #2326, #4105 ) ;
#425 = VERTEX_POINT ( 'NONE', #2337 ) ;
#426 = DIRECTION ( 'NONE',  ( 0.000000000000000000, 0.000000000000000000, 1.000000000000000000 ) ) ;
#427 = DIRECTION ( 'NONE',  ( 0.000000000000000000, 0.000000000000000000, 1.000000000000000000 ) ) ;
#428 = CYLINDRICAL_SURFACE ( 'NONE', #519, 44.06899999999999551 ) ;
#429 = AXIS2_PLACEMENT_3D ( 'NONE', #3116, #144, #2389 ) ;
#430 = ADVANCED_FACE ( 'NONE', ( #3819 ), #4162, .T. ) ;
#431 = DIRECTION ( 'NONE',  ( 0.000000000000000000, 0.000000000000000000, -1.000000000000000000 ) ) ;
#432 = ORIENTED_EDGE ( 'NONE', *, *, #1269, .F. ) ;
#433 = DIRECTION ( 'NONE',  ( 5.434375124855859976E-29, 4.858411868449010174E-16, 1.000000000000000000 ) ) ;
#434 = B_SPLINE_CURVE_WITH_KNOTS ( 'NONE', 5,
 ( #2712, #1615, #4256, #4593, #4276, #2408, #2388, #3136, #1242 ),
 .UNSPECIFIED., .F., .F.,
 ( 6, 3, 6 ),
 ( -123.5502291269999944, -96.54136627049999220, -69.53250341419999359 ),
 .UNSPECIFIED. ) ;
#435 = EDGE_LOOP ( 'NONE', ( #471, #1539, #2409, #560 ) ) ;
#436 = CARTESIAN_POINT ( 'NONE',  ( -30.83811786289999901, -4.773454040559999889, 91.49426821710001434 ) ) ;
#437 = VERTEX_POINT ( 'NONE', #500 ) ;
#438 = DIRECTION ( 'NONE',  ( 0.000000000000000000, -1.000000000000000000, 4.858411868450000195E-16 ) ) ;
#439 = CARTESIAN_POINT ( 'NONE',  ( 0.000000000000000000, 51.00000000000000000, 85.50000000000000000 ) ) ;
#440 = CARTESIAN_POINT ( 'NONE',  ( -14.52402816080000214, -27.57602943199999856, 102.4942682169999983 ) ) ;
#441 = ORIENTED_EDGE ( 'NONE', *, *, #3877, .T. ) ;
#442 = VERTEX_POINT ( 'NONE', #1991 ) ;
#443 = MANIFOLD_SOLID_BREP ( 'Body.2', #1265 ) ;
#444 = CARTESIAN_POINT ( 'NONE',  ( -10.65595325054467857, 64.72965742753947893, 71.77034056039251197 ) ) ;
#445 = AXIS2_PLACEMENT_3D ( 'NONE', #4225, #797, #2296 ) ;
#446 = LINE ( 'NONE', #3043, #3765 ) ;
#447 = ADVANCED_FACE ( 'NONE', ( #2308 ), #3793, .T. ) ;
#448 = ORIENTED_EDGE ( 'NONE', *, *, #2370, .F. ) ;
#449 = CARTESIAN_POINT ( 'NONE',  ( -5.222819656400000454, 30.38875224710000111, 102.4942682169999983 ) ) ;
#450 = PERSON_AND_ORGANIZATION_ROLE ( 'creator' ) ;
#451 = VECTOR ( 'NONE', #2490, 1000.000000000000000 ) ;
#452 = EDGE_CURVE ( 'NONE', #3128, #3764, #1688, .T. ) ;
#453 = CARTESIAN_POINT ( 'NONE',  ( 120.9309549879999963, -33.80014785148087952, 141.4817469891778785 ) ) ;
#454 = CARTESIAN_POINT ( 'NONE',  ( 120.1858349299999986, 28.06634647578576391, 97.57852415691698411 ) ) ;
#455 = DIRECTION ( 'NONE',  ( 0.000000000000000000, 0.000000000000000000, -1.000000000000000000 ) ) ;
#456 = ORIENTED_EDGE ( 'NONE', *, *, #4510, .T. ) ;
#457 = DIRECTION ( 'NONE',  ( 1.000000000000000000, 0.000000000000000000, 0.000000000000000000 ) ) ;
#458 = DIRECTION ( 'NONE',  ( 0.000000000000000000, 1.000000000000000000, 0.000000000000000000 ) ) ;
#459 = ADVANCED_FACE ( 'NONE', ( #3182 ), #4649, .T. ) ;
#460 = EDGE_CURVE ( 'NONE', #3090, #3128, #3345, .T. ) ;
#461 = LINE ( 'NONE', #1953, #3879 ) ;
#462 = LINE ( 'NONE', #800, #3364 ) ;
#463 = EDGE_LOOP ( 'NONE', ( #4819, #1818, #264, #285 ) ) ;
#464 = ORIENTED_EDGE ( 'NONE', *, *, #1486, .F. ) ;
#465 = FACE_OUTER_BOUND ( 'NONE', #1614, .T. ) ;
#466 = EDGE_LOOP ( 'NONE', ( #4311, #3273, #1930, #1817 ) ) ;
#467 = DIRECTION ( 'NONE',  ( 0.4794255386042041156, -0.8775825618903722036, 0.000000000000000000 ) ) ;
#468 = DIRECTION ( 'NONE',  ( 0.4794255386042041156, -0.8775825618903722036, 0.000000000000000000 ) ) ;
#469 = VECTOR ( 'NONE', #1663, 1000.000000000000000 ) ;
#470 = DIRECTION ( 'NONE',  ( 0.000000000000000000, 0.000000000000000000, -1.000000000000000000 ) ) ;
#471 = ORIENTED_EDGE ( 'NONE', *, *, #3287, .F. ) ;
#472 = ORIENTED_EDGE ( 'NONE', *, *, #3872, .F. ) ;
#473 = ADVANCED_FACE ( 'NONE', ( #1320 ), #2035, .F. ) ;
#474 = CIRCLE ( 'NONE', #3986, 34.38875224709999401 ) ;
#475 = CARTESIAN_POINT ( 'NONE',  ( -10.95684849873948608, 62.97686950988859422, 73.52314256629449574 ) ) ;
#476 = EDGE_CURVE ( 'NONE', #3192, #2085, #4280, .T. ) ;
#477 = CARTESIAN_POINT ( 'NONE',  ( -6.335751672125449652, 71.01497272765919888, 65.48570944037948038 ) ) ;
#478 = AXIS2_PLACEMENT_3D ( 'NONE', #2891, #3602, #2183 ) ;
#479 = CIRCLE ( 'NONE', #3221, 15.00000000000000000 ) ;
#480 = FACE_OUTER_BOUND ( 'NONE', #3721, .T. ) ;
#481 = DIRECTION ( 'NONE',  ( 1.000000000000000000, 0.000000000000000000, 0.000000000000000000 ) ) ;
#482 = CYLINDRICAL_SURFACE ( 'NONE', #2445, 1.524000000000000243 ) ;
#483 = CARTESIAN_POINT ( 'NONE',  ( 120.9309549879999821, 35.28039900560980158, 152.2026742316995467 ) ) ;
#484 = VECTOR ( 'NONE', #2470, 1000.000000000000000 ) ;
#485 = FACE_OUTER_BOUND ( 'NONE', #119, .T. ) ;
#486 = AXIS2_PLACEMENT_3D ( 'NONE', #2907, #873, #3466 ) ;
#487 = EDGE_LOOP ( 'NONE', ( #2870, #102, #4513, #3104 ) ) ;
#488 = CARTESIAN_POINT ( 'NONE',  ( 68.79999999999999716, 30.38875224710000111, 145.5521743360000073 ) ) ;
#489 = DIRECTION ( 'NONE',  ( 1.000000000000000000, 0.000000000000000000, 0.000000000000000000 ) ) ;
#490 = AXIS2_PLACEMENT_3D ( 'NONE', #1860, #3351, #4832 ) ;
#491 = CARTESIAN_POINT ( 'NONE',  ( 1.272593141980000032E-14, 73.00000000000000000, 63.50000000000000000 ) ) ;
#492 = CARTESIAN_POINT ( 'NONE',  ( 121.2999999999999829, -31.39641421414809130, 99.26633164132792331 ) ) ;
#493 = ORIENTED_EDGE ( 'NONE', *, *, #4731, .F. ) ;
#494 = VERTEX_POINT ( 'NONE', #4369 ) ;
#495 = ORIENTED_EDGE ( 'NONE', *, *, #22, .T. ) ;
#496 = DIRECTION ( 'NONE',  ( 1.000000000000000000, 0.000000000000000000, 0.000000000000000000 ) ) ;
#497 = ORIENTED_EDGE ( 'NONE', *, *, #1698, .T. ) ;
#498 = CARTESIAN_POINT ( 'NONE',  ( 119.2424777960000029, -27.01894910808914929, 145.0553894040756688 ) ) ;
#499 = ADVANCED_FACE ( 'NONE', ( #1390 ), #875, .F. ) ;
#500 = CARTESIAN_POINT ( 'NONE',  ( 0.000000000000000000, 16.00199999999999889, 7.620000000000000107 ) ) ;
#501 = FACE_OUTER_BOUND ( 'NONE', #94, .T. ) ;
#502 = ORIENTED_EDGE ( 'NONE', *, *, #3171, .T. ) ;
#503 = EDGE_LOOP ( 'NONE', ( #2509, #2918 ) ) ;
#504 = CARTESIAN_POINT ( 'NONE',  ( -10.97946011688947010, 62.68467973958398431, 73.81538055656332631 ) ) ;
#505 = ORIENTED_EDGE ( 'NONE', *, *, #1243, .T. ) ;
#506 = CYLINDRICAL_SURFACE ( 'NONE', #1384, 35.05199999999999250 ) ;
#507 = PERSON_AND_ORGANIZATION ( #916, #1017 ) ;
#508 = CARTESIAN_POINT ( 'NONE',  ( 121.2999999999999972, -33.39456407647481484, 144.0666946701428230 ) ) ;
#509 = CARTESIAN_POINT ( 'NONE',  ( 121.2999999999999972, 34.33704187213754722, 150.3159599652846339 ) ) ;
#510 = DIRECTION ( 'NONE',  ( -1.607918496124665167E-16, 1.000000000000000000, 0.000000000000000000 ) ) ;
#511 = ORIENTED_EDGE ( 'NONE', *, *, #1359, .T. ) ;
#512 = DIRECTION ( 'NONE',  ( -0.4794255386042040601, -0.8775825618903719816, 0.000000000000000000 ) ) ;
#513 = DIRECTION ( 'NONE',  ( 1.000000000000000000, 0.000000000000000000, 0.000000000000000000 ) ) ;
#514 = CARTESIAN_POINT ( 'NONE',  ( 5.979837483885778404, 71.23280908859408100, 65.26718744446843345 ) ) ;
#515 = CARTESIAN_POINT ( 'NONE',  ( 0.000000000000000000, 62.00000000000000000, 119.0000000000000000 ) ) ;
#516 = ORIENTED_EDGE ( 'NONE', *, *, #1694, .T. ) ;
#517 = ORIENTED_EDGE ( 'NONE', *, *, #156, .T. ) ;
#518 = PLANE ( 'NONE',  #3907 ) ;
#519 = AXIS2_PLACEMENT_3D ( 'NONE', #3004, #1456, #1161 ) ;
#520 = LINE ( 'NONE', #3548, #3795 ) ;
#521 = CARTESIAN_POINT ( 'NONE',  ( -11.25291075839999877, 33.32811668289999574, 91.49426821710001434 ) ) ;
#522 = CARTESIAN_POINT ( 'NONE',  ( 0.000000000000000000, 62.00000000000000000, 122.0000000000000000 ) ) ;
#523 = VERTEX_POINT ( 'NONE', #2435 ) ;
#524 = VERTEX_POINT ( 'NONE', #3944 ) ;
#525 = VERTEX_POINT ( 'NONE', #3918 ) ;
#526 = EDGE_CURVE ( 'NONE', #4240, #4594, #570, .T. ) ;
#527 = CARTESIAN_POINT ( 'NONE',  ( -10.99722670545658332, 61.71912840233034103, 74.78087141188035503 ) ) ;
#528 = EDGE_LOOP ( 'NONE', ( #2144, #3434, #2221, #4446 ) ) ;
#529 = DIRECTION ( 'NONE',  ( 1.776356839400000001E-15, -1.000000000000000000, 0.000000000000000000 ) ) ;
#530 = APPROVAL_DATE_TIME ( #3859, #4820 ) ;
#531 = DIRECTION ( 'NONE',  ( 1.000000000000000000, 0.000000000000000000, 0.000000000000000000 ) ) ;
#532 = CARTESIAN_POINT ( 'NONE',  ( 120.9309549879999963, 35.95875136272189110, 95.48513289735838327 ) ) ;
#533 = EDGE_CURVE ( 'NONE', #3111, #3110, #1335, .T. ) ;
#534 = VERTEX_POINT ( 'NONE', #3596 ) ;
#535 = CIRCLE ( 'NONE', #3415, 44.06899999999999551 ) ;
#536 = LINE ( 'NONE', #822, #4421 ) ;
#537 = PLANE ( 'NONE',  #1164 ) ;
#538 = DIRECTION ( 'NONE',  ( -0.4794255386042040601, -0.8775825618903719816, 0.000000000000000000 ) ) ;
#539 = DIRECTION ( 'NONE',  ( 0.000000000000000000, -1.000000000000000000, 0.000000000000000000 ) ) ;
#540 = ORIENTED_EDGE ( 'NONE', *, *, #382, .F. ) ;
#541 = EDGE_CURVE ( 'NONE', #4639, #4390, #4323, .T. ) ;
#542 = VERTEX_POINT ( 'NONE', #3966 ) ;
#543 = DIRECTION ( 'NONE',  ( 0.000000000000000000, 4.858411868450000195E-16, 1.000000000000000000 ) ) ;
#544 = CARTESIAN_POINT ( 'NONE',  ( 0.000000000000000000, 0.000000000000000000, 88.00000000000000000 ) ) ;
#545 = DIRECTION ( 'NONE',  ( 0.000000000000000000, 0.000000000000000000, -1.000000000000000000 ) ) ;
#546 = DIRECTION ( 'NONE',  ( 1.000000000000000000, 0.000000000000000000, 0.000000000000000000 ) ) ;
#547 = ORIENTED_EDGE ( 'NONE', *, *, #4578, .F. ) ;
#548 = ORIENTED_EDGE ( 'NONE', *, *, #4596, .T. ) ;
#549 = AXIS2_PLACEMENT_3D ( 'NONE', #208, #4779, #3640 ) ;
#550 = CARTESIAN_POINT ( 'NONE',  ( -7.834072812196562374, 69.72809698215363028, 66.77186630181277849 ) ) ;
#551 = ORIENTED_EDGE ( 'NONE', *, *, #2120, .T. ) ;
#552 = EDGE_CURVE ( 'NONE', #837, #534, #618, .T. ) ;
#553 = CIRCLE ( 'NONE', #3597, 44.06899999999999551 ) ;
#554 = CARTESIAN_POINT ( 'NONE',  ( 0.000000000000000000, 0.000000000000000000, 151.8919999999999959 ) ) ;
#555 = CARTESIAN_POINT ( 'NONE',  ( -8.500000000000000000, 62.00000000000000000, 108.5000000000000000 ) ) ;
#556 =( GEOMETRIC_REPRESENTATION_CONTEXT ( 3 ) GLOBAL_UNCERTAINTY_ASSIGNED_CONTEXT ( ( #2978 ) ) GLOBAL_UNIT_ASSIGNED_CONTEXT ( ( #2756, #4607, #1999 ) ) REPRESENTATION_CONTEXT ( 'NONE', 'WORKASPACE' ) );
#557 = VERTEX_POINT ( 'NONE', #1414 ) ;
#558 = CARTESIAN_POINT ( 'NONE',  ( 120.9309549879999963, 28.81146653288311654, 95.48513289734979992 ) ) ;
#559 = CARTESIAN_POINT ( 'NONE',  ( 9.568201601751828989, 56.56490142412565092, 79.93444574282588633 ) ) ;
#560 = ORIENTED_EDGE ( 'NONE', *, *, #2195, .F. ) ;
#561 = CARTESIAN_POINT ( 'NONE',  ( 48.00000000000000000, -17.52599999999999980, 9.144000000000000128 ) ) ;
#562 = AXIS2_PLACEMENT_3D ( 'NONE', #189, #2845, #2889 ) ;
#563 = CARTESIAN_POINT ( 'NONE',  ( 7.501634900828939578, 70.04539244096403650, 66.45460353054731684 ) ) ;
#564 = VECTOR ( 'NONE', #1704, 1000.000000000000000 ) ;
#565 = CARTESIAN_POINT ( 'NONE',  ( 34.17531719209999608, -30.38875224710000111, 91.49426821710001434 ) ) ;
#566 = ORIENTED_EDGE ( 'NONE', *, *, #460, .T. ) ;
#567 = CARTESIAN_POINT ( 'NONE',  ( 118.7999999999999972, -32.38510894779999916, 97.57852415689998793 ) ) ;
#568 = CARTESIAN_POINT ( 'NONE',  ( 120.9309549879999963, -28.13311417801207881, 145.0553894040464513 ) ) ;
#569 = EDGE_CURVE ( 'NONE', #2813, #442, #2633, .T. ) ;
#570 = LINE ( 'NONE', #2061, #235 ) ;
#571 = VECTOR ( 'NONE', #1323, 1000.000000000000000 ) ;
#572 = CARTESIAN_POINT ( 'NONE',  ( 18.02256484720000174, -32.99008366660000036, 56.89600000000000080 ) ) ;
#573 = ORIENTED_EDGE ( 'NONE', *, *, #2195, .T. ) ;
#574 = ADVANCED_FACE ( 'NONE', ( #4393 ), #4057, .T. ) ;
#575 = DIRECTION ( 'NONE',  ( 0.000000000000000000, 0.000000000000000000, 1.000000000000000000 ) ) ;
#576 = CARTESIAN_POINT ( 'NONE',  ( 68.79999999999999716, -34.53032114620000215, 91.49426821710001434 ) ) ;
#577 = CARTESIAN_POINT ( 'NONE',  ( -10.86154102732577265, 60.25916825191572457, 76.24077195790896155 ) ) ;
#578 = ORIENTED_EDGE ( 'NONE', *, *, #2940, .F. ) ;
#579 = PLANE ( 'NONE',  #2558 ) ;
#580 = CARTESIAN_POINT ( 'NONE',  ( 118.3000000000000114, -27.01894910824047003, 154.4310043713461198 ) ) ;
#581 = FACE_OUTER_BOUND ( 'NONE', #3700, .T. ) ;
#582 = CARTESIAN_POINT ( 'NONE',  ( 8.613250687037515618, 55.13756624114570570, 81.36243525837856794 ) ) ;
#583 = CARTESIAN_POINT ( 'NONE',  ( 2.886482352561029252, 51.38537261846621362, 85.11459052563226635 ) ) ;
#584 = EDGE_CURVE ( 'NONE', #3059, #42, #3216, .T. ) ;
#585 = CARTESIAN_POINT ( 'NONE',  ( 10.14082627834015149, 66.26410078133889670, 70.23583856857676722 ) ) ;
#586 = CARTESIAN_POINT ( 'NONE',  ( 32.17531719210000318, -34.38875224709999401, 91.49426821710001434 ) ) ;
#587 = ADVANCED_FACE ( 'NONE', ( #702 ), #3712, .F. ) ;
#588 = VERTEX_POINT ( 'NONE', #1511 ) ;
#589 = CARTESIAN_POINT ( 'NONE',  ( 0.000000000000000000, -8.000999999999999446, 7.620000000000000107 ) ) ;
#590 = ADVANCED_FACE ( 'NONE', ( #663 ), #1139, .T. ) ;
#591 = CARTESIAN_POINT ( 'NONE',  ( 68.79999999999999716, -38.67189004540000496, 91.49426821710001434 ) ) ;
#592 = DIRECTION ( 'NONE',  ( 0.000000000000000000, 1.000000000000000000, 0.000000000000000000 ) ) ;
#593 = CARTESIAN_POINT ( 'NONE',  ( 64.79999999999999716, 34.38875224709999401, 96.99426821710000013 ) ) ;
#594 = ORIENTED_EDGE ( 'NONE', *, *, #3287, .T. ) ;
#595 = AXIS2_PLACEMENT_3D ( 'NONE', #662, #4780, #1067 ) ;
#596 = VERTEX_POINT ( 'NONE', #2541 ) ;
#597 = FACE_OUTER_BOUND ( 'NONE', #73, .T. ) ;
#598 = CARTESIAN_POINT ( 'NONE',  ( -8.275245294706222055, 69.24709643588131769, 67.25290440466814346 ) ) ;
#599 = VECTOR ( 'NONE', #730, 1000.000000000000000 ) ;
#600 = CARTESIAN_POINT ( 'NONE',  ( -10.99309019877504490, 61.61005875896157136, 74.88994223603256728 ) ) ;
#601 = ORIENTED_EDGE ( 'NONE', *, *, #1969, .T. ) ;
#602 = CARTESIAN_POINT ( 'NONE',  ( 121.3000000000000114, -30.69730146340000232, 97.57852415689998793 ) ) ;
#603 = FACE_OUTER_BOUND ( 'NONE', #3094, .T. ) ;
#604 = CARTESIAN_POINT ( 'NONE',  ( -4.314829847440000421, 69.89824305700000195, 117.3923048449999982 ) ) ;
#605 = EDGE_CURVE ( 'NONE', #3119, #928, #2180, .T. ) ;
#606 = ADVANCED_FACE ( 'NONE', ( #2205 ), #1855, .T. ) ;
#607 = CARTESIAN_POINT ( 'NONE',  ( 10.99309019837853718, 62.38994125219721809, 74.11005775282123409 ) ) ;
#608 = CARTESIAN_POINT ( 'NONE',  ( 16.80482397919999826, -30.76102395939999923, 97.53600000000000136 ) ) ;
#609 = CARTESIAN_POINT ( 'NONE',  ( 10.99079290078238280, 62.45016851522836987, 74.04983059380323596 ) ) ;
#610 = CYLINDRICAL_SURFACE ( 'NONE', #3142, 4.687807484369997724 ) ;
#611 = VECTOR ( 'NONE', #1431, 1000.000000000000000 ) ;
#612 = ORIENTED_EDGE ( 'NONE', *, *, #199, .F. ) ;
#613 = ADVANCED_FACE ( 'NONE', ( #331 ), #1711, .F. ) ;
#614 = EDGE_CURVE ( 'NONE', #2986, #1344, #462, .T. ) ;
#615 = CARTESIAN_POINT ( 'NONE',  ( 68.79999999999999716, 39.44619999999999749, 75.49426821710001434 ) ) ;
#616 = CIRCLE ( 'NONE', #1072, 44.06899999999999551 ) ;
#617 = CARTESIAN_POINT ( 'NONE',  ( 64.79999999999999716, -38.67189004540000496, 158.0521743360000073 ) ) ;
#618 = LINE ( 'NONE', #236, #4150 ) ;
#619 = CARTESIAN_POINT ( 'NONE',  ( 119.2424777960000029, 37.07291643222148991, 97.57852415695825243 ) ) ;
#620 = VERTEX_POINT ( 'NONE', #4130 ) ;
#621 = CARTESIAN_POINT ( 'NONE',  ( 120.1858349299999986, 27.38799411889417001, 145.0553894040187402 ) ) ;
#622 = DIRECTION ( 'NONE',  ( 1.000000000000000000, 0.000000000000000000, 0.000000000000000000 ) ) ;
#623 = CARTESIAN_POINT ( 'NONE',  ( -8.587805879759363492, 68.87646659207615585, 67.62349979009997014 ) ) ;
#624 = CARTESIAN_POINT ( 'NONE',  ( -10.15852448429460075, 57.77275243645250669, 78.72652146673731011 ) ) ;
#625 = ORIENTED_EDGE ( 'NONE', *, *, #1773, .T. ) ;
#626 = VERTEX_POINT ( 'NONE', #827 ) ;
#628 = FACE_OUTER_BOUND ( 'NONE', #3494, .T. ) ;
#627 = CIRCLE ( 'NONE', #3352, 9.000000000000000000 ) ;
#629 = CARTESIAN_POINT ( 'NONE',  ( 24.00000000000000000, 17.52599999999999980, 9.144000000000000128 ) ) ;
#630 = EDGE_CURVE ( 'NONE', #4364, #4487, #2737, .T. ) ;
#631 = CARTESIAN_POINT ( 'NONE',  ( 121.3000000000000114, 33.37380368150871135, 95.89071667263614529 ) ) ;
#632 = CARTESIAN_POINT ( 'NONE',  ( 10.83091391951300508, 63.92160964062576767, 72.57837537498949132 ) ) ;
#633 = DIRECTION ( 'NONE',  ( 5.434664880927569667E-29, 4.858411868449010174E-16, 1.000000000000000000 ) ) ;
#634 = LOCAL_TIME ( 14, 33, 43.00000000000000000, #4554 ) ;
#635 = CARTESIAN_POINT ( 'NONE',  ( 9.725096549142591584, 67.14029003702647458, 69.35970960429656884 ) ) ;
#636 = CARTESIAN_POINT ( 'NONE',  ( 116.2999999999999972, -37.07291643210000842, 97.57852415689998793 ) ) ;
#637 = ORIENTED_EDGE ( 'NONE', *, *, #2048, .T. ) ;
#638 = AXIS2_PLACEMENT_3D ( 'NONE', #2590, #1140, #405 ) ;
#639 = CARTESIAN_POINT ( 'NONE',  ( 64.79999999999999716, -34.38875224709999401, 158.0521743360000073 ) ) ;
#640 = AXIS2_PLACEMENT_3D ( 'NONE', #2475, #2812, #1342 ) ;
#641 = DIRECTION ( 'NONE',  ( 0.4794255386042041156, -0.8775825618903722036, 0.000000000000000000 ) ) ;
#642 = CARTESIAN_POINT ( 'NONE',  ( 120.9309549879999963, -28.81146653380942269, 97.57852415689528414 ) ) ;
#643 = CIRCLE ( 'NONE', #4233, 30.38875224710000111 ) ;
#644 = CARTESIAN_POINT ( 'NONE',  ( 121.3000000000000114, 34.07291643210000132, 97.57852695569999923 ) ) ;
#645 = VECTOR ( 'NONE', #4478, 1000.000000000000000 ) ;
#646 = ORIENTED_EDGE ( 'NONE', *, *, #2766, .F. ) ;
#647 = LINE ( 'NONE', #3280, #3326 ) ;
#648 = CLOSED_SHELL ( 'NONE', ( #613, #499, #574, #2913, #4072, #2952, #1990, #3099, #4298, #3948, #100, #2826, #459, #960, #4553, #1326, #2560, #4018, #4416, #3356, #2811, #242, #1846, #4571, #4348, #4182 ) ) ;
#649 = DIRECTION ( 'NONE',  ( 0.000000000000000000, 0.000000000000000000, -1.000000000000000000 ) ) ;
#650 = CARTESIAN_POINT ( 'NONE',  ( -10.67180695347670927, 64.68080261635708439, 71.82064565706511416 ) ) ;
#651 = ORIENTED_EDGE ( 'NONE', *, *, #1534, .F. ) ;
#652 = ORIENTED_EDGE ( 'NONE', *, *, #3686, .T. ) ;
#653 = CARTESIAN_POINT ( 'NONE',  ( -21.12780406070000083, -38.67418591989999754, 123.1899999999999977 ) ) ;
#654 = LINE ( 'NONE', #1378, #4810 ) ;
#655 = CARTESIAN_POINT ( 'NONE',  ( 10.99394257887556670, 62.36546904942530034, 74.13452712998522998 ) ) ;
#656 = CARTESIAN_POINT ( 'NONE',  ( 3.636369968939888508, 51.61598204878062290, 84.88391081573915642 ) ) ;
#657 = PRODUCT_RELATED_PRODUCT_CATEGORY ( 'detail', '', ( #3562 ) ) ;
#658 = CARTESIAN_POINT ( 'NONE',  ( 8.726806580282012504, 68.69667470170765000, 67.80332209290395440 ) ) ;
#659 = CARTESIAN_POINT ( 'NONE',  ( 16.80482397919999826, -30.76102395939999923, 87.88400000000000034 ) ) ;
#660 = EDGE_LOOP ( 'NONE', ( #2875, #3922, #2306, #3821, #1460, #2381, #2386, #4165, #1102, #3857, #4611, #2840, #3619, #3473 ) ) ;
#661 = PLANE ( 'NONE',  #4823 ) ;
#662 = CARTESIAN_POINT ( 'NONE',  ( 0.000000000000000000, 0.000000000000000000, 155.1939999999999884 ) ) ;
#663 = FACE_OUTER_BOUND ( 'NONE', #435, .T. ) ;
#664 = CARTESIAN_POINT ( 'NONE',  ( -34.83811786289999901, 3.325363952429999698E-14, 102.4942682169999983 ) ) ;
#665 = ORIENTED_EDGE ( 'NONE', *, *, #2871, .F. ) ;
#666 = CARTESIAN_POINT ( 'NONE',  ( -25.51586812609999910, -25.06650251020000297, 102.4942682169999983 ) ) ;
#667 = DIRECTION ( 'NONE',  ( 0.000000000000000000, 1.000000000000000000, 0.000000000000000000 ) ) ;
#668 = CARTESIAN_POINT ( 'NONE',  ( -10.73839486950849320, 64.40327029168713580, 72.09793719702048520 ) ) ;
#669 = CIRCLE ( 'NONE', #3557, 44.06899999999999551 ) ;
#670 = ORIENTED_EDGE ( 'NONE', *, *, #2849, .T. ) ;
#671 = ORIENTED_EDGE ( 'NONE', *, *, #4776, .T. ) ;
#672 = EDGE_CURVE ( 'NONE', #626, #1376, #85, .T. ) ;
#673 = LINE ( 'NONE', #3288, #375 ) ;
#674 = VECTOR ( 'NONE', #1318, 1000.000000000000000 ) ;
#675 = CARTESIAN_POINT ( 'NONE',  ( 119.2424777960000029, -36.39456407551084993, 145.0553894039999818 ) ) ;
#676 = CARTESIAN_POINT ( 'NONE',  ( 2.930760703356328545, 72.70734879741019085, 63.79272382623759086 ) ) ;
#677 = CARTESIAN_POINT ( 'NONE',  ( 0.000000000000000000, -16.00199999999999889, 7.620000000000000107 ) ) ;
#678 = CARTESIAN_POINT ( 'NONE',  ( 10.38558810193795168, 65.62486434861972384, 70.87513523820912553 ) ) ;
#679 = DIRECTION ( 'NONE',  ( 0.000000000000000000, 0.000000000000000000, -1.000000000000000000 ) ) ;
#680 = ORIENTED_EDGE ( 'NONE', *, *, #3503, .T. ) ;
#681 = PLANE ( 'NONE',  #1010 ) ;
#682 = FACE_OUTER_BOUND ( 'NONE', #4378, .T. ) ;
#683 = CIRCLE ( 'NONE', #1541, 44.06899999999999551 ) ;
#684 = EDGE_CURVE ( 'NONE', #2011, #3192, #4449, .T. ) ;
#685 = DIRECTION ( 'NONE',  ( 0.000000000000000000, 0.000000000000000000, -1.000000000000000000 ) ) ;
#686 = ORIENTED_EDGE ( 'NONE', *, *, #3081, .F. ) ;
#687 = VECTOR ( 'NONE', #1551, 1000.000000000000000 ) ;
#688 = FACE_OUTER_BOUND ( 'NONE', #2525, .T. ) ;
#689 = DIRECTION ( 'NONE',  ( 1.000000000000000000, 0.000000000000000000, 0.000000000000000000 ) ) ;
#690 = ORIENTED_EDGE ( 'NONE', *, *, #828, .F. ) ;
#691 = EDGE_LOOP ( 'NONE', ( #2852, #3087 ) ) ;
#692 = CARTESIAN_POINT ( 'NONE',  ( -10.39164141087926652, 58.39252540799241586, 78.10747467795458476 ) ) ;
#693 = CARTESIAN_POINT ( 'NONE',  ( -0.4493656158450000104, -34.38875224709999401, 140.0521743360000073 ) ) ;
#694 = DIRECTION ( 'NONE',  ( 1.000000000000000000, 0.000000000000000000, 0.000000000000000000 ) ) ;
#695 = CARTESIAN_POINT ( 'NONE',  ( 10.23188301334181816, 57.96110062534433638, 78.53892992214686330 ) ) ;
#696 = CYLINDRICAL_SURFACE ( 'NONE', #2587, 44.06899999999999551 ) ;
#697 = EDGE_LOOP ( 'NONE', ( #686, #1422, #547, #2330 ) ) ;
#698 = AXIS2_PLACEMENT_3D ( 'NONE', #1016, #1312, #2516 ) ;
#699 = CARTESIAN_POINT ( 'NONE',  ( -25.51586812609999910, -25.06650251020000297, 91.49426821710001434 ) ) ;
#700 = DIRECTION ( 'NONE',  ( 0.000000000000000000, 1.000000000000000000, 0.000000000000000000 ) ) ;
#701 = CARTESIAN_POINT ( 'NONE',  ( 118.3000000000000114, 27.69730146335755450, 106.9541391256369138 ) ) ;
#702 = FACE_OUTER_BOUND ( 'NONE', #3900, .T. ) ;
#703 = FACE_OUTER_BOUND ( 'NONE', #4563, .T. ) ;
#704 = VECTOR ( 'NONE', #979, 1000.000000000000000 ) ;
#705 = ORIENTED_EDGE ( 'NONE', *, *, #2849, .F. ) ;
#706 = ORIENTED_EDGE ( 'NONE', *, *, #382, .T. ) ;
#707 = EDGE_CURVE ( 'NONE', #3279, #130, #1954, .T. ) ;
#708 = CARTESIAN_POINT ( 'NONE',  ( 21.12780406070000083, 38.67418591989999754, 139.1920000000000073 ) ) ;
#709 = AXIS2_PLACEMENT_3D ( 'NONE', #1675, #2049, #2284 ) ;
#710 = AXIS2_PLACEMENT_3D ( 'NONE', #1681, #3618, #1364 ) ;
#711 = CARTESIAN_POINT ( 'NONE',  ( -1.454660858481890751, 51.00000000000001421, 85.50000000000001421 ) ) ;
#712 = ADVANCED_FACE ( 'NONE', ( #4536 ), #2709, .T. ) ;
#713 = CARTESIAN_POINT ( 'NONE',  ( 0.000000000000000000, -28.70199999999999818, 155.7713101510000229 ) ) ;
#714 = VERTEX_POINT ( 'NONE', #3421 ) ;
#715 = VERTEX_POINT ( 'NONE', #1536 ) ;
#716 = CARTESIAN_POINT ( 'NONE',  ( -8.475109827473334079, 54.98476368270546999, 81.51526894359412267 ) ) ;
#717 = DIRECTION ( 'NONE',  ( 1.000000000000000000, 0.000000000000000000, 0.000000000000000000 ) ) ;
#718 = CARTESIAN_POINT ( 'NONE',  ( 116.2999999999999972, 39.44619999999999749, 116.7732212760000010 ) ) ;
#719 = CARTESIAN_POINT ( 'NONE',  ( 8.345415609002561297, 54.83367371321645578, 81.66632901289122515 ) ) ;
#720 = DIRECTION ( 'NONE',  ( 0.000000000000000000, 1.000000000000000000, 0.000000000000000000 ) ) ;
#721 = ORIENTED_EDGE ( 'NONE', *, *, #963, .F. ) ;
#722 = CARTESIAN_POINT ( 'NONE',  ( -11.25291075839999877, -33.32811668289999574, 91.49426821710001434 ) ) ;
#723 = EDGE_CURVE ( 'NONE', #2919, #4240, #4764, .T. ) ;
#724 = DIRECTION ( 'NONE',  ( 1.000000000000000000, 0.000000000000000000, 0.000000000000000000 ) ) ;
#725 = CARTESIAN_POINT ( 'NONE',  ( -30.83811786289999901, 3.197442310919999608E-14, 102.4942682169999983 ) ) ;
#726 = EDGE_CURVE ( 'NONE', #2813, #4181, #404, .T. ) ;
#727 = DIRECTION ( 'NONE',  ( -1.605498553054400076E-16, 1.000000000000000000, 0.000000000000000000 ) ) ;
#728 = LINE ( 'NONE', #2609, #1487 ) ;
#729 = VERTEX_POINT ( 'NONE', #1162 ) ;
#730 = DIRECTION ( 'NONE',  ( 0.000000000000000000, 0.000000000000000000, -1.000000000000000000 ) ) ;
#731 = CARTESIAN_POINT ( 'NONE',  ( -4.562231610466304765, 51.99014508589720407, 84.50987377945766355 ) ) ;
#732 = CARTESIAN_POINT ( 'NONE',  ( 0.000000000000000000, 1.705302565819999782E-13, 54.60999999999999943 ) ) ;
#733 = EDGE_CURVE ( 'NONE', #4594, #3458, #2358, .T. ) ;
#734 = ORIENTED_EDGE ( 'NONE', *, *, #733, .F. ) ;
#735 = EDGE_LOOP ( 'NONE', ( #3482, #2683, #1862, #123 ) ) ;
#736 = ADVANCED_BREP_SHAPE_REPRESENTATION ( 'P106724', ( #3656, #415, #420, #2005, #443, #3730, #3695, #2821 ), #556 ) ;
#737 = CARTESIAN_POINT ( 'NONE',  ( -8.025046265248375832, 54.47074389806597594, 82.02929978990273696 ) ) ;
#738 = CARTESIAN_POINT ( 'NONE',  ( 120.9309549879999963, 35.28039900657856265, 145.0553894039564398 ) ) ;
#739 = CIRCLE ( 'NONE', #3789, 9.000000000000000000 ) ;
#740 = CARTESIAN_POINT ( 'NONE',  ( 5.744343740911070917, 71.38680485319369495, 65.11381941352243530 ) ) ;
#741 = DIRECTION ( 'NONE',  ( 0.000000000000000000, 0.000000000000000000, -1.000000000000000000 ) ) ;
#742 = CARTESIAN_POINT ( 'NONE',  ( 10.93715743607533852, 60.82586202465674319, 75.67413842737695973 ) ) ;
#743 = EDGE_CURVE ( 'NONE', #1196, #4621, #3291, .T. ) ;
#744 = DIRECTION ( 'NONE',  ( 0.000000000000000000, 8.943016536959995671E-15, 1.000000000000000000 ) ) ;
#745 = B_SPLINE_CURVE_WITH_KNOTS ( 'NONE', 3,
 ( #3739, #4113, #67, #384, #1492, #3035, #21, #1592, #1882, #4090, #2336, #2987, #3010, #1517, #4489 ),
 .UNSPECIFIED., .F., .F.,
 ( 4, 2, 2, 1, 1, 1, 2, 2, 4 ),
 ( 0.000000000000000000, 0.2500000000000148770, 0.3750000000000220934, 0.4375000000000253131, 0.4687500000000257017, 0.4843750000000266454, 0.4921875000000271450, 0.5000000000000275335, 1.000000000000000000 ),
 .UNSPECIFIED. ) ;
#746 = VERTEX_POINT ( 'NONE', #1267 ) ;
#747 = DIRECTION ( 'NONE',  ( -0.4794255386042041156, 0.000000000000000000, -0.8775825618903720926 ) ) ;
#748 = DIRECTION ( 'NONE',  ( 0.000000000000000000, 1.000000000000000000, 0.000000000000000000 ) ) ;
#749 = DIRECTION ( 'NONE',  ( 1.000000000000000000, 0.000000000000000000, 0.000000000000000000 ) ) ;
#750 = CARTESIAN_POINT ( 'NONE',  ( 119.2424777960000171, -35.13116299434862100, 102.2663316413276533 ) ) ;
#751 = CARTESIAN_POINT ( 'NONE',  ( 64.79999999999999716, 38.67189004540000496, 140.0521743360000073 ) ) ;
#752 = EDGE_CURVE ( 'NONE', #2286, #4712, #4070, .T. ) ;
#753 = ORIENTED_EDGE ( 'NONE', *, *, #3039, .F. ) ;
#754 = CARTESIAN_POINT ( 'NONE',  ( 24.00000000000000000, 2.131213632089999932E-13, 59.37250000000000227 ) ) ;
#755 = DIRECTION ( 'NONE',  ( 1.000000000000000000, 0.000000000000000000, 0.000000000000000000 ) ) ;
#756 = CARTESIAN_POINT ( 'NONE',  ( -8.380507775390917402, 54.86918247986252339, 81.63026604190187641 ) ) ;
#757 = EDGE_CURVE ( 'NONE', #2684, #1196, #1211, .T. ) ;
#758 = CARTESIAN_POINT ( 'NONE',  ( -28.02539504780000001, 14.07466254490000068, 102.4942682169999983 ) ) ;
#759 = VERTEX_POINT ( 'NONE', #62 ) ;
#760 = AXIS2_PLACEMENT_3D ( 'NONE', #4169, #4193, #3020 ) ;
#761 = ORIENTED_EDGE ( 'NONE', *, *, #2041, .F. ) ;
#762 = CARTESIAN_POINT ( 'NONE',  ( -4.264627628486575617, 51.86032881718407594, 84.63969787674309941 ) ) ;
#763 = CARTESIAN_POINT ( 'NONE',  ( 16.80482397919999826, -30.76102395939999923, 56.89600000000000080 ) ) ;
#764 = CARTESIAN_POINT ( 'NONE',  ( 9.758009683710895388, 67.07756139973859888, 69.42227292232450964 ) ) ;
#765 =( BOUNDED_SURFACE ( )  B_SPLINE_SURFACE ( 5, 3, ( 
 ( #2847, #2484, #3969, #3238 ),
 ( #1351, #3600, #4327, #982 ),
 ( #621, #2110, #241, #3098 ),
 ( #1974, #4550, #2290, #738 ),
 ( #1198, #1151, #1942, #3747 ),
 ( #77, #1105, #2696, #3384 ) ),
 .UNSPECIFIED., .F., .F., .F. ) 
 B_SPLINE_SURFACE_WITH_KNOTS ( ( 6, 6 ),
 ( 4, 4 ),
 ( 0.000000000000000000, 4.712388980380000092 ),
 ( 0.000000000000000000, 1.000000000000000000 ),
 .UNSPECIFIED. ) 
 GEOMETRIC_REPRESENTATION_ITEM ( )  RATIONAL_B_SPLINE_SURFACE ( (
 ( 1.000000000000000000, 0.3333333333346711336, 0.3333333333346711336, 1.000000000000000000),
 ( 1.000000000000000000, 0.3333333333346711336, 0.3333333333346711336, 1.000000000000000000),
 ( 1.000000000000000000, 0.3333333333346711336, 0.3333333333346711336, 1.000000000000000000),
 ( 1.000000000000000000, 0.3333333333346711336, 0.3333333333346711336, 1.000000000000000000),
 ( 1.000000000000000000, 0.3333333333346711336, 0.3333333333346711336, 1.000000000000000000),
 ( 1.000000000000000000, 0.3333333333346711336, 0.3333333333346711336, 1.000000000000000000) ) ) 
 REPRESENTATION_ITEM ( '' )  SURFACE ( )  );
#766 = CARTESIAN_POINT ( 'NONE',  ( -9.996273696959999455, -29.45148673799999983, 91.49426821710000013 ) ) ;
#767 = CARTESIAN_POINT ( 'NONE',  ( 10.85878472851957888, 60.22260742729424265, 76.27751815582175254 ) ) ;
#768 = EDGE_CURVE ( 'NONE', #783, #425, #1561, .T. ) ;
#769 = CARTESIAN_POINT ( 'NONE',  ( -0.4493656158450000104, 3.422993009330000670E-17, 145.5521743360000073 ) ) ;
#770 = EDGE_LOOP ( 'NONE', ( #980, #2455, #1076, #3478 ) ) ;
#771 = DIRECTION ( 'NONE',  ( 0.000000000000000000, 0.000000000000000000, -1.000000000000000000 ) ) ;
#772 = DIRECTION ( 'NONE',  ( 1.000000000000000000, 0.000000000000000000, 0.000000000000000000 ) ) ;
#773 = AXIS2_PLACEMENT_3D ( 'NONE', #4083, #3782, #798 ) ;
#774 = CARTESIAN_POINT ( 'NONE',  ( -2.765232559334401152, 72.64676986535630476, 63.85325235024101431 ) ) ;
#775 = DIRECTION ( 'NONE',  ( 1.000000000000000000, 0.000000000000000000, 0.000000000000000000 ) ) ;
#776 = CIRCLE ( 'NONE', #3517, 44.06899999999999551 ) ;
#777 = CARTESIAN_POINT ( 'NONE',  ( 0.000000000000000000, 0.000000000000000000, 56.89600000000000080 ) ) ;
#778 = VERTEX_POINT ( 'NONE', #2682 ) ;
#779 = CARTESIAN_POINT ( 'NONE',  ( -21.12780406070000083, -38.67418591989999754, 155.1939999999999884 ) ) ;
#780 = FACE_OUTER_BOUND ( 'NONE', #466, .T. ) ;
#781 = CARTESIAN_POINT ( 'NONE',  ( -9.736354842727870107, 56.88107248397184890, 79.61909639353946488 ) ) ;
#782 = FACE_OUTER_BOUND ( 'NONE', #2559, .T. ) ;
#783 = VERTEX_POINT ( 'NONE', #4205 ) ;
#784 = ORIENTED_EDGE ( 'NONE', *, *, #1425, .T. ) ;
#785 = VECTOR ( 'NONE', #4438, 1000.000000000000000 ) ;
#786 = AXIS2_PLACEMENT_3D ( 'NONE', #184, #4711, #3178 ) ;
#787 = CARTESIAN_POINT ( 'NONE',  ( -3.713268154845752012, 51.64297310869665125, 84.85710483175030561 ) ) ;
#788 = CARTESIAN_POINT ( 'NONE',  ( -5.810289277522613816, 71.36025770154671477, 65.13974229844875197 ) ) ;
#789 = AXIS2_PLACEMENT_3D ( 'NONE', #1802, #1872, #4818 ) ;
#790 = CARTESIAN_POINT ( 'NONE',  ( 121.3000000000000114, 31.70675659180000139, 145.0553894040000102 ) ) ;
#791 = ADVANCED_FACE ( 'NONE', ( #852 ), #3521, .T. ) ;
#792 = DIRECTION ( 'NONE',  ( 0.000000000000000000, -1.000000000000000000, 0.000000000000000000 ) ) ;
#793 = CARTESIAN_POINT ( 'NONE',  ( 6.927150717662441615, 53.45512110325000066, 83.04486359796894135 ) ) ;
#794 = CIRCLE ( 'NONE', #2133, 4.687807484370001276 ) ;
#795 = CARTESIAN_POINT ( 'NONE',  ( 0.000000000000000000, 1.705302565819999782E-13, 54.60999999999999943 ) ) ;
#796 = ORIENTED_EDGE ( 'NONE', *, *, #2473, .F. ) ;
#797 = DIRECTION ( 'NONE',  ( 1.000000000000000000, 0.000000000000000000, 0.000000000000000000 ) ) ;
#798 = DIRECTION ( 'NONE',  ( 1.000000000000000000, 0.000000000000000000, 0.000000000000000000 ) ) ;
#799 = DIRECTION ( 'NONE',  ( 1.000000000000000000, 0.000000000000000000, 0.000000000000000000 ) ) ;
#800 = CARTESIAN_POINT ( 'NONE',  ( -5.273680924649999824, 71.65340818079999963, 89.13585043929998619 ) ) ;
#801 = DIRECTION ( 'NONE',  ( 1.000000000000000000, 0.000000000000000000, 0.000000000000000000 ) ) ;
#802 = ORIENTED_EDGE ( 'NONE', *, *, #3823, .F. ) ;
#803 = CARTESIAN_POINT ( 'NONE',  ( 68.79999999999999716, -38.67189004540000496, 96.99426821710000013 ) ) ;
#804 = ORIENTED_EDGE ( 'NONE', *, *, #1185, .F. ) ;
#805 = DIRECTION ( 'NONE',  ( 0.000000000000000000, 0.000000000000000000, -1.000000000000000000 ) ) ;
#806 = DIRECTION ( 'NONE',  ( 0.4794255386042041156, -0.8775825618903722036, 0.000000000000000000 ) ) ;
#807 = DIRECTION ( 'NONE',  ( 1.000000000000000000, 0.000000000000000000, 0.000000000000000000 ) ) ;
#808 = EDGE_CURVE ( 'NONE', #1468, #2185, #4230, .T. ) ;
#809 = EDGE_LOOP ( 'NONE', ( #1637, #2423, #2013, #1167 ) ) ;
#810 = EDGE_CURVE ( 'NONE', #4224, #759, #2787, .T. ) ;
#811 = EDGE_LOOP ( 'NONE', ( #1329, #493, #4558, #4287 ) ) ;
#812 = CARTESIAN_POINT ( 'NONE',  ( -10.96485371859870561, 62.88110368688751350, 73.61892395906673414 ) ) ;
#813 = CARTESIAN_POINT ( 'NONE',  ( 0.000000000000000000, 1.705302565819999782E-13, 35.05199999999999960 ) ) ;
#814 = EDGE_CURVE ( 'NONE', #4017, #1291, #4340, .T. ) ;
#815 = CARTESIAN_POINT ( 'NONE',  ( -14.52402816080000214, 27.57602943199999856, 102.4942682169999983 ) ) ;
#816 = CARTESIAN_POINT ( 'NONE',  ( 0.000000000000000000, 0.000000000000000000, 7.105427357599999690E-14 ) ) ;
#817 = CARTESIAN_POINT ( 'NONE',  ( 118.2999999999999972, -27.01894910709867759, 145.0553894039104819 ) ) ;
#818 = CARTESIAN_POINT ( 'NONE',  ( 120.9309549879999821, 35.28039900569191190, 145.0553894040410512 ) ) ;
#819 = LINE ( 'NONE', #1581, #645 ) ;
#820 = CIRCLE ( 'NONE', #4184, 35.05199999999999960 ) ;
#821 = ORIENTED_EDGE ( 'NONE', *, *, #1066, .T. ) ;
#822 = CARTESIAN_POINT ( 'NONE',  ( 68.79999999999999716, -30.38875224710000111, 145.5521743360000073 ) ) ;
#823 = VERTEX_POINT ( 'NONE', #3890 ) ;
#824 = DIRECTION ( 'NONE',  ( 1.000000000000000000, 0.000000000000000000, 0.000000000000000000 ) ) ;
#825 = DIRECTION ( 'NONE',  ( 0.000000000000000000, -1.000000000000000000, 0.000000000000000000 ) ) ;
#826 = AXIS2_PLACEMENT_3D ( 'NONE', #4806, #1742, #3671 ) ;
#827 = CARTESIAN_POINT ( 'NONE',  ( 16.80482397919999826, -30.76102395939999923, 107.1880000000000024 ) ) ;
#828 = EDGE_CURVE ( 'NONE', #4532, #4081, #2863, .T. ) ;
#829 = ORIENTED_EDGE ( 'NONE', *, *, #1439, .T. ) ;
#830 = VERTEX_POINT ( 'NONE', #636 ) ;
#831 = LINE ( 'NONE', #292, #2947 ) ;
#832 = DIRECTION ( 'NONE',  ( 0.4630895095199519806, -0.8476796612309128731, -0.2588190451029734884 ) ) ;
#833 = ADVANCED_FACE ( 'NONE', ( #4272 ), #2497, .T. ) ;
#834 = CARTESIAN_POINT ( 'NONE',  ( -31.65516295769999644, 15.92727727950000371, 91.49426821710001434 ) ) ;
#835 = DIRECTION ( 'NONE',  ( 1.000000000000000000, 0.000000000000000000, 0.000000000000000000 ) ) ;
#836 = VERTEX_POINT ( 'NONE', #255 ) ;
#837 = VERTEX_POINT ( 'NONE', #3939 ) ;
#838 = CARTESIAN_POINT ( 'NONE',  ( -10.15221722326279874, 66.23488536705370677, 70.26510990772287357 ) ) ;
#839 = AXIS2_PLACEMENT_3D ( 'NONE', #59, #4638, #512 ) ;
#840 = DIRECTION ( 'NONE',  ( 1.000000000000000000, 0.000000000000000000, 0.000000000000000000 ) ) ;
#841 = LINE ( 'NONE', #1200, #687 ) ;
#842 = DIRECTION ( 'NONE',  ( 0.000000000000000000, 0.000000000000000000, 1.000000000000000000 ) ) ;
#843 = CIRCLE ( 'NONE', #1462, 4.687807484369997724 ) ;
#844 = CARTESIAN_POINT ( 'NONE',  ( 119.2424777960000171, -36.39456407662054716, 142.3093353574331275 ) ) ;
#845 = DIRECTION ( 'NONE',  ( 0.000000000000000000, -5.263279524150000295E-16, -1.000000000000000000 ) ) ;
#846 = LINE ( 'NONE', #4503, #166 ) ;
#847 = ORIENTED_EDGE ( 'NONE', *, *, #2344, .F. ) ;
#848 = CARTESIAN_POINT ( 'NONE',  ( 34.17531719209999608, 30.38875224710000111, 151.0521743360000073 ) ) ;
#849 = DIRECTION ( 'NONE',  ( 0.000000000000000000, 0.000000000000000000, -1.000000000000000000 ) ) ;
#850 = EDGE_CURVE ( 'NONE', #2983, #714, #1412, .T. ) ;
#851 = DIRECTION ( 'NONE',  ( 0.000000000000000000, -1.000000000000000000, 0.000000000000000000 ) ) ;
#852 = FACE_OUTER_BOUND ( 'NONE', #3095, .T. ) ;
#853 = ORIENTED_EDGE ( 'NONE', *, *, #3349, .T. ) ;
#854 = EDGE_LOOP ( 'NONE', ( #3968, #113, #3070, #601 ) ) ;
#855 = VECTOR ( 'NONE', #1566, 1000.000000000000000 ) ;
#856 = DIRECTION ( 'NONE',  ( 0.000000000000000000, 0.000000000000000000, 1.000000000000000000 ) ) ;
#857 = ORIENTED_EDGE ( 'NONE', *, *, #1549, .T. ) ;
#858 = FACE_OUTER_BOUND ( 'NONE', #2392, .T. ) ;
#859 = CIRCLE ( 'NONE', #304, 44.06899999999999551 ) ;
#860 = CYLINDRICAL_SURFACE ( 'NONE', #1736, 35.05199999999999250 ) ;
#861 = CIRCLE ( 'NONE', #4751, 1.524000000000001132 ) ;
#862 = DIRECTION ( 'NONE',  ( 0.000000000000000000, 4.858411868450000195E-16, 1.000000000000000000 ) ) ;
#863 = VERTEX_POINT ( 'NONE', #2075 ) ;
#864 = FACE_OUTER_BOUND ( 'NONE', #2741, .T. ) ;
#865 = AXIS2_PLACEMENT_3D ( 'NONE', #181, #2785, #1186 ) ;
#866 = CARTESIAN_POINT ( 'NONE',  ( -10.12102074360682202, 66.30871179283928996, 70.19128756447122441 ) ) ;
#867 = VERTEX_POINT ( 'NONE', #3567 ) ;
#868 = CIRCLE ( 'NONE', #160, 11.00000000000000000 ) ;
#869 = CARTESIAN_POINT ( 'NONE',  ( 68.79999999999999716, 30.38875224710000111, 158.0521743360000073 ) ) ;
#870 = CARTESIAN_POINT ( 'NONE',  ( 118.2999999999999972, -36.39456407650132519, 145.0553894042035381 ) ) ;
#871 = CARTESIAN_POINT ( 'NONE',  ( 121.2999999999999972, 34.33704187241826133, 145.0553894041403566 ) ) ;
#872 = VECTOR ( 'NONE', #4115, 1000.000000000000000 ) ;
#873 = DIRECTION ( 'NONE',  ( 0.000000000000000000, -1.000000000000000000, 0.000000000000000000 ) ) ;
#874 = VECTOR ( 'NONE', #2268, 1000.000000000000000 ) ;
#875 =( BOUNDED_SURFACE ( )  B_SPLINE_SURFACE ( 5, 3, ( 
 ( #169, #3206, #3990, #1739 ),
 ( #955, #3163, #4736, #2888 ),
 ( #1666, #4668, #1002, #4715 ),
 ( #2793, #932, #2816, #642 ),
 ( #4691, #3235, #2868, #4345 ),
 ( #2502, #1348, #1296, #3253 ) ),
 .UNSPECIFIED., .F., .F., .T. ) 
 B_SPLINE_SURFACE_WITH_KNOTS ( ( 6, 6 ),
 ( 4, 4 ),
 ( 0.000000000000000000, 4.712388980380000092 ),
 ( 0.000000000000000000, 1.000000000000000000 ),
 .UNSPECIFIED. ) 
 GEOMETRIC_REPRESENTATION_ITEM ( )  RATIONAL_B_SPLINE_SURFACE ( (
 ( 1.000000000000000000, 0.3333333333394045694, 0.3333333333394045694, 1.000000000000000000),
 ( 1.000000000000000000, 0.3333333333394045694, 0.3333333333394045694, 1.000000000000000000),
 ( 1.000000000000000000, 0.3333333333394045694, 0.3333333333394045694, 1.000000000000000000),
 ( 1.000000000000000000, 0.3333333333394045694, 0.3333333333394045694, 1.000000000000000000),
 ( 1.000000000000000000, 0.3333333333394045694, 0.3333333333394045694, 1.000000000000000000),
 ( 1.000000000000000000, 0.3333333333394045694, 0.3333333333394045694, 1.000000000000000000) ) ) 
 REPRESENTATION_ITEM ( '' )  SURFACE ( )  );
#876 = ORIENTED_EDGE ( 'NONE', *, *, #4785, .T. ) ;
#877 = DIRECTION ( 'NONE',  ( 0.000000000000000000, 0.000000000000000000, -1.000000000000000000 ) ) ;
#878 = DIRECTION ( 'NONE',  ( 1.000000000000000000, 0.000000000000000000, 0.000000000000000000 ) ) ;
#879 = CARTESIAN_POINT ( 'NONE',  ( 4.011088928257257713, 72.24327933142971858, 64.25667400881820868 ) ) ;
#880 = CARTESIAN_POINT ( 'NONE',  ( 34.17531719209999608, 30.38875224710000111, 91.49426821710001434 ) ) ;
#881 = ORIENTED_EDGE ( 'NONE', *, *, #389, .F. ) ;
#882 = VERTEX_POINT ( 'NONE', #901 ) ;
#883 = ORIENTED_EDGE ( 'NONE', *, *, #3888, .F. ) ;
#884 = DIRECTION ( 'NONE',  ( -3.601961136348409390E-18, 4.924345324791709848E-16, 1.000000000000000000 ) ) ;
#885 = CARTESIAN_POINT ( 'NONE',  ( 118.2999999999999972, -27.01894910739999744, 145.0553894040000102 ) ) ;
#886 = DIRECTION ( 'NONE',  ( 0.4794255386042041156, -0.8775825618903722036, 0.000000000000000000 ) ) ;
#887 = DIRECTION ( 'NONE',  ( 1.000000000000000000, 0.000000000000000000, 0.000000000000000000 ) ) ;
#888 = VERTEX_POINT ( 'NONE', #2764 ) ;
#889 = DIRECTION ( 'NONE',  ( 0.000000000000000000, -1.000000000000000000, 0.000000000000000000 ) ) ;
#890 = CARTESIAN_POINT ( 'NONE',  ( -10.97052117505181634, 61.19188014523727048, 75.30821282898247659 ) ) ;
#891 = EDGE_CURVE ( 'NONE', #3790, #3059, #927, .T. ) ;
#892 = ORIENTED_EDGE ( 'NONE', *, *, #2635, .F. ) ;
#893 = CARTESIAN_POINT ( 'NONE',  ( 48.00000000000000000, -1.314504061159999897E-13, 73.40600000000000591 ) ) ;
#894 = CARTESIAN_POINT ( 'NONE',  ( 119.2424777959999886, 36.39456407534566296, 154.4310043713492462 ) ) ;
#895 = EDGE_CURVE ( 'NONE', #4811, #26, #4254, .T. ) ;
#896 = DIRECTION ( 'NONE',  ( 5.434664880927569667E-29, 4.858411868449010174E-16, 1.000000000000000000 ) ) ;
#897 = ORIENTED_EDGE ( 'NONE', *, *, #3774, .T. ) ;
#898 = CARTESIAN_POINT ( 'NONE',  ( 7.691985872551913239, 54.13486884392406040, 82.36481843310757256 ) ) ;
#899 = CARTESIAN_POINT ( 'NONE',  ( 117.2999999999999972, 37.07291643210000842, 97.57852415689998793 ) ) ;
#900 = CARTESIAN_POINT ( 'NONE',  ( 8.500000000000000000, 62.00000000000000000, 108.5000000000000000 ) ) ;
#901 = CARTESIAN_POINT ( 'NONE',  ( -5.273680924649999824, 71.65340818079999963, 64.84659181920001458 ) ) ;
#902 = AXIS2_PLACEMENT_3D ( 'NONE', #178, #1674, #4248 ) ;
#903 = ORIENTED_EDGE ( 'NONE', *, *, #233, .T. ) ;
#904 = ORIENTED_EDGE ( 'NONE', *, *, #2287, .F. ) ;
#905 = CARTESIAN_POINT ( 'NONE',  ( 118.7999999999999972, -31.70675659180000139, 145.0553894040000102 ) ) ;
#906 = VECTOR ( 'NONE', #4762, 1000.000000000000000 ) ;
#907 = CARTESIAN_POINT ( 'NONE',  ( 68.79999999999999716, 30.38875224710000111, 140.0521743360000073 ) ) ;
#908 = EDGE_CURVE ( 'NONE', #4576, #524, #3040, .T. ) ;
#909 = FACE_OUTER_BOUND ( 'NONE', #4767, .T. ) ;
#910 = DIRECTION ( 'NONE',  ( -0.4794255386042040601, 0.8775825618903719816, 0.000000000000000000 ) ) ;
#911 = EDGE_LOOP ( 'NONE', ( #1690, #3447, #2597, #3853 ) ) ;
#912 = ORIENTED_EDGE ( 'NONE', *, *, #1393, .T. ) ;
#913 = EDGE_CURVE ( 'NONE', #442, #4722, #4319, .T. ) ;
#914 = CARTESIAN_POINT ( 'NONE',  ( -10.99202991288973585, 61.58131640434865517, 74.91868348300729963 ) ) ;
#915 = VERTEX_POINT ( 'NONE', #4685 ) ;
#916 = PERSON ( 'UNSPECIFIED', 'UNSPECIFIED', 'UNSPECIFIED', ('UNSPECIFIED'), ('UNSPECIFIED'), ('UNSPECIFIED') ) ;
#917 = CARTESIAN_POINT ( 'NONE',  ( 120.9309549879999963, -28.81146653330499063, 97.57852415690443593 ) ) ;
#918 = CARTESIAN_POINT ( 'NONE',  ( 0.000000000000000000, 0.000000000000000000, 0.000000000000000000 ) ) ;
#919 = VECTOR ( 'NONE', #3416, 1000.000000000000000 ) ;
#920 = DIRECTION ( 'NONE',  ( 0.000000000000000000, -1.000000000000000000, 0.000000000000000000 ) ) ;
#921 = CARTESIAN_POINT ( 'NONE',  ( 119.2424777960000171, 37.07291643260059288, 94.83247011006866956 ) ) ;
#922 = CIRCLE ( 'NONE', #3191, 44.06899999999999551 ) ;
#923 = CARTESIAN_POINT ( 'NONE',  ( 10.93501489215501721, 60.80607751223292468, 75.69392251648230285 ) ) ;
#924 = PLANE ( 'NONE',  #865 ) ;
#925 = ADVANCED_FACE ( 'NONE', ( #3544 ), #1733, .F. ) ;
#926 = CARTESIAN_POINT ( 'NONE',  ( 6.623282623586440820, 70.78830108993264503, 65.71165591805788608 ) ) ;
#927 = LINE ( 'NONE', #4732, #564 ) ;
#928 = VERTEX_POINT ( 'NONE', #4663 ) ;
#929 = VERTEX_POINT ( 'NONE', #1314 ) ;
#930 = DIRECTION ( 'NONE',  ( -0.4794255386042038936, 0.8775825618903722036, 0.000000000000000000 ) ) ;
#931 = FACE_OUTER_BOUND ( 'NONE', #770, .T. ) ;
#932 = CARTESIAN_POINT ( 'NONE',  ( 120.9309549879999963, -35.95875136166984731, 90.43123932898862449 ) ) ;
#933 = PLANE ( 'NONE',  #1093 ) ;
#934 = ORIENTED_EDGE ( 'NONE', *, *, #1907, .F. ) ;
#935 = EDGE_LOOP ( 'NONE', ( #269, #1583 ) ) ;
#936 = CARTESIAN_POINT ( 'NONE',  ( -9.338368197606056853, 67.81334164111325435, 68.68665754694912096 ) ) ;
#937 = CARTESIAN_POINT ( 'NONE',  ( -10.08128584893380975, 66.40094806869753086, 70.09905572972881771 ) ) ;
#938 = ORIENTED_EDGE ( 'NONE', *, *, #3846, .T. ) ;
#939 = CIRCLE ( 'NONE', #1797, 4.687807484369997724 ) ;
#940 = CARTESIAN_POINT ( 'NONE',  ( 64.79999999999999716, -38.67189004540000496, 158.0521743360000073 ) ) ;
#941 = CARTESIAN_POINT ( 'NONE',  ( 120.9309549879999963, -35.28039900558792397, 145.0553894040112084 ) ) ;
#942 = CC_DESIGN_SECURITY_CLASSIFICATION ( #4222, ( #1963 ) ) ;
#943 = CARTESIAN_POINT ( 'NONE',  ( 119.2424777960000171, 27.69730146292568307, 94.83247011019450667 ) ) ;
#944 = VECTOR ( 'NONE', #4019, 1000.000000000000000 ) ;
#945 = EDGE_CURVE ( 'NONE', #1811, #3209, #1341, .T. ) ;
#946 = CARTESIAN_POINT ( 'NONE',  ( 10.88563074175534950, 60.41599094322092611, 76.08379564636766190 ) ) ;
#947 = CARTESIAN_POINT ( 'NONE',  ( 0.000000000000000000, 0.000000000000000000, 123.1899999999999977 ) ) ;
#948 = CIRCLE ( 'NONE', #709, 35.05199999999999960 ) ;
#949 = CARTESIAN_POINT ( 'NONE',  ( 0.000000000000000000, 0.000000000000000000, 139.1920000000000073 ) ) ;
#950 = VECTOR ( 'NONE', #4036, 1000.000000000000000 ) ;
#951 = DIRECTION ( 'NONE',  ( 1.000000000000000000, 0.000000000000000000, 0.000000000000000000 ) ) ;
#952 = ORIENTED_EDGE ( 'NONE', *, *, #2040, .F. ) ;
#953 = CARTESIAN_POINT ( 'NONE',  ( 64.79999999999999716, -34.38875224709999401, 158.0521743360000073 ) ) ;
#954 = CARTESIAN_POINT ( 'NONE',  ( -5.273680924649999824, 35.82670409039999981, 64.84659181920001458 ) ) ;
#955 = CARTESIAN_POINT ( 'NONE',  ( 119.2424777960000029, -37.07291643261622482, 97.57852415673191615 ) ) ;
#956 = CARTESIAN_POINT ( 'NONE',  ( -5.851138187120000111, 34.38875224709999401, 102.4942682169999983 ) ) ;
#957 = VERTEX_POINT ( 'NONE', #2839 ) ;
#958 = DIRECTION ( 'NONE',  ( 0.000000000000000000, 0.000000000000000000, 1.000000000000000000 ) ) ;
#959 = DIRECTION ( 'NONE',  ( 1.000000000000000000, 0.000000000000000000, 0.000000000000000000 ) ) ;
#960 = ADVANCED_FACE ( 'NONE', ( #3961 ), #610, .T. ) ;
#961 = CARTESIAN_POINT ( 'NONE',  ( 21.12780406070000083, 38.67418591989999754, 107.1880000000000024 ) ) ;
#962 = CARTESIAN_POINT ( 'NONE',  ( -10.81477030238331594, 59.98983931024953620, 76.51019116267319475 ) ) ;
#963 = EDGE_CURVE ( 'NONE', #4420, #1387, #3921, .T. ) ;
#964 = ORIENTED_EDGE ( 'NONE', *, *, #808, .T. ) ;
#965 = CARTESIAN_POINT ( 'NONE',  ( 118.2999999999999972, 31.70675659180000139, 145.0553894040000102 ) ) ;
#966 = CARTESIAN_POINT ( 'NONE',  ( 119.2424777960000029, -27.01894910808914929, 145.0553894040756688 ) ) ;
#967 = EDGE_CURVE ( 'NONE', #1695, #1232, #2603, .T. ) ;
#968 = DIRECTION ( 'NONE',  ( 1.000000000000000000, 0.000000000000000000, 0.000000000000000000 ) ) ;
#969 = ADVANCED_FACE ( 'NONE', ( #1429 ), #4430, .F. ) ;
#970 = CARTESIAN_POINT ( 'NONE',  ( 11.00046485977667210, 61.99140271707092609, 74.50836407827161167 ) ) ;
#971 = CARTESIAN_POINT ( 'NONE',  ( 116.2999999999999972, 27.69730146339999877, 97.57852415689998793 ) ) ;
#972 = CARTESIAN_POINT ( 'NONE',  ( 10.78981464834948589, 64.14061803862146860, 72.35937573586599569 ) ) ;
#973 = CARTESIAN_POINT ( 'NONE',  ( 0.000000000000000000, 0.000000000000000000, 155.7713101510000229 ) ) ;
#974 = ORIENTED_EDGE ( 'NONE', *, *, #476, .T. ) ;
#975 = DIRECTION ( 'NONE',  ( 0.000000000000000000, -1.000000000000000000, 0.000000000000000000 ) ) ;
#976 = CARTESIAN_POINT ( 'NONE',  ( 121.3000000000000256, 29.75482366731280237, 102.8390947179422170 ) ) ;
#977 = EDGE_CURVE ( 'NONE', #2295, #3479, #3363, .T. ) ;
#978 = CARTESIAN_POINT ( 'NONE',  ( 32.17531719210000318, 34.38875224709999401, 102.4942682169999983 ) ) ;
#979 = DIRECTION ( 'NONE',  ( 0.000000000000000000, 0.000000000000000000, 1.000000000000000000 ) ) ;
#980 = ORIENTED_EDGE ( 'NONE', *, *, #3076, .T. ) ;
#981 = VECTOR ( 'NONE', #1829, 1000.000000000000000 ) ;
#982 = CARTESIAN_POINT ( 'NONE',  ( 119.2424777960000029, 36.39456407650151704, 145.0553894040000387 ) ) ;
#983 = EDGE_CURVE ( 'NONE', #2185, #1468, #1967, .T. ) ;
#984 = CARTESIAN_POINT ( 'NONE',  ( 120.1858349299999986, -36.02551906420062267, 145.0553894042567720 ) ) ;
#985 = FACE_OUTER_BOUND ( 'NONE', #2387, .T. ) ;
#986 = CARTESIAN_POINT ( 'NONE',  ( -10.84754167826557847, 60.17345015523257956, 76.32653116940423388 ) ) ;
#987 = ORIENTED_EDGE ( 'NONE', *, *, #2093, .T. ) ;
#988 = VERTEX_POINT ( 'NONE', #2581 ) ;
#989 = DIRECTION ( 'NONE',  ( 0.000000000000000000, 1.000000000000000000, 0.000000000000000000 ) ) ;
#990 = APPROVAL_STATUS ( 'not_yet_approved' ) ;
#991 = CARTESIAN_POINT ( 'NONE',  ( 0.000000000000000000, 0.000000000000000000, 63.50000000000000000 ) ) ;
#992 = CARTESIAN_POINT ( 'NONE',  ( 120.9309549879999963, 30.29171768821041155, 94.00488174200620506 ) ) ;
#993 = CARTESIAN_POINT ( 'NONE',  ( 10.82255309235364749, 63.96790614159829147, 72.53206838741762397 ) ) ;
#994 = CARTESIAN_POINT ( 'NONE',  ( 4.875235120806805433, 52.12891988450124359, 84.37108011549939590 ) ) ;
#995 = CARTESIAN_POINT ( 'NONE',  ( 10.35506585899223531, 65.71145945324660431, 70.78853638272731530 ) ) ;
#996 = CARTESIAN_POINT ( 'NONE',  ( 118.2999999999999972, -37.07291643210000842, 97.57852415689998793 ) ) ;
#997 = AXIS2_PLACEMENT_3D ( 'NONE', #344, #1130, #3724 ) ;
#998 = ORIENTED_EDGE ( 'NONE', *, *, #3526, .T. ) ;
#999 = EDGE_CURVE ( 'NONE', #4023, #4274, #3661, .T. ) ;
#1000 = FACE_BOUND ( 'NONE', #4624, .T. ) ;
#1001 = CARTESIAN_POINT ( 'NONE',  ( -7.191383079059999517, 75.16373842840000918, 120.5000000000000000 ) ) ;
#1002 = CARTESIAN_POINT ( 'NONE',  ( 120.1858349299999844, -28.06634647510241720, 88.94099921215779148 ) ) ;
#1003 = CARTESIAN_POINT ( 'NONE',  ( -31.65516295769999644, 15.92727727950000371, 91.49426821710000013 ) ) ;
#1004 = ORIENTED_EDGE ( 'NONE', *, *, #4549, .F. ) ;
#1005 = FACE_OUTER_BOUND ( 'NONE', #3822, .T. ) ;
#1006 = DIRECTION ( 'NONE',  ( 1.000000000000000000, 0.000000000000000000, 0.000000000000000000 ) ) ;
#1007 = CARTESIAN_POINT ( 'NONE',  ( -10.93460306394783288, 63.19769237164079811, 73.30230767394765223 ) ) ;
#1008 = ORIENTED_EDGE ( 'NONE', *, *, #1264, .T. ) ;
#1009 = ORIENTED_EDGE ( 'NONE', *, *, #216, .F. ) ;
#1011 = CARTESIAN_POINT ( 'NONE',  ( 68.79999999999999716, -38.67189004540000496, 151.0521743360000073 ) ) ;
#1010 = AXIS2_PLACEMENT_3D ( 'NONE', #953, #1366, #2500 ) ;
#1012 = DIRECTION ( 'NONE',  ( -0.000000000000000000, 1.000000000000000000, 0.000000000000000000 ) ) ;
#1013 = AXIS2_PLACEMENT_3D ( 'NONE', #2364, #4626, #1193 ) ;
#1014 = AXIS2_PLACEMENT_3D ( 'NONE', #2707, #4202, #3107 ) ;
#1015 = CARTESIAN_POINT ( 'NONE',  ( 10.90219457995065788, 60.53262173167135529, 75.96727535011702059 ) ) ;
#1016 = CARTESIAN_POINT ( 'NONE',  ( 0.000000000000000000, 0.000000000000000000, 121.5389999999999873 ) ) ;
#1017 = ORGANIZATION ( 'UNSPECIFIED', 'UNSPECIFIED', '' ) ;
#1018 = CARTESIAN_POINT ( 'NONE',  ( 8.785640543697127214, 68.61910946009949441, 67.88089014312679126 ) ) ;
#1019 = CARTESIAN_POINT ( 'NONE',  ( -16.80482397919999826, 30.76102395939999923, 97.53600000000000136 ) ) ;
#1020 = ORIENTED_EDGE ( 'NONE', *, *, #333, .T. ) ;
#1021 = CIRCLE ( 'NONE', #2514, 35.05199999999999960 ) ;
#1022 = DIRECTION ( 'NONE',  ( 0.000000000000000000, 1.000000000000000000, 0.000000000000000000 ) ) ;
#1023 = AXIS2_PLACEMENT_3D ( 'NONE', #3446, #3868, #92 ) ;
#1024 = LINE ( 'NONE', #3595, #1053 ) ;
#1025 = CARTESIAN_POINT ( 'NONE',  ( 121.3000000000000114, 0.000000000000000000, 0.000000000000000000 ) ) ;
#1026 = CARTESIAN_POINT ( 'NONE',  ( -25.51586812609999910, 25.06650251020000297, 91.49426821710000013 ) ) ;
#1027 = EDGE_CURVE ( 'NONE', #4240, #2919, #479, .T. ) ;
#1028 = VECTOR ( 'NONE', #11, 1000.000000000000000 ) ;
#1029 = ORIENTED_EDGE ( 'NONE', *, *, #4314, .T. ) ;
#1030 = CARTESIAN_POINT ( 'NONE',  ( 24.00000000000000000, 1.705302565819999782E-13, 54.60999999999999943 ) ) ;
#1031 = VECTOR ( 'NONE', #840, 1000.000000000000000 ) ;
#1032 = CARTESIAN_POINT ( 'NONE',  ( -9.382831536734293820, 67.74146615737494415, 68.75852982428304472 ) ) ;
#1033 = CARTESIAN_POINT ( 'NONE',  ( -10.97985508551126799, 61.25850506859944034, 75.24149520197607899 ) ) ;
#1034 = ORIENTED_EDGE ( 'NONE', *, *, #1063, .F. ) ;
#1035 = VERTEX_POINT ( 'NONE', #4079 ) ;
#1036 = CARTESIAN_POINT ( 'NONE',  ( 64.79999999999999716, 38.67189004540000496, 145.5521743360000073 ) ) ;
#1037 = CARTESIAN_POINT ( 'NONE',  ( 121.3000000000000114, -29.07647131143882646, 145.0553894039529723 ) ) ;
#1038 = CARTESIAN_POINT ( 'NONE',  ( 4.343450483592143918, 72.10616329968381422, 64.39379037669851868 ) ) ;
#1039 = DIRECTION ( 'NONE',  ( 0.000000000000000000, 0.000000000000000000, -1.000000000000000000 ) ) ;
#1040 = EDGE_CURVE ( 'NONE', #1997, #2948, #1655, .T. ) ;
#1041 = CARTESIAN_POINT ( 'NONE',  ( 10.99954518935290615, 61.87973044557615765, 74.62031881236096353 ) ) ;
#1042 = DIRECTION ( 'NONE',  ( 0.000000000000000000, 4.858411868450000195E-16, 1.000000000000000000 ) ) ;
#1043 = ORIENTED_EDGE ( 'NONE', *, *, #3313, .T. ) ;
#1044 = CYLINDRICAL_SURFACE ( 'NONE', #225, 1.523999999999997579 ) ;
#1045 = CARTESIAN_POINT ( 'NONE',  ( 121.3000000000000114, 35.01539422833577220, 97.57852415690251746 ) ) ;
#1046 = CARTESIAN_POINT ( 'NONE',  ( -0.4493656158450000104, -3.422993009330000670E-17, 145.5521743360000073 ) ) ;
#1047 = FACE_OUTER_BOUND ( 'NONE', #4599, .T. ) ;
#1048 = ORIENTED_EDGE ( 'NONE', *, *, #3481, .T. ) ;
#1049 = EDGE_CURVE ( 'NONE', #714, #2139, #2220, .T. ) ;
#1050 = DIRECTION ( 'NONE',  ( 0.000000000000000000, 0.000000000000000000, 1.000000000000000000 ) ) ;
#1051 = CARTESIAN_POINT ( 'NONE',  ( -5.273680924649999824, 71.65340818079999963, 64.84659181920001458 ) ) ;
#1052 = CARTESIAN_POINT ( 'NONE',  ( -7.609414202996598320, 54.05664778380830171, 82.44335219985616448 ) ) ;
#1053 = VECTOR ( 'NONE', #3965, 1000.000000000000000 ) ;
#1054 = ORIENTED_EDGE ( 'NONE', *, *, #4089, .T. ) ;
#1055 = ORIENTED_EDGE ( 'NONE', *, *, #552, .F. ) ;
#1056 = AXIS2_PLACEMENT_3D ( 'NONE', #1192, #3767, #4468 ) ;
#1057 = CARTESIAN_POINT ( 'NONE',  ( -9.481642748984098645, 56.42001589629970937, 80.08002041545148586 ) ) ;
#1058 = CARTESIAN_POINT ( 'NONE',  ( 9.869992504455748161, 66.85664629136390147, 69.64332298743508431 ) ) ;
#1059 = CARTESIAN_POINT ( 'NONE',  ( 68.79999999999999716, -38.67189004540000496, 145.5521743360000073 ) ) ;
#1060 = CARTESIAN_POINT ( 'NONE',  ( 9.703089027753341256, 67.18176291013828916, 69.31823585132620735 ) ) ;
#1061 = CARTESIAN_POINT ( 'NONE',  ( -22.05357477580000136, 40.36879784700000329, 170.0000000000000000 ) ) ;
#1062 = ORIENTED_EDGE ( 'NONE', *, *, #1424, .T. ) ;
#1063 = EDGE_CURVE ( 'NONE', #542, #1695, #3532, .T. ) ;
#1064 = CARTESIAN_POINT ( 'NONE',  ( 1.272593141980000032E-14, 73.00000000000000000, 63.50000000000000000 ) ) ;
#1065 = DIRECTION ( 'NONE',  ( 1.000000000000000000, 0.000000000000000000, 0.000000000000000000 ) ) ;
#1066 = EDGE_CURVE ( 'NONE', #836, #2926, #4363, .T. ) ;
#1067 = DIRECTION ( 'NONE',  ( 1.000000000000000000, 0.000000000000000000, 0.000000000000000000 ) ) ;
#1068 = VECTOR ( 'NONE', #4720, 1000.000000000000000 ) ;
#1069 = CARTESIAN_POINT ( 'NONE',  ( 120.1858349299999986, -32.38510894777125770, 101.8972866292114219 ) ) ;
#1070 = CARTESIAN_POINT ( 'NONE',  ( 0.000000000000000000, 62.00000000000000000, 117.3923048449999982 ) ) ;
#1071 = EDGE_LOOP ( 'NONE', ( #1589, #1212, #363, #4012 ) ) ;
#1072 = AXIS2_PLACEMENT_3D ( 'NONE', #1672, #4356, #2146 ) ;
#1073 = DIRECTION ( 'NONE',  ( 1.000000000000000000, 0.000000000000000000, 0.000000000000000000 ) ) ;
#1074 = CARTESIAN_POINT ( 'NONE',  ( -7.778555056856729877, 54.22166507251549916, 82.27829042774617108 ) ) ;
#1075 = DIRECTION ( 'NONE',  ( 0.000000000000000000, 1.000000000000000000, 0.000000000000000000 ) ) ;
#1076 = ORIENTED_EDGE ( 'NONE', *, *, #3547, .F. ) ;
#1077 = VERTEX_POINT ( 'NONE', #659 ) ;
#1078 = CARTESIAN_POINT ( 'NONE',  ( -4.287410124420052426, 51.86994386357821440, 84.63008166919817654 ) ) ;
#1079 = ADVANCED_FACE ( 'NONE', ( #1452 ), #696, .T. ) ;
#1080 = CARTESIAN_POINT ( 'NONE',  ( 9.829532073787738966, 66.93827947584554749, 69.56161492851690298 ) ) ;
#1081 = ADVANCED_FACE ( 'NONE', ( #326 ), #2152, .F. ) ;
#1082 = CARTESIAN_POINT ( 'NONE',  ( -16.37664289539999984, -31.20579734180000031, 91.49426821710001434 ) ) ;
#1083 = CARTESIAN_POINT ( 'NONE',  ( 10.93636108619947045, 60.81846759350538179, 75.68153291126536431 ) ) ;
#1084 = AXIS2_PLACEMENT_3D ( 'NONE', #3089, #884, #930 ) ;
#1085 = CARTESIAN_POINT ( 'NONE',  ( 66.79999999999999716, -38.67189004540000496, 91.49426821710001434 ) ) ;
#1086 = ORIENTED_EDGE ( 'NONE', *, *, #3202, .F. ) ;
#1087 = AXIS2_PLACEMENT_3D ( 'NONE', #374, #3368, #14 ) ;
#1088 = LINE ( 'NONE', #4480, #1306 ) ;
#1089 = DIRECTION ( 'NONE',  ( 0.000000000000000000, 1.000000000000000000, 0.000000000000000000 ) ) ;
#1090 = DIRECTION ( 'NONE',  ( 1.000000000000000000, 0.000000000000000000, 0.000000000000000000 ) ) ;
#1091 = CARTESIAN_POINT ( 'NONE',  ( 24.00000000000000000, -4.762500000000000178, 35.05199999999999960 ) ) ;
#1092 = CARTESIAN_POINT ( 'NONE',  ( 0.000000000000000000, 0.000000000000000000, 135.8900000000000148 ) ) ;
#1093 = AXIS2_PLACEMENT_3D ( 'NONE', #1689, #2524, #3945 ) ;
#1094 = EDGE_LOOP ( 'NONE', ( #753, #3541, #517, #414 ) ) ;
#1095 = AXIS2_PLACEMENT_3D ( 'NONE', #515, #2010, #3493 ) ;
#1096 = CARTESIAN_POINT ( 'NONE',  ( 117.2999999999999972, -37.07291643210000842, 97.57852415689998793 ) ) ;
#1097 = VECTOR ( 'NONE', #3906, 1000.000000000000000 ) ;
#1098 = AXIS2_PLACEMENT_3D ( 'NONE', #4458, #1407, #1383 ) ;
#1099 = CARTESIAN_POINT ( 'NONE',  ( -9.104819145536003688, 55.79898064864983098, 80.70037695361561703 ) ) ;
#1100 = FACE_BOUND ( 'NONE', #503, .T. ) ;
#1101 = ORIENTED_EDGE ( 'NONE', *, *, #1319, .T. ) ;
#1102 = ORIENTED_EDGE ( 'NONE', *, *, #1694, .F. ) ;
#1103 = EDGE_CURVE ( 'NONE', #3458, #4644, #239, .T. ) ;
#1104 = CARTESIAN_POINT ( 'NONE',  ( -7.576107764970611669, 54.02487129532061516, 82.47512985490439519 ) ) ;
#1105 = CARTESIAN_POINT ( 'NONE',  ( 121.3000000000000114, 30.01894910762306523, 141.6797744356247222 ) ) ;
#1106 = CARTESIAN_POINT ( 'NONE',  ( 4.816392653539517177, 71.89178499248006915, 64.60829711216288729 ) ) ;
#1107 = DIRECTION ( 'NONE',  ( 0.000000000000000000, 0.000000000000000000, 1.000000000000000000 ) ) ;
#1108 = CARTESIAN_POINT ( 'NONE',  ( 10.12102074383847850, 57.69128820775518562, 78.80871243498488354 ) ) ;
#1109 = EDGE_CURVE ( 'NONE', #2788, #1232, #3146, .T. ) ;
#1110 = ADVANCED_FACE ( 'NONE', ( #2518 ), #4011, .T. ) ;
#1111 = FACE_OUTER_BOUND ( 'NONE', #1238, .T. ) ;
#1112 = ORIENTED_EDGE ( 'NONE', *, *, #2691, .T. ) ;
#1113 = CARTESIAN_POINT ( 'NONE',  ( -31.65516295769999644, -15.92727727950000371, 91.49426821710001434 ) ) ;
#1114 = DIRECTION ( 'NONE',  ( 1.000000000000000000, 0.000000000000000000, 0.000000000000000000 ) ) ;
#1115 = CARTESIAN_POINT ( 'NONE',  ( -1.869664790729926640, 72.84251778996645044, 63.65782303954921417 ) ) ;
#1116 = CARTESIAN_POINT ( 'NONE',  ( 119.2424777960000029, -32.38510894776017324, 102.2663316413043191 ) ) ;
#1117 = LINE ( 'NONE', #3303, #311 ) ;
#1118 = ORIENTED_EDGE ( 'NONE', *, *, #3328, .T. ) ;
#1119 = CARTESIAN_POINT ( 'NONE',  ( -28.02539504780000001, -14.07466254490000068, 91.49426821710001434 ) ) ;
#1120 = FACE_OUTER_BOUND ( 'NONE', #3079, .T. ) ;
#1121 = CARTESIAN_POINT ( 'NONE',  ( -34.83811786289999901, 5.401772571280000435, 91.49426821710001434 ) ) ;
#1122 = CARTESIAN_POINT ( 'NONE',  ( -9.996273696959999455, 29.45148673799999983, 102.4942682169999983 ) ) ;
#1123 = VERTEX_POINT ( 'NONE', #2536 ) ;
#1124 = VERTEX_POINT ( 'NONE', #4030 ) ;
#1125 = ADVANCED_FACE ( 'NONE', ( #1111 ), #1779, .F. ) ;
#1126 = CARTESIAN_POINT ( 'NONE',  ( -6.367063871709071066, 53.02455524056756531, 83.47544398205833716 ) ) ;
#1127 = LINE ( 'NONE', #3019, #1659 ) ;
#1128 = AXIS2_PLACEMENT_3D ( 'NONE', #4258, #45, #3036 ) ;
#1129 = AXIS2_PLACEMENT_3D ( 'NONE', #4344, #4368, #2522 ) ;
#1130 = DIRECTION ( 'NONE',  ( 0.000000000000000000, 0.000000000000000000, 1.000000000000000000 ) ) ;
#1131 = CARTESIAN_POINT ( 'NONE',  ( -0.4493656158450000104, -30.38875224710000111, 91.49426821710000013 ) ) ;
#1132 = B_SPLINE_CURVE_WITH_KNOTS ( 'NONE', 5,
 ( #602, #2092, #917, #4676, #3150, #1721 ),
 .UNSPECIFIED., .F., .F.,
 ( 6, 6 ),
 ( 0.000000000000000000, 1.000000000000000000 ),
 .UNSPECIFIED. ) ;
#1133 = CARTESIAN_POINT ( 'NONE',  ( 10.97946012254316095, 61.31532034947788645, 75.18461935425548859 ) ) ;
#1134 = FACE_OUTER_BOUND ( 'NONE', #4701, .T. ) ;
#1135 = ORIENTED_EDGE ( 'NONE', *, *, #4432, .T. ) ;
#1136 = CARTESIAN_POINT ( 'NONE',  ( -2.820371580278118628, 72.63230140286951553, 63.86770525961873801 ) ) ;
#1137 = CARTESIAN_POINT ( 'NONE',  ( 64.79999999999999716, 38.67189004540000496, 91.49426821710001434 ) ) ;
#1138 = CARTESIAN_POINT ( 'NONE',  ( -2.780687402270439534, 72.64274234544950559, 63.85727163441709564 ) ) ;
#1139 = PLANE ( 'NONE',  #4616 ) ;
#1140 = DIRECTION ( 'NONE',  ( 0.000000000000000000, 0.000000000000000000, 1.000000000000000000 ) ) ;
#1141 = ORIENTED_EDGE ( 'NONE', *, *, #4199, .T. ) ;
#1142 = CARTESIAN_POINT ( 'NONE',  ( -5.222819656400000454, -30.38875224710000111, 91.49426821710001434 ) ) ;
#1143 = CYLINDRICAL_SURFACE ( 'NONE', #4407, 4.762500000000000178 ) ;
#1144 = PLANE ( 'NONE',  #4159 ) ;
#1145 = DIRECTION ( 'NONE',  ( 1.000000000000000000, 0.000000000000000000, 0.000000000000000000 ) ) ;
#1146 = EDGE_LOOP ( 'NONE', ( #2329, #1292, #802, #4518 ) ) ;
#1147 = CIRCLE ( 'NONE', #4042, 35.05199999999999960 ) ;
#1148 = VERTEX_POINT ( 'NONE', #4583 ) ;
#1149 = CARTESIAN_POINT ( 'NONE',  ( -9.609449493028410672, 56.64574237637317822, 79.85426983558819813 ) ) ;
#1150 = CC_DESIGN_PERSON_AND_ORGANIZATION_ASSIGNMENT ( #507, #3045, ( #1516 ) ) ;
#1151 = CARTESIAN_POINT ( 'NONE',  ( 121.3000000000000114, 29.07647131143364660, 139.7948188433014707 ) ) ;
#1152 = LINE ( 'NONE', #2316, #3420 ) ;
#1153 = CARTESIAN_POINT ( 'NONE',  ( 48.00000000000000000, 4.762500000000000178, 35.05199999999999960 ) ) ;
#1154 = CARTESIAN_POINT ( 'NONE',  ( 6.933658173578297834, 53.46040198447369107, 83.03958277043784619 ) ) ;
#1155 = CARTESIAN_POINT ( 'NONE',  ( 0.000000000000000000, -17.52599999999999980, 9.144000000000000128 ) ) ;
#1156 = ORIENTED_EDGE ( 'NONE', *, *, #2809, .T. ) ;
#1157 = CARTESIAN_POINT ( 'NONE',  ( -21.12780406070000083, -38.67418591989999754, 91.18600000000000705 ) ) ;
#1158 = FACE_OUTER_BOUND ( 'NONE', #2207, .T. ) ;
#1159 = AXIS2_PLACEMENT_3D ( 'NONE', #4461, #3733, #1065 ) ;
#1160 = EDGE_CURVE ( 'NONE', #3771, #2636, #3388, .T. ) ;
#1161 = DIRECTION ( 'NONE',  ( -0.4794255386042040601, -0.8775825618903719816, 0.000000000000000000 ) ) ;
#1162 = CARTESIAN_POINT ( 'NONE',  ( 48.00000000000000000, 17.52599999999999980, 9.144000000000000128 ) ) ;
#1163 = CARTESIAN_POINT ( 'NONE',  ( 0.000000000000000000, 62.00000000000000000, 92.75000000000000000 ) ) ;
#1164 = AXIS2_PLACEMENT_3D ( 'NONE', #2027, #159, #1658 ) ;
#1165 = ORIENTED_EDGE ( 'NONE', *, *, #4727, .F. ) ;
#1166 = LINE ( 'NONE', #409, #2340 ) ;
#1167 = ORIENTED_EDGE ( 'NONE', *, *, #1597, .T. ) ;
#1168 = CARTESIAN_POINT ( 'NONE',  ( 16.80482397919999826, -30.76102395939999923, 97.53600000000000136 ) ) ;
#1169 = EDGE_CURVE ( 'NONE', #1124, #4576, #4002, .T. ) ;
#1170 = CARTESIAN_POINT ( 'NONE',  ( 0.000000000000000000, 0.000000000000000000, 121.5389999999999873 ) ) ;
#1171 = CARTESIAN_POINT ( 'NONE',  ( 66.79999999999999716, 38.67189004540000496, 102.4942682169999983 ) ) ;
#1172 = VERTEX_POINT ( 'NONE', #4529 ) ;
#1173 = ORIENTED_EDGE ( 'NONE', *, *, #3657, .T. ) ;
#1174 = CONICAL_SURFACE ( 'NONE', #3919, 9.000000000000001776, 1.308996938999999804 ) ;
#1175 = AXIS2_PLACEMENT_3D ( 'NONE', #2946, #4775, #3683 ) ;
#1176 = CARTESIAN_POINT ( 'NONE',  ( -10.81245076976691522, 59.97739541958070220, 76.52260473236914606 ) ) ;
#1177 = DIRECTION ( 'NONE',  ( 0.000000000000000000, 1.000000000000000000, 0.000000000000000000 ) ) ;
#1178 = DIRECTION ( 'NONE',  ( 0.000000000000000000, 0.000000000000000000, -1.000000000000000000 ) ) ;
#1179 = CARTESIAN_POINT ( 'NONE',  ( 121.2999999999999972, -30.71806185792224042, 143.3675819193372263 ) ) ;
#1180 = PLANE ( 'NONE',  #1607 ) ;
#1181 = VECTOR ( 'NONE', #3697, 1000.000000000000000 ) ;
#1182 = CARTESIAN_POINT ( 'NONE',  ( 0.000000000000000000, 0.000000000000000000, 155.7713101510000229 ) ) ;
#1183 = VERTEX_POINT ( 'NONE', #2380 ) ;
#1184 = CARTESIAN_POINT ( 'NONE',  ( 121.3000000000000114, 30.69730146340000232, 97.57852415689998793 ) ) ;
#1185 = EDGE_CURVE ( 'NONE', #4629, #4420, #3440, .T. ) ;
#1186 = DIRECTION ( 'NONE',  ( 0.000000000000000000, 0.000000000000000000, 1.000000000000000000 ) ) ;
#1187 = DIRECTION ( 'NONE',  ( 0.000000000000000000, 4.858411868450000195E-16, 1.000000000000000000 ) ) ;
#1188 = DIRECTION ( 'NONE',  ( -1.000000000000000000, 0.000000000000000000, 0.000000000000000000 ) ) ;
#1189 = ORIENTED_EDGE ( 'NONE', *, *, #1463, .F. ) ;
#1190 = ORIENTED_EDGE ( 'NONE', *, *, #891, .T. ) ;
#1191 = PLANE ( 'NONE',  #3654 ) ;
#1192 = CARTESIAN_POINT ( 'NONE',  ( -3.552713678799999608E-15, 2.664535259099999805E-15, 119.8879999999999910 ) ) ;
#1193 = DIRECTION ( 'NONE',  ( 1.000000000000000000, 0.000000000000000000, 0.000000000000000000 ) ) ;
#1194 = CARTESIAN_POINT ( 'NONE',  ( -0.4493656158450000104, -30.38875224710000111, 102.4942682169999983 ) ) ;
#1195 = ORIENTED_EDGE ( 'NONE', *, *, #945, .T. ) ;
#1196 = VERTEX_POINT ( 'NONE', #1155 ) ;
#1197 = CARTESIAN_POINT ( 'NONE',  ( -10.23188301169186154, 66.03889937892077455, 70.46107007368233610 ) ) ;
#1198 = CARTESIAN_POINT ( 'NONE',  ( 121.3000000000000114, 29.07647131143886554, 145.0553894040026250 ) ) ;
#1199 = ADVANCED_FACE ( 'NONE', ( #2676 ), #57, .T. ) ;
#1200 = CARTESIAN_POINT ( 'NONE',  ( 64.79999999999999716, 36.53032114620000215, 140.0521743360000073 ) ) ;
#1201 = PERSON_AND_ORGANIZATION ( #916, #1017 ) ;
#1202 = FACE_OUTER_BOUND ( 'NONE', #1513, .T. ) ;
#1203 = CYLINDRICAL_SURFACE ( 'NONE', #2157, 15.00000000000001066 ) ;
#1204 = DIRECTION ( 'NONE',  ( 0.000000000000000000, 0.000000000000000000, 1.000000000000000000 ) ) ;
#1205 = AXIS2_PLACEMENT_3D ( 'NONE', #949, #2028, #2763 ) ;
#1206 = ORIENTED_EDGE ( 'NONE', *, *, #3943, .F. ) ;
#1207 = DIRECTION ( 'NONE',  ( 0.000000000000000000, 1.000000000000000000, 0.000000000000000000 ) ) ;
#1208 = DIRECTION ( 'NONE',  ( 0.000000000000000000, 1.000000000000000000, 0.000000000000000000 ) ) ;
#1209 = CARTESIAN_POINT ( 'NONE',  ( 3.455475654141402231, 72.44463856579440630, 64.05526700358770142 ) ) ;
#1210 = CIRCLE ( 'NONE', #3561, 37.59199999999999875 ) ;
#1211 = LINE ( 'NONE', #3761, #2662 ) ;
#1212 = ORIENTED_EDGE ( 'NONE', *, *, #1040, .T. ) ;
#1213 = EDGE_CURVE ( 'NONE', #714, #2983, #2371, .T. ) ;
#1214 = EDGE_LOOP ( 'NONE', ( #3143, #551 ) ) ;
#1215 = ORIENTED_EDGE ( 'NONE', *, *, #2998, .T. ) ;
#1216 = EDGE_CURVE ( 'NONE', #1322, #4644, #1231, .T. ) ;
#1217 = DIRECTION ( 'NONE',  ( 0.000000000000000000, 0.000000000000000000, -1.000000000000000000 ) ) ;
#1218 = DIRECTION ( 'NONE',  ( 0.000000000000000000, -1.000000000000000000, 0.000000000000000000 ) ) ;
#1219 = DIRECTION ( 'NONE',  ( 1.000000000000000000, 0.000000000000000000, 0.000000000000000000 ) ) ;
#1220 = PLANE ( 'NONE',  #2971 ) ;
#1221 = ORIENTED_EDGE ( 'NONE', *, *, #2254, .T. ) ;
#1222 = ORIENTED_EDGE ( 'NONE', *, *, #4293, .T. ) ;
#1223 = CARTESIAN_POINT ( 'NONE',  ( -11.00112978590526325, 61.91964893805406689, 74.58027964328039161 ) ) ;
#1224 = VECTOR ( 'NONE', #3106, 1000.000000000000000 ) ;
#1225 = ORIENTED_EDGE ( 'NONE', *, *, #4549, .T. ) ;
#1226 = DIRECTION ( 'NONE',  ( 0.4794255386042041156, -0.8775825618903722036, 0.000000000000000000 ) ) ;
#1227 = APPLICATION_PROTOCOL_DEFINITION ( 'international standard', 'config_control_design', 1994, #2837 ) ;
#1228 = CARTESIAN_POINT ( 'NONE',  ( 24.00000000000000000, -4.762500000000000178, 54.60999999999999943 ) ) ;
#1229 = FACE_OUTER_BOUND ( 'NONE', #1094, .T. ) ;
#1230 = EDGE_CURVE ( 'NONE', #2250, #4206, #2294, .T. ) ;
#1231 = LINE ( 'NONE', #1947, #2130 ) ;
#1232 = VERTEX_POINT ( 'NONE', #1921 ) ;
#1233 = EDGE_CURVE ( 'NONE', #4065, #2760, #6, .T. ) ;
#1234 = DIRECTION ( 'NONE',  ( 1.000000000000000000, 0.000000000000000000, 0.000000000000000000 ) ) ;
#1235 = CARTESIAN_POINT ( 'NONE',  ( 48.00000000000000000, -16.00199999999999889, 71.88200000000000500 ) ) ;
#1236 = DIRECTION ( 'NONE',  ( 0.000000000000000000, 0.000000000000000000, -1.000000000000000000 ) ) ;
#1237 = DIRECTION ( 'NONE',  ( 0.000000000000000000, -5.517395558850000240E-16, -1.000000000000000000 ) ) ;
#1238 = EDGE_LOOP ( 'NONE', ( #4325, #881, #2720, #4431 ) ) ;
#1239 = ORIENTED_EDGE ( 'NONE', *, *, #1343, .F. ) ;
#1240 = ORIENTED_EDGE ( 'NONE', *, *, #1216, .T. ) ;
#1241 = VECTOR ( 'NONE', #3815, 1000.000000000000000 ) ;
#1242 = CARTESIAN_POINT ( 'NONE',  ( -0.4493656158450000104, 34.38875224709999401, 102.4942682169999983 ) ) ;
#1243 = EDGE_CURVE ( 'NONE', #4545, #1376, #4173, .T. ) ;
#1244 = DIRECTION ( 'NONE',  ( 0.000000000000000000, 0.000000000000000000, -1.000000000000000000 ) ) ;
#1245 = CARTESIAN_POINT ( 'NONE',  ( 117.2999999999999972, -27.69730146339999877, 97.57852415689998793 ) ) ;
#1246 = VECTOR ( 'NONE', #30, 1000.000000000000000 ) ;
#1247 = CARTESIAN_POINT ( 'NONE',  ( 0.000000000000000000, 0.000000000000000000, 74.50000000000000000 ) ) ;
#1248 = EDGE_LOOP ( 'NONE', ( #334, #1936, #2567, #1249 ) ) ;
#1249 = ORIENTED_EDGE ( 'NONE', *, *, #1216, .F. ) ;
#1250 = EDGE_CURVE ( 'NONE', #3090, #2653, #819, .T. ) ;
#1251 = CARTESIAN_POINT ( 'NONE',  ( -10.99812297183266274, 62.20387537811022582, 74.29611146850966463 ) ) ;
#1252 = VERTEX_POINT ( 'NONE', #3862 ) ;
#1253 = AXIS2_PLACEMENT_3D ( 'NONE', #4037, #685, #1435 ) ;
#1254 = ADVANCED_FACE ( 'NONE', ( #3078, #1134 ), #3023, .T. ) ;
#1255 = DIRECTION ( 'NONE',  ( 0.000000000000000000, 0.000000000000000000, -1.000000000000000000 ) ) ;
#1256 = CARTESIAN_POINT ( 'NONE',  ( 120.1858349299999986, -27.38799411948826545, 142.5255169201595606 ) ) ;
#1257 = CARTESIAN_POINT ( 'NONE',  ( 118.2999999999999829, 27.01894910808091410, 154.4310043712625600 ) ) ;
#1258 = VECTOR ( 'NONE', #3742, 1000.000000000000000 ) ;
#1259 = DIRECTION ( 'NONE',  ( 0.000000000000000000, 0.000000000000000000, 1.000000000000000000 ) ) ;
#1260 = AXIS2_PLACEMENT_3D ( 'NONE', #3706, #3339, #4101 ) ;
#1261 = ORIENTED_EDGE ( 'NONE', *, *, #2698, .F. ) ;
#1262 = CARTESIAN_POINT ( 'NONE',  ( 48.00000000000000000, 16.00199999999999889, 7.620000000000000107 ) ) ;
#1263 = CARTESIAN_POINT ( 'NONE',  ( 118.2999999999999972, 36.39456407619999823, 145.0553894040000102 ) ) ;
#1264 = EDGE_CURVE ( 'NONE', #4364, #2116, #846, .T. ) ;
#1265 = CLOSED_SHELL ( 'NONE', ( #1961, #1582, #258, #1081, #1778, #3183, #4095, #473, #2493, #4492, #4401, #4792, #1461, #3585, #925, #3563 ) ) ;
#1266 = CARTESIAN_POINT ( 'NONE',  ( 6.367063872304889571, 70.97544475890964577, 65.52455601835900723 ) ) ;
#1267 = CARTESIAN_POINT ( 'NONE',  ( -21.12780406070000083, -38.67418591989999754, 107.1880000000000024 ) ) ;
#1268 = VERTEX_POINT ( 'NONE', #2350 ) ;
#1269 = EDGE_CURVE ( 'NONE', #4651, #2591, #3833, .T. ) ;
#1270 = CARTESIAN_POINT ( 'NONE',  ( 0.000000000000000000, 4.762500000000000178, 54.60999999999999943 ) ) ;
#1271 = B_SPLINE_CURVE_WITH_KNOTS ( 'NONE', 5,
 ( #3068, #1297, #2391, #101, #3141, #3874 ),
 .UNSPECIFIED., .F., .F.,
 ( 6, 6 ),
 ( 0.000000000000000000, 1.000000000000000000 ),
 .UNSPECIFIED. ) ;
#1272 = ORIENTED_EDGE ( 'NONE', *, *, #605, .T. ) ;
#1273 = CARTESIAN_POINT ( 'NONE',  ( 66.79999999999999716, -38.67189004540000496, 102.4942682169999983 ) ) ;
#1274 = CARTESIAN_POINT ( 'NONE',  ( 0.000000000000000000, 0.000000000000000000, 103.8860000000000099 ) ) ;
#1275 = CARTESIAN_POINT ( 'NONE',  ( 18.02256484720000174, -32.99008366660000036, 7.105427357599999690E-14 ) ) ;
#1276 = ORIENTED_EDGE ( 'NONE', *, *, #999, .F. ) ;
#1277 = ORIENTED_EDGE ( 'NONE', *, *, #2120, .F. ) ;
#1278 = CARTESIAN_POINT ( 'NONE',  ( -10.80816611611055933, 59.95459209540186407, 76.54540844925433873 ) ) ;
#1279 = ORIENTED_EDGE ( 'NONE', *, *, #908, .F. ) ;
#1280 = EDGE_CURVE ( 'NONE', #3449, #3015, #1884, .T. ) ;
#1281 = PLANE ( 'NONE',  #4501 ) ;
#1282 = APPROVAL_STATUS ( 'not_yet_approved' ) ;
#1283 = FACE_OUTER_BOUND ( 'NONE', #3915, .T. ) ;
#1284 = DIRECTION ( 'NONE',  ( 0.000000000000000000, 1.000000000000000000, 0.000000000000000000 ) ) ;
#1285 = CARTESIAN_POINT ( 'NONE',  ( 24.00000000000000000, -1.314504061159999897E-13, 73.40600000000000591 ) ) ;
#1286 = EDGE_LOOP ( 'NONE', ( #2461, #1873, #4441, #2132 ) ) ;
#1287 = CARTESIAN_POINT ( 'NONE',  ( 68.79999999999999716, -0.1777999999990000080, 75.49426821710001434 ) ) ;
#1288 = CARTESIAN_POINT ( 'NONE',  ( 6.998877472524900334, 70.48767784358044253, 66.01227767724398632 ) ) ;
#1289 = CARTESIAN_POINT ( 'NONE',  ( 0.000000000000000000, 0.000000000000000000, 176.0000000000000000 ) ) ;
#1290 = AXIS2_PLACEMENT_3D ( 'NONE', #210, #1295, #2714 ) ;
#1291 = VERTEX_POINT ( 'NONE', #4125 ) ;
#1292 = ORIENTED_EDGE ( 'NONE', *, *, #1825, .T. ) ;
#1293 = CARTESIAN_POINT ( 'NONE',  ( 7.191383079059999517, 48.83626157159999792, 120.5000000000000000 ) ) ;
#1294 = VERTEX_POINT ( 'NONE', #2321 ) ;
#1295 = DIRECTION ( 'NONE',  ( 0.000000000000000000, 0.000000000000000000, -1.000000000000000000 ) ) ;
#1296 = CARTESIAN_POINT ( 'NONE',  ( 121.2999999999999972, -30.69730146356508627, 94.20290918833808291 ) ) ;
#1297 = CARTESIAN_POINT ( 'NONE',  ( 121.3000000000000114, 29.07647131143886554, 145.0553894040026250 ) ) ;
#1298 = ORIENTED_EDGE ( 'NONE', *, *, #891, .F. ) ;
#1299 = DIRECTION ( 'NONE',  ( 1.000000000000000000, 0.000000000000000000, 0.000000000000000000 ) ) ;
#1300 = CARTESIAN_POINT ( 'NONE',  ( 16.80482397919999826, -30.76102395939999923, 155.7713101510000229 ) ) ;
#1301 = CARTESIAN_POINT ( 'NONE',  ( -9.998178302003280393, 66.58769877344991528, 69.91235568774213505 ) ) ;
#1302 = ADVANCED_FACE ( 'NONE', ( #485 ), #3804, .T. ) ;
#1303 = EDGE_LOOP ( 'NONE', ( #4038, #4260, #1995, #1858 ) ) ;
#1304 = CARTESIAN_POINT ( 'NONE',  ( 118.2999999999999972, 36.39456407619999823, 145.0553894040000102 ) ) ;
#1305 = PERSON_AND_ORGANIZATION ( #916, #1017 ) ;
#1306 = VECTOR ( 'NONE', #771, 1000.000000000000000 ) ;
#1307 = CARTESIAN_POINT ( 'NONE',  ( 0.000000000000000000, 7.105427357599999217E-15, 151.8919999999999959 ) ) ;
#1308 = CARTESIAN_POINT ( 'NONE',  ( 120.1858349299999986, 32.38510894784095484, 93.25976168488575979 ) ) ;
#1309 = VECTOR ( 'NONE', #3881, 1000.000000000000000 ) ;
#1310 = CARTESIAN_POINT ( 'NONE',  ( 10.82418227613556638, 60.03549340286535596, 76.46383932146696338 ) ) ;
#1311 = ORIENTED_EDGE ( 'NONE', *, *, #2715, .T. ) ;
#1312 = DIRECTION ( 'NONE',  ( 0.000000000000000000, 0.000000000000000000, -1.000000000000000000 ) ) ;
#1313 = CARTESIAN_POINT ( 'NONE',  ( 2.075833057851815155, 72.80250148214936701, 63.69746337766343913 ) ) ;
#1314 = CARTESIAN_POINT ( 'NONE',  ( 64.79999999999999716, 34.38875224709999401, 140.0521743360000073 ) ) ;
#1315 = EDGE_LOOP ( 'NONE', ( #164, #432, #2419, #1276, #3403, #2373, #3770, #381, #2510, #2057 ) ) ;
#1316 = EDGE_CURVE ( 'NONE', #1123, #1148, #1978, .T. ) ;
#1317 = DIRECTION ( 'NONE',  ( 0.000000000000000000, -5.517395558850000240E-16, -1.000000000000000000 ) ) ;
#1318 = DIRECTION ( 'NONE',  ( 0.000000000000000000, -1.000000000000000000, 0.000000000000000000 ) ) ;
#1319 = EDGE_CURVE ( 'NONE', #4621, #1387, #4290, .T. ) ;
#1320 = FACE_OUTER_BOUND ( 'NONE', #3650, .T. ) ;
#1321 = CARTESIAN_POINT ( 'NONE',  ( 64.79999999999999716, 34.38875224709999401, 158.0521743360000073 ) ) ;
#1322 = VERTEX_POINT ( 'NONE', #604 ) ;
#1323 = DIRECTION ( 'NONE',  ( 1.000000000000000000, 0.000000000000000000, 0.000000000000000000 ) ) ;
#1324 = EDGE_CURVE ( 'NONE', #3237, #729, #3448, .T. ) ;
#1325 = VECTOR ( 'NONE', #2562, 1000.000000000000000 ) ;
#1326 = ADVANCED_FACE ( 'NONE', ( #4315 ), #4055, .F. ) ;
#1327 = LINE ( 'NONE', #576, #2632 ) ;
#1328 = CARTESIAN_POINT ( 'NONE',  ( -10.99799180525693743, 61.77808674011647128, 74.72196768454236349 ) ) ;
#1329 = ORIENTED_EDGE ( 'NONE', *, *, #2766, .T. ) ;
#1330 = AXIS2_PLACEMENT_3D ( 'NONE', #203, #4681, #4749 ) ;
#1331 = FACE_BOUND ( 'NONE', #4753, .T. ) ;
#1332 = CARTESIAN_POINT ( 'NONE',  ( 121.2999999999999972, -30.01894910756598733, 148.4310043723060062 ) ) ;
#1333 = CYLINDRICAL_SURFACE ( 'NONE', #4304, 10.99999999999999645 ) ;
#1334 = CIRCLE ( 'NONE', #4068, 35.05199999999999960 ) ;
#1335 = CIRCLE ( 'NONE', #1880, 1.687807484369998390 ) ;
#1336 = CARTESIAN_POINT ( 'NONE',  ( 10.93363803494926678, 60.79351585096015498, 75.70648376199235940 ) ) ;
#1337 = ADVANCED_FACE ( 'NONE', ( #581 ), #1333, .T. ) ;
#1338 = PLANE ( 'NONE',  #74 ) ;
#1339 = AXIS2_PLACEMENT_3D ( 'NONE', #3013, #1993, #2770 ) ;
#1340 = CARTESIAN_POINT ( 'NONE',  ( 10.55494750627603473, 65.10910686247694912, 71.39080687011151838 ) ) ;
#1341 = CIRCLE ( 'NONE', #640, 1.687807484370001943 ) ;
#1342 = DIRECTION ( 'NONE',  ( 0.000000000000000000, 1.000000000000000000, 0.000000000000000000 ) ) ;
#1343 = EDGE_CURVE ( 'NONE', #1232, #2788, #3843, .T. ) ;
#1344 = VERTEX_POINT ( 'NONE', #2424 ) ;
#1345 = EDGE_CURVE ( 'NONE', #1035, #3984, #948, .T. ) ;
#1346 = CARTESIAN_POINT ( 'NONE',  ( 116.2999999999999972, 39.44619999999999749, 158.0521743360000073 ) ) ;
#1347 = DIRECTION ( 'NONE',  ( 0.000000000000000000, 1.000000000000000000, 0.000000000000000000 ) ) ;
#1348 = CARTESIAN_POINT ( 'NONE',  ( 121.2999999999999972, -34.07291643209632070, 94.20290918836876415 ) ) ;
#1349 = CARTESIAN_POINT ( 'NONE',  ( 120.9309549879999963, 35.95875136228399072, 97.57852415700708093 ) ) ;
#1350 = VERTEX_POINT ( 'NONE', #1496 ) ;
#1351 = CARTESIAN_POINT ( 'NONE',  ( 119.2424777960000029, 27.01894910709848219, 145.0553894039811951 ) ) ;
#1352 = LINE ( 'NONE', #1228, #3995 ) ;
#1353 = LINE ( 'NONE', #2486, #2713 ) ;
#1354 = CARTESIAN_POINT ( 'NONE',  ( -10.93363803410669099, 63.20648415667544384, 73.29351623037078411 ) ) ;
#1355 = ORIENTED_EDGE ( 'NONE', *, *, #2048, .F. ) ;
#1356 = ORIENTED_EDGE ( 'NONE', *, *, #2416, .T. ) ;
#1357 = PLANE ( 'NONE',  #4425 ) ;
#1358 = CARTESIAN_POINT ( 'NONE',  ( 120.1858349299999986, -27.38799411997348798, 153.6929143477352966 ) ) ;
#1359 = EDGE_CURVE ( 'NONE', #3110, #3059, #3105, .T. ) ;
#1360 = CARTESIAN_POINT ( 'NONE',  ( 118.3000000000000114, 35.13116299456839897, 92.89071667206252414 ) ) ;
#1361 = CARTESIAN_POINT ( 'NONE',  ( 10.99987310845716948, 61.89566588074125519, 74.60400644194645281 ) ) ;
#1362 = FACE_OUTER_BOUND ( 'NONE', #3785, .T. ) ;
#1363 = CARTESIAN_POINT ( 'NONE',  ( 9.856109276631364935, 66.89141992753285137, 69.60858029959011617 ) ) ;
#1364 = DIRECTION ( 'NONE',  ( -0.4794255386042036715, 0.8775825618903724257, 0.000000000000000000 ) ) ;
#1365 = ORIENTED_EDGE ( 'NONE', *, *, #684, .T. ) ;
#1366 = DIRECTION ( 'NONE',  ( 0.000000000000000000, -1.000000000000000000, 0.000000000000000000 ) ) ;
#1367 = CARTESIAN_POINT ( 'NONE',  ( 121.3000000000000114, 30.69730146340497612, 97.57852415691718306 ) ) ;
#1368 = DIRECTION ( 'NONE',  ( 1.000000000000000000, 0.000000000000000000, 0.000000000000000000 ) ) ;
#1369 = CYLINDRICAL_SURFACE ( 'NONE', #562, 28.70110295069999751 ) ;
#1370 = ORIENTED_EDGE ( 'NONE', *, *, #1676, .F. ) ;
#1371 = VECTOR ( 'NONE', #2501, 1000.000000000000000 ) ;
#1372 = LINE ( 'NONE', #4350, #4188 ) ;
#1373 = CARTESIAN_POINT ( 'NONE',  ( -5.273680924649999824, 1.421085471519999843E-14, 64.84659181920001458 ) ) ;
#1374 = CARTESIAN_POINT ( 'NONE',  ( -10.83091392032746114, 60.07839036400244481, 76.42162462038116644 ) ) ;
#1375 = ORIENTED_EDGE ( 'NONE', *, *, #3332, .T. ) ;
#1376 = VERTEX_POINT ( 'NONE', #3698 ) ;
#1377 = PLANE ( 'NONE',  #54 ) ;
#1378 = CARTESIAN_POINT ( 'NONE',  ( 117.2999999999999972, 36.39456407619999823, 145.0553894040000102 ) ) ;
#1379 = CARTESIAN_POINT ( 'NONE',  ( 10.53756500811853591, 65.20360154768594896, 71.29746492137306291 ) ) ;
#1380 = CARTESIAN_POINT ( 'NONE',  ( 2.220446049249999755E-16, 51.00000000000000000, 85.50000000000000000 ) ) ;
#1381 = CARTESIAN_POINT ( 'NONE',  ( 10.81355560774959734, 64.01668672762376389, 72.48331315336471903 ) ) ;
#1382 = ADVANCED_FACE ( 'NONE', ( #1100, #782 ), #1909, .T. ) ;
#1383 = DIRECTION ( 'NONE',  ( 1.000000000000000000, 0.000000000000000000, 0.000000000000000000 ) ) ;
#1384 = AXIS2_PLACEMENT_3D ( 'NONE', #1577, #2725, #1226 ) ;
#1385 = VERTEX_POINT ( 'NONE', #3401 ) ;
#1386 = CARTESIAN_POINT ( 'NONE',  ( 25.50000000000000000, 0.000000000000000000, 162.5000000000000000 ) ) ;
#1387 = VERTEX_POINT ( 'NONE', #2615 ) ;
#1388 = CARTESIAN_POINT ( 'NONE',  ( 120.9309549879999963, 28.81146653331601115, 97.57852415682934577 ) ) ;
#1389 = B_SPLINE_CURVE_WITH_KNOTS ( 'NONE', 5,
 ( #2015, #2815, #568, #4237, #498, #885 ),
 .UNSPECIFIED., .F., .F.,
 ( 6, 6 ),
 ( 0.000000000000000000, 1.000000000000000000 ),
 .UNSPECIFIED. ) ;
#1390 = FACE_OUTER_BOUND ( 'NONE', #2543, .T. ) ;
#1391 = CARTESIAN_POINT ( 'NONE',  ( 118.2999999999999972, 37.07291643210000842, 97.57852415689998793 ) ) ;
#1392 = ORIENTED_EDGE ( 'NONE', *, *, #1213, .F. ) ;
#1393 = EDGE_CURVE ( 'NONE', #4695, #4065, #3769, .T. ) ;
#1394 = CARTESIAN_POINT ( 'NONE',  ( -11.25291075839999877, -33.32811668289999574, 102.4942682169999983 ) ) ;
#1395 = CARTESIAN_POINT ( 'NONE',  ( 116.2999999999999972, -31.70675659180000139, 145.0553894040000102 ) ) ;
#1396 = CARTESIAN_POINT ( 'NONE',  ( -11.00046485981227917, 62.00859732558119930, 74.49163587929923835 ) ) ;
#1397 = EDGE_LOOP ( 'NONE', ( #3876, #3374 ) ) ;
#1398 = ORIENTED_EDGE ( 'NONE', *, *, #1761, .T. ) ;
#1399 = EDGE_CURVE ( 'NONE', #4604, #525, #3679, .T. ) ;
#1400 = DIRECTION ( 'NONE',  ( 0.000000000000000000, -1.000000000000000000, 0.000000000000000000 ) ) ;
#1401 = APPROVAL_DATE_TIME ( #1722, #3755 ) ;
#1402 = CARTESIAN_POINT ( 'NONE',  ( -1.913891020521214292, 51.16710261246934976, 85.33293730533422661 ) ) ;
#1403 = AXIS2_PLACEMENT_3D ( 'NONE', #3518, #3130, #4613 ) ;
#1404 = CARTESIAN_POINT ( 'NONE',  ( 10.45320556255516919, 58.53198057272449262, 77.96665662720393186 ) ) ;
#1405 = DIRECTION ( 'NONE',  ( 0.4794255386042041156, -0.8775825618903720926, 0.000000000000000000 ) ) ;
#1406 = CARTESIAN_POINT ( 'NONE',  ( 8.643718890226290696, 68.80415271656981702, 67.69583642552919400 ) ) ;
#1407 = DIRECTION ( 'NONE',  ( 0.000000000000000000, 0.000000000000000000, 1.000000000000000000 ) ) ;
#1408 = ORIENTED_EDGE ( 'NONE', *, *, #4415, .F. ) ;
#1409 = ADVANCED_FACE ( 'NONE', ( #251 ), #2641, .T. ) ;
#1410 = AXIS2_PLACEMENT_3D ( 'NONE', #1163, #433, #4509 ) ;
#1411 = CARTESIAN_POINT ( 'NONE',  ( 24.00000000000000000, 1.705302565819999782E-13, 35.05199999999999960 ) ) ;
#1412 = CIRCLE ( 'NONE', #3062, 35.05199999999999960 ) ;
#1413 = PLANE ( 'NONE',  #2779 ) ;
#1414 = CARTESIAN_POINT ( 'NONE',  ( -2.220446049249999755E-16, 51.00000000000000000, 85.50000000000000000 ) ) ;
#1415 = LINE ( 'NONE', #3991, #4687 ) ;
#1416 = VERTEX_POINT ( 'NONE', #4064 ) ;
#1417 = CARTESIAN_POINT ( 'NONE',  ( 16.80482397919999826, -30.76102395939999923, 139.1920000000000073 ) ) ;
#1418 = AXIS2_PLACEMENT_3D ( 'NONE', #4765, #1836, #411 ) ;
#1419 = DIRECTION ( 'NONE',  ( 1.000000000000000000, 0.000000000000000000, 0.000000000000000000 ) ) ;
#1420 = CARTESIAN_POINT ( 'NONE',  ( -9.737474391576970589, 56.88320353681600494, 79.61696533195127756 ) ) ;
#1421 = ORIENTED_EDGE ( 'NONE', *, *, #757, .T. ) ;
#1422 = ORIENTED_EDGE ( 'NONE', *, *, #2980, .F. ) ;
#1423 = CARTESIAN_POINT ( 'NONE',  ( -10.31155108695960365, 58.16840950873802996, 78.33160507381064974 ) ) ;
#1424 = EDGE_CURVE ( 'NONE', #1294, #929, #2122, .T. ) ;
#1425 = EDGE_CURVE ( 'NONE', #2760, #596, #2976, .T. ) ;
#1426 = DIRECTION ( 'NONE',  ( 0.000000000000000000, 1.000000000000000000, 0.000000000000000000 ) ) ;
#1427 = CARTESIAN_POINT ( 'NONE',  ( -11.25291075839999877, -33.32811668289999574, 91.49426821710001434 ) ) ;
#1428 = CARTESIAN_POINT ( 'NONE',  ( 9.672092021611787160, 67.23956589667288597, 69.26043036380599460 ) ) ;
#1429 = FACE_OUTER_BOUND ( 'NONE', #1286, .T. ) ;
#1430 = ORIENTED_EDGE ( 'NONE', *, *, #1160, .T. ) ;
#1431 = DIRECTION ( 'NONE',  ( 0.000000000000000000, -1.000000000000000000, 0.000000000000000000 ) ) ;
#1432 = DIRECTION ( 'NONE',  ( 0.000000000000000000, 1.000000000000000000, 0.000000000000000000 ) ) ;
#1433 = CARTESIAN_POINT ( 'NONE',  ( 0.000000000000000000, 0.000000000000000000, 0.000000000000000000 ) ) ;
#1434 = CARTESIAN_POINT ( 'NONE',  ( 118.2999999999999972, -37.07291643220432320, 100.3245782034884286 ) ) ;
#1435 = DIRECTION ( 'NONE',  ( 0.000000000000000000, -1.000000000000000000, 0.000000000000000000 ) ) ;
#1436 = ORIENTED_EDGE ( 'NONE', *, *, #174, .T. ) ;
#1437 = ORIENTED_EDGE ( 'NONE', *, *, #199, .T. ) ;
#1438 = DIRECTION ( 'NONE',  ( 1.000000000000000000, 0.000000000000000000, 0.000000000000000000 ) ) ;
#1439 = EDGE_CURVE ( 'NONE', #4604, #4799, #46, .T. ) ;
#1440 = CARTESIAN_POINT ( 'NONE',  ( -7.617935906362855114, 54.06482067010476555, 82.43517900449502633 ) ) ;
#1441 = CARTESIAN_POINT ( 'NONE',  ( -5.222819656400000454, 30.38875224710000111, 91.49426821710001434 ) ) ;
#1442 = VECTOR ( 'NONE', #3688, 1000.000000000000000 ) ;
#1443 = ORIENTED_EDGE ( 'NONE', *, *, #3495, .T. ) ;
#1444 = EDGE_CURVE ( 'NONE', #2116, #1385, #2232, .T. ) ;
#1445 = ORIENTED_EDGE ( 'NONE', *, *, #1213, .T. ) ;
#1446 = AXIS2_PLACEMENT_3D ( 'NONE', #2230, #3817, #467 ) ;
#1447 = EDGE_CURVE ( 'NONE', #3467, #26, #643, .T. ) ;
#1448 = CARTESIAN_POINT ( 'NONE',  ( -9.973860659154242470, 57.35249808630251778, 79.14756117061737939 ) ) ;
#1449 = CARTESIAN_POINT ( 'NONE',  ( 9.438732109731931885, 67.68439657882296956, 68.81545501627607564 ) ) ;
#1450 = CARTESIAN_POINT ( 'NONE',  ( -30.83811786289999901, -4.773454040559999889, 102.4942682169999983 ) ) ;
#1451 = CARTESIAN_POINT ( 'NONE',  ( 8.987755940114979580, 55.65123892169866338, 80.84880792662346494 ) ) ;
#1452 = FACE_OUTER_BOUND ( 'NONE', #2339, .T. ) ;
#1453 = ORIENTED_EDGE ( 'NONE', *, *, #1892, .T. ) ;
#1454 = DIRECTION ( 'NONE',  ( 0.000000000000000000, 1.000000000000000000, 0.000000000000000000 ) ) ;
#1455 = DIRECTION ( 'NONE',  ( -1.000000000000000000, 1.224646799149999836E-16, 0.000000000000000000 ) ) ;
#1456 = DIRECTION ( 'NONE',  ( 0.000000000000000000, 0.000000000000000000, -1.000000000000000000 ) ) ;
#1457 = AXIS2_PLACEMENT_3D ( 'NONE', #3319, #4821, #1481 ) ;
#1458 = CARTESIAN_POINT ( 'NONE',  ( 120.1858349299999986, -36.70387142011143311, 97.57852415689202985 ) ) ;
#1459 = CARTESIAN_POINT ( 'NONE',  ( 0.000000000000000000, 0.000000000000000000, 121.5389999999999873 ) ) ;
#1460 = ORIENTED_EDGE ( 'NONE', *, *, #1920, .F. ) ;
#1461 = ADVANCED_FACE ( 'NONE', ( #2960 ), #4377, .T. ) ;
#1462 = AXIS2_PLACEMENT_3D ( 'NONE', #965, #3537, #177 ) ;
#1463 = EDGE_CURVE ( 'NONE', #3790, #888, #1493, .T. ) ;
#1464 = CARTESIAN_POINT ( 'NONE',  ( 0.000000000000000000, 62.00000000000000000, 122.0000000000000000 ) ) ;
#1465 = CARTESIAN_POINT ( 'NONE',  ( 118.2999999999999972, 32.38510894779999916, 97.57852415689998793 ) ) ;
#1466 = DIRECTION ( 'NONE',  ( 1.000000000000000000, 0.000000000000000000, 0.000000000000000000 ) ) ;
#1467 = ORIENTED_EDGE ( 'NONE', *, *, #1479, .T. ) ;
#1468 = VERTEX_POINT ( 'NONE', #3456 ) ;
#1469 = EDGE_CURVE ( 'NONE', #3787, #142, #2128, .T. ) ;
#1470 = EDGE_CURVE ( 'NONE', #3209, #1811, #4692, .T. ) ;
#1471 = CARTESIAN_POINT ( 'NONE',  ( -6.998877471968548925, 53.51232215583051044, 82.98772232321518061 ) ) ;
#1472 = AXIS2_PLACEMENT_3D ( 'NONE', #2033, #4209, #4301 ) ;
#1473 = CARTESIAN_POINT ( 'NONE',  ( 5.032519187973772290, 71.78264080297950045, 64.71757867340768655 ) ) ;
#1474 = DIRECTION ( 'NONE',  ( 0.000000000000000000, -1.000000000000000000, 0.000000000000000000 ) ) ;
#1475 = CARTESIAN_POINT ( 'NONE',  ( 10.69411926321457429, 59.42277532459799971, 77.07725139228681144 ) ) ;
#1476 = VECTOR ( 'NONE', #2680, 1000.000000000000000 ) ;
#1477 = DIRECTION ( 'NONE',  ( 0.000000000000000000, 4.858411868450000195E-16, 1.000000000000000000 ) ) ;
#1478 = ORIENTED_EDGE ( 'NONE', *, *, #977, .T. ) ;
#1479 = EDGE_CURVE ( 'NONE', #388, #588, #1271, .T. ) ;
#1480 = AXIS2_PLACEMENT_3D ( 'NONE', #4270, #88, #138 ) ;
#1481 = DIRECTION ( 'NONE',  ( 1.000000000000000000, 0.000000000000000000, 0.000000000000000000 ) ) ;
#1482 = CARTESIAN_POINT ( 'NONE',  ( 118.7999999999999972, -31.70675659180000139, 145.0553894040000102 ) ) ;
#1483 = CARTESIAN_POINT ( 'NONE',  ( -0.9362555493105623183, 72.97019088747789795, 63.53006153134270306 ) ) ;
#1484 = CARTESIAN_POINT ( 'NONE',  ( 119.2424777960000171, -27.69730146334900311, 100.3245782034087767 ) ) ;
#1485 = CARTESIAN_POINT ( 'NONE',  ( 48.00000000000000000, 1.285223687319999823E-13, 59.37250000000000227 ) ) ;
#1486 = EDGE_CURVE ( 'NONE', #3041, #534, #3367, .T. ) ;
#1487 = VECTOR ( 'NONE', #2226, 1000.000000000000000 ) ;
#1488 = EDGE_LOOP ( 'NONE', ( #1225, #497 ) ) ;
#1489 = EDGE_LOOP ( 'NONE', ( #3744, #71, #3692, #2068, #1547, #4379 ) ) ;
#1490 = VECTOR ( 'NONE', #2105, 1000.000000000000000 ) ;
#1491 = DIRECTION ( 'NONE',  ( 1.966569657996054901E-43, 4.858411868450000195E-16, 1.000000000000000000 ) ) ;
#1492 = CARTESIAN_POINT ( 'NONE',  ( 1.869664778288713469, 51.15748220788658074, 85.34217696202031789 ) ) ;
#1493 = CIRCLE ( 'NONE', #1339, 4.687807484370001276 ) ;
#1494 = AXIS2_PLACEMENT_3D ( 'NONE', #1182, #1204, #2704 ) ;
#1495 = DIRECTION ( 'NONE',  ( 0.000000000000000000, 1.000000000000000000, 0.000000000000000000 ) ) ;
#1496 = CARTESIAN_POINT ( 'NONE',  ( -0.4493656158450000104, -34.38875224709999401, 151.0521743360000073 ) ) ;
#1497 = ORIENTED_EDGE ( 'NONE', *, *, #4531, .T. ) ;
#1498 = ORIENTED_EDGE ( 'NONE', *, *, #4196, .T. ) ;
#1499 = AXIS2_PLACEMENT_3D ( 'NONE', #2019, #958, #1299 ) ;
#1500 = CARTESIAN_POINT ( 'NONE',  ( -2.937232252248882958, 51.39331972665834769, 85.10677633153150623 ) ) ;
#1501 = CARTESIAN_POINT ( 'NONE',  ( 32.17531719210000318, 34.38875224709999401, 151.0521743360000073 ) ) ;
#1502 = CARTESIAN_POINT ( 'NONE',  ( 7.648925556906365664, 69.90534355333862493, 66.59465960930721451 ) ) ;
#1503 = CARTESIAN_POINT ( 'NONE',  ( 48.00000000000000000, -4.762500000000000178, 54.60999999999999943 ) ) ;
#1504 = CARTESIAN_POINT ( 'NONE',  ( 7.123760594344192398, 53.61774117242074311, 82.88225382945515207 ) ) ;
#1505 = DIRECTION ( 'NONE',  ( 1.000000000000000000, 0.000000000000000000, 0.000000000000000000 ) ) ;
#1506 = EDGE_LOOP ( 'NONE', ( #2711, #2102 ) ) ;
#1507 = CARTESIAN_POINT ( 'NONE',  ( 121.3000000000000114, -33.39456407619999823, 145.0553866049999954 ) ) ;
#1508 = ORIENTED_EDGE ( 'NONE', *, *, #2254, .F. ) ;
#1509 = CARTESIAN_POINT ( 'NONE',  ( 0.000000000000000000, 0.000000000000000000, 155.7713101510000229 ) ) ;
#1510 = CARTESIAN_POINT ( 'NONE',  ( -2.736531710122722227, 72.65418292843496317, 63.84585439526215112 ) ) ;
#1511 = CARTESIAN_POINT ( 'NONE',  ( 118.2999999999999972, 27.01894910739999744, 145.0553894040000102 ) ) ;
#1512 = DIRECTION ( 'NONE',  ( 0.000000000000000000, 0.000000000000000000, -1.000000000000000000 ) ) ;
#1513 = EDGE_LOOP ( 'NONE', ( #511, #2334, #4041, #3200 ) ) ;
#1514 = DIRECTION ( 'NONE',  ( 0.000000000000000000, 0.000000000000000000, -1.000000000000000000 ) ) ;
#1515 = VERTEX_POINT ( 'NONE', #4628 ) ;
#1516 = PRODUCT_DEFINITION ( 'UNKNOWN', '', #1963, #3710 ) ;
#1517 = CARTESIAN_POINT ( 'NONE',  ( 4.476752170458536462, 51.91122765656503191, 84.58877234346252294 ) ) ;
#1518 = CARTESIAN_POINT ( 'NONE',  ( -4.816392673987008877, 52.10821501748359452, 84.39170287789282554 ) ) ;
#1519 = CARTESIAN_POINT ( 'NONE',  ( -0.4493656158450000104, 30.38875224710000111, 102.4942682169999983 ) ) ;
#1520 = ORIENTED_EDGE ( 'NONE', *, *, #3630, .F. ) ;
#1521 = ORIENTED_EDGE ( 'NONE', *, *, #3057, .F. ) ;
#1522 = CARTESIAN_POINT ( 'NONE',  ( -8.803875127979294390, 55.40516438372862495, 81.09483567727976094 ) ) ;
#1523 = CIRCLE ( 'NONE', #902, 34.38875224709999401 ) ;
#1524 = CARTESIAN_POINT ( 'NONE',  ( -8.214701339522353152, 69.31569890406353807, 67.18430454898749815 ) ) ;
#1525 = VECTOR ( 'NONE', #805, 1000.000000000000000 ) ;
#1526 = DIRECTION ( 'NONE',  ( 0.000000000000000000, 1.000000000000000000, 0.000000000000000000 ) ) ;
#1527 = CARTESIAN_POINT ( 'NONE',  ( 68.79999999999999716, 34.53032114620000215, 102.4942682169999983 ) ) ;
#1528 = CARTESIAN_POINT ( 'NONE',  ( 10.75699702192994245, 59.69730150926349665, 76.80279469569612161 ) ) ;
#1529 = DIRECTION ( 'NONE',  ( 0.000000000000000000, 0.000000000000000000, -1.000000000000000000 ) ) ;
#1530 = ORIENTED_EDGE ( 'NONE', *, *, #1233, .T. ) ;
#1531 = CARTESIAN_POINT ( 'NONE',  ( -3.163691484586875546, 72.53634736273181716, 63.96376760955860163 ) ) ;
#1532 = ORIENTED_EDGE ( 'NONE', *, *, #4727, .T. ) ;
#1533 = FACE_OUTER_BOUND ( 'NONE', #3993, .T. ) ;
#1534 = EDGE_CURVE ( 'NONE', #2684, #4629, #3118, .T. ) ;
#1535 = CARTESIAN_POINT ( 'NONE',  ( 64.79999999999999716, 36.53032114620000215, 91.49426821710001434 ) ) ;
#1536 = CARTESIAN_POINT ( 'NONE',  ( -2.938623255839999901E-08, 73.00000000000000000, 63.50000000000000000 ) ) ;
#1537 = CYLINDRICAL_SURFACE ( 'NONE', #1410, 9.000000000000001776 ) ;
#1538 = ORIENTED_EDGE ( 'NONE', *, *, #3570, .T. ) ;
#1539 = ORIENTED_EDGE ( 'NONE', *, *, #3271, .T. ) ;
#1540 = LINE ( 'NONE', #4111, #286 ) ;
#1541 = AXIS2_PLACEMENT_3D ( 'NONE', #3996, #649, #3626 ) ;
#1542 = DIRECTION ( 'NONE',  ( 0.000000000000000000, 0.000000000000000000, 1.000000000000000000 ) ) ;
#1543 = CARTESIAN_POINT ( 'NONE',  ( -25.51586812609999910, 25.06650251020000297, 91.49426821710001434 ) ) ;
#1544 = CARTESIAN_POINT ( 'NONE',  ( 117.2999999999999972, 27.69730146339999877, 97.57852415689998793 ) ) ;
#1545 = ORIENTED_EDGE ( 'NONE', *, *, #2320, .T. ) ;
#1546 = VECTOR ( 'NONE', #4512, 1000.000000000000000 ) ;
#1547 = ORIENTED_EDGE ( 'NONE', *, *, #4051, .F. ) ;
#1548 = CARTESIAN_POINT ( 'NONE',  ( -10.99954518935336978, 62.12026955449405108, 74.37968118767841474 ) ) ;
#1549 = EDGE_CURVE ( 'NONE', #4217, #783, #3794, .T. ) ;
#1550 = CARTESIAN_POINT ( 'NONE',  ( -8.249440232486060509, 69.27645266259396806, 67.22354772993070071 ) ) ;
#1551 = DIRECTION ( 'NONE',  ( 0.000000000000000000, -1.000000000000000000, 0.000000000000000000 ) ) ;
#1552 = PERSON_AND_ORGANIZATION ( #916, #1017 ) ;
#1553 = FACE_OUTER_BOUND ( 'NONE', #2610, .T. ) ;
#1554 = CARTESIAN_POINT ( 'NONE',  ( 10.94110130611257681, 60.86303165553088235, 75.63696809390373232 ) ) ;
#1555 = DIRECTION ( 'NONE',  ( 1.000000000000000000, 0.000000000000000000, 0.000000000000000000 ) ) ;
#1556 = VERTEX_POINT ( 'NONE', #4544 ) ;
#1557 = CARTESIAN_POINT ( 'NONE',  ( 2.220446049249999755E-16, 51.00000000000000000, 85.50000000000000000 ) ) ;
#1558 = DIRECTION ( 'NONE',  ( 1.000000000000000000, 0.000000000000000000, 0.000000000000000000 ) ) ;
#1559 = VECTOR ( 'NONE', #66, 1000.000000000000000 ) ;
#1560 = CARTESIAN_POINT ( 'NONE',  ( 0.000000000000000000, 0.000000000000000000, 123.1899999999999977 ) ) ;
#1561 = LINE ( 'NONE', #3058, #2973 ) ;
#1562 = EDGE_CURVE ( 'NONE', #863, #3168, #3220, .T. ) ;
#1563 = CIRCLE ( 'NONE', #3745, 44.06899999999999551 ) ;
#1564 = EDGE_LOOP ( 'NONE', ( #2592, #2679 ) ) ;
#1565 = VERTEX_POINT ( 'NONE', #1275 ) ;
#1566 = DIRECTION ( 'NONE',  ( 0.000000000000000000, 1.000000000000000000, 0.000000000000000000 ) ) ;
#1567 = CARTESIAN_POINT ( 'NONE',  ( -0.4493656158450000104, 30.38875224710000111, 145.5521743360000073 ) ) ;
#1568 = CARTESIAN_POINT ( 'NONE',  ( -29.90085235379999773, 9.546908081119999778, 91.49426821710001434 ) ) ;
#1569 = VECTOR ( 'NONE', #284, 1000.000000000000000 ) ;
#1570 = CARTESIAN_POINT ( 'NONE',  ( -5.222819656400000454, -30.38875224710000111, 102.4942682169999983 ) ) ;
#1571 = ORIENTED_EDGE ( 'NONE', *, *, #2327, .T. ) ;
#1572 = ORIENTED_EDGE ( 'NONE', *, *, #1619, .F. ) ;
#1573 = AXIS2_PLACEMENT_3D ( 'NONE', #4517, #1145, #1075 ) ;
#1574 = VECTOR ( 'NONE', #3638, 1000.000000000000000 ) ;
#1575 = CARTESIAN_POINT ( 'NONE',  ( -10.56855257467879561, 65.06474633026522270, 71.43525392974150634 ) ) ;
#1576 = FACE_OUTER_BOUND ( 'NONE', #3962, .T. ) ;
#1577 = CARTESIAN_POINT ( 'NONE',  ( 0.000000000000000000, 0.000000000000000000, 88.00000000000000000 ) ) ;
#1578 = PERSON_AND_ORGANIZATION_ROLE ( 'classification_officer' ) ;
#1579 = DIRECTION ( 'NONE',  ( 0.000000000000000000, 1.000000000000000000, 0.000000000000000000 ) ) ;
#1580 = ADVANCED_FACE ( 'NONE', ( #2338 ), #2017, .T. ) ;
#1581 = CARTESIAN_POINT ( 'NONE',  ( -21.12780406070000083, -38.67418591989999754, 89.53499999999999659 ) ) ;
#1582 = ADVANCED_FACE ( 'NONE', ( #2794 ), #3820, .T. ) ;
#1583 = ORIENTED_EDGE ( 'NONE', *, *, #2347, .F. ) ;
#1584 = CARTESIAN_POINT ( 'NONE',  ( 6.335751671720729838, 52.98502727202117057, 83.51429055978086069 ) ) ;
#1585 = CARTESIAN_POINT ( 'NONE',  ( 68.79999999999999716, 34.53032114620000215, 151.0521743360000073 ) ) ;
#1586 = FACE_BOUND ( 'NONE', #4789, .T. ) ;
#1587 = DIRECTION ( 'NONE',  ( 1.000000000000000000, 0.000000000000000000, 0.000000000000000000 ) ) ;
#1588 = ORIENTED_EDGE ( 'NONE', *, *, #333, .F. ) ;
#1589 = ORIENTED_EDGE ( 'NONE', *, *, #2949, .F. ) ;
#1590 = FACE_OUTER_BOUND ( 'NONE', #2738, .T. ) ;
#1591 = ORIENTED_EDGE ( 'NONE', *, *, #460, .F. ) ;
#1592 = CARTESIAN_POINT ( 'NONE',  ( 2.592850341849123996, 51.30966463410007350, 85.19022531682259114 ) ) ;
#1593 = CARTESIAN_POINT ( 'NONE',  ( 0.000000000000000000, 0.000000000000000000, 91.18600000000000705 ) ) ;
#1594 = CARTESIAN_POINT ( 'NONE',  ( 24.00000000000000000, 16.00199999999999889, 7.620000000000000107 ) ) ;
#1595 = EDGE_LOOP ( 'NONE', ( #3676, #4174, #502, #796 ) ) ;
#1596 = ORIENTED_EDGE ( 'NONE', *, *, #3686, .F. ) ;
#1597 = EDGE_CURVE ( 'NONE', #4695, #4745, #4212, .T. ) ;
#1598 = CARTESIAN_POINT ( 'NONE',  ( -10.48510768148880423, 65.33730395163983928, 71.16262385629751464 ) ) ;
#1599 = EDGE_CURVE ( 'NONE', #2636, #988, #3256, .T. ) ;
#1600 = CARTESIAN_POINT ( 'NONE',  ( -8.067436565101074208, 69.47854725560377176, 67.02150056375178622 ) ) ;
#1601 = PLANE ( 'NONE',  #4666 ) ;
#1602 = CARTESIAN_POINT ( 'NONE',  ( -30.83811786289999901, 3.108624468949999707E-14, 102.4942682169999983 ) ) ;
#1603 = CARTESIAN_POINT ( 'NONE',  ( 119.2424777960000029, -27.01894910709867759, 145.0553894039104819 ) ) ;
#1604 = CARTESIAN_POINT ( 'NONE',  ( 121.3000000000000114, 30.69730146340000232, 97.57852415689998793 ) ) ;
#1605 = DIRECTION ( 'NONE',  ( 0.000000000000000000, 1.000000000000000000, 0.000000000000000000 ) ) ;
#1606 = EDGE_CURVE ( 'NONE', #437, #3237, #2690, .T. ) ;
#1607 = AXIS2_PLACEMENT_3D ( 'NONE', #4266, #920, #2349 ) ;
#1608 = ORIENTED_EDGE ( 'NONE', *, *, #4785, .F. ) ;
#1609 = LINE ( 'NONE', #4201, #1224 ) ;
#1610 = CARTESIAN_POINT ( 'NONE',  ( 118.2999999999999972, 32.38510894779999916, 97.57852415689998793 ) ) ;
#1611 = CARTESIAN_POINT ( 'NONE',  ( 5.852405188941921743, 71.31462435871692662, 65.18536423376966127 ) ) ;
#1612 = CARTESIAN_POINT ( 'NONE',  ( 121.3000000000000114, -34.07291643220271027, 97.57852415684259029 ) ) ;
#1613 = ORIENTED_EDGE ( 'NONE', *, *, #3670, .T. ) ;
#1614 = EDGE_LOOP ( 'NONE', ( #3901, #2914, #1190, #1985 ) ) ;
#1615 = CARTESIAN_POINT ( 'NONE',  ( -34.83811786289999901, 5.401772571280000435, 102.4942682169999983 ) ) ;
#1616 = LINE ( 'NONE', #1273, #2783 ) ;
#1617 = DIRECTION ( 'NONE',  ( 0.000000000000000000, 0.000000000000000000, -1.000000000000000000 ) ) ;
#1618 = DIRECTION ( 'NONE',  ( 0.000000000000000000, -1.000000000000000000, 0.000000000000000000 ) ) ;
#1619 = EDGE_CURVE ( 'NONE', #3805, #867, #3140, .T. ) ;
#1620 = ORIENTED_EDGE ( 'NONE', *, *, #743, .T. ) ;
#1621 = LINE ( 'NONE', #1712, #571 ) ;
#1622 = CARTESIAN_POINT ( 'NONE',  ( -10.11213982222900221, 66.32951645617629310, 70.17048334676840682 ) ) ;
#1623 = CIRCLE ( 'NONE', #1457, 35.05199999999999960 ) ;
#1624 = ORIENTED_EDGE ( 'NONE', *, *, #1444, .T. ) ;
#1625 = ADVANCED_FACE ( 'NONE', ( #4570 ), #1220, .F. ) ;
#1626 = CARTESIAN_POINT ( 'NONE',  ( -21.12780406070000083, -38.67418591989999754, 119.8879999999999910 ) ) ;
#1627 = DIRECTION ( 'NONE',  ( 0.000000000000000000, 0.000000000000000000, 1.000000000000000000 ) ) ;
#1628 = CARTESIAN_POINT ( 'NONE',  ( 121.3000000000000114, -31.70675659177945960, 143.3675819193252039 ) ) ;
#1629 = CARTESIAN_POINT ( 'NONE',  ( 64.79999999999999716, 38.67189004540000496, 151.0521743360000073 ) ) ;
#1630 = CARTESIAN_POINT ( 'NONE',  ( 120.1858349299999844, 34.91498143130585419, 93.25976168490974771 ) ) ;
#1631 = ORIENTED_EDGE ( 'NONE', *, *, #3689, .T. ) ;
#1632 = CARTESIAN_POINT ( 'NONE',  ( 7.867761860146038622, 54.30931539660959118, 82.19051669546846028 ) ) ;
#1633 = CYLINDRICAL_SURFACE ( 'NONE', #1403, 4.687807484369997724 ) ;
#1634 = DIRECTION ( 'NONE',  ( 0.000000000000000000, -5.263279524150000295E-16, -1.000000000000000000 ) ) ;
#1635 = DIRECTION ( 'NONE',  ( 1.000000000000000000, 0.000000000000000000, 0.000000000000000000 ) ) ;
#1636 = ORIENTED_EDGE ( 'NONE', *, *, #299, .T. ) ;
#1637 = ORIENTED_EDGE ( 'NONE', *, *, #4341, .T. ) ;
#1638 = CIRCLE ( 'NONE', #4516, 4.687807484369997724 ) ;
#1639 = CARTESIAN_POINT ( 'NONE',  ( 0.000000000000000000, 17.52599999999999980, 9.144000000000000128 ) ) ;
#1640 = DIRECTION ( 'NONE',  ( 0.000000000000000000, -1.000000000000000000, 0.000000000000000000 ) ) ;
#1641 = ADVANCED_FACE ( 'NONE', ( #501 ), #1369, .T. ) ;
#1642 = CYLINDRICAL_SURFACE ( 'NONE', #3985, 35.05199999999999250 ) ;
#1643 = CIRCLE ( 'NONE', #2267, 37.59199999999999875 ) ;
#1644 = DIRECTION ( 'NONE',  ( 0.000000000000000000, 0.000000000000000000, 1.000000000000000000 ) ) ;
#1645 = ORIENTED_EDGE ( 'NONE', *, *, #4069, .F. ) ;
#1646 = EDGE_LOOP ( 'NONE', ( #4670, #2258 ) ) ;
#1647 = CARTESIAN_POINT ( 'NONE',  ( -10.89048629591057704, 60.42877543135517726, 76.07141209500025525 ) ) ;
#1648 = EDGE_LOOP ( 'NONE', ( #2341, #441 ) ) ;
#1649 = CIRCLE ( 'NONE', #4148, 15.00000000000000000 ) ;
#1650 = AXIS2_PLACEMENT_3D ( 'NONE', #2454, #163, #539 ) ;
#1651 = CARTESIAN_POINT ( 'NONE',  ( 0.000000000000000000, -46.00000000000000000, 164.0000000000000000 ) ) ;
#1652 = DATE_TIME_ROLE ( 'creation_date' ) ;
#1653 = DIRECTION ( 'NONE',  ( 0.000000000000000000, 0.000000000000000000, -1.000000000000000000 ) ) ;
#1654 = CARTESIAN_POINT ( 'NONE',  ( 120.9309549879999963, 35.95875136269128802, 97.57852415695222703 ) ) ;
#1655 = CIRCLE ( 'NONE', #4694, 4.687807484369997724 ) ;
#1656 = CARTESIAN_POINT ( 'NONE',  ( 5.810289277076105208, 52.63974229820931328, 83.86025770178038385 ) ) ;
#1657 = ORIENTED_EDGE ( 'NONE', *, *, #4293, .F. ) ;
#1658 = DIRECTION ( 'NONE',  ( 0.000000000000000000, -1.000000000000000000, 0.000000000000000000 ) ) ;
#1659 = VECTOR ( 'NONE', #3773, 1000.000000000000000 ) ;
#1660 = CARTESIAN_POINT ( 'NONE',  ( 0.000000000000000000, 0.000000000000000000, 91.18600000000000705 ) ) ;
#1661 = DIRECTION ( 'NONE',  ( 0.000000000000000000, 0.000000000000000000, 1.000000000000000000 ) ) ;
#1662 = ORIENTED_EDGE ( 'NONE', *, *, #4740, .T. ) ;
#1663 = DIRECTION ( 'NONE',  ( 0.000000000000000000, 0.000000000000000000, -1.000000000000000000 ) ) ;
#1664 = ORIENTED_EDGE ( 'NONE', *, *, #3410, .F. ) ;
#1665 = DIRECTION ( 'NONE',  ( 1.000000000000000000, 0.000000000000000000, 0.000000000000000000 ) ) ;
#1666 = CARTESIAN_POINT ( 'NONE',  ( 120.1858349299999986, -36.70387142029932903, 97.57852415672222435 ) ) ;
#1667 = DIRECTION ( 'NONE',  ( 1.000000000000000000, 0.000000000000000000, 0.000000000000000000 ) ) ;
#1668 = EDGE_LOOP ( 'NONE', ( #4809, #3348 ) ) ;
#1669 = FACE_OUTER_BOUND ( 'NONE', #854, .T. ) ;
#1670 = CARTESIAN_POINT ( 'NONE',  ( -8.052620383186658515, 69.50049628815639835, 66.99950717882101969 ) ) ;
#1671 = ORIENTED_EDGE ( 'NONE', *, *, #4796, .F. ) ;
#1672 = CARTESIAN_POINT ( 'NONE',  ( 0.000000000000000000, 0.000000000000000000, 123.1899999999999977 ) ) ;
#1673 = ADVANCED_FACE ( 'NONE', ( #1740 ), #933, .F. ) ;
#1674 = DIRECTION ( 'NONE',  ( 0.000000000000000000, 0.000000000000000000, 1.000000000000000000 ) ) ;
#1675 = CARTESIAN_POINT ( 'NONE',  ( 0.000000000000000000, 0.000000000000000000, 123.1899999999999977 ) ) ;
#1676 = EDGE_CURVE ( 'NONE', #620, #4639, #2437, .T. ) ;
#1677 = ADVANCED_FACE ( 'NONE', ( #4324 ), #2503, .F. ) ;
#1678 = CARTESIAN_POINT ( 'NONE',  ( 10.86154102788618303, 63.74083174464778523, 72.75922804550374678 ) ) ;
#1679 = DIRECTION ( 'NONE',  ( 0.000000000000000000, 4.858411868450000195E-16, 1.000000000000000000 ) ) ;
#1680 = FACE_OUTER_BOUND ( 'NONE', #528, .T. ) ;
#1681 = CARTESIAN_POINT ( 'NONE',  ( 0.000000000000000000, 62.00000000000000000, 92.75000000000000000 ) ) ;
#1682 = AXIS2_PLACEMENT_3D ( 'NONE', #2708, #4296, #538 ) ;
#1683 = ORIENTED_EDGE ( 'NONE', *, *, #850, .T. ) ;
#1684 = EDGE_CURVE ( 'NONE', #1196, #4420, #3254, .T. ) ;
#1685 = LINE ( 'NONE', #1960, #4215 ) ;
#1686 = CIRCLE ( 'NONE', #3402, 44.06899999999999551 ) ;
#1687 = DIRECTION ( 'NONE',  ( 0.000000000000000000, 0.000000000000000000, -1.000000000000000000 ) ) ;
#1688 = LINE ( 'NONE', #2083, #3011 ) ;
#1689 = CARTESIAN_POINT ( 'NONE',  ( 0.000000000000000000, -37.59199999999999875, -6.759774165510000301E-14 ) ) ;
#1690 = ORIENTED_EDGE ( 'NONE', *, *, #156, .F. ) ;
#1691 = EDGE_LOOP ( 'NONE', ( #3814, #1591 ) ) ;
#1692 = PLANE ( 'NONE',  #51 ) ;
#1693 = CARTESIAN_POINT ( 'NONE',  ( -9.780579085457272726, 67.03616593832376225, 69.46419078285416049 ) ) ;
#1694 = EDGE_CURVE ( 'NONE', #988, #360, #1415, .T. ) ;
#1695 = VERTEX_POINT ( 'NONE', #2159 ) ;
#1696 = DIRECTION ( 'NONE',  ( 1.000000000000000000, 0.000000000000000000, 0.000000000000000000 ) ) ;
#1697 = DIRECTION ( 'NONE',  ( 1.000000000000000000, 0.000000000000000000, 0.000000000000000000 ) ) ;
#1698 = EDGE_CURVE ( 'NONE', #1786, #2986, #868, .T. ) ;
#1699 = CARTESIAN_POINT ( 'NONE',  ( 118.2999999999999972, 32.38510894773708060, 92.89071667209937289 ) ) ;
#1700 = VECTOR ( 'NONE', #2420, 1000.000000000000000 ) ;
#1701 = CARTESIAN_POINT ( 'NONE',  ( 10.67180695448555738, 59.31919738763885874, 77.17935433884980512 ) ) ;
#1702 = CARTESIAN_POINT ( 'NONE',  ( 3.163691484153045685, 51.46365263706415760, 85.03623239057010608 ) ) ;
#1703 = CARTESIAN_POINT ( 'NONE',  ( 10.69411971746900569, 64.57986401464093262, 71.92006260512215476 ) ) ;
#1704 = DIRECTION ( 'NONE',  ( 1.000000000000000000, 0.000000000000000000, 0.000000000000000000 ) ) ;
#1705 = EDGE_LOOP ( 'NONE', ( #3250, #3365, #1135, #3114 ) ) ;
#1706 = CARTESIAN_POINT ( 'NONE',  ( -0.4493656158450000104, 34.38875224709999401, 140.0521743360000073 ) ) ;
#1707 = DIRECTION ( 'NONE',  ( 0.4794255386042041156, -0.8775825618903722036, 0.000000000000000000 ) ) ;
#1708 = CARTESIAN_POINT ( 'NONE',  ( -11.25291075839999877, 33.32811668289999574, 91.49426821710000013 ) ) ;
#1709 = ORIENTED_EDGE ( 'NONE', *, *, #2968, .T. ) ;
#1710 = ORIENTED_EDGE ( 'NONE', *, *, #3487, .F. ) ;
#1711 =( BOUNDED_SURFACE ( )  B_SPLINE_SURFACE ( 5, 3, ( 
 ( #4463, #4825, #3666, #1808, #3302, #1434, #4107 ),
 ( #1830, #1484, #2981, #1116, #750, #2247, #4803 ),
 ( #2158, #4412, #3735, #1069, #2564, #3643, #1458 ),
 ( #3371, #283, #2589, #3276, #17, #3005, #4757 ),
 ( #4085, #3109, #1984, #4156, #40, #3031, #1926 ),
 ( #4589, #4178, #492, #3841, #117, #3471, #1612 ) ),
 .UNSPECIFIED., .F., .F., .F. ) 
 B_SPLINE_SURFACE_WITH_KNOTS ( ( 6, 6 ),
 ( 4, 3, 4 ),
 ( 0.000000000000000000, 4.712388980380000092 ),
 ( 0.000000000000000000, 0.5000000000000000000, 1.000000000000000000 ),
 .UNSPECIFIED. ) 
 GEOMETRIC_REPRESENTATION_ITEM ( )  RATIONAL_B_SPLINE_SURFACE ( (
 ( 1.000000000000000000, 0.8047378541223619841, 0.8047378541223619841, 1.000000000000000000, 0.8047378541223619841, 0.8047378541223619841, 1.000000000000000000),
 ( 1.000000000000000000, 0.8047378541223619841, 0.8047378541223619841, 1.000000000000000000, 0.8047378541223619841, 0.8047378541223619841, 1.000000000000000000),
 ( 1.000000000000000000, 0.8047378541223619841, 0.8047378541223619841, 1.000000000000000000, 0.8047378541223619841, 0.8047378541223619841, 1.000000000000000000),
 ( 1.000000000000000000, 0.8047378541223619841, 0.8047378541223619841, 1.000000000000000000, 0.8047378541223619841, 0.8047378541223619841, 1.000000000000000000),
 ( 1.000000000000000000, 0.8047378541223619841, 0.8047378541223619841, 1.000000000000000000, 0.8047378541223619841, 0.8047378541223619841, 1.000000000000000000),
 ( 1.000000000000000000, 0.8047378541223619841, 0.8047378541223619841, 1.000000000000000000, 0.8047378541223619841, 0.8047378541223619841, 1.000000000000000000) ) ) 
 REPRESENTATION_ITEM ( '' )  SURFACE ( )  );
#1712 = CARTESIAN_POINT ( 'NONE',  ( 32.17531719210000318, 34.38875224709999401, 91.49426821710001434 ) ) ;
#1713 = EDGE_CURVE ( 'NONE', #2948, #1997, #2123, .T. ) ;
#1714 = CARTESIAN_POINT ( 'NONE',  ( 120.9309549879999963, -31.70675659189650730, 141.4817469891213193 ) ) ;
#1715 = CIRCLE ( 'NONE', #549, 35.05199999999999960 ) ;
#1716 = DIRECTION ( 'NONE',  ( 1.000000000000000000, 0.000000000000000000, 0.000000000000000000 ) ) ;
#1717 = CARTESIAN_POINT ( 'NONE',  ( -10.25803712057767747, 58.01898138325561405, 78.48005197942127609 ) ) ;
#1718 = ORIENTED_EDGE ( 'NONE', *, *, #1280, .F. ) ;
#1719 = VERTEX_POINT ( 'NONE', #572 ) ;
#1720 = AXIS2_PLACEMENT_3D ( 'NONE', #3386, #4404, #4146 ) ;
#1721 = CARTESIAN_POINT ( 'NONE',  ( 118.2999999999999972, -27.69730146339999877, 97.57852415689998793 ) ) ;
#1722 = DATE_AND_TIME ( #2829, #1800 ) ;
#1723 = CARTESIAN_POINT ( 'NONE',  ( 116.2999999999999972, -39.80180000000000007, 75.49426821710001434 ) ) ;
#1724 = CC_DESIGN_APPROVAL ( #3755, ( #4222 ) ) ;
#1725 = CARTESIAN_POINT ( 'NONE',  ( 120.1858349299999986, 36.70387141981422729, 97.57852415699889548 ) ) ;
#1726 = VECTOR ( 'NONE', #807, 1000.000000000000000 ) ;
#1727 = AXIS2_PLACEMENT_3D ( 'NONE', #1046, #4485, #727 ) ;
#1728 = CARTESIAN_POINT ( 'NONE',  ( 8.249440234417743767, 54.72354733959601703, 81.77645226789898913 ) ) ;
#1729 = CARTESIAN_POINT ( 'NONE',  ( 1.876277834737858141, 51.12024614147918555, 85.38024404075679286 ) ) ;
#1730 = VECTOR ( 'NONE', #4808, 1000.000000000000000 ) ;
#1731 = CARTESIAN_POINT ( 'NONE',  ( 11.00112978590543911, 62.08035106212901866, 74.41972035677446229 ) ) ;
#1732 = AXIS2_PLACEMENT_3D ( 'NONE', #4557, #3048, #33 ) ;
#1733 = PLANE ( 'NONE',  #786 ) ;
#1734 = ORIENTED_EDGE ( 'NONE', *, *, #967, .T. ) ;
#1735 = ORIENTED_EDGE ( 'NONE', *, *, #2458, .F. ) ;
#1736 = AXIS2_PLACEMENT_3D ( 'NONE', #145, #2390, #468 ) ;
#1737 = CARTESIAN_POINT ( 'NONE',  ( 0.000000000000000000, 1.231259814559999853E-13, 30.28950000000000031 ) ) ;
#1738 = CARTESIAN_POINT ( 'NONE',  ( 118.2999999999999972, 37.07291643222148991, 97.57852415695825243 ) ) ;
#1739 = CARTESIAN_POINT ( 'NONE',  ( 118.2999999999999972, -27.69730146298378415, 97.57852415698270931 ) ) ;
#1740 = FACE_OUTER_BOUND ( 'NONE', #221, .T. ) ;
#1741 = ORIENTED_EDGE ( 'NONE', *, *, #2091, .F. ) ;
#1742 = DIRECTION ( 'NONE',  ( 0.000000000000000000, 0.000000000000000000, 1.000000000000000000 ) ) ;
#1743 = CARTESIAN_POINT ( 'NONE',  ( -6.927150717621913145, 70.54487889679890600, 65.95513640199828842 ) ) ;
#1744 = CARTESIAN_POINT ( 'NONE',  ( -9.781912990608820024, 56.96852662974889370, 79.53162707377984475 ) ) ;
#1745 =( BOUNDED_SURFACE ( )  B_SPLINE_SURFACE ( 5, 3, ( 
 ( #1738, #260, #701, #3301 ),
 ( #2843, #4035, #2563, #3252 ),
 ( #1759, #330, #3204, #2179 ),
 ( #4735, #4690, #4322, #1388 ),
 ( #1045, #2887, #976, #3642 ),
 ( #281, #2480, #4714, #1367 ) ),
 .UNSPECIFIED., .F., .F., .F. ) 
 B_SPLINE_SURFACE_WITH_KNOTS ( ( 6, 6 ),
 ( 4, 4 ),
 ( 0.000000000000000000, 4.712388980380000092 ),
 ( 0.000000000000000000, 1.000000000000000000 ),
 .UNSPECIFIED. ) 
 GEOMETRIC_REPRESENTATION_ITEM ( )  RATIONAL_B_SPLINE_SURFACE ( (
 ( 1.000000000000000000, 0.3333333333367312634, 0.3333333333367312634, 1.000000000000000000),
 ( 1.000000000000000000, 0.3333333333367312634, 0.3333333333367312634, 1.000000000000000000),
 ( 1.000000000000000000, 0.3333333333367312634, 0.3333333333367312634, 1.000000000000000000),
 ( 1.000000000000000000, 0.3333333333367312634, 0.3333333333367312634, 1.000000000000000000),
 ( 1.000000000000000000, 0.3333333333367312634, 0.3333333333367312634, 1.000000000000000000),
 ( 1.000000000000000000, 0.3333333333367312634, 0.3333333333367312634, 1.000000000000000000) ) ) 
 REPRESENTATION_ITEM ( '' )  SURFACE ( )  );
#1746 = B_SPLINE_CURVE_WITH_KNOTS ( 'NONE', 3,
 ( #351, #1876, #1483, #2979, #1115, #2298, #3392, #2607, #15, #1510, #774, #1138, #2631, #3029, #4507 ),
 .UNSPECIFIED., .F., .F.,
 ( 4, 2, 2, 1, 1, 1, 2, 2, 4 ),
 ( 0.000000000000000000, 0.2500000000000305311, 0.3750000000000462408, 0.4375000000000540124, 0.4687500000000562883, 0.4843750000000565659, 0.4921875000000566769, 0.5000000000000567324, 1.000000000000000000 ),
 .UNSPECIFIED. ) ;
#1747 = ORIENTED_EDGE ( 'NONE', *, *, #2065, .T. ) ;
#1748 = VERTEX_POINT ( 'NONE', #4759 ) ;
#1749 = DIRECTION ( 'NONE',  ( 1.000000000000000000, 0.000000000000000000, 0.000000000000000000 ) ) ;
#1750 = SHAPE_DEFINITION_REPRESENTATION ( #1768, #736 ) ;
#1751 = CARTESIAN_POINT ( 'NONE',  ( 118.2999999999999972, -27.01894910808914929, 145.0553894040756688 ) ) ;
#1752 = CARTESIAN_POINT ( 'NONE',  ( 10.96373995261798662, 61.06831240212000722, 75.43118774814828953 ) ) ;
#1753 = FACE_OUTER_BOUND ( 'NONE', #408, .T. ) ;
#1754 = CARTESIAN_POINT ( 'NONE',  ( 10.37648325901982105, 65.65091475634187645, 70.84908411977718856 ) ) ;
#1755 = EDGE_CURVE ( 'NONE', #1252, #4390, #1785, .T. ) ;
#1756 = DIRECTION ( 'NONE',  ( -1.000000000000000000, 0.000000000000000000, 0.000000000000000000 ) ) ;
#1757 = ORIENTED_EDGE ( 'NONE', *, *, #963, .T. ) ;
#1758 = CARTESIAN_POINT ( 'NONE',  ( 48.00000000000000000, -8.000999999999999446, 7.620000000000000107 ) ) ;
#1759 = CARTESIAN_POINT ( 'NONE',  ( 120.1858349299999986, 36.70387142010195447, 97.57852415700391191 ) ) ;
#1760 = DIRECTION ( 'NONE',  ( 1.000000000000000000, 0.000000000000000000, 0.000000000000000000 ) ) ;
#1761 = EDGE_CURVE ( 'NONE', #1811, #523, #4080, .T. ) ;
#1762 = CARTESIAN_POINT ( 'NONE',  ( -33.77748229880000252, 10.80354514260000087, 102.4942682169999983 ) ) ;
#1763 = ORIENTED_EDGE ( 'NONE', *, *, #3065, .T. ) ;
#1764 = VECTOR ( 'NONE', #545, 1000.000000000000000 ) ;
#1765 = DIRECTION ( 'NONE',  ( 0.000000000000000000, 0.000000000000000000, 1.000000000000000000 ) ) ;
#1766 = FACE_OUTER_BOUND ( 'NONE', #809, .T. ) ;
#1767 = CARTESIAN_POINT ( 'NONE',  ( -10.92773360266801852, 63.25910613818826533, 73.24090087239348179 ) ) ;
#1768 = PRODUCT_DEFINITION_SHAPE ( 'NONE', 'NONE',  #1516 ) ;
#1769 = VERTEX_POINT ( 'NONE', #3574 ) ;
#1770 = ORIENTED_EDGE ( 'NONE', *, *, #4761, .T. ) ;
#1771 = CARTESIAN_POINT ( 'NONE',  ( 116.2999999999999972, -36.39456407619999823, 145.0553894040000102 ) ) ;
#1772 = CARTESIAN_POINT ( 'NONE',  ( -2.191303281235391420, 51.22048261367485367, 85.27955214596553901 ) ) ;
#1773 = EDGE_CURVE ( 'NONE', #1322, #4594, #4528, .T. ) ;
#1774 = CARTESIAN_POINT ( 'NONE',  ( 9.849349261654099408, 57.09959879942560690, 79.40015442816223867 ) ) ;
#1775 = CARTESIAN_POINT ( 'NONE',  ( 64.79999999999999716, -34.38875224709999401, 102.4942682169999983 ) ) ;
#1776 = AXIS2_PLACEMENT_3D ( 'NONE', #4285, #2465, #3926 ) ;
#1777 = CARTESIAN_POINT ( 'NONE',  ( 9.716303000240181120, 67.15689224690085268, 69.34310711282171269 ) ) ;
#1778 = ADVANCED_FACE ( 'NONE', ( #4737 ), #2740, .T. ) ;
#1779 = PLANE ( 'NONE',  #486 ) ;
#1780 = AXIS2_PLACEMENT_3D ( 'NONE', #790, #3800, #3408 ) ;
#1781 = ORIENTED_EDGE ( 'NONE', *, *, #4415, .T. ) ;
#1782 = DIRECTION ( 'NONE',  ( 0.000000000000000000, 4.858411868450000195E-16, 1.000000000000000000 ) ) ;
#1783 = FACE_OUTER_BOUND ( 'NONE', #2030, .T. ) ;
#1784 = DIRECTION ( 'NONE',  ( 0.000000000000000000, 0.000000000000000000, 1.000000000000000000 ) ) ;
#1785 = LINE ( 'NONE', #593, #1569 ) ;
#1786 = VERTEX_POINT ( 'NONE', #4804 ) ;
#1787 = ADVANCED_FACE ( 'NONE', ( #1831 ), #4058, .T. ) ;
#1788 = DIRECTION ( 'NONE',  ( 0.000000000000000000, 0.000000000000000000, 1.000000000000000000 ) ) ;
#1789 = LINE ( 'NONE', #2916, #4739 ) ;
#1790 = CARTESIAN_POINT ( 'NONE',  ( -10.93501489131669402, 63.19392249544520013, 73.30607747584005551 ) ) ;
#1791 = ORIENTED_EDGE ( 'NONE', *, *, #1562, .F. ) ;
#1792 = ORIENTED_EDGE ( 'NONE', *, *, #2871, .T. ) ;
#1794 = CARTESIAN_POINT ( 'NONE',  ( 0.000000000000000000, 62.00000000000000000, 108.5000000000000000 ) ) ;
#1793 = AXIS2_PLACEMENT_3D ( 'NONE', #1828, #427, #1558 ) ;
#1795 = B_SPLINE_CURVE_WITH_KNOTS ( 'NONE', 5,
 ( #3044, #449, #79, #815, #3858, #3100, #1975, #3461, #3775 ),
 .UNSPECIFIED., .F., .F.,
 ( 6, 3, 6 ),
 ( -424.1020424789999765, -400.2347722760000011, -376.3675020740000150 ),
 .UNSPECIFIED. ) ;
#1796 = DIRECTION ( 'NONE',  ( 1.000000000000000000, 0.000000000000000000, 0.000000000000000000 ) ) ;
#1797 = AXIS2_PLACEMENT_3D ( 'NONE', #1610, #2383, #4534 ) ;
#1798 = DIRECTION ( 'NONE',  ( -1.000000000000000000, 0.000000000000000000, 0.000000000000000000 ) ) ;
#1799 = PLANE ( 'NONE',  #2576 ) ;
#1800 = LOCAL_TIME ( 14, 33, 43.00000000000000000, #2804 ) ;
#1801 = CARTESIAN_POINT ( 'NONE',  ( 10.99701169175829563, 61.74292388796005326, 74.75706032364027465 ) ) ;
#1802 = CARTESIAN_POINT ( 'NONE',  ( 64.79999999999999716, 34.38875224709999401, 158.0521743360000073 ) ) ;
#1803 = ORIENTED_EDGE ( 'NONE', *, *, #4033, .F. ) ;
#1804 = CARTESIAN_POINT ( 'NONE',  ( -34.83811786289999901, 3.325363952429999698E-14, 91.49426821710001434 ) ) ;
#1805 = CIRCLE ( 'NONE', #1, 44.06899999999999551 ) ;
#1806 = DIRECTION ( 'NONE',  ( 1.000000000000000000, 0.000000000000000000, 0.000000000000000000 ) ) ;
#1807 = DIRECTION ( 'NONE',  ( 0.000000000000000000, 0.000000000000000000, 1.000000000000000000 ) ) ;
#1808 = CARTESIAN_POINT ( 'NONE',  ( 118.2999999999999972, -32.38510894776017324, 102.2663316413043191 ) ) ;
#1809 = DIRECTION ( 'NONE',  ( 0.000000000000000000, 0.000000000000000000, -1.000000000000000000 ) ) ;
#1810 = ORIENTED_EDGE ( 'NONE', *, *, #2347, .T. ) ;
#1811 = VERTEX_POINT ( 'NONE', #4086 ) ;
#1812 = EDGE_CURVE ( 'NONE', #4065, #3285, #2912, .T. ) ;
#1813 = CARTESIAN_POINT ( 'NONE',  ( -16.80482397919999826, 30.76102395939999923, 155.1939999999999884 ) ) ;
#1814 = AXIS2_PLACEMENT_3D ( 'NONE', #2722, #2820, #2414 ) ;
#1815 = DIRECTION ( 'NONE',  ( 0.000000000000000000, 0.000000000000000000, -1.000000000000000000 ) ) ;
#1816 = CARTESIAN_POINT ( 'NONE',  ( -30.83811786289999901, 4.773454040559999889, 102.4942682169999983 ) ) ;
#1817 = ORIENTED_EDGE ( 'NONE', *, *, #2106, .T. ) ;
#1818 = ORIENTED_EDGE ( 'NONE', *, *, #1316, .T. ) ;
#1819 = CARTESIAN_POINT ( 'NONE',  ( -8.726806580112404177, 55.30332529807203201, 81.19667790731706702 ) ) ;
#1820 = CARTESIAN_POINT ( 'NONE',  ( 9.736354836379362609, 67.11892752810318541, 69.38090359436436927 ) ) ;
#1821 = CARTESIAN_POINT ( 'NONE',  ( -29.90085235379999773, -9.546908081119999778, 91.49426821710000013 ) ) ;
#1822 = CARTESIAN_POINT ( 'NONE',  ( 9.382831537370872610, 56.25853384370010701, 80.24147017467976184 ) ) ;
#1823 = ADVANCED_FACE ( 'NONE', ( #4131, #3006 ), #41, .T. ) ;
#1824 = CARTESIAN_POINT ( 'NONE',  ( 0.000000000000000000, 17.52599999999999980, 40.51299999999999812 ) ) ;
#1825 = EDGE_CURVE ( 'NONE', #135, #1910, #2044, .T. ) ;
#1826 = EDGE_LOOP ( 'NONE', ( #4504, #2841, #1055, #3243, #3261 ) ) ;
#1827 = CARTESIAN_POINT ( 'NONE',  ( -16.37664289539999984, -31.20579734180000031, 91.49426821710001434 ) ) ;
#1828 = CARTESIAN_POINT ( 'NONE',  ( 0.000000000000000000, 0.000000000000000000, 176.0000000000000000 ) ) ;
#1829 = DIRECTION ( 'NONE',  ( 0.000000000000000000, 1.000000000000000000, 0.000000000000000000 ) ) ;
#1830 = CARTESIAN_POINT ( 'NONE',  ( 119.2424777960000029, -27.69730146339567511, 97.57852415682032188 ) ) ;
#1831 = FACE_OUTER_BOUND ( 'NONE', #1857, .T. ) ;
#1832 = ADVANCED_FACE ( 'NONE', ( #3324, #703 ), #2181, .F. ) ;
#1833 = ORIENTED_EDGE ( 'NONE', *, *, #2635, .T. ) ;
#1834 = EDGE_CURVE ( 'NONE', #2685, #425, #315, .T. ) ;
#1835 = FACE_OUTER_BOUND ( 'NONE', #487, .T. ) ;
#1836 = DIRECTION ( 'NONE',  ( 0.000000000000000000, 0.000000000000000000, -1.000000000000000000 ) ) ;
#1837 = CARTESIAN_POINT ( 'NONE',  ( 0.000000000000000000, 4.762500000000000178, 44.83100000000000307 ) ) ;
#1838 = VECTOR ( 'NONE', #1665, 1000.000000000000000 ) ;
#1839 = ORIENTED_EDGE ( 'NONE', *, *, #3332, .F. ) ;
#1840 = EDGE_LOOP ( 'NONE', ( #2303, #4760, #4179, #1571 ) ) ;
#1841 = VECTOR ( 'NONE', #2281, 1000.000000000000000 ) ;
#1842 = CARTESIAN_POINT ( 'NONE',  ( -10.14082628224288563, 57.73589922794644025, 78.76416142214218041 ) ) ;
#1843 = EDGE_CURVE ( 'NONE', #3764, #2653, #1805, .T. ) ;
#1844 = CARTESIAN_POINT ( 'NONE',  ( 9.746035843553908506, 67.10047846358429524, 69.39935317936865999 ) ) ;
#1845 = DIRECTION ( 'NONE',  ( 0.000000000000000000, 4.858411868450000195E-16, 1.000000000000000000 ) ) ;
#1846 = ADVANCED_FACE ( 'NONE', ( #1047 ), #2932, .T. ) ;
#1847 = CARTESIAN_POINT ( 'NONE',  ( 10.19547292607833633, 57.86967757343580843, 78.63033867246404895 ) ) ;
#1848 = EDGE_CURVE ( 'NONE', #2591, #4643, #728, .T. ) ;
#1849 = CARTESIAN_POINT ( 'NONE',  ( 0.000000000000000000, 0.000000000000000000, 121.5389999999999873 ) ) ;
#1850 = EDGE_LOOP ( 'NONE', ( #1532, #303, #4573, #4664 ) ) ;
#1851 = CARTESIAN_POINT ( 'NONE',  ( -5.851138187120000111, -34.38875224709999401, 102.4942682169999983 ) ) ;
#1852 = LINE ( 'NONE', #4481, #1325 ) ;
#1853 = CARTESIAN_POINT ( 'NONE',  ( 0.000000000000000000, -1.314504061159999897E-13, 73.40600000000000591 ) ) ;
#1854 = AXIS2_PLACEMENT_3D ( 'NONE', #3648, #288, #1419 ) ;
#1855 = CYLINDRICAL_SURFACE ( 'NONE', #162, 35.05199999999999250 ) ;
#1856 = DIRECTION ( 'NONE',  ( 1.000000000000000000, 0.000000000000000000, 0.000000000000000000 ) ) ;
#1857 = EDGE_LOOP ( 'NONE', ( #2747, #1657, #1710, #1810 ) ) ;
#1858 = ORIENTED_EDGE ( 'NONE', *, *, #2923, .F. ) ;
#1859 = DIRECTION ( 'NONE',  ( 1.000000000000000000, 0.000000000000000000, 0.000000000000000000 ) ) ;
#1860 = CARTESIAN_POINT ( 'NONE',  ( 48.00000000000000000, 1.705302565819999782E-13, 54.60999999999999943 ) ) ;
#1861 = DIRECTION ( 'NONE',  ( 1.000000000000000000, 0.000000000000000000, 0.000000000000000000 ) ) ;
#1862 = ORIENTED_EDGE ( 'NONE', *, *, #1359, .F. ) ;
#1863 = EDGE_LOOP ( 'NONE', ( #3159, #3423, #612, #1272 ) ) ;
#1864 = ADVANCED_FACE ( 'NONE', ( #1902 ), #1174, .T. ) ;
#1865 = CARTESIAN_POINT ( 'NONE',  ( -10.55494750700787954, 58.89089314008283083, 77.60919312740350051 ) ) ;
#1866 = LINE ( 'NONE', #3359, #1031 ) ;
#1867 = AXIS2_PLACEMENT_3D ( 'NONE', #259, #2155, #1432 ) ;
#1868 = CARTESIAN_POINT ( 'NONE',  ( 10.15852448205692937, 66.22724756901415333, 70.27347852799964301 ) ) ;
#1869 = CARTESIAN_POINT ( 'NONE',  ( 68.79999999999999716, 34.53032114620000215, 140.0521743360000073 ) ) ;
#1870 = CARTESIAN_POINT ( 'NONE',  ( 10.98929715881857128, 61.48716079320058725, 75.01274516147628901 ) ) ;
#1871 = VECTOR ( 'NONE', #792, 1000.000000000000000 ) ;
#1872 = DIRECTION ( 'NONE',  ( 0.000000000000000000, -1.000000000000000000, 0.000000000000000000 ) ) ;
#1873 = ORIENTED_EDGE ( 'NONE', *, *, #1969, .F. ) ;
#1874 = FACE_OUTER_BOUND ( 'NONE', #1564, .T. ) ;
#1875 = DIRECTION ( 'NONE',  ( 0.000000000000000000, 4.858411868450000195E-16, 1.000000000000000000 ) ) ;
#1876 = CARTESIAN_POINT ( 'NONE',  ( -0.4672251605333573310, 72.99999999875181800, 63.50000000000000000 ) ) ;
#1877 = CARTESIAN_POINT ( 'NONE',  ( 118.2999999999999972, -31.70675659180000139, 145.0553894040000102 ) ) ;
#1878 = CARTESIAN_POINT ( 'NONE',  ( 0.000000000000000000, 0.000000000000000000, 87.88400000000000034 ) ) ;
#1879 = VERTEX_POINT ( 'NONE', #353 ) ;
#1880 = AXIS2_PLACEMENT_3D ( 'NONE', #188, #2844, #592 ) ;
#1881 = LINE ( 'NONE', #1036, #2573 ) ;
#1882 = CARTESIAN_POINT ( 'NONE',  ( 2.693463034447269866, 51.33478579767397321, 85.16515446964353941 ) ) ;
#1883 = VECTOR ( 'NONE', #4259, 1000.000000000000000 ) ;
#1884 = CIRCLE ( 'NONE', #4622, 15.00000000000000000 ) ;
#1885 = CARTESIAN_POINT ( 'NONE',  ( -7.108021773167316759, 53.57680389742392890, 82.92319845781548793 ) ) ;
#1886 = CARTESIAN_POINT ( 'NONE',  ( 64.79999999999999716, 34.38875224709999401, 145.5521743360000073 ) ) ;
#1887 = EDGE_LOOP ( 'NONE', ( #761, #1770, #573, #1948, #3903, #3305, #2186, #47, #3693, #3061, #1664, #3134 ) ) ;
#1888 = ORIENTED_EDGE ( 'NONE', *, *, #2429, .T. ) ;
#1889 = CLOSED_SHELL ( 'NONE', ( #1959, #2499, #969, #72, #4166, #2190, #2992, #2078, #89, #3067, #1409, #1625, #1982, #3586, #833, #2650, #2354, #4244 ) ) ;
#1890 = CARTESIAN_POINT ( 'NONE',  ( -5.852405188417663773, 52.68537564099527515, 83.81463576655987424 ) ) ;
#1891 = CARTESIAN_POINT ( 'NONE',  ( 0.000000000000000000, 62.00000000000000000, 92.75000000000000000 ) ) ;
#1892 = EDGE_CURVE ( 'NONE', #130, #171, #1117, .T. ) ;
#1893 = LINE ( 'NONE', #2995, #362 ) ;
#1894 = CARTESIAN_POINT ( 'NONE',  ( 68.79999999999999716, -39.80180000000000007, 75.49426821710001434 ) ) ;
#1895 = CARTESIAN_POINT ( 'NONE',  ( 9.158122618584195962, 55.89899292810729037, 80.60100682515854942 ) ) ;
#1896 = DIRECTION ( 'NONE',  ( 0.000000000000000000, 0.000000000000000000, 1.000000000000000000 ) ) ;
#1897 = VERTEX_POINT ( 'NONE', #751 ) ;
#1898 = CARTESIAN_POINT ( 'NONE',  ( -33.77748229880000252, -10.80354514260000087, 102.4942682169999983 ) ) ;
#1899 = DIRECTION ( 'NONE',  ( 0.000000000000000000, -1.000000000000000000, 0.000000000000000000 ) ) ;
#1900 = DIRECTION ( 'NONE',  ( 0.000000000000000000, 0.000000000000000000, 1.000000000000000000 ) ) ;
#1901 = DIRECTION ( 'NONE',  ( 0.000000000000000000, 0.000000000000000000, -1.000000000000000000 ) ) ;
#1902 = FACE_OUTER_BOUND ( 'NONE', #127, .T. ) ;
#1903 = VERTEX_POINT ( 'NONE', #4826 ) ;
#1904 = VERTEX_POINT ( 'NONE', #1485 ) ;
#1905 = DIRECTION ( 'NONE',  ( 1.000000000000000000, 0.000000000000000000, 0.000000000000000000 ) ) ;
#1906 = CARTESIAN_POINT ( 'NONE',  ( -0.4493656158450000104, 34.38875224709999401, 151.0521743360000073 ) ) ;
#1907 = EDGE_CURVE ( 'NONE', #3535, #3940, #3736, .T. ) ;
#1908 = CARTESIAN_POINT ( 'NONE',  ( -9.740899582233117471, 56.88972712067935333, 79.61044164422173708 ) ) ;
#1909 = PLANE ( 'NONE',  #3609 ) ;
#1910 = VERTEX_POINT ( 'NONE', #4464 ) ;
#1911 = EDGE_LOOP ( 'NONE', ( #2865, #2504, #4094, #1430 ) ) ;
#1912 = CARTESIAN_POINT ( 'NONE',  ( -10.95260393263174237, 60.96932422743656588, 75.53084354373879705 ) ) ;
#1913 = AXIS2_PLACEMENT_3D ( 'NONE', #1433, #4756, #1347 ) ;
#1914 = CARTESIAN_POINT ( 'NONE',  ( 0.000000000000000000, 0.000000000000000000, 119.8879999999999910 ) ) ;
#1915 = CIRCLE ( 'NONE', #826, 46.00000000000000000 ) ;
#1916 = DIRECTION ( 'NONE',  ( 1.000000000000000000, 0.000000000000000000, 0.000000000000000000 ) ) ;
#1917 = DATE_AND_TIME ( #419, #2118 ) ;
#1918 = CARTESIAN_POINT ( 'NONE',  ( 121.3000000000000114, -31.70675659188015771, 142.4251041233817432 ) ) ;
#1919 = CARTESIAN_POINT ( 'NONE',  ( 8.426777849431504208, 54.92905440315053056, 81.57095645827295982 ) ) ;
#1920 = EDGE_CURVE ( 'NONE', #4600, #1172, #3394, .T. ) ;
#1921 = CARTESIAN_POINT ( 'NONE',  ( -22.05357477580000136, 40.36879784700000329, 164.0000000000000000 ) ) ;
#1922 = ORIENTED_EDGE ( 'NONE', *, *, #1316, .F. ) ;
#1923 = CARTESIAN_POINT ( 'NONE',  ( 48.00000000000000000, 4.762500000000000178, 54.60999999999999943 ) ) ;
#1924 = CARTESIAN_POINT ( 'NONE',  ( 0.000000000000000000, 62.00000000000000000, 114.8923048449999982 ) ) ;
#1925 = DIRECTION ( 'NONE',  ( 0.000000000000000000, 1.000000000000000000, 0.000000000000000000 ) ) ;
#1926 = CARTESIAN_POINT ( 'NONE',  ( 121.3000000000000114, -35.01539422827383419, 97.57852415685059100 ) ) ;
#1927 = ORIENTED_EDGE ( 'NONE', *, *, #4455, .F. ) ;
#1928 = PLANE ( 'NONE',  #3751 ) ;
#1929 = ORIENTED_EDGE ( 'NONE', *, *, #3935, .T. ) ;
#1930 = ORIENTED_EDGE ( 'NONE', *, *, #4136, .F. ) ;
#1931 = CARTESIAN_POINT ( 'NONE',  ( -22.60020519879999767, -22.15083958299999622, 91.49426821710001434 ) ) ;
#1932 = VECTOR ( 'NONE', #2121, 1000.000000000000000 ) ;
#1933 = CARTESIAN_POINT ( 'NONE',  ( -13.76004174070000019, 25.18758745649999753, 164.0000000000000000 ) ) ;
#1934 = CARTESIAN_POINT ( 'NONE',  ( -0.4493656158450000104, 30.38875224710000111, 91.49426821710001434 ) ) ;
#1935 = DIRECTION ( 'NONE',  ( 0.000000000000000000, 0.000000000000000000, -1.000000000000000000 ) ) ;
#1936 = ORIENTED_EDGE ( 'NONE', *, *, #733, .T. ) ;
#1937 = VECTOR ( 'NONE', #1943, 1000.000000000000000 ) ;
#1938 = ORIENTED_EDGE ( 'NONE', *, *, #197, .F. ) ;
#1939 = ADVANCED_FACE ( 'NONE', ( #2248, #18 ), #2542, .T. ) ;
#1940 = ADVANCED_FACE ( 'NONE', ( #4413 ), #1537, .T. ) ;
#1941 = CARTESIAN_POINT ( 'NONE',  ( -10.64952028715954846, 64.75459777489130886, 71.74540168118475947 ) ) ;
#1942 = CARTESIAN_POINT ( 'NONE',  ( 121.3000000000000114, 34.33704187213481873, 139.7948188432856966 ) ) ;
#1943 = DIRECTION ( 'NONE',  ( 0.000000000000000000, 0.000000000000000000, 1.000000000000000000 ) ) ;
#1944 = PERSON_AND_ORGANIZATION_ROLE ( 'design_supplier' ) ;
#1945 = CARTESIAN_POINT ( 'NONE',  ( 118.2999999999999972, -31.70675659194652241, 140.3675819192986864 ) ) ;
#1946 = CARTESIAN_POINT ( 'NONE',  ( 121.2999999999999972, 29.07647131118173434, 145.0553894039057639 ) ) ;
#1947 = CARTESIAN_POINT ( 'NONE',  ( -4.314829847440000421, 69.89824305700000195, 116.1423048449999982 ) ) ;
#1948 = ORIENTED_EDGE ( 'NONE', *, *, #1834, .T. ) ;
#1949 = DIRECTION ( 'NONE',  ( 0.000000000000000000, 1.000000000000000000, 0.000000000000000000 ) ) ;
#1950 = ORIENTED_EDGE ( 'NONE', *, *, #1713, .F. ) ;
#1951 = CARTESIAN_POINT ( 'NONE',  ( 21.12780406070000083, 38.67418591989999754, 103.8860000000000099 ) ) ;
#1952 = VECTOR ( 'NONE', #4367, 1000.000000000000000 ) ;
#1953 = CARTESIAN_POINT ( 'NONE',  ( -16.80482397919999826, 30.76102395939999923, 97.53600000000000136 ) ) ;
#1954 = LINE ( 'NONE', #880, #2827 ) ;
#1955 = ORIENTED_EDGE ( 'NONE', *, *, #1169, .F. ) ;
#1956 = AXIS2_PLACEMENT_3D ( 'NONE', #947, #2073, #3635 ) ;
#1957 = ORIENTED_EDGE ( 'NONE', *, *, #3508, .T. ) ;
#1958 = ORIENTED_EDGE ( 'NONE', *, *, #1825, .F. ) ;
#1959 = ADVANCED_FACE ( 'NONE', ( #3032, #4157 ), #1928, .T. ) ;
#1960 = CARTESIAN_POINT ( 'NONE',  ( 64.79999999999999716, -34.38875224709999401, 145.5521743360000073 ) ) ;
#1961 = ADVANCED_FACE ( 'NONE', ( #2301 ), #3786, .F. ) ;
#1962 = CARTESIAN_POINT ( 'NONE',  ( 24.00000000000000000, 1.705302565819999782E-13, 35.05199999999999960 ) ) ;
#1963 = PRODUCT_DEFINITION_FORMATION_WITH_SPECIFIED_SOURCE ( 'ANY', '', #3562, .NOT_KNOWN. ) ;
#1964 = CARTESIAN_POINT ( 'NONE',  ( -0.4493656158450000104, -30.38875224710000111, 145.5521743360000073 ) ) ;
#1965 = CIRCLE ( 'NONE', #478, 35.05199999999999960 ) ;
#1966 = CARTESIAN_POINT ( 'NONE',  ( -30.83811786289999901, 3.197442310919999608E-14, 102.4942682169999983 ) ) ;
#1967 = CIRCLE ( 'NONE', #4689, 25.50000000000000000 ) ;
#1968 = ORIENTED_EDGE ( 'NONE', *, *, #2906, .F. ) ;
#1969 = EDGE_CURVE ( 'NONE', #596, #4777, #1352, .T. ) ;
#1970 = EDGE_LOOP ( 'NONE', ( #4112, #4551, #3731, #1741 ) ) ;
#1971 = AXIS2_PLACEMENT_3D ( 'NONE', #4650, #3852, #887 ) ;
#1972 = VECTOR ( 'NONE', #3317, 1000.000000000000000 ) ;
#1973 = CARTESIAN_POINT ( 'NONE',  ( -10.99701169155442493, 62.25707612114714351, 74.24293966722495952 ) ) ;
#1974 = CARTESIAN_POINT ( 'NONE',  ( 120.9309549879999963, 28.13311417702144013, 145.0553894040292562 ) ) ;
#1975 = CARTESIAN_POINT ( 'NONE',  ( -29.90085235379999773, 9.546908081119999778, 102.4942682169999983 ) ) ;
#1976 = CARTESIAN_POINT ( 'NONE',  ( 119.2424777960000171, -28.96070254517611531, 140.3675819192128529 ) ) ;
#1977 = CARTESIAN_POINT ( 'NONE',  ( 121.3000000000000114, 29.75482366732616768, 97.57852415689063719 ) ) ;
#1978 = LINE ( 'NONE', #134, #484 ) ;
#1979 = ORIENTED_EDGE ( 'NONE', *, *, #3560, .T. ) ;
#1980 = LINE ( 'NONE', #488, #919 ) ;
#1981 = CARTESIAN_POINT ( 'NONE',  ( 118.7999999999999972, 32.38510894779999916, 97.57852415689998793 ) ) ;
#1982 = ADVANCED_FACE ( 'NONE', ( #597 ), #482, .T. ) ;
#1983 = CARTESIAN_POINT ( 'NONE',  ( 4.921151138333022423, 71.84367091251336035, 64.65627785482604395 ) ) ;
#1984 = CARTESIAN_POINT ( 'NONE',  ( 121.2999999999999829, -30.84432350342541085, 100.2088094373896467 ) ) ;
#1985 = ORIENTED_EDGE ( 'NONE', *, *, #3190, .F. ) ;
#1986 = ORIENTED_EDGE ( 'NONE', *, *, #3933, .F. ) ;
#1987 = CARTESIAN_POINT ( 'NONE',  ( 64.79999999999999716, -34.38875224709999401, 91.49426821710001434 ) ) ;
#1988 = ORIENTED_EDGE ( 'NONE', *, *, #4796, .T. ) ;
#1989 = CYLINDRICAL_SURFACE ( 'NONE', #2233, 35.05199999999999250 ) ;
#1990 = ADVANCED_FACE ( 'NONE', ( #1202 ), #2878, .F. ) ;
#1991 = CARTESIAN_POINT ( 'NONE',  ( 68.79999999999999716, -39.80180000000000007, 158.0521743360000073 ) ) ;
#1992 = ADVANCED_FACE ( 'NONE', ( #1553 ), #2318, .T. ) ;
#1993 = DIRECTION ( 'NONE',  ( 1.000000000000000000, 0.000000000000000000, 0.000000000000000000 ) ) ;
#1994 = ORIENTED_EDGE ( 'NONE', *, *, #3514, .F. ) ;
#1995 = ORIENTED_EDGE ( 'NONE', *, *, #3039, .T. ) ;
#1996 = CARTESIAN_POINT ( 'NONE',  ( -10.69411971801464389, 59.42013598769030835, 77.07993739259106292 ) ) ;
#1997 = VERTEX_POINT ( 'NONE', #4171 ) ;
#1998 = CYLINDRICAL_SURFACE ( 'NONE', #760, 8.500000000000000000 ) ;
#1999 =( NAMED_UNIT ( * ) SI_UNIT ( $, .STERADIAN. ) SOLID_ANGLE_UNIT ( ) );
#2000 = DIRECTION ( 'NONE',  ( 1.000000000000000000, 0.000000000000000000, 0.000000000000000000 ) ) ;
#2001 = CARTESIAN_POINT ( 'NONE',  ( 121.2999999999999972, 30.01894910817120277, 148.4310043713466314 ) ) ;
#2002 = CARTESIAN_POINT ( 'NONE',  ( 121.3000000000000114, -32.38510894779999916, 97.57852415689998793 ) ) ;
#2003 = AXIS2_PLACEMENT_3D ( 'NONE', #161, #3492, #3839 ) ;
#2004 = ORIENTED_EDGE ( 'NONE', *, *, #1469, .T. ) ;
#2005 = MANIFOLD_SOLID_BREP ( 'Body.2', #3375 ) ;
#2006 = CARTESIAN_POINT ( 'NONE',  ( 118.2999999999999972, -27.69730146339999877, 97.57852415689998793 ) ) ;
#2007 = DIRECTION ( 'NONE',  ( 0.000000000000000000, 0.000000000000000000, -1.000000000000000000 ) ) ;
#2008 = EDGE_CURVE ( 'NONE', #2961, #2085, #1021, .T. ) ;
#2009 = CARTESIAN_POINT ( 'NONE',  ( 6.043286559265271585, 71.19127249634173893, 65.30872641335918161 ) ) ;
#2010 = DIRECTION ( 'NONE',  ( 0.000000000000000000, 4.858411868450000195E-16, 1.000000000000000000 ) ) ;
#2011 = VERTEX_POINT ( 'NONE', #4608 ) ;
#2012 = ORIENTED_EDGE ( 'NONE', *, *, #3418, .F. ) ;
#2013 = ORIENTED_EDGE ( 'NONE', *, *, #1393, .F. ) ;
#2014 = CARTESIAN_POINT ( 'NONE',  ( 48.00000000000000000, 1.172395513999999869E-13, 7.620000000000000107 ) ) ;
#2015 = CARTESIAN_POINT ( 'NONE',  ( 121.3000000000000114, -30.01894910740000100, 145.0553894040000102 ) ) ;
#2016 = CARTESIAN_POINT ( 'NONE',  ( -5.222819656400000454, 30.38875224710000111, 91.49426821710001434 ) ) ;
#2017 = CYLINDRICAL_SURFACE ( 'NONE', #232, 37.59199999999999875 ) ;
#2018 = VERTEX_POINT ( 'NONE', #4061 ) ;
#2019 = CARTESIAN_POINT ( 'NONE',  ( 0.000000000000000000, 16.00199999999999889, 73.40600000000000591 ) ) ;
#2020 = CARTESIAN_POINT ( 'NONE',  ( -10.99781834950202608, 62.21985418707015469, 74.28014161324237818 ) ) ;
#2021 = ORIENTED_EDGE ( 'NONE', *, *, #672, .F. ) ;
#2022 = DIRECTION ( 'NONE',  ( 1.000000000000000000, 0.000000000000000000, 0.000000000000000000 ) ) ;
#2023 = LINE ( 'NONE', #3511, #4334 ) ;
#2024 = CARTESIAN_POINT ( 'NONE',  ( 118.3000000000000114, 37.07291643260059288, 94.83247011006866956 ) ) ;
#2025 = ORIENTED_EDGE ( 'NONE', *, *, #2693, .T. ) ;
#2026 = CARTESIAN_POINT ( 'NONE',  ( 8.165855306551717874, 54.62966260116289163, 81.87032449550235924 ) ) ;
#2027 = CARTESIAN_POINT ( 'NONE',  ( 0.000000000000000000, -39.80180000000000007, 158.0521743360000073 ) ) ;
#2028 = DIRECTION ( 'NONE',  ( 0.000000000000000000, 0.000000000000000000, -1.000000000000000000 ) ) ;
#2029 = CARTESIAN_POINT ( 'NONE',  ( 120.9309549879999963, -35.95875136179058984, 97.57852415683962022 ) ) ;
#2030 = EDGE_LOOP ( 'NONE', ( #1398, #3355, #705, #3754 ) ) ;
#2031 = EDGE_LOOP ( 'NONE', ( #4633, #247, #1988, #1922 ) ) ;
#2032 = CIRCLE ( 'NONE', #2187, 37.59199999999999875 ) ;
#2033 = CARTESIAN_POINT ( 'NONE',  ( 68.79999999999999716, -38.67189004540000496, 158.0521743360000073 ) ) ;
#2034 = DIRECTION ( 'NONE',  ( 0.000000000000000000, 0.000000000000000000, 1.000000000000000000 ) ) ;
#2035 = PLANE ( 'NONE',  #3997 ) ;
#2036 = CIRCLE ( 'NONE', #2965, 1.687807484369998390 ) ;
#2037 = DIRECTION ( 'NONE',  ( 0.000000000000000000, 1.000000000000000000, 0.000000000000000000 ) ) ;
#2038 = ORIENTED_EDGE ( 'NONE', *, *, #4384, .T. ) ;
#2039 = DIRECTION ( 'NONE',  ( 0.000000000000000000, -1.000000000000000000, 0.000000000000000000 ) ) ;
#2040 = EDGE_CURVE ( 'NONE', #3015, #3449, #1649, .T. ) ;
#2041 = EDGE_CURVE ( 'NONE', #3940, #1897, #4396, .T. ) ;
#2042 = CARTESIAN_POINT ( 'NONE',  ( -9.351736687365395539, 67.79184799904196268, 68.70815057176830010 ) ) ;
#2043 = ORIENTED_EDGE ( 'NONE', *, *, #3888, .T. ) ;
#2044 = CIRCLE ( 'NONE', #78, 35.05199999999999960 ) ;
#2045 = AXIS2_PLACEMENT_3D ( 'NONE', #1289, #4297, #951 ) ;
#2046 = DIRECTION ( 'NONE',  ( 0.000000000000000000, 1.000000000000000000, 0.000000000000000000 ) ) ;
#2047 = CARTESIAN_POINT ( 'NONE',  ( 6.394832514418738789, 53.02442581981313197, 83.47555920001872209 ) ) ;
#2048 = EDGE_CURVE ( 'NONE', #4712, #2286, #2440, .T. ) ;
#2049 = DIRECTION ( 'NONE',  ( 0.000000000000000000, 0.000000000000000000, -1.000000000000000000 ) ) ;
#2050 = CARTESIAN_POINT ( 'NONE',  ( 10.93460306478743860, 60.80230763602452981, 75.69769231838694168 ) ) ;
#2051 = ORIENTED_EDGE ( 'NONE', *, *, #2197, .T. ) ;
#2052 = LINE ( 'NONE', #1287, #3131 ) ;
#2053 = CIRCLE ( 'NONE', #4770, 4.687807484369997724 ) ;
#2054 = CARTESIAN_POINT ( 'NONE',  ( 7.553811061027990270, 69.99628947820696112, 66.50370879490806431 ) ) ;
#2055 = DIRECTION ( 'NONE',  ( 1.000000000000000000, 0.000000000000000000, 0.000000000000000000 ) ) ;
#2056 = ORIENTED_EDGE ( 'NONE', *, *, #3211, .F. ) ;
#2057 = ORIENTED_EDGE ( 'NONE', *, *, #4199, .F. ) ;
#2058 = DIRECTION ( 'NONE',  ( 1.000000000000000000, 0.000000000000000000, 0.000000000000000000 ) ) ;
#2059 = ORIENTED_EDGE ( 'NONE', *, *, #4776, .F. ) ;
#2060 = CARTESIAN_POINT ( 'NONE',  ( -16.80482397919999826, 30.76102395939999923, 97.53600000000000136 ) ) ;
#2061 = CARTESIAN_POINT ( 'NONE',  ( 5.753106463249999969, 51.46900925729999443, 118.1961524230000151 ) ) ;
#2062 = CARTESIAN_POINT ( 'NONE',  ( 120.1858349299999986, 36.70387142010195447, 97.57852415700391191 ) ) ;
#2063 = ORIENTED_EDGE ( 'NONE', *, *, #2859, .F. ) ;
#2064 = DIRECTION ( 'NONE',  ( 0.000000000000000000, 0.000000000000000000, -1.000000000000000000 ) ) ;
#2065 = EDGE_CURVE ( 'NONE', #1172, #1268, #2855, .T. ) ;
#2066 = DIRECTION ( 'NONE',  ( 0.000000000000000000, -1.000000000000000000, 0.000000000000000000 ) ) ;
#2067 = CARTESIAN_POINT ( 'NONE',  ( -10.99549213978857942, 61.68300756019843334, 74.81700711296957707 ) ) ;
#2068 = ORIENTED_EDGE ( 'NONE', *, *, #49, .F. ) ;
#2069 = DIRECTION ( 'NONE',  ( 0.000000000000000000, 0.000000000000000000, 1.000000000000000000 ) ) ;
#2070 = CARTESIAN_POINT ( 'NONE',  ( 121.2999999999999972, -34.33704187198220836, 150.3159599647269147 ) ) ;
#2071 = CARTESIAN_POINT ( 'NONE',  ( 121.3000000000000114, 29.75482366733164241, 96.03773871248300509 ) ) ;
#2072 = CARTESIAN_POINT ( 'NONE',  ( 9.418533936563266096, 56.31010810204764994, 80.18909965526928829 ) ) ;
#2073 = DIRECTION ( 'NONE',  ( 0.000000000000000000, 0.000000000000000000, -1.000000000000000000 ) ) ;
#2074 = CARTESIAN_POINT ( 'NONE',  ( 10.27312495522483182, 65.93291707346133990, 70.56705579194203892 ) ) ;
#2075 = CARTESIAN_POINT ( 'NONE',  ( 8.500000000000000000, 62.00000000000000000, 122.0000000000000000 ) ) ;
#2076 = CIRCLE ( 'NONE', #4793, 44.06899999999999551 ) ;
#2077 = VERTEX_POINT ( 'NONE', #708 ) ;
#2078 = ADVANCED_FACE ( 'NONE', ( #1835 ), #4718, .F. ) ;
#2079 = FACE_BOUND ( 'NONE', #3086, .T. ) ;
#2080 = AXIS2_PLACEMENT_3D ( 'NONE', #265, #3994, #314 ) ;
#2081 = B_SPLINE_SURFACE_WITH_KNOTS ( 'NONE', 5, 1, ( 
 ( #1131, #2292 ),
 ( #2624, #4122 ),
 ( #766, #2193 ),
 ( #2554, #2265 ),
 ( #3681, #4048 ),
 ( #4075, #324 ),
 ( #1821, #3315 ),
 ( #4795, #1450 ),
 ( #4816, #1602 ) ),
 .UNSPECIFIED., .F., .F., .F.,
 ( 6, 3, 6 ),
 ( 2, 2 ),
 ( 0.000000000000000000, 24.26805921709999936, 48.53611843430000050 ),
 ( 0.000000000000000000, 1.000000000000000000 ),
 .UNSPECIFIED. ) ;
#2082 = DIRECTION ( 'NONE',  ( 1.000000000000000000, 0.000000000000000000, 0.000000000000000000 ) ) ;
#2083 = CARTESIAN_POINT ( 'NONE',  ( 21.12780406070000083, 38.67418591989999754, 89.53499999999999659 ) ) ;
#2084 = CARTESIAN_POINT ( 'NONE',  ( 24.00000000000000000, -17.52599999999999980, 9.144000000000000128 ) ) ;
#2085 = VERTEX_POINT ( 'NONE', #1417 ) ;
#2086 = CARTESIAN_POINT ( 'NONE',  ( 48.00000000000000000, -8.000999999999999446, 73.40600000000000591 ) ) ;
#2087 = CARTESIAN_POINT ( 'NONE',  ( 120.1858349299999986, -36.02551906435103035, 142.5255169205680659 ) ) ;
#2088 = PLANE ( 'NONE',  #1776 ) ;
#2089 = CARTESIAN_POINT ( 'NONE',  ( -10.69875134556228069, 59.36668225146664213, 77.13337921409038245 ) ) ;
#2090 = EDGE_LOOP ( 'NONE', ( #3891, #2228, #2285, #2619, #2571, #4653, #1215, #1478, #2043, #4307, #1662, #1020, #2406, #1112 ) ) ;
#2091 = EDGE_CURVE ( 'NONE', #3720, #1515, #4417, .T. ) ;
#2092 = CARTESIAN_POINT ( 'NONE',  ( 121.3000000000000114, -29.75482366732616768, 97.57852415690467751 ) ) ;
#2093 = EDGE_CURVE ( 'NONE', #1910, #135, #1334, .T. ) ;
#2094 = CIRCLE ( 'NONE', #3025, 4.687807484370001276 ) ;
#2095 = DIRECTION ( 'NONE',  ( 1.000000000000000000, 0.000000000000000000, 0.000000000000000000 ) ) ;
#2096 = CARTESIAN_POINT ( 'NONE',  ( 120.9309549879999963, 32.38510894780427662, 94.00488174200869196 ) ) ;
#2097 = CIRCLE ( 'NONE', #2721, 11.00000000000000000 ) ;
#2098 = CARTESIAN_POINT ( 'NONE',  ( 10.99270797513465148, 62.40047942327870345, 74.09952019674936707 ) ) ;
#2099 = CARTESIAN_POINT ( 'NONE',  ( 0.000000000000000000, 16.00199999999999889, 73.40600000000000591 ) ) ;
#2100 = CARTESIAN_POINT ( 'NONE',  ( 10.99722670545825309, 62.28087159775154191, 74.21912858818993186 ) ) ;
#2101 = CARTESIAN_POINT ( 'NONE',  ( 118.7999999999999972, 31.70675659180000139, 145.0553894040000102 ) ) ;
#2102 = ORIENTED_EDGE ( 'NONE', *, *, #4547, .T. ) ;
#2103 = FACE_OUTER_BOUND ( 'NONE', #3946, .T. ) ;
#2104 = CARTESIAN_POINT ( 'NONE',  ( 18.02256484720000174, -32.99008366660000036, 28.44800000000000040 ) ) ;
#2105 = DIRECTION ( 'NONE',  ( 0.000000000000000000, 0.000000000000000000, -1.000000000000000000 ) ) ;
#2106 = EDGE_CURVE ( 'NONE', #1416, #4532, #1965, .T. ) ;
#2107 = DIRECTION ( 'NONE',  ( 0.000000000000000000, 1.000000000000000000, 0.000000000000000000 ) ) ;
#2108 = AXIS2_PLACEMENT_3D ( 'NONE', #567, #2058, #186 ) ;
#2109 = EDGE_LOOP ( 'NONE', ( #578, #2628 ) ) ;
#2110 = CARTESIAN_POINT ( 'NONE',  ( 120.1858349300000128, 27.38799411885670310, 136.4178644582417519 ) ) ;
#2111 = ADVANCED_FACE ( 'NONE', ( #688 ), #2505, .T. ) ;
#2112 = CARTESIAN_POINT ( 'NONE',  ( 0.000000000000000000, 0.000000000000000000, 164.0000000000000000 ) ) ;
#2113 = CIRCLE ( 'NONE', #3593, 4.762500000000000178 ) ;
#2114 = CARTESIAN_POINT ( 'NONE',  ( -6.970353471411116608, 70.50970317520413744, 65.99031138331284296 ) ) ;
#2115 = CARTESIAN_POINT ( 'NONE',  ( -9.950344409967094350, 57.30897590365312055, 79.19087910918160844 ) ) ;
#2116 = VERTEX_POINT ( 'NONE', #243 ) ;
#2117 = ORIENTED_EDGE ( 'NONE', *, *, #4774, .F. ) ;
#2118 = LOCAL_TIME ( 14, 33, 43.00000000000000000, #2317 ) ;
#2119 = CARTESIAN_POINT ( 'NONE',  ( 119.2424777959999886, 36.39456407551458739, 145.0553894040844796 ) ) ;
#2120 = EDGE_CURVE ( 'NONE', #1695, #542, #1915, .T. ) ;
#2121 = DIRECTION ( 'NONE',  ( 1.000000000000000000, 0.000000000000000000, 0.000000000000000000 ) ) ;
#2122 = LINE ( 'NONE', #1886, #1730 ) ;
#2123 = CIRCLE ( 'NONE', #4228, 4.687807484369997724 ) ;
#2124 = VECTOR ( 'NONE', #2405, 1000.000000000000000 ) ;
#2125 = CARTESIAN_POINT ( 'NONE',  ( 10.81626813029473055, 64.00208957036126378, 72.49788053313515945 ) ) ;
#2126 = CARTESIAN_POINT ( 'NONE',  ( 0.000000000000000000, -16.00199999999999889, 73.40600000000000591 ) ) ;
#2127 = EDGE_CURVE ( 'NONE', #1903, #1268, #1372, .T. ) ;
#2128 = CIRCLE ( 'NONE', #1971, 44.06899999999999551 ) ;
#2129 = CARTESIAN_POINT ( 'NONE',  ( 10.39164141077475634, 65.60747459225449063, 70.89252532174381827 ) ) ;
#2130 = VECTOR ( 'NONE', #1529, 1000.000000000000000 ) ;
#2131 = CARTESIAN_POINT ( 'NONE',  ( 121.3000000000000114, -35.01539422853314676, 97.57852415683980496 ) ) ;
#2132 = ORIENTED_EDGE ( 'NONE', *, *, #3728, .T. ) ;
#2133 = AXIS2_PLACEMENT_3D ( 'NONE', #4144, #3826, #1177 ) ;
#2134 = ADVANCED_FACE ( 'NONE', ( #2209, #1005 ), #4786, .T. ) ;
#2135 = DIRECTION ( 'NONE',  ( 0.000000000000000000, 0.000000000000000000, -1.000000000000000000 ) ) ;
#2136 = LINE ( 'NONE', #2539, #1371 ) ;
#2137 = DIRECTION ( 'NONE',  ( 1.000000000000000000, 0.000000000000000000, 0.000000000000000000 ) ) ;
#2138 = CARTESIAN_POINT ( 'NONE',  ( -11.25291075839999877, 33.32811668289999574, 102.4942682169999983 ) ) ;
#2139 = VERTEX_POINT ( 'NONE', #1813 ) ;
#2140 = EDGE_CURVE ( 'NONE', #4087, #2165, #647, .T. ) ;
#2141 = DIRECTION ( 'NONE',  ( 1.000000000000000000, 0.000000000000000000, 0.000000000000000000 ) ) ;
#2142 = CARTESIAN_POINT ( 'NONE',  ( 7.191383079059999517, 48.83626157159999792, 122.0000000000000000 ) ) ;
#2143 = CARTESIAN_POINT ( 'NONE',  ( -10.99917920966195695, 61.85636165124489594, 74.64374884726370851 ) ) ;
#2144 = ORIENTED_EDGE ( 'NONE', *, *, #1250, .T. ) ;
#2145 = ORIENTED_EDGE ( 'NONE', *, *, #2949, .T. ) ;
#2146 = DIRECTION ( 'NONE',  ( 1.000000000000000000, 0.000000000000000000, 0.000000000000000000 ) ) ;
#2147 = EDGE_CURVE ( 'NONE', #2948, #588, #3625, .T. ) ;
#2148 = CARTESIAN_POINT ( 'NONE',  ( 120.1858349299999986, -27.38799411988483712, 145.0553894040443197 ) ) ;
#2149 = CARTESIAN_POINT ( 'NONE',  ( 10.81477030052955790, 64.01016069972386902, 72.48980882734227293 ) ) ;
#2150 = CARTESIAN_POINT ( 'NONE',  ( 2.808254027562897104, 51.36449611635872969, 85.13550323561180733 ) ) ;
#2151 = CARTESIAN_POINT ( 'NONE',  ( 10.93824304681374748, 63.17148446602841005, 73.32831489628756572 ) ) ;
#2152 = PLANE ( 'NONE',  #789 ) ;
#2153 = ORIENTED_EDGE ( 'NONE', *, *, #2792, .T. ) ;
#2154 = ADVANCED_FACE ( 'NONE', ( #3306 ), #2568, .F. ) ;
#2155 = DIRECTION ( 'NONE',  ( 1.000000000000000000, 0.000000000000000000, 0.000000000000000000 ) ) ;
#2156 = PLANE ( 'NONE',  #1913 ) ;
#2157 = AXIS2_PLACEMENT_3D ( 'NONE', #2398, #2703, #133 ) ;
#2158 = CARTESIAN_POINT ( 'NONE',  ( 120.1858349299999986, -28.06634647548857231, 97.57852415683454694 ) ) ;
#2159 = CARTESIAN_POINT ( 'NONE',  ( -22.05357477580000136, 40.36879784700000329, 176.0000000000000000 ) ) ;
#2160 = ORIENTED_EDGE ( 'NONE', *, *, #1562, .T. ) ;
#2161 = VECTOR ( 'NONE', #3500, 1000.000000000000000 ) ;
#2162 = DIRECTION ( 'NONE',  ( 0.4794255386042041156, -0.8775825618903722036, 0.000000000000000000 ) ) ;
#2163 = PLANE ( 'NONE',  #1854 ) ;
#2164 = CARTESIAN_POINT ( 'NONE',  ( -10.96373994682307007, 62.93168766601203856, 73.56881218389887067 ) ) ;
#2165 = VERTEX_POINT ( 'NONE', #2593 ) ;
#2166 = ORIENTED_EDGE ( 'NONE', *, *, #4196, .F. ) ;
#2167 = DIRECTION ( 'NONE',  ( 0.000000000000000000, 0.000000000000000000, 1.000000000000000000 ) ) ;
#2168 = LINE ( 'NONE', #4025, #191 ) ;
#2169 = CYLINDRICAL_SURFACE ( 'NONE', #997, 25.50000000000000000 ) ;
#2170 = DIRECTION ( 'NONE',  ( 0.000000000000000000, 0.000000000000000000, -1.000000000000000000 ) ) ;
#2171 = VECTOR ( 'NONE', #877, 1000.000000000000000 ) ;
#2172 = CARTESIAN_POINT ( 'NONE',  ( 10.99812297183204635, 61.79612462188325850, 74.70388853152329034 ) ) ;
#2173 = DIRECTION ( 'NONE',  ( 1.000000000000000000, 0.000000000000000000, 0.000000000000000000 ) ) ;
#2174 = EDGE_CURVE ( 'NONE', #1123, #1719, #1210, .T. ) ;
#2175 = VECTOR ( 'NONE', #4183, 1000.000000000000000 ) ;
#2176 = ORIENTED_EDGE ( 'NONE', *, *, #2327, .F. ) ;
#2177 = CARTESIAN_POINT ( 'NONE',  ( -2.886482352760702863, 72.61462738145007734, 63.88540947442189122 ) ) ;
#2178 = CYLINDRICAL_SURFACE ( 'NONE', #149, 4.762500000000000178 ) ;
#2179 = CARTESIAN_POINT ( 'NONE',  ( 120.1858349299999986, 28.06634647549805095, 97.57852415684010339 ) ) ;
#2180 = LINE ( 'NONE', #1091, #950 ) ;
#2181 = PLANE ( 'NONE',  #3290 ) ;
#2182 = ORIENTED_EDGE ( 'NONE', *, *, #1606, .F. ) ;
#2183 = DIRECTION ( 'NONE',  ( 1.000000000000000000, 0.000000000000000000, 0.000000000000000000 ) ) ;
#2184 = CARTESIAN_POINT ( 'NONE',  ( 68.79999999999999716, 38.67189004540000496, 158.0521743360000073 ) ) ;
#2185 = VERTEX_POINT ( 'NONE', #97 ) ;
#2186 = ORIENTED_EDGE ( 'NONE', *, *, #174, .F. ) ;
#2187 = AXIS2_PLACEMENT_3D ( 'NONE', #3063, #2531, #1905 ) ;
#2188 = ADVANCED_FACE ( 'NONE', ( #780 ), #3378, .T. ) ;
#2189 = CARTESIAN_POINT ( 'NONE',  ( -5.371952911157985788, 52.39946055748988130, 84.10058698568614943 ) ) ;
#2190 = ADVANCED_FACE ( 'NONE', ( #1120 ), #1143, .F. ) ;
#2191 = B_SPLINE_CURVE_WITH_KNOTS ( 'NONE', 5,
 ( #368, #4772, #1427, #1082, #2922, #2578, #3703, #4454, #396 ),
 .UNSPECIFIED., .F., .F.,
 ( 6, 3, 6 ),
 ( -177.5679548399999987, -150.5590919830000018, -123.5502291269999944 ),
 .UNSPECIFIED. ) ;
#2192 = CARTESIAN_POINT ( 'NONE',  ( 9.104819139177958931, 68.20101936075509741, 68.29962303648943589 ) ) ;
#2193 = CARTESIAN_POINT ( 'NONE',  ( -9.996273696959999455, -29.45148673799999983, 102.4942682169999983 ) ) ;
#2194 = CARTESIAN_POINT ( 'NONE',  ( 10.56855257581471008, 58.93525367399605841, 77.56474606591461907 ) ) ;
#2195 = EDGE_CURVE ( 'NONE', #2438, #2685, #3091, .T. ) ;
#2196 = VECTOR ( 'NONE', #4305, 1000.000000000000000 ) ;
#2197 = EDGE_CURVE ( 'NONE', #957, #4545, #2699, .T. ) ;
#2198 = DIRECTION ( 'NONE',  ( 0.000000000000000000, 0.000000000000000000, -1.000000000000000000 ) ) ;
#2199 = EDGE_LOOP ( 'NONE', ( #4465, #1239 ) ) ;
#2200 = CARTESIAN_POINT ( 'NONE',  ( -1.876277835622349510, 72.87975385850830889, 63.61975595946545070 ) ) ;
#2201 = AXIS2_PLACEMENT_3D ( 'NONE', #4610, #1259, #2832 ) ;
#2202 = CARTESIAN_POINT ( 'NONE',  ( 68.79999999999999716, 0.000000000000000000, 0.000000000000000000 ) ) ;
#2203 = VECTOR ( 'NONE', #3812, 1000.000000000000000 ) ;
#2204 = DIRECTION ( 'NONE',  ( -0.000000000000000000, 1.000000000000000000, 0.000000000000000000 ) ) ;
#2205 = FACE_OUTER_BOUND ( 'NONE', #811, .T. ) ;
#2206 = DIRECTION ( 'NONE',  ( 0.000000000000000000, -1.000000000000000000, 0.000000000000000000 ) ) ;
#2207 = EDGE_LOOP ( 'NONE', ( #516, #2176, #4440, #1929 ) ) ;
#2208 = EDGE_CURVE ( 'NONE', #830, #524, #2253, .T. ) ;
#2209 = FACE_BOUND ( 'NONE', #64, .T. ) ;
#2210 = CARTESIAN_POINT ( 'NONE',  ( -7.627237977552136172, 54.07375433992641689, 82.42624480984324009 ) ) ;
#2211 = DIRECTION ( 'NONE',  ( 0.000000000000000000, 0.000000000000000000, 1.000000000000000000 ) ) ;
#2212 = ORIENTED_EDGE ( 'NONE', *, *, #1243, .F. ) ;
#2213 = ORIENTED_EDGE ( 'NONE', *, *, #2640, .F. ) ;
#2214 = EDGE_CURVE ( 'NONE', #957, #626, #3350, .T. ) ;
#2215 = EDGE_CURVE ( 'NONE', #557, #2583, #745, .T. ) ;
#2216 = CARTESIAN_POINT ( 'NONE',  ( -8.768037867260009222, 55.35754835914136862, 81.14245258209120948 ) ) ;
#2217 = DIRECTION ( 'NONE',  ( 0.000000000000000000, 1.000000000000000000, 0.000000000000000000 ) ) ;
#2218 = DIRECTION ( 'NONE',  ( 0.000000000000000000, 0.000000000000000000, -1.000000000000000000 ) ) ;
#2219 = CARTESIAN_POINT ( 'NONE',  ( 8.286964927692883620, 54.76630808984775456, 81.73369141881403266 ) ) ;
#2220 = LINE ( 'NONE', #1019, #1972 ) ;
#2221 = ORIENTED_EDGE ( 'NONE', *, *, #452, .F. ) ;
#2222 = CARTESIAN_POINT ( 'NONE',  ( -11.25291075839999877, -33.32811668289999574, 102.4942682169999983 ) ) ;
#2223 = CARTESIAN_POINT ( 'NONE',  ( 121.3000000000000114, -31.70675659180000139, 145.0553894040000102 ) ) ;
#2224 = CARTESIAN_POINT ( 'NONE',  ( -0.4493656158450000104, 30.38875224710000111, 140.0521743360000073 ) ) ;
#2225 = DIRECTION ( 'NONE',  ( 0.000000000000000000, -1.000000000000000000, 0.000000000000000000 ) ) ;
#2226 = DIRECTION ( 'NONE',  ( 0.000000000000000000, -1.000000000000000000, 0.000000000000000000 ) ) ;
#2227 = EDGE_CURVE ( 'NONE', #3467, #2685, #2638, .T. ) ;
#2228 = ORIENTED_EDGE ( 'NONE', *, *, #2344, .T. ) ;
#2229 = ORIENTED_EDGE ( 'NONE', *, *, #2458, .T. ) ;
#2230 = CARTESIAN_POINT ( 'NONE',  ( 0.000000000000000000, 0.000000000000000000, 88.00000000000000000 ) ) ;
#2231 = PLANE ( 'NONE',  #244 ) ;
#2232 = LINE ( 'NONE', #1171, #4001 ) ;
#2233 = AXIS2_PLACEMENT_3D ( 'NONE', #544, #2034, #1707 ) ;
#2234 = ORIENTED_EDGE ( 'NONE', *, *, #1343, .T. ) ;
#2235 = VERTEX_POINT ( 'NONE', #410 ) ;
#2236 = CARTESIAN_POINT ( 'NONE',  ( -10.39515529571788832, 58.40266685191399887, 78.09733314220301281 ) ) ;
#2237 = CARTESIAN_POINT ( 'NONE',  ( -0.4493656158450000104, 30.38875224710000111, 91.49426821710001434 ) ) ;
#2238 = CARTESIAN_POINT ( 'NONE',  ( 118.7999999999999972, 32.38510894779999916, 97.57852415689998793 ) ) ;
#2239 = DIRECTION ( 'NONE',  ( 0.000000000000000000, 0.000000000000000000, -1.000000000000000000 ) ) ;
#2240 = CARTESIAN_POINT ( 'NONE',  ( 10.64491382785137574, 59.22766837406932439, 77.27233169119263323 ) ) ;
#2241 = CARTESIAN_POINT ( 'NONE',  ( 24.00000000000000000, 1.705302565819999782E-13, 54.60999999999999943 ) ) ;
#2242 = ORIENTED_EDGE ( 'NONE', *, *, #3689, .F. ) ;
#2243 = CARTESIAN_POINT ( 'NONE',  ( -4.875235121231711766, 71.87108011526787266, 64.62891988473275262 ) ) ;
#2244 = CARTESIAN_POINT ( 'NONE',  ( 48.00000000000000000, 1.231259814559999853E-13, 30.28950000000000031 ) ) ;
#2245 = DIRECTION ( 'NONE',  ( 1.000000000000000000, 0.000000000000000000, 0.000000000000000000 ) ) ;
#2246 = AXIS2_PLACEMENT_3D ( 'NONE', #3314, #3292, #1426 ) ;
#2247 = CARTESIAN_POINT ( 'NONE',  ( 119.2424777960000171, -37.07291643220432320, 100.3245782034884286 ) ) ;
#2248 = FACE_BOUND ( 'NONE', #2962, .T. ) ;
#2249 = ORIENTED_EDGE ( 'NONE', *, *, #2616, .T. ) ;
#2250 = VERTEX_POINT ( 'NONE', #1906 ) ;
#2251 = DIRECTION ( 'NONE',  ( 0.000000000000000000, 0.000000000000000000, 1.000000000000000000 ) ) ;
#2252 = ORIENTED_EDGE ( 'NONE', *, *, #1049, .T. ) ;
#2253 = LINE ( 'NONE', #1096, #2545 ) ;
#2254 = EDGE_CURVE ( 'NONE', #4487, #1385, #3399, .T. ) ;
#2255 = CARTESIAN_POINT ( 'NONE',  ( -4.370842659280188336, 51.90562401999905973, 84.59442259471470038 ) ) ;
#2256 = CARTESIAN_POINT ( 'NONE',  ( -5.222819656400000454, 30.38875224710000111, 102.4942682169999983 ) ) ;
#2257 = ORIENTED_EDGE ( 'NONE', *, *, #2208, .F. ) ;
#2258 = ORIENTED_EDGE ( 'NONE', *, *, #2008, .T. ) ;
#2259 = CARTESIAN_POINT ( 'NONE',  ( -5.979837483383525054, 52.76719091109146120, 83.73281255585692406 ) ) ;
#2260 = CARTESIAN_POINT ( 'NONE',  ( -7.691985871587140089, 69.86513115701424681, 66.63518156574635043 ) ) ;
#2261 = AXIS2_PLACEMENT_3D ( 'NONE', #3894, #543, #3916 ) ;
#2262 = EDGE_CURVE ( 'NONE', #1077, #135, #4514, .T. ) ;
#2263 = CARTESIAN_POINT ( 'NONE',  ( 4.317662534771993244, 72.11720943500381509, 64.38274528849773048 ) ) ;
#2264 = B_SPLINE_CURVE_WITH_KNOTS ( 'NONE', 5,
 ( #1604, #1977, #2422, #454, #3438, #82 ),
 .UNSPECIFIED., .F., .F.,
 ( 6, 6 ),
 ( 0.000000000000000000, 1.000000000000000000 ),
 .UNSPECIFIED. ) ;
#2265 = CARTESIAN_POINT ( 'NONE',  ( -14.52402816080000214, -27.57602943199999856, 102.4942682169999983 ) ) ;
#2266 = CARTESIAN_POINT ( 'NONE',  ( 10.93834833385393068, 60.83697278187899116, 75.66302754879377801 ) ) ;
#2267 = AXIS2_PLACEMENT_3D ( 'NONE', #816, #842, #4525 ) ;
#2268 = DIRECTION ( 'NONE',  ( 0.000000000000000000, 0.000000000000000000, -1.000000000000000000 ) ) ;
#2269 = ORIENTED_EDGE ( 'NONE', *, *, #3076, .F. ) ;
#2270 = APPROVAL_PERSON_ORGANIZATION ( #1305, #3755, #3223 ) ;
#2271 = CARTESIAN_POINT ( 'NONE',  ( -34.83811786289999901, -5.401772571280000435, 102.4942682169999983 ) ) ;
#2272 = ADVANCED_FACE ( 'NONE', ( #3064, #2664 ), #4161, .T. ) ;
#2273 = CYLINDRICAL_SURFACE ( 'NONE', #1087, 35.05199999999999250 ) ;
#2274 = CARTESIAN_POINT ( 'NONE',  ( 0.000000000000000000, 62.00000000000000000, 117.3923048449999982 ) ) ;
#2275 = DIRECTION ( 'NONE',  ( 1.000000000000000000, 0.000000000000000000, 0.000000000000000000 ) ) ;
#2276 = DIRECTION ( 'NONE',  ( 0.000000000000000000, 0.000000000000000000, 1.000000000000000000 ) ) ;
#2277 = AXIS2_PLACEMENT_3D ( 'NONE', #4671, #2378, #4697 ) ;
#2278 = ORIENTED_EDGE ( 'NONE', *, *, #4437, .T. ) ;
#2279 = VECTOR ( 'NONE', #3158, 1000.000000000000000 ) ;
#2280 = PLANE ( 'NONE',  #4204 ) ;
#2281 = DIRECTION ( 'NONE',  ( -1.000000000000000000, 0.000000000000000000, 0.000000000000000000 ) ) ;
#2282 = AXIS2_PLACEMENT_3D ( 'NONE', #2002, #1555, #1605 ) ;
#2283 = CARTESIAN_POINT ( 'NONE',  ( -6.575468978488047789, 53.15683488933836287, 83.34249143205465771 ) ) ;
#2284 = DIRECTION ( 'NONE',  ( 1.000000000000000000, 0.000000000000000000, 0.000000000000000000 ) ) ;
#2285 = ORIENTED_EDGE ( 'NONE', *, *, #707, .T. ) ;
#2286 = VERTEX_POINT ( 'NONE', #1933 ) ;
#2287 = EDGE_CURVE ( 'NONE', #2919, #1322, #4542, .T. ) ;
#2288 = VECTOR ( 'NONE', #2994, 1000.000000000000000 ) ;
#2289 = CARTESIAN_POINT ( 'NONE',  ( -9.856109279723142436, 57.10858007857551399, 79.39141969454583148 ) ) ;
#2290 = CARTESIAN_POINT ( 'NONE',  ( 120.9309549879999821, 35.28039900649140748, 137.9081045744279947 ) ) ;
#2291 = CARTESIAN_POINT ( 'NONE',  ( 64.79999999999999716, -38.67189004540000496, 91.49426821710001434 ) ) ;
#2292 = CARTESIAN_POINT ( 'NONE',  ( -0.4493656158450000104, -30.38875224710000111, 102.4942682169999983 ) ) ;
#2293 = CARTESIAN_POINT ( 'NONE',  ( 10.66876006646694819, 59.32062193847115594, 77.17938555820907709 ) ) ;
#2294 = LINE ( 'NONE', #84, #1028 ) ;
#2295 = VERTEX_POINT ( 'NONE', #591 ) ;
#2296 = DIRECTION ( 'NONE',  ( 0.000000000000000000, 1.000000000000000000, 0.000000000000000000 ) ) ;
#2297 = CARTESIAN_POINT ( 'NONE',  ( 3.552713678799999608E-15, 1.776356839399999804E-15, 135.8900000000000148 ) ) ;
#2298 = CARTESIAN_POINT ( 'NONE',  ( -2.217587916419700544, 72.77479760583963753, 63.72546148507031205 ) ) ;
#2299 = DIRECTION ( 'NONE',  ( -1.000000000000000000, 0.000000000000000000, 0.000000000000000000 ) ) ;
#2300 = EDGE_LOOP ( 'NONE', ( #2004, #1222 ) ) ;
#2301 = FACE_OUTER_BOUND ( 'NONE', #660, .T. ) ;
#2302 = EDGE_CURVE ( 'NONE', #4371, #3984, #4625, .T. ) ;
#2303 = ORIENTED_EDGE ( 'NONE', *, *, #3809, .T. ) ;
#2304 = ADVANCED_FACE ( 'NONE', ( #931 ), #124, .T. ) ;
#2305 = CARTESIAN_POINT ( 'NONE',  ( -30.83811786289999901, 3.197442310919999608E-14, 91.49426821710001434 ) ) ;
#2306 = ORIENTED_EDGE ( 'NONE', *, *, #4046, .F. ) ;
#2307 = CARTESIAN_POINT ( 'NONE',  ( 0.000000000000000000, 53.00000000000000000, 114.8923048449999982 ) ) ;
#2308 = FACE_OUTER_BOUND ( 'NONE', #697, .T. ) ;
#2309 = CARTESIAN_POINT ( 'NONE',  ( -28.02539504780000001, -14.07466254490000068, 102.4942682169999983 ) ) ;
#2310 = EDGE_LOOP ( 'NONE', ( #670, #3396, #2643, #2938 ) ) ;
#2311 = ORIENTED_EDGE ( 'NONE', *, *, #1447, .T. ) ;
#2312 = CARTESIAN_POINT ( 'NONE',  ( -10.69411926048975481, 64.57722468662922211, 71.92274859652509633 ) ) ;
#2313 = AXIS2_PLACEMENT_3D ( 'NONE', #2758, #3485, #1579 ) ;
#2314 = CARTESIAN_POINT ( 'NONE',  ( -7.089436982536151177, 70.41681376195695918, 66.08388514729848850 ) ) ;
#2315 = VECTOR ( 'NONE', #3717, 1000.000000000000000 ) ;
#2316 = CARTESIAN_POINT ( 'NONE',  ( -25.50000000000000000, 3.122746202249999726E-15, 162.5000000000000000 ) ) ;
#2317 = COORDINATED_UNIVERSAL_TIME_OFFSET ( 7, 0, .BEHIND. ) ;
#2318 = CYLINDRICAL_SURFACE ( 'NONE', #4614, 35.05199999999999250 ) ;
#2319 = CARTESIAN_POINT ( 'NONE',  ( 121.2999999999999972, 29.07647131099327353, 150.3159599650500695 ) ) ;
#2320 = EDGE_CURVE ( 'NONE', #2018, #1748, #1616, .T. ) ;
#2321 = CARTESIAN_POINT ( 'NONE',  ( 64.79999999999999716, 34.38875224709999401, 151.0521743360000073 ) ) ;
#2322 = ORIENTED_EDGE ( 'NONE', *, *, #3630, .T. ) ;
#2323 = ADVANCED_FACE ( 'NONE', ( #2410, #3475 ), #2791, .T. ) ;
#2324 = DIRECTION ( 'NONE',  ( 0.000000000000000000, 0.000000000000000000, -1.000000000000000000 ) ) ;
#2325 = DIRECTION ( 'NONE',  ( 1.000000000000000000, 0.000000000000000000, 0.000000000000000000 ) ) ;
#2326 = DIRECTION ( 'NONE',  ( 0.000000000000000000, 0.000000000000000000, 1.000000000000000000 ) ) ;
#2327 = EDGE_CURVE ( 'NONE', #759, #360, #520, .T. ) ;
#2328 = DIRECTION ( 'NONE',  ( 1.000000000000000000, 0.000000000000000000, 0.000000000000000000 ) ) ;
#2329 = ORIENTED_EDGE ( 'NONE', *, *, #2262, .T. ) ;
#2330 = ORIENTED_EDGE ( 'NONE', *, *, #2792, .F. ) ;
#2331 = ORIENTED_EDGE ( 'NONE', *, *, #313, .T. ) ;
#2332 = LINE ( 'NONE', #3180, #1241 ) ;
#2333 = B_SPLINE_CURVE_WITH_KNOTS ( 'NONE', 3,
 ( #3080, #1656, #1584, #2732, #4559, #898, #1632, #3129, #2026, #2706, #4292, #1728, #3936, #4359, #582, #4316, #2072, #559, #4269, #1774, #3246, #2860, #226, #4660, #4680, #3268, #3979, #2471, #2807, #1404, #1701, #2494, #1310, #3196, #946, #1015, #2515, #4337, #4748, #1336, #2050, #923, #2450, #3564, #202, #1752, #2834, #3540, #1361, #970, #274, #3958, #3634, #655, #607, #2098, #180, #3588, #3226, #2425, #4706, #4007, #1678, #3909, #632, #993, #3175, #2125, #3615, #2149, #252, #4728, #1379, #2881, #1868, #4074, #4027, #1058, #1080, #296, #764, #1844, #4121, #4403, #1820, #1449, #2192, #367, #4453, #3335, #4815, #3658, #2942, #1502, #2967, #4047, #2623, #3360, #3748, #29, #740, #2533, #1473, #1106, #2902, #4386, #3680, #1038, #2577, #2263, #676, #2600, #4098 ),
 .UNSPECIFIED., .F., .F.,
 ( 4, 2, 2, 1, 1, 1, 1, 1, 2, 2, 2, 2, 2, 1, 1, 1, 1, 2, 2, 2, 2, 2, 1, 1, 1, 1, 1, 1, 2, 2, 2, 2, 2, 1, 1, 1, 1, 2, 2, 2, 2, 1, 1, 1, 1, 1, 2, 2, 2, 2, 2, 1, 1, 1, 1, 2, 2, 2, 2, 1, 1, 1, 1, 1, 2, 2, 2, 2, 1, 1, 1, 1, 2, 2, 4 ),
 ( 0.000000000000000000, 0.06249999999913891102, 0.09374999999870839429, 0.1093749999984934551, 0.1171874999983859855, 0.1210937499983327226, 0.1230468749983057719, 0.1240234374982919774, 0.1245117187482850940, 0.1249999999982782106, 0.1874999999974556464, 0.2187499999970437814, 0.2343749999968378350, 0.2421874999967345010, 0.2460937499966826258, 0.2480468749966566744, 0.2490234374966440456, 0.2495117187466376896, 0.2499999999966313613, 0.3124999999957819297, 0.3437499999953568253, 0.3593749999951446061, 0.3671874999950390239, 0.3710937499949860108, 0.3730468749949600871, 0.3740234374949470419, 0.3745117187449407137, 0.3747558593699374385, 0.3748779296824362173, 0.3749999999949350515, 0.4062499999951584284, 0.4218749999952703389, 0.4296874999953261276, 0.4335937499953538832, 0.4355468749953679275, 0.4365234374953747554, 0.4370117187453780860, 0.4372558593703799179, 0.4374999999953816943, 0.4687499999956692420, 0.4843749999958130159, 0.4921874999958844588, 0.4960937499959201524, 0.4980468749959370833, 0.4990234374959459651, 0.4995117187459514607, 0.4997558593709537367, 0.4999999999959559016, 0.5624999999965272224, 0.5937499999968128828, 0.6093749999969561015, 0.6171874999970281550, 0.6210937499970642373, 0.6230468749970822229, 0.6240234374970912157, 0.6245117187470948794, 0.6249999999970984321, 0.6874999999975498488, 0.7187499999977747800, 0.7343749999978872456, 0.7421874999979426457, 0.7460937499979700682, 0.7480468749979837240, 0.7490234374979906073, 0.7495117187479944931, 0.7499999999979982679, 0.8124999999984836574, 0.8437499999987265742, 0.8593749999988483657, 0.8671874999989089838, 0.8710937499989392929, 0.8730468749989546140, 0.8740234374989626076, 0.8749999999989706012, 1.000000000000000000 ),
 .UNSPECIFIED. ) ;
#2334 = ORIENTED_EDGE ( 'NONE', *, *, #584, .T. ) ;
#2335 = CIRCLE ( 'NONE', #206, 4.687807484369997724 ) ;
#2336 = CARTESIAN_POINT ( 'NONE',  ( 2.765232545796926900, 51.35323013112773793, 85.14674765327207240 ) ) ;
#2337 = CARTESIAN_POINT ( 'NONE',  ( -0.4493656158450000104, -30.38875224710000111, 140.0521743360000073 ) ) ;
#2338 = FACE_OUTER_BOUND ( 'NONE', #463, .T. ) ;
#2339 = EDGE_LOOP ( 'NONE', ( #2876, #4744, #207, #566 ) ) ;
#2340 = VECTOR ( 'NONE', #2686, 1000.000000000000000 ) ;
#2341 = ORIENTED_EDGE ( 'NONE', *, *, #2174, .T. ) ;
#2342 = CARTESIAN_POINT ( 'NONE',  ( -10.13040630770865036, 66.28664251343654712, 70.21335607644809329 ) ) ;
#2343 = DIRECTION ( 'NONE',  ( 0.000000000000000000, 0.000000000000000000, -1.000000000000000000 ) ) ;
#2344 = EDGE_CURVE ( 'NONE', #4487, #3279, #187, .T. ) ;
#2345 = LINE ( 'NONE', #2671, #1937 ) ;
#2346 = CARTESIAN_POINT ( 'NONE',  ( 24.00000000000000000, 1.172395513999999869E-13, 7.620000000000000107 ) ) ;
#2347 = EDGE_CURVE ( 'NONE', #96, #2077, #1686, .T. ) ;
#2348 = CARTESIAN_POINT ( 'NONE',  ( 120.9309549879999963, -35.28039900676066054, 142.9619981445556220 ) ) ;
#2349 = DIRECTION ( 'NONE',  ( 0.000000000000000000, 0.000000000000000000, -1.000000000000000000 ) ) ;
#2350 = CARTESIAN_POINT ( 'NONE',  ( -34.83811786289999901, 2.131628207279999844E-14, 102.4942682169999983 ) ) ;
#2351 = ORIENTED_EDGE ( 'NONE', *, *, #630, .F. ) ;
#2352 = LINE ( 'NONE', #1285, #3806 ) ;
#2353 = CARTESIAN_POINT ( 'NONE',  ( 68.79999999999999716, 38.67189004540000496, 91.49426821710001434 ) ) ;
#2354 = ADVANCED_FACE ( 'NONE', ( #4667 ), #3181, .T. ) ;
#2355 = CIRCLE ( 'NONE', #2646, 8.500000000000000000 ) ;
#2356 = EDGE_CURVE ( 'NONE', #3111, #42, #1389, .T. ) ;
#2357 = CARTESIAN_POINT ( 'NONE',  ( 2.588196213204863483, 72.69713255242886873, 63.80282369953000909 ) ) ;
#2358 = LINE ( 'NONE', #2657, #390 ) ;
#2359 = ORIENTED_EDGE ( 'NONE', *, *, #2940, .T. ) ;
#2360 = VECTOR ( 'NONE', #741, 1000.000000000000000 ) ;
#2361 = ORIENTED_EDGE ( 'NONE', *, *, #2923, .T. ) ;
#2362 = CARTESIAN_POINT ( 'NONE',  ( 121.3000000000000114, 0.000000000000000000, 0.000000000000000000 ) ) ;
#2363 = CYLINDRICAL_SURFACE ( 'NONE', #4026, 35.05199999999999250 ) ;
#2364 = CARTESIAN_POINT ( 'NONE',  ( 0.000000000000000000, 62.00000000000000000, 122.0000000000000000 ) ) ;
#2365 = VECTOR ( 'NONE', #4394, 1000.000000000000000 ) ;
#2366 = DIRECTION ( 'NONE',  ( 0.000000000000000000, 0.000000000000000000, -1.000000000000000000 ) ) ;
#2367 = AXIS2_PLACEMENT_3D ( 'NONE', #3085, #4617, #2275 ) ;
#2368 = ORIENTED_EDGE ( 'NONE', *, *, #1843, .T. ) ;
#2369 = ORIENTED_EDGE ( 'NONE', *, *, #1160, .F. ) ;
#2370 = EDGE_CURVE ( 'NONE', #882, #3041, #3525, .T. ) ;
#2371 = CIRCLE ( 'NONE', #1494, 35.05199999999999960 ) ;
#2372 = CARTESIAN_POINT ( 'NONE',  ( -10.98929715591039802, 62.51283928132838952, 73.98725476379905786 ) ) ;
#2373 = ORIENTED_EDGE ( 'NONE', *, *, #3670, .F. ) ;
#2374 = ADVANCED_FACE ( 'NONE', ( #2457 ), #3138, .T. ) ;
#2375 = AXIS2_PLACEMENT_3D ( 'NONE', #813, #3432, #4523 ) ;
#2376 = DIRECTION ( 'NONE',  ( 0.000000000000000000, 0.000000000000000000, -1.000000000000000000 ) ) ;
#2377 = CALENDAR_DATE ( 2023, 10, 4 ) ;
#2378 = DIRECTION ( 'NONE',  ( 0.000000000000000000, 0.000000000000000000, -1.000000000000000000 ) ) ;
#2379 = CARTESIAN_POINT ( 'NONE',  ( 120.9309549879999821, 28.13311417790808378, 145.0553894040216392 ) ) ;
#2380 = CARTESIAN_POINT ( 'NONE',  ( 48.00000000000000000, -16.00199999999999889, 73.40600000000000591 ) ) ;
#2381 = ORIENTED_EDGE ( 'NONE', *, *, #3297, .F. ) ;
#2382 = DIRECTION ( 'NONE',  ( -1.000000000000000000, 0.000000000000000000, 0.000000000000000000 ) ) ;
#2383 = DIRECTION ( 'NONE',  ( 1.000000000000000000, 0.000000000000000000, 0.000000000000000000 ) ) ;
#2384 = CARTESIAN_POINT ( 'NONE',  ( 2.937232253748776500, 72.60668027262174462, 63.89322366888170990 ) ) ;
#2385 = CARTESIAN_POINT ( 'NONE',  ( 3.552713678799999608E-15, 0.000000000000000000, 151.8919999999999959 ) ) ;
#2386 = ORIENTED_EDGE ( 'NONE', *, *, #2320, .F. ) ;
#2387 = EDGE_LOOP ( 'NONE', ( #2483, #2668 ) ) ;
#2388 = CARTESIAN_POINT ( 'NONE',  ( -11.25291075839999877, 33.32811668289999574, 102.4942682169999983 ) ) ;
#2389 = DIRECTION ( 'NONE',  ( 0.000000000000000000, -1.000000000000000000, 0.000000000000000000 ) ) ;
#2390 = DIRECTION ( 'NONE',  ( 0.000000000000000000, 0.000000000000000000, 1.000000000000000000 ) ) ;
#2391 = CARTESIAN_POINT ( 'NONE',  ( 120.9309549879999963, 28.13311417702144013, 145.0553894040292562 ) ) ;
#2392 = EDGE_LOOP ( 'NONE', ( #2537, #3000, #690, #2773 ) ) ;
#2393 = ORIENTED_EDGE ( 'NONE', *, *, #4046, .T. ) ;
#2394 = CARTESIAN_POINT ( 'NONE',  ( -10.93636108588433586, 63.18153240941607152, 73.31846708582216365 ) ) ;
#2395 = EDGE_LOOP ( 'NONE', ( #784, #1538, #1437, #3780, #912, #1530 ) ) ;
#2396 = CARTESIAN_POINT ( 'NONE',  ( 68.79999999999999716, 38.67189004540000496, 151.0521743360000073 ) ) ;
#2397 = VECTOR ( 'NONE', #4411, 1000.000000000000000 ) ;
#2398 = CARTESIAN_POINT ( 'NONE',  ( 0.000000000000000000, 62.00000000000000000, 92.75000000000000000 ) ) ;
#2399 = DIRECTION ( 'NONE',  ( 0.4794255386042041156, -0.8775825618903720926, 0.000000000000000000 ) ) ;
#2400 = CIRCLE ( 'NONE', #2003, 35.05199999999999960 ) ;
#2401 = ORIENTED_EDGE ( 'NONE', *, *, #3508, .F. ) ;
#2402 = CYLINDRICAL_SURFACE ( 'NONE', #839, 44.06899999999999551 ) ;
#2403 = CARTESIAN_POINT ( 'NONE',  ( 0.000000000000000000, 0.000000000000000000, 107.1880000000000024 ) ) ;
#2404 = CARTESIAN_POINT ( 'NONE',  ( 1.589091993746644116, 72.88740039012611760, 63.61254228014065148 ) ) ;
#2405 = DIRECTION ( 'NONE',  ( 0.000000000000000000, 0.000000000000000000, -1.000000000000000000 ) ) ;
#2406 = ORIENTED_EDGE ( 'NONE', *, *, #32, .T. ) ;
#2407 = ORIENTED_EDGE ( 'NONE', *, *, #197, .T. ) ;
#2408 = CARTESIAN_POINT ( 'NONE',  ( -16.37664289539999984, 31.20579734180000031, 102.4942682169999983 ) ) ;
#2409 = ORIENTED_EDGE ( 'NONE', *, *, #2227, .T. ) ;
#2410 = FACE_BOUND ( 'NONE', #2498, .T. ) ;
#2411 = CARTESIAN_POINT ( 'NONE',  ( 68.79999999999999716, -30.38875224710000111, 102.4942682169999983 ) ) ;
#2412 = DIRECTION ( 'NONE',  ( 0.000000000000000000, -1.000000000000000000, 0.000000000000000000 ) ) ;
#2413 = ORIENTED_EDGE ( 'NONE', *, *, #1470, .T. ) ;
#2414 = DIRECTION ( 'NONE',  ( -0.4794255386042040601, 0.8775825618903720926, 0.000000000000000000 ) ) ;
#2415 = CIRCLE ( 'NONE', #4273, 4.687807484370001276 ) ;
#2416 = EDGE_CURVE ( 'NONE', #867, #3805, #669, .T. ) ;
#2417 = CARTESIAN_POINT ( 'NONE',  ( -10.93607748138557589, 63.18415831668183813, 73.31584116579256261 ) ) ;
#2418 = CIRCLE ( 'NONE', #3030, 4.687807484370001276 ) ;
#2419 = ORIENTED_EDGE ( 'NONE', *, *, #2621, .F. ) ;
#2420 = DIRECTION ( 'NONE',  ( 0.000000000000000000, 0.000000000000000000, -1.000000000000000000 ) ) ;
#2421 = DATE_AND_TIME ( #3265, #634 ) ;
#2422 = CARTESIAN_POINT ( 'NONE',  ( 120.9309549879999963, 28.81146653290869608, 97.57852415694365789 ) ) ;
#2423 = ORIENTED_EDGE ( 'NONE', *, *, #1812, .F. ) ;
#2424 = CARTESIAN_POINT ( 'NONE',  ( -5.273680924649999824, 71.65340818079999963, 64.84659181920001458 ) ) ;
#2425 = CARTESIAN_POINT ( 'NONE',  ( 10.95416568797539902, 63.03839702760831187, 73.46180495034214175 ) ) ;
#2426 = DIRECTION ( 'NONE',  ( 0.000000000000000000, 1.000000000000000000, 0.000000000000000000 ) ) ;
#2427 = CARTESIAN_POINT ( 'NONE',  ( 7.184489448997898542, 70.33238928468273343, 66.16757774956393234 ) ) ;
#2428 = CARTESIAN_POINT ( 'NONE',  ( 121.3000000000000114, -34.07291643210000132, 97.57852135799998905 ) ) ;
#2429 = EDGE_CURVE ( 'NONE', #2653, #3764, #3322, .T. ) ;
#2430 = ORIENTED_EDGE ( 'NONE', *, *, #4812, .T. ) ;
#2431 = CONICAL_SURFACE ( 'NONE', #1084, 9.000000000000001776, 1.308996938999999804 ) ;
#2432 = DIRECTION ( 'NONE',  ( 0.000000000000000000, 1.000000000000000000, 0.000000000000000000 ) ) ;
#2433 = DIRECTION ( 'NONE',  ( 0.000000000000000000, 0.000000000000000000, 1.000000000000000000 ) ) ;
#2434 = B_SPLINE_CURVE_WITH_KNOTS ( 'NONE', 5,
 ( #1934, #2016, #3476, #4543, #3139, #68, #1568, #99, #3501 ),
 .UNSPECIFIED., .F., .F.,
 ( 6, 3, 6 ),
 ( -424.1020424789999765, -400.2347722760000011, -376.3675020740000150 ),
 .UNSPECIFIED. ) ;
#2435 = CARTESIAN_POINT ( 'NONE',  ( 118.2999999999999972, 37.07291643210000842, 97.57852415689998793 ) ) ;
#2436 = AXIS2_PLACEMENT_3D ( 'NONE', #3937, #1039, #2534 ) ;
#2437 = LINE ( 'NONE', #4716, #704 ) ;
#2438 = VERTEX_POINT ( 'NONE', #907 ) ;
#2439 = CARTESIAN_POINT ( 'NONE',  ( -21.12780406070000083, -38.67418591989999754, 139.1920000000000073 ) ) ;
#2440 = CIRCLE ( 'NONE', #3054, 28.70110295070000106 ) ;
#2441 = CARTESIAN_POINT ( 'NONE',  ( -6.394832516357613628, 70.97557417899568577, 65.52444080155102313 ) ) ;
#2442 = CARTESIAN_POINT ( 'NONE',  ( -10.93552749544118718, 63.18921760082071870, 73.31078232798274996 ) ) ;
#2443 = EDGE_LOOP ( 'NONE', ( #3381, #2530, #3185, #3863 ) ) ;
#2444 = ADVANCED_FACE ( 'NONE', ( #3897 ), #1989, .T. ) ;
#2445 = AXIS2_PLACEMENT_3D ( 'NONE', #3802, #2000, #3411 ) ;
#2446 = AXIS2_PLACEMENT_3D ( 'NONE', #261, #4303, #1760 ) ;
#2447 = DIRECTION ( 'NONE',  ( 0.000000000000000000, 1.000000000000000000, 0.000000000000000000 ) ) ;
#2448 = CARTESIAN_POINT ( 'NONE',  ( 121.3000000000000114, -34.33704187216117276, 145.0553894040894818 ) ) ;
#2449 = CARTESIAN_POINT ( 'NONE',  ( 121.3000000000000114, 31.39641421422715695, 95.89071667255656450 ) ) ;
#2450 = CARTESIAN_POINT ( 'NONE',  ( 10.93528905290285813, 60.80859120033849763, 75.69140886179931726 ) ) ;
#2451 = CARTESIAN_POINT ( 'NONE',  ( 2.978970414677109879, 51.41073638524691347, 85.08919243011962408 ) ) ;
#2452 = CIRCLE ( 'NONE', #4385, 44.06899999999999551 ) ;
#2453 = FACE_OUTER_BOUND ( 'NONE', #1691, .T. ) ;
#2454 = CARTESIAN_POINT ( 'NONE',  ( 0.000000000000000000, -16.00199999999999889, 7.620000000000000107 ) ) ;
#2455 = ORIENTED_EDGE ( 'NONE', *, *, #4437, .F. ) ;
#2456 = LINE ( 'NONE', #2886, #3982 ) ;
#2457 = FACE_OUTER_BOUND ( 'NONE', #4320, .T. ) ;
#2458 = EDGE_CURVE ( 'NONE', #4651, #1556, #168, .T. ) ;
#2459 = DIRECTION ( 'NONE',  ( -0.000000000000000000, 0.7071067811865475727, 0.7071067811865475727 ) ) ;
#2460 = CARTESIAN_POINT ( 'NONE',  ( -34.83811786289999901, 3.325363952429999698E-14, 91.49426821710000013 ) ) ;
#2461 = ORIENTED_EDGE ( 'NONE', *, *, #4365, .T. ) ;
#2462 = ADVANCED_FACE ( 'NONE', ( #858 ), #2363, .T. ) ;
#2463 = DIRECTION ( 'NONE',  ( 1.000000000000000000, 0.000000000000000000, 0.000000000000000000 ) ) ;
#2464 = CARTESIAN_POINT ( 'NONE',  ( 120.9309549879999963, -35.28039900667867812, 145.0553894041399872 ) ) ;
#2465 = DIRECTION ( 'NONE',  ( 0.000000000000000000, -1.000000000000000000, 0.000000000000000000 ) ) ;
#2466 = CARTESIAN_POINT ( 'NONE',  ( -10.81462189147691433, 59.98904017644939302, 76.51099034984834191 ) ) ;
#2467 = ORIENTED_EDGE ( 'NONE', *, *, #373, .F. ) ;
#2468 = DIRECTION ( 'NONE',  ( 1.000000000000000000, 0.000000000000000000, 0.000000000000000000 ) ) ;
#2469 = CARTESIAN_POINT ( 'NONE',  ( 121.3000000000000114, -33.39456407599099208, 145.0553894040487535 ) ) ;
#2470 = DIRECTION ( 'NONE',  ( 0.000000000000000000, 0.000000000000000000, -1.000000000000000000 ) ) ;
#2471 = CARTESIAN_POINT ( 'NONE',  ( 10.10709344301247548, 57.65872437542823548, 78.84127562289802427 ) ) ;
#2472 = CARTESIAN_POINT ( 'NONE',  ( -0.4493656158450000104, 34.38875224709999401, 102.4942682169999983 ) ) ;
#2473 = EDGE_CURVE ( 'NONE', #1515, #3404, #2136, .T. ) ;
#2474 = CARTESIAN_POINT ( 'NONE',  ( 10.74151650629916688, 64.37164524356550999, 72.12831462496295387 ) ) ;
#2475 = CARTESIAN_POINT ( 'NONE',  ( 121.3000000000000114, 32.38510894779999916, 97.57852415689998793 ) ) ;
#2476 = CIRCLE ( 'NONE', #34, 44.06899999999999551 ) ;
#2477 = EDGE_CURVE ( 'NONE', #2139, #3218, #3633, .T. ) ;
#2478 = ORIENTED_EDGE ( 'NONE', *, *, #2809, .F. ) ;
#2479 = LINE ( 'NONE', #1758, #4362 ) ;
#2480 = CARTESIAN_POINT ( 'NONE',  ( 121.3000000000000256, 34.07291643219499377, 100.9541391256556437 ) ) ;
#2481 = DIRECTION ( 'NONE',  ( 1.000000000000000000, 0.000000000000000000, 0.000000000000000000 ) ) ;
#2482 = DIRECTION ( 'NONE',  ( 1.000000000000000000, 0.000000000000000000, 0.000000000000000000 ) ) ;
#2483 = ORIENTED_EDGE ( 'NONE', *, *, #4279, .T. ) ;
#2484 = CARTESIAN_POINT ( 'NONE',  ( 118.2999999999999972, 27.01894910713611964, 135.6797744346158083 ) ) ;
#2485 = CARTESIAN_POINT ( 'NONE',  ( 0.000000000000000000, 0.000000000000000000, 56.89600000000000080 ) ) ;
#2486 = CARTESIAN_POINT ( 'NONE',  ( 68.79999999999999716, 39.44619999999999749, 116.7732212760000010 ) ) ;
#2487 = CARTESIAN_POINT ( 'NONE',  ( -10.53756500931944906, 58.79639845635782791, 77.70253507455632302 ) ) ;
#2488 = ORIENTED_EDGE ( 'NONE', *, *, #1469, .F. ) ;
#2489 = ORIENTED_EDGE ( 'NONE', *, *, #3601, .F. ) ;
#2490 = DIRECTION ( 'NONE',  ( -1.000000000000000000, 0.000000000000000000, 0.000000000000000000 ) ) ;
#2491 = DIRECTION ( 'NONE',  ( 1.000000000000000000, 0.000000000000000000, 0.000000000000000000 ) ) ;
#2492 = CARTESIAN_POINT ( 'NONE',  ( 121.3000000000000114, 33.92589439225227466, 94.94823887645229377 ) ) ;
#2493 = ADVANCED_FACE ( 'NONE', ( #3621 ), #1413, .F. ) ;
#2494 = CARTESIAN_POINT ( 'NONE',  ( 10.73839487051671071, 59.59672971273892017, 76.90206279845982351 ) ) ;
#2495 = FACE_BOUND ( 'NONE', #1668, .T. ) ;
#2496 = CARTESIAN_POINT ( 'NONE',  ( 8.326643721846009427, 69.18952666755876635, 67.31042872969169366 ) ) ;
#2497 = PLANE ( 'NONE',  #1650 ) ;
#2498 = EDGE_LOOP ( 'NONE', ( #58, #3333 ) ) ;
#2499 = ADVANCED_FACE ( 'NONE', ( #2867, #4056 ), #2156, .F. ) ;
#2500 = DIRECTION ( 'NONE',  ( 0.000000000000000000, 0.000000000000000000, -1.000000000000000000 ) ) ;
#2501 = DIRECTION ( 'NONE',  ( -1.000000000000000000, 0.000000000000000000, 0.000000000000000000 ) ) ;
#2502 = CARTESIAN_POINT ( 'NONE',  ( 121.3000000000000114, -34.07291643209634913, 97.57852415689997372 ) ) ;
#2503 = PLANE ( 'NONE',  #2822 ) ;
#2504 = ORIENTED_EDGE ( 'NONE', *, *, #3935, .F. ) ;
#2505 = CYLINDRICAL_SURFACE ( 'NONE', #4572, 35.05199999999999250 ) ;
#2506 = CIRCLE ( 'NONE', #380, 35.05199999999999960 ) ;
#2507 = DIRECTION ( 'NONE',  ( 0.000000000000000000, 1.000000000000000000, 0.000000000000000000 ) ) ;
#2508 = CARTESIAN_POINT ( 'NONE',  ( -10.98799355376137576, 62.53094872128975368, 73.96967813929883562 ) ) ;
#2509 = ORIENTED_EDGE ( 'NONE', *, *, #4384, .F. ) ;
#2510 = ORIENTED_EDGE ( 'NONE', *, *, #757, .F. ) ;
#2511 = CARTESIAN_POINT ( 'NONE',  ( 121.2999999999999972, 34.33704187241826133, 145.0553894041403566 ) ) ;
#2512 = FACE_OUTER_BOUND ( 'NONE', #2677, .T. ) ;
#2513 = EDGE_CURVE ( 'NONE', #3449, #2919, #3234, .T. ) ;
#2514 = AXIS2_PLACEMENT_3D ( 'NONE', #3124, #4581, #4555 ) ;
#2515 = CARTESIAN_POINT ( 'NONE',  ( 10.91955916874615085, 60.67107519357885081, 75.82889745504037649 ) ) ;
#2516 = DIRECTION ( 'NONE',  ( -0.4794255386042040601, -0.8775825618903719816, 0.000000000000000000 ) ) ;
#2517 = CARTESIAN_POINT ( 'NONE',  ( 10.81073968660884077, 64.03173026393520217, 72.46826946166180505 ) ) ;
#2518 = FACE_OUTER_BOUND ( 'NONE', #2031, .T. ) ;
#2519 = ORIENTED_EDGE ( 'NONE', *, *, #212, .T. ) ;
#2520 = CIRCLE ( 'NONE', #3614, 4.762500000000000178 ) ;
#2521 = DIRECTION ( 'NONE',  ( 0.000000000000000000, 1.000000000000000000, 0.000000000000000000 ) ) ;
#2522 = DIRECTION ( 'NONE',  ( -0.4794255386042040601, 0.8775825618903722036, 0.000000000000000000 ) ) ;
#2523 = DIRECTION ( 'NONE',  ( 0.000000000000000000, 1.000000000000000000, 0.000000000000000000 ) ) ;
#2524 = DIRECTION ( 'NONE',  ( 0.000000000000000000, 0.000000000000000000, 1.000000000000000000 ) ) ;
#2525 = EDGE_LOOP ( 'NONE', ( #2212, #2359, #3522, #2549 ) ) ;
#2526 = CARTESIAN_POINT ( 'NONE',  ( 64.79999999999999716, -36.53032114620000215, 140.0521743360000073 ) ) ;
#2527 = CARTESIAN_POINT ( 'NONE',  ( -7.123760595572043997, 70.38225882646810305, 66.11774617158192768 ) ) ;
#2528 = CARTESIAN_POINT ( 'NONE',  ( -9.568201600610054314, 67.43509857785021211, 69.06555425525550618 ) ) ;
#2529 = ORIENTED_EDGE ( 'NONE', *, *, #569, .F. ) ;
#2530 = ORIENTED_EDGE ( 'NONE', *, *, #3714, .T. ) ;
#2531 = DIRECTION ( 'NONE',  ( 0.000000000000000000, 0.000000000000000000, 1.000000000000000000 ) ) ;
#2532 = DIRECTION ( 'NONE',  ( 0.000000000000000000, 0.000000000000000000, -1.000000000000000000 ) ) ;
#2533 = CARTESIAN_POINT ( 'NONE',  ( 5.461904739729631864, 71.55368193127091558, 64.94679808566357337 ) ) ;
#2534 = DIRECTION ( 'NONE',  ( 1.000000000000000000, 0.000000000000000000, 0.000000000000000000 ) ) ;
#2535 = CARTESIAN_POINT ( 'NONE',  ( 7.599161721423699056, 69.95316370487446989, 66.54683552215945497 ) ) ;
#2536 = CARTESIAN_POINT ( 'NONE',  ( -18.02256484720000174, 32.99008366660000036, 56.89600000000000080 ) ) ;
#2537 = ORIENTED_EDGE ( 'NONE', *, *, #4136, .T. ) ;
#2538 = CARTESIAN_POINT ( 'NONE',  ( 0.000000000000000000, -16.00199999999999889, 71.88200000000000500 ) ) ;
#2539 = CARTESIAN_POINT ( 'NONE',  ( 32.17531719210000318, -34.38875224709999401, 140.0521743360000073 ) ) ;
#2540 = CIRCLE ( 'NONE', #4725, 4.687807484370001276 ) ;
#2541 = CARTESIAN_POINT ( 'NONE',  ( 0.000000000000000000, -4.762500000000000178, 54.60999999999999943 ) ) ;
#2542 = PLANE ( 'NONE',  #1253 ) ;
#2543 = EDGE_LOOP ( 'NONE', ( #279, #2322, #2242, #2012 ) ) ;
#2544 = EDGE_CURVE ( 'NONE', #4712, #494, #2910, .T. ) ;
#2545 = VECTOR ( 'NONE', #3425, 1000.000000000000000 ) ;
#2546 = EDGE_CURVE ( 'NONE', #4017, #4600, #1024, .T. ) ;
#2547 = CARTESIAN_POINT ( 'NONE',  ( -31.65516295769999644, -15.92727727950000371, 102.4942682169999983 ) ) ;
#2548 = CARTESIAN_POINT ( 'NONE',  ( -4.434707868997025848, 51.93341464273170516, 84.56662816685918926 ) ) ;
#2549 = ORIENTED_EDGE ( 'NONE', *, *, #4547, .F. ) ;
#2550 = ORIENTED_EDGE ( 'NONE', *, *, #3137, .T. ) ;
#2551 = EDGE_CURVE ( 'NONE', #1719, #1565, #4392, .T. ) ;
#2552 = CARTESIAN_POINT ( 'NONE',  ( -4.615612481981028026, 52.00957601579710854, 84.49043605229751108 ) ) ;
#2553 = CARTESIAN_POINT ( 'NONE',  ( -7.191383079059999517, 75.16373842840000918, 122.0000000000000000 ) ) ;
#2554 = CARTESIAN_POINT ( 'NONE',  ( -14.52402816080000214, -27.57602943199999856, 91.49426821710000013 ) ) ;
#2555 = AXIS2_PLACEMENT_3D ( 'NONE', #4763, #4020, #667 ) ;
#2556 = CARTESIAN_POINT ( 'NONE',  ( 10.65595325134745330, 59.27034257562291231, 77.22965943648196685 ) ) ;
#2557 = DIRECTION ( 'NONE',  ( 0.000000000000000000, 0.000000000000000000, 1.000000000000000000 ) ) ;
#2558 = AXIS2_PLACEMENT_3D ( 'NONE', #4003, #4703, #3193 ) ;
#2559 = EDGE_LOOP ( 'NONE', ( #1445, #1683 ) ) ;
#2560 = ADVANCED_FACE ( 'NONE', ( #1783 ), #1745, .F. ) ;
#2561 = CARTESIAN_POINT ( 'NONE',  ( 0.000000000000000000, 36.50000000000000000, 74.50000000000000000 ) ) ;
#2562 = DIRECTION ( 'NONE',  ( 0.000000000000000000, 0.000000000000000000, 1.000000000000000000 ) ) ;
#2563 = CARTESIAN_POINT ( 'NONE',  ( 119.2424777959999886, 27.69730146335755450, 106.9541391256369138 ) ) ;
#2564 = CARTESIAN_POINT ( 'NONE',  ( 120.1858349299999986, -34.91498143140038479, 101.8972866292282333 ) ) ;
#2565 = ADVANCED_FACE ( 'NONE', ( #682 ), #308, .T. ) ;
#2566 = DIRECTION ( 'NONE',  ( -0.4794255386042038936, 0.8775825618903722036, 0.000000000000000000 ) ) ;
#2567 = ORIENTED_EDGE ( 'NONE', *, *, #1103, .T. ) ;
#2568 = PLANE ( 'NONE',  #3014 ) ;
#2569 = CARTESIAN_POINT ( 'NONE',  ( -2.930760718678099952, 51.29265120560763336, 85.20727617066891924 ) ) ;
#2570 = CARTESIAN_POINT ( 'NONE',  ( 120.1858349299999986, -36.02551906420062267, 145.0553894042567720 ) ) ;
#2571 = ORIENTED_EDGE ( 'NONE', *, *, #3924, .T. ) ;
#2572 = ORIENTED_EDGE ( 'NONE', *, *, #526, .F. ) ;
#2573 = VECTOR ( 'NONE', #1514, 1000.000000000000000 ) ;
#2574 = CARTESIAN_POINT ( 'NONE',  ( -5.595475307554477418, 52.52677675832145354, 83.97325731604040300 ) ) ;
#2575 = APPLICATION_CONTEXT ( 'configuration controlled 3d designs of mechanical parts and assemblies' ) ;
#2576 = AXIS2_PLACEMENT_3D ( 'NONE', #3293, #1845, #3021 ) ;
#2577 = CARTESIAN_POINT ( 'NONE',  ( 4.325184391084742508, 72.11399420241131963, 64.38596011463965851 ) ) ;
#2578 = CARTESIAN_POINT ( 'NONE',  ( -31.65516295769999644, -15.92727727950000371, 91.49426821710001434 ) ) ;
#2579 = ADVANCED_FACE ( 'NONE', ( #4014, #3665 ), #3419, .T. ) ;
#2580 = CARTESIAN_POINT ( 'NONE',  ( 9.351736687719910179, 56.20815200155477243, 80.29184942766011090 ) ) ;
#2581 = CARTESIAN_POINT ( 'NONE',  ( -0.4493656158450000104, -30.38875224710000111, 102.4942682169999983 ) ) ;
#2582 = VECTOR ( 'NONE', #2557, 1000.000000000000000 ) ;
#2583 = VERTEX_POINT ( 'NONE', #4155 ) ;
#2584 = CARTESIAN_POINT ( 'NONE',  ( -33.77748229880000252, -10.80354514260000087, 91.49426821710001434 ) ) ;
#2585 = VECTOR ( 'NONE', #1667, 1000.000000000000000 ) ;
#2586 = DIRECTION ( 'NONE',  ( 1.000000000000000000, 0.000000000000000000, 0.000000000000000000 ) ) ;
#2587 = AXIS2_PLACEMENT_3D ( 'NONE', #1849, #2198, #370 ) ;
#2588 = CYLINDRICAL_SURFACE ( 'NONE', #121, 1.524000000000001132 ) ;
#2589 = CARTESIAN_POINT ( 'NONE',  ( 120.9309549879999821, -30.29171768848125978, 101.1521665714153926 ) ) ;
#2590 = CARTESIAN_POINT ( 'NONE',  ( -0.4493656158450000104, 3.422993009330000670E-17, 140.0521743360000073 ) ) ;
#2591 = VERTEX_POINT ( 'NONE', #1853 ) ;
#2592 = ORIENTED_EDGE ( 'NONE', *, *, #4358, .T. ) ;
#2593 = CARTESIAN_POINT ( 'NONE',  ( 116.2999999999999972, 39.44619999999999749, 75.49426821710001434 ) ) ;
#2594 = CARTESIAN_POINT ( 'NONE',  ( -7.949999861570546500, 54.39528088130162331, 82.10456152755679682 ) ) ;
#2595 = CARTESIAN_POINT ( 'NONE',  ( -22.60020519879999767, 22.15083958299999622, 91.49426821710001434 ) ) ;
#2596 = ORIENTED_EDGE ( 'NONE', *, *, #4645, .F. ) ;
#2597 = ORIENTED_EDGE ( 'NONE', *, *, #2140, .T. ) ;
#2598 = CARTESIAN_POINT ( 'NONE',  ( -7.590957799063422051, 54.03900439942431433, 82.46099646789733129 ) ) ;
#2599 = CARTESIAN_POINT ( 'NONE',  ( -21.12780406070000083, -38.67418591989999754, 135.8900000000000148 ) ) ;
#2600 = CARTESIAN_POINT ( 'NONE',  ( 1.454660841306212316, 73.00000000388608612, 63.50000000000001421 ) ) ;
#2601 = LINE ( 'NONE', #718, #1246 ) ;
#2602 = CARTESIAN_POINT ( 'NONE',  ( 8.587805879987545410, 55.12353340812426694, 81.37650020961737596 ) ) ;
#2603 = LINE ( 'NONE', #1061, #316 ) ;
#2604 = ORIENTED_EDGE ( 'NONE', *, *, #182, .F. ) ;
#2605 = CARTESIAN_POINT ( 'NONE',  ( 48.00000000000000000, 8.000999999999999446, 73.40600000000000591 ) ) ;
#2606 = PLANE ( 'NONE',  #1793 ) ;
#2607 = CARTESIAN_POINT ( 'NONE',  ( -2.592850354747921582, 72.69033536277349583, 63.80977468625808058 ) ) ;
#2608 = DIRECTION ( 'NONE',  ( 0.000000000000000000, 1.000000000000000000, 0.000000000000000000 ) ) ;
#2609 = CARTESIAN_POINT ( 'NONE',  ( 0.000000000000000000, -8.000999999999999446, 73.40600000000000591 ) ) ;
#2610 = EDGE_LOOP ( 'NONE', ( #3318, #4000, #327, #3992 ) ) ;
#2611 = EDGE_LOOP ( 'NONE', ( #4591, #3457, #2430, #2166 ) ) ;
#2612 = CARTESIAN_POINT ( 'NONE',  ( 68.79999999999999716, -34.53032114620000215, 102.4942682169999983 ) ) ;
#2613 = CARTESIAN_POINT ( 'NONE',  ( 34.17531719209999608, 30.38875224710000111, 140.0521743360000073 ) ) ;
#2614 = CARTESIAN_POINT ( 'NONE',  ( -33.77748229880000252, 10.80354514260000087, 91.49426821710001434 ) ) ;
#2615 = CARTESIAN_POINT ( 'NONE',  ( 48.00000000000000000, -16.00199999999999889, 7.620000000000000107 ) ) ;
#2616 = EDGE_CURVE ( 'NONE', #413, #4371, #820, .T. ) ;
#2617 = VECTOR ( 'NONE', #1634, 1000.000000000000000 ) ;
#2618 = EDGE_LOOP ( 'NONE', ( #3488, #4234, #1957, #3354 ) ) ;
#2619 = ORIENTED_EDGE ( 'NONE', *, *, #342, .T. ) ;
#2620 = CARTESIAN_POINT ( 'NONE',  ( -6.623282622961450095, 53.21169890946094228, 83.28834408241465326 ) ) ;
#2621 = EDGE_CURVE ( 'NONE', #4274, #4651, #4484, .T. ) ;
#2622 = DIRECTION ( 'NONE',  ( 1.000000000000000000, 0.000000000000000000, 0.000000000000000000 ) ) ;
#2623 = CARTESIAN_POINT ( 'NONE',  ( 7.611732881164035902, 69.94112970658802908, 66.55887037497089409 ) ) ;
#2624 = CARTESIAN_POINT ( 'NONE',  ( -5.222819656400000454, -30.38875224710000111, 91.49426821710000013 ) ) ;
#2625 = CARTESIAN_POINT ( 'NONE',  ( 10.35027023180120587, 58.27303483525413696, 78.22703592455619059 ) ) ;
#2626 = EDGE_CURVE ( 'NONE', #4282, #3628, #2076, .T. ) ;
#2627 = CARTESIAN_POINT ( 'NONE',  ( 0.000000000000000000, 0.000000000000000000, 119.8879999999999910 ) ) ;
#2628 = ORIENTED_EDGE ( 'NONE', *, *, #2197, .F. ) ;
#2629 = DIRECTION ( 'NONE',  ( 1.000000000000000000, 0.000000000000000000, 0.000000000000000000 ) ) ;
#2630 = DIRECTION ( 'NONE',  ( 1.000000000000000000, 0.000000000000000000, 0.000000000000000000 ) ) ;
#2631 = CARTESIAN_POINT ( 'NONE',  ( -3.640539585232290598, 72.41694160678872549, 64.08260984461949761 ) ) ;
#2632 = VECTOR ( 'NONE', #2066, 1000.000000000000000 ) ;
#2633 = LINE ( 'NONE', #352, #3605 ) ;
#2634 = CARTESIAN_POINT ( 'NONE',  ( 24.00000000000000000, 4.762500000000000178, 54.60999999999999943 ) ) ;
#2635 = EDGE_CURVE ( 'NONE', #3279, #1769, #403, .T. ) ;
#2636 = VERTEX_POINT ( 'NONE', #725 ) ;
#2637 = CARTESIAN_POINT ( 'NONE',  ( -0.4493656158450000104, -30.38875224710000111, 91.49426821710001434 ) ) ;
#2638 = LINE ( 'NONE', #1567, #2315 ) ;
#2639 = CARTESIAN_POINT ( 'NONE',  ( -7.611732894123414361, 54.05887030583377140, 82.44112961262264605 ) ) ;
#2640 = EDGE_CURVE ( 'NONE', #3296, #524, #2540, .T. ) ;
#2641 = CYLINDRICAL_SURFACE ( 'NONE', #237, 1.524000000000001132 ) ;
#2642 = EDGE_LOOP ( 'NONE', ( #2724, #3844, #2908, #2213 ) ) ;
#2643 = ORIENTED_EDGE ( 'NONE', *, *, #1761, .F. ) ;
#2644 = CARTESIAN_POINT ( 'NONE',  ( -9.672092022237015030, 56.76043410432396996, 79.73956963503479756 ) ) ;
#2645 = CYLINDRICAL_SURFACE ( 'NONE', #2984, 9.000000000000001776 ) ;
#2646 = AXIS2_PLACEMENT_3D ( 'NONE', #280, #1782, #3274 ) ;
#2647 = CARTESIAN_POINT ( 'NONE',  ( 0.000000000000000000, 0.000000000000000000, 74.50000000000000000 ) ) ;
#2648 = FACE_BOUND ( 'NONE', #3624, .T. ) ;
#2649 = CARTESIAN_POINT ( 'NONE',  ( 10.71535736255422755, 59.51306907344434904, 76.98698184107543341 ) ) ;
#2650 = ADVANCED_FACE ( 'NONE', ( #3343 ), #2588, .T. ) ;
#2651 = VECTOR ( 'NONE', #513, 1000.000000000000000 ) ;
#2652 = DIRECTION ( 'NONE',  ( 0.000000000000000000, 0.000000000000000000, 1.000000000000000000 ) ) ;
#2653 = VERTEX_POINT ( 'NONE', #4129 ) ;
#2654 = CARTESIAN_POINT ( 'NONE',  ( -4.466911342019582953, 72.06207053206223634, 64.43791817059900495 ) ) ;
#2655 = PLANE ( 'NONE',  #305 ) ;
#2656 = CARTESIAN_POINT ( 'NONE',  ( -13.76004174070000019, 25.18758745649999753, 155.7713101510000229 ) ) ;
#2657 = CARTESIAN_POINT ( 'NONE',  ( 4.314829847440000421, 54.10175694299999805, 116.1423048449999982 ) ) ;
#2658 = CARTESIAN_POINT ( 'NONE',  ( 48.00000000000000000, 0.000000000000000000, 0.000000000000000000 ) ) ;
#2659 = AXIS2_PLACEMENT_3D ( 'NONE', #1030, #1073, #4039 ) ;
#2660 = ORIENTED_EDGE ( 'NONE', *, *, #3297, .T. ) ;
#2661 = EDGE_LOOP ( 'NONE', ( #1277, #1734, #2234, #4151 ) ) ;
#2662 = VECTOR ( 'NONE', #1901, 1000.000000000000000 ) ;
#2663 = CARTESIAN_POINT ( 'NONE',  ( 0.000000000000000000, 16.00199999999999889, 9.144000000000000128 ) ) ;
#2664 = FACE_OUTER_BOUND ( 'NONE', #1488, .T. ) ;
#2665 = DIRECTION ( 'NONE',  ( 0.000000000000000000, 0.000000000000000000, -1.000000000000000000 ) ) ;
#2666 = CARTESIAN_POINT ( 'NONE',  ( -29.90085235379999773, 9.546908081119999778, 102.4942682169999983 ) ) ;
#2667 = ORIENTED_EDGE ( 'NONE', *, *, #4275, .T. ) ;
#2668 = ORIENTED_EDGE ( 'NONE', *, *, #98, .T. ) ;
#2669 = CARTESIAN_POINT ( 'NONE',  ( -10.81073968660326123, 59.96826973602409794, 76.53173053836781037 ) ) ;
#2670 = CARTESIAN_POINT ( 'NONE',  ( -8.613250686020277769, 68.86243376022859763, 67.63756474049800715 ) ) ;
#2671 = CARTESIAN_POINT ( 'NONE',  ( 48.00000000000000000, 17.52599999999999980, 40.51299999999999812 ) ) ;
#2672 = ADVANCED_FACE ( 'NONE', ( #3711 ), #428, .T. ) ;
#2673 = MECHANICAL_CONTEXT ( 'NONE', #2575, 'mechanical' ) ;
#2674 = DIRECTION ( 'NONE',  ( 0.4794255386042041156, -0.8775825618903722036, 0.000000000000000000 ) ) ;
#2675 = CARTESIAN_POINT ( 'NONE',  ( 120.1858349299999844, 27.38799411923511684, 153.6929143485678253 ) ) ;
#2676 = FACE_OUTER_BOUND ( 'NONE', #3038, .T. ) ;
#2677 = EDGE_LOOP ( 'NONE', ( #2257, #3662, #4830, #1520 ) ) ;
#2678 = FACE_OUTER_BOUND ( 'NONE', #371, .T. ) ;
#2679 = ORIENTED_EDGE ( 'NONE', *, *, #533, .T. ) ;
#2680 = DIRECTION ( 'NONE',  ( 0.000000000000000000, 0.000000000000000000, -1.000000000000000000 ) ) ;
#2681 = CARTESIAN_POINT ( 'NONE',  ( 0.000000000000000000, -35.05199999999999960, 56.89600000000000080 ) ) ;
#2682 = CARTESIAN_POINT ( 'NONE',  ( -8.500000000000000000, 62.00000000000000000, 95.00000000000000000 ) ) ;
#2683 = ORIENTED_EDGE ( 'NONE', *, *, #3190, .T. ) ;
#2684 = VERTEX_POINT ( 'NONE', #4462 ) ;
#2685 = VERTEX_POINT ( 'NONE', #2224 ) ;
#2686 = DIRECTION ( 'NONE',  ( 0.000000000000000000, 0.000000000000000000, 1.000000000000000000 ) ) ;
#2687 = VERTEX_POINT ( 'NONE', #4824 ) ;
#2688 = DIRECTION ( 'NONE',  ( 1.000000000000000000, 0.000000000000000000, 0.000000000000000000 ) ) ;
#2689 = LINE ( 'NONE', #1964, #1764 ) ;
#2690 = LINE ( 'NONE', #1594, #4300 ) ;
#2691 = EDGE_CURVE ( 'NONE', #1252, #4364, #376, .T. ) ;
#2692 = ORIENTED_EDGE ( 'NONE', *, *, #3081, .T. ) ;
#2693 = EDGE_CURVE ( 'NONE', #4594, #1322, #739, .T. ) ;
#2694 = EDGE_LOOP ( 'NONE', ( #290, #2488, #3929, #2974 ) ) ;
#2695 = CARTESIAN_POINT ( 'NONE',  ( -10.19547292477665579, 66.13032242984894538, 70.36966132434632470 ) ) ;
#2696 = CARTESIAN_POINT ( 'NONE',  ( 121.3000000000000114, 33.39456407599142551, 141.6797744356319697 ) ) ;
#2697 = ADVANCED_FACE ( 'NONE', ( #4802 ), #2953, .T. ) ;
#2698 = EDGE_CURVE ( 'NONE', #715, #1344, #1746, .T. ) ;
#2699 = CIRCLE ( 'NONE', #1056, 35.05199999999999960 ) ;
#2700 = DIRECTION ( 'NONE',  ( 0.000000000000000000, 1.000000000000000000, 0.000000000000000000 ) ) ;
#2701 = PERSON_AND_ORGANIZATION ( #916, #1017 ) ;
#2702 = CARTESIAN_POINT ( 'NONE',  ( 118.3000000000000114, -36.39456407662054716, 142.3093353574331275 ) ) ;
#2703 = DIRECTION ( 'NONE',  ( 5.435777544242919772E-29, 4.858411868449010174E-16, 1.000000000000000000 ) ) ;
#2704 = DIRECTION ( 'NONE',  ( 1.000000000000000000, 0.000000000000000000, 0.000000000000000000 ) ) ;
#2705 = VERTEX_POINT ( 'NONE', #2656 ) ;
#2706 = CARTESIAN_POINT ( 'NONE',  ( 8.214701341387790734, 54.68430109803088612, 81.81569544891644341 ) ) ;
#2707 = CARTESIAN_POINT ( 'NONE',  ( 0.000000000000000000, 0.000000000000000000, 87.88400000000000034 ) ) ;
#2708 = CARTESIAN_POINT ( 'NONE',  ( 0.000000000000000000, 0.000000000000000000, 121.5389999999999873 ) ) ;
#2709 = PLANE ( 'NONE',  #1023 ) ;
#2710 = VERTEX_POINT ( 'NONE', #3783 ) ;
#2711 = ORIENTED_EDGE ( 'NONE', *, *, #672, .T. ) ;
#2712 = CARTESIAN_POINT ( 'NONE',  ( -34.83811786289999901, 2.131628207279999844E-14, 102.4942682169999983 ) ) ;
#2713 = VECTOR ( 'NONE', #2873, 1000.000000000000000 ) ;
#2714 = DIRECTION ( 'NONE',  ( 1.000000000000000000, 0.000000000000000000, 0.000000000000000000 ) ) ;
#2715 = EDGE_CURVE ( 'NONE', #863, #2710, #4588, .T. ) ;
#2716 = B_SPLINE_CURVE_WITH_KNOTS ( 'NONE', 5,
 ( #153, #2511, #3976, #3904, #2119, #1304 ),
 .UNSPECIFIED., .F., .F.,
 ( 6, 6 ),
 ( 0.000000000000000000, 1.000000000000000000 ),
 .UNSPECIFIED. ) ;
#2717 = ADVANCED_FACE ( 'NONE', ( #1680 ), #3520, .T. ) ;
#2718 = DIRECTION ( 'NONE',  ( -0.4794255386042040601, -0.8775825618903719816, 0.000000000000000000 ) ) ;
#2719 = CARTESIAN_POINT ( 'NONE',  ( 0.000000000000000000, 17.52599999999999980, 71.88200000000000500 ) ) ;
#2720 = ORIENTED_EDGE ( 'NONE', *, *, #895, .F. ) ;
#2721 = AXIS2_PLACEMENT_3D ( 'NONE', #2647, #106, #1916 ) ;
#2722 = CARTESIAN_POINT ( 'NONE',  ( 0.000000000000000000, 0.000000000000000000, 88.00000000000000000 ) ) ;
#2723 = CARTESIAN_POINT ( 'NONE',  ( -10.64423277932749201, 64.77494677919230526, 71.72505319458403505 ) ) ;
#2724 = ORIENTED_EDGE ( 'NONE', *, *, #341, .F. ) ;
#2725 = DIRECTION ( 'NONE',  ( 0.000000000000000000, 0.000000000000000000, 1.000000000000000000 ) ) ;
#2726 = PERSON_AND_ORGANIZATION ( #916, #1017 ) ;
#2727 = CARTESIAN_POINT ( 'NONE',  ( 121.2999999999999972, -33.24754203637086647, 142.4251041234286959 ) ) ;
#2728 = CARTESIAN_POINT ( 'NONE',  ( 119.2424777959999886, 36.39456407551458739, 145.0553894040844796 ) ) ;
#2729 = CARTESIAN_POINT ( 'NONE',  ( -30.83811786289999901, 3.197442310919999608E-14, 96.99426821710000013 ) ) ;
#2730 = CIRCLE ( 'NONE', #2261, 8.500000000000000000 ) ;
#2731 = ORIENTED_EDGE ( 'NONE', *, *, #373, .T. ) ;
#2732 = CARTESIAN_POINT ( 'NONE',  ( 7.089436982713648305, 53.58318623818308168, 82.91611485231175038 ) ) ;
#2733 = LINE ( 'NONE', #3865, #1476 ) ;
#2734 = EDGE_CURVE ( 'NONE', #1879, #1077, #2400, .T. ) ;
#2735 = AXIS2_PLACEMENT_3D ( 'NONE', #4428, #2218, #1474 ) ;
#2736 = CARTESIAN_POINT ( 'NONE',  ( 22.05357477580000136, -40.36879784700000329, 164.0000000000000000 ) ) ;
#2737 = LINE ( 'NONE', #3393, #2203 ) ;
#2738 = EDGE_LOOP ( 'NONE', ( #1195, #2413 ) ) ;
#2739 = LINE ( 'NONE', #4623, #469 ) ;
#2740 = B_SPLINE_SURFACE_WITH_KNOTS ( 'NONE', 5, 1, ( 
 ( #238, #4281 ),
 ( #3236, #956 ),
 ( #1708, #2138 ),
 ( #2869, #3550 ),
 ( #1026, #3623 ),
 ( #1003, #4669 ),
 ( #3645, #1762 ),
 ( #213, #4016 ),
 ( #2460, #664 ) ),
 .UNSPECIFIED., .F., .F., .F.,
 ( 6, 3, 6 ),
 ( 2, 2 ),
 ( 0.000000000000000000, 27.46240678619999898, 54.92481357249999974 ),
 ( 0.000000000000000000, 1.000000000000000000 ),
 .UNSPECIFIED. ) ;
#2741 = EDGE_LOOP ( 'NONE', ( #2056, #3024, #3049, #4189 ) ) ;
#2742 = CARTESIAN_POINT ( 'NONE',  ( 68.79999999999999716, 34.53032114620000215, 91.49426821710001434 ) ) ;
#2743 = FACE_OUTER_BOUND ( 'NONE', #4158, .T. ) ;
#2744 = AXIS2_PLACEMENT_3D ( 'NONE', #1092, #4486, #310 ) ;
#2745 = DIRECTION ( 'NONE',  ( 0.000000000000000000, 1.000000000000000000, 0.000000000000000000 ) ) ;
#2746 = VECTOR ( 'NONE', #4642, 1000.000000000000000 ) ;
#2747 = ORIENTED_EDGE ( 'NONE', *, *, #4497, .T. ) ;
#2748 = DIRECTION ( 'NONE',  ( 0.000000000000000000, 1.000000000000000000, 0.000000000000000000 ) ) ;
#2749 = APPROVAL ( #1282, 'UNSPECIFIED' ) ;
#2750 = AXIS2_PLACEMENT_3D ( 'NONE', #1247, #2745, #546 ) ;
#2751 = AXIS2_PLACEMENT_3D ( 'NONE', #3272, #3295, #278 ) ;
#2752 = CARTESIAN_POINT ( 'NONE',  ( -10.99566659377773270, 62.31260325343128414, 74.18743821394079418 ) ) ;
#2753 = ORIENTED_EDGE ( 'NONE', *, *, #4004, .T. ) ;
#2754 = VECTOR ( 'NONE', #2064, 1000.000000000000000 ) ;
#2755 = CARTESIAN_POINT ( 'NONE',  ( -21.12780406070000083, -38.67418591989999754, 89.53499999999999659 ) ) ;
#2756 =( LENGTH_UNIT ( ) NAMED_UNIT ( * ) SI_UNIT ( .MILLI., .METRE. ) );
#2757 = CARTESIAN_POINT ( 'NONE',  ( 121.3000000000000114, -33.39456407647481484, 145.0553894040000102 ) ) ;
#2758 = CARTESIAN_POINT ( 'NONE',  ( 48.00000000000000000, 16.00199999999999889, 71.88200000000000500 ) ) ;
#2759 = CARTESIAN_POINT ( 'NONE',  ( 119.2424777960000029, 32.38510894773708060, 92.89071667209937289 ) ) ;
#2760 = VERTEX_POINT ( 'NONE', #4662 ) ;
#2761 = CARTESIAN_POINT ( 'NONE',  ( 21.12780406070000083, 38.67418591989999754, 89.53499999999999659 ) ) ;
#2762 = DIRECTION ( 'NONE',  ( 0.000000000000000000, -1.000000000000000000, 0.000000000000000000 ) ) ;
#2763 = DIRECTION ( 'NONE',  ( 0.000000000000000000, -1.000000000000000000, 0.000000000000000000 ) ) ;
#2764 = CARTESIAN_POINT ( 'NONE',  ( 116.2999999999999972, -27.01894910739999744, 145.0553894040000102 ) ) ;
#2765 = ORIENTED_EDGE ( 'NONE', *, *, #3137, .F. ) ;
#2766 = EDGE_CURVE ( 'NONE', #2011, #2961, #461, .T. ) ;
#2767 = DIRECTION ( 'NONE',  ( 0.000000000000000000, 0.000000000000000000, -1.000000000000000000 ) ) ;
#2768 = DIRECTION ( 'NONE',  ( 0.000000000000000000, 0.000000000000000000, 1.000000000000000000 ) ) ;
#2769 = DIRECTION ( 'NONE',  ( 1.000000000000000000, 0.000000000000000000, 0.000000000000000000 ) ) ;
#2770 = DIRECTION ( 'NONE',  ( 0.000000000000000000, 1.000000000000000000, 0.000000000000000000 ) ) ;
#2771 = ORIENTED_EDGE ( 'NONE', *, *, #3824, .T. ) ;
#2772 = ORIENTED_EDGE ( 'NONE', *, *, #1230, .F. ) ;
#2773 = ORIENTED_EDGE ( 'NONE', *, *, #4218, .T. ) ;
#2774 = CARTESIAN_POINT ( 'NONE',  ( -10.81355560766155932, 59.98331327189125517, 76.51668684710787716 ) ) ;
#2775 = ADVANCED_FACE ( 'NONE', ( #4271, #3889 ), #4203, .F. ) ;
#2776 = EDGE_LOOP ( 'NONE', ( #2991, #176, #625, #2572 ) ) ;
#2777 = DIRECTION ( 'NONE',  ( 1.000000000000000000, 0.000000000000000000, 0.000000000000000000 ) ) ;
#2778 = APPROVAL_ROLE ( '' ) ;
#2779 = AXIS2_PLACEMENT_3D ( 'NONE', #617, #2204, #3275 ) ;
#2780 = FACE_OUTER_BOUND ( 'NONE', #2443, .T. ) ;
#2781 = ADVANCED_FACE ( 'NONE', ( #1586, #2453 ), #3543, .F. ) ;
#2782 = CARTESIAN_POINT ( 'NONE',  ( 119.2424777960000171, 29.63905490090576578, 92.89071667213623584 ) ) ;
#2783 = VECTOR ( 'NONE', #3162, 1000.000000000000000 ) ;
#2784 = DIRECTION ( 'NONE',  ( 1.000000000000000000, 0.000000000000000000, 0.000000000000000000 ) ) ;
#2785 = DIRECTION ( 'NONE',  ( -1.000000000000000000, 0.000000000000000000, 0.000000000000000000 ) ) ;
#2786 = CARTESIAN_POINT ( 'NONE',  ( 0.3741924574062220343, 73.00000000000000000, 63.50000000000002842 ) ) ;
#2787 = LINE ( 'NONE', #565, #4530 ) ;
#2788 = VERTEX_POINT ( 'NONE', #2736 ) ;
#2789 = ORIENTED_EDGE ( 'NONE', *, *, #4774, .T. ) ;
#2790 = CARTESIAN_POINT ( 'NONE',  ( -16.80482397919999826, 30.76102395939999923, 123.1899999999999977 ) ) ;
#2791 = PLANE ( 'NONE',  #429 ) ;
#2792 = EDGE_CURVE ( 'NONE', #3575, #837, #4601, .T. ) ;
#2793 = CARTESIAN_POINT ( 'NONE',  ( 120.9309549879999963, -35.95875136179058984, 97.57852415683962022 ) ) ;
#2794 = FACE_OUTER_BOUND ( 'NONE', #2090, .T. ) ;
#2795 = ORIENTED_EDGE ( 'NONE', *, *, #983, .F. ) ;
#2796 = ORIENTED_EDGE ( 'NONE', *, *, #2546, .F. ) ;
#2797 = B_SPLINE_CURVE_WITH_KNOTS ( 'NONE', 3,
 ( #2899, #2880, #3612, #250, #3245, #1402, #4726, #3632, #1772, #4814, #3311, #1500, #2920, #787, #321, #2941, #4791, #762, #1078, #2552, #364, #2189, #2574, #1890, #2259, #3334, #4473, #2993, #4118, #1126, #2620, #1471, #3746, #3678, #391, #4426, #1104, #2598, #27, #4402, #737, #416, #716, #3383, #1819, #2216, #4071, #4495, #1522, #4143, #3772, #3701, #1057, #1149, #2644, #3, #3289, #340, #3018, #2289, #1448, #1842, #4769, #2964, #1423, #4045, #4450, #4096, #692, #2236, #3722, #1865, #3358, #1996, #4575, #4632, #3902, #150, #1278, #2669, #1176, #2774, #3798, #1647, #3855, #1912, #890, #3096, #3042, #75, #104, #4167, #4262, #914, #527, #1223, #1548, #1251, #2020, #1973, #2752, #2372, #504, #812, #475, #3506, #3480, #3071, #3147, #2394, #2417, #3405, #4603, #3459, #50, #4191, #2312, #4521, #444, #1941, #3431, #3825, #2723, #1575, #1598, #4216, #4548, #1197, #2695, #838, #2342, #866, #129, #1622, #3121, #4242, #3878, #2823, #245, #1032, #2042, #936, #4351, #3971, #3604, #2799, #4374, #623, #2850, #218, #4742, #3553, #598, #193, #1670, #550, #2893, #4309, #2527, #3579, #2114, #4654, #3533, #1743, #2441, #175, #3167 ),
 .UNSPECIFIED., .F., .F.,
 ( 4, 2, 1, 1, 1, 2, 2, 2, 1, 1, 1, 2, 2, 2, 1, 1, 1, 1, 2, 2, 2, 1, 1, 1, 1, 2, 2, 2, 1, 1, 1, 1, 2, 2, 2, 1, 1, 1, 1, 2, 2, 2, 2, 1, 1, 1, 2, 2, 2, 2, 1, 1, 1, 1, 2, 2, 2, 2, 1, 1, 1, 1, 2, 2, 1, 2, 2, 1, 1, 2, 1, 1, 1, 1, 2, 2, 2, 2, 1, 1, 1, 1, 2, 2, 2, 2, 1, 1, 1, 2, 2, 2, 1, 1, 1, 1, 2, 2, 2, 1, 1, 1, 1, 2, 2, 2, 1, 1, 1, 1, 2, 2, 4 ),
 ( 0.000000000000000000, 0.03125000000000174860, 0.04687500000000267841, 0.05468750000000308781, 0.05859375000000317107, 0.06054687500000328904, 0.06250000000000340006, 0.09375000000000371925, 0.1093750000000040384, 0.1171875000000038858, 0.1210937500000038164, 0.1230468750000035805, 0.1250000000000033307, 0.1562500000000009437, 0.1718749999999996114, 0.1796874999999988343, 0.1835937499999984734, 0.1855468749999981404, 0.1865234374999979738, 0.1874999999999978073, 0.2187499999999741596, 0.2343749999999625022, 0.2421874999999569789, 0.2460937499999537592, 0.2480468749999518441, 0.2490234374999513445, 0.2499999999999508449, 0.2812499999999322764, 0.2968749999999230060, 0.3046874999999181766, 0.3085937499999159561, 0.3105468749999146238, 0.3115234374999134581, 0.3124999999999122924, 0.3437499999998676059, 0.3593749999998451239, 0.3671874999998344102, 0.3710937499998290812, 0.3730468749998262501, 0.3740234374998244737, 0.3749999999998226974, 0.4062499999997711275, 0.4218749999997453703, 0.4296874999997323252, 0.4335937499997258304, 0.4355468749997220002, 0.4365234374997198907, 0.4374999999997177813, 0.4687499999996520006, 0.4843749999996193600, 0.4921874999996030398, 0.4960937499995952682, 0.4980468749995913824, 0.4990234374995896061, 0.4995117187495885513, 0.4999999999995874411, 0.5312499999995710098, 0.5468749999995627942, 0.5546874999995586863, 0.5585937499995567990, 0.5605468749995554667, 0.5615234374995545785, 0.5620117187495541344, 0.5624999999995536903, 0.5781249999995545785, 0.5859374999995552447, 0.5878906249995549116, 0.5898437499995545785, 0.5937499999995539124, 0.6093749999995503597, 0.6171874999995485833, 0.6210937499995472511, 0.6230468749995474731, 0.6240234374995485833, 0.6245117187495494715, 0.6249999999995503597, 0.6562499999995823341, 0.6718749999995990985, 0.6796874999996070921, 0.6835937499996106448, 0.6855468749996124211, 0.6865234374996137534, 0.6870117187496139755, 0.6874999999996141975, 0.7187499999996211919, 0.7343749999996246336, 0.7421874999996264100, 0.7460937499996272981, 0.7480468749996268540, 0.7490234374996275202, 0.7499999999996280753, 0.7812499999996599387, 0.7968749999996762590, 0.8046874999996848077, 0.8085937499996899147, 0.8105468749996929123, 0.8115234374996943556, 0.8124999999996957989, 0.8437499999997468692, 0.8593749999997727373, 0.8671874999997856159, 0.8710937499997924993, 0.8730468749997959410, 0.8740234374997980504, 0.8749999999998000488, 0.9062499999998510081, 0.9218749999998765432, 0.9296874999998893108, 0.9335937499998960831, 0.9355468749998997469, 0.9365234374999015232, 0.9374999999999032996, 1.000000000000000000 ),
 .UNSPECIFIED. ) ;
#2798 = CIRCLE ( 'NONE', #2555, 1.687807484370001943 ) ;
#2799 = CARTESIAN_POINT ( 'NONE',  ( -8.987755939874960021, 68.34876107851863480, 68.15119207303693827 ) ) ;
#2800 = CARTESIAN_POINT ( 'NONE',  ( -10.10459033371241411, 66.34709996812114241, 70.15290011205455301 ) ) ;
#2801 = AXIS2_PLACEMENT_3D ( 'NONE', #3435, #529, #1178 ) ;
#2802 = EDGE_LOOP ( 'NONE', ( #4164, #4243, #1757, #1498, #4539, #3179, #998, #4828, #2550, #495 ) ) ;
#2803 = DIRECTION ( 'NONE',  ( 0.000000000000000000, 0.000000000000000000, -1.000000000000000000 ) ) ;
#2804 = COORDINATED_UNIVERSAL_TIME_OFFSET ( 7, 0, .BEHIND. ) ;
#2805 = CARTESIAN_POINT ( 'NONE',  ( 120.9309549879999963, -28.13311417801207881, 145.0553894040464513 ) ) ;
#2806 = CARTESIAN_POINT ( 'NONE',  ( 120.9309549879999963, 34.47850020739813459, 94.00488174201117886 ) ) ;
#2807 = CARTESIAN_POINT ( 'NONE',  ( 10.28269605648757334, 58.06790571285780800, 78.43209504235238683 ) ) ;
#2808 = CARTESIAN_POINT ( 'NONE',  ( 0.000000000000000000, 4.372570681599999566E-14, 95.00000000000000000 ) ) ;
#2809 = EDGE_CURVE ( 'NONE', #3168, #778, #3538, .T. ) ;
#2810 = CARTESIAN_POINT ( 'NONE',  ( 2.191303281541867154, 72.77951738625090172, 63.72044785409691769 ) ) ;
#2811 = ADVANCED_FACE ( 'NONE', ( #1229 ), #1180, .T. ) ;
#2812 = DIRECTION ( 'NONE',  ( 1.000000000000000000, 0.000000000000000000, 0.000000000000000000 ) ) ;
#2813 = VERTEX_POINT ( 'NONE', #155 ) ;
#2814 = PLANE ( 'NONE',  #1472 ) ;
#2815 = CARTESIAN_POINT ( 'NONE',  ( 121.3000000000000114, -29.07647131143882646, 145.0553894039529723 ) ) ;
#2816 = CARTESIAN_POINT ( 'NONE',  ( 120.9309549879999963, -28.81146653381883382, 90.43123932904430262 ) ) ;
#2817 = VECTOR ( 'NONE', #2170, 1000.000000000000000 ) ;
#2818 = CARTESIAN_POINT ( 'NONE',  ( 121.3000000000000114, 35.01539422833577220, 97.57852415690251746 ) ) ;
#2819 = ORIENTED_EDGE ( 'NONE', *, *, #2040, .T. ) ;
#2820 = DIRECTION ( 'NONE',  ( 0.000000000000000000, 0.000000000000000000, 1.000000000000000000 ) ) ;
#2821 = AXIS2_PLACEMENT_3D ( 'NONE', #918, #1627, #3462 ) ;
#2822 = AXIS2_PLACEMENT_3D ( 'NONE', #1321, #3208, #3920 ) ;
#2823 = CARTESIAN_POINT ( 'NONE',  ( -9.566517245846519302, 67.43273482268376995, 69.06722660072261988 ) ) ;
#2824 = CARTESIAN_POINT ( 'NONE',  ( -10.81536947413211713, 59.99306556411493574, 76.50696469438832992 ) ) ;
#2825 = VERTEX_POINT ( 'NONE', #1629 ) ;
#2826 = ADVANCED_FACE ( 'NONE', ( #2780 ), #4709, .F. ) ;
#2827 = VECTOR ( 'NONE', #2299, 1000.000000000000000 ) ;
#2828 = DIRECTION ( 'NONE',  ( 0.000000000000000000, 0.000000000000000000, -1.000000000000000000 ) ) ;
#2829 = CALENDAR_DATE ( 2023, 10, 4 ) ;
#2830 = EDGE_CURVE ( 'NONE', #915, #1556, #3954, .T. ) ;
#2831 = CARTESIAN_POINT ( 'NONE',  ( 3.552713678799999608E-15, 1.776356839399999804E-15, 119.8879999999999910 ) ) ;
#2832 = DIRECTION ( 'NONE',  ( 1.000000000000000000, 0.000000000000000000, 0.000000000000000000 ) ) ;
#2833 = EDGE_CURVE ( 'NONE', #4206, #3404, #1523, .T. ) ;
#2834 = CARTESIAN_POINT ( 'NONE',  ( 10.98799355707733127, 61.46905134730766207, 75.03032179242335076 ) ) ;
#2835 = B_SPLINE_CURVE_WITH_KNOTS ( 'NONE', 3,
 ( #4338, #994, #3616, #2836, #656, #4360, #1702, #2451, #583, #4317, #275, #2150, #1729, #2882, #1380 ),
 .UNSPECIFIED., .F., .F.,
 ( 4, 2, 2, 1, 1, 1, 2, 2, 4 ),
 ( 0.000000000000000000, 0.2500000000000290878, 0.3750000000000442979, 0.4375000000000513478, 0.4687500000000547895, 0.4843750000000555667, 0.4921875000000551781, 0.5000000000000547340, 1.000000000000000000 ),
 .UNSPECIFIED. ) ;
#2836 = CARTESIAN_POINT ( 'NONE',  ( 3.845164834463544068, 51.69146611889770071, 84.80846275230042863 ) ) ;
#2837 = APPLICATION_CONTEXT ( 'configuration controlled 3d designs of mechanical parts and assemblies' ) ;
#2838 = CARTESIAN_POINT ( 'NONE',  ( 10.89048629128692269, 63.57122460042287315, 72.92858787295782008 ) ) ;
#2839 = CARTESIAN_POINT ( 'NONE',  ( 16.80482397919999826, -30.76102395939999923, 119.8879999999999910 ) ) ;
#2840 = ORIENTED_EDGE ( 'NONE', *, *, #3637, .F. ) ;
#2841 = ORIENTED_EDGE ( 'NONE', *, *, #1486, .T. ) ;
#2842 = LINE ( 'NONE', #4343, #1952 ) ;
#2843 = CARTESIAN_POINT ( 'NONE',  ( 119.2424777960000029, 37.07291643222148991, 97.57852415695825243 ) ) ;
#2844 = DIRECTION ( 'NONE',  ( 1.000000000000000000, 0.000000000000000000, 0.000000000000000000 ) ) ;
#2845 = DIRECTION ( 'NONE',  ( 0.000000000000000000, 0.000000000000000000, 1.000000000000000000 ) ) ;
#2846 = ORIENTED_EDGE ( 'NONE', *, *, #3866, .F. ) ;
#2847 = CARTESIAN_POINT ( 'NONE',  ( 118.2999999999999972, 27.01894910709848219, 145.0553894039811951 ) ) ;
#2848 = CARTESIAN_POINT ( 'NONE',  ( 118.3000000000000114, -34.45281063871692595, 140.3675819193844916 ) ) ;
#2849 = EDGE_CURVE ( 'NONE', #3209, #4799, #2264, .T. ) ;
#2850 = CARTESIAN_POINT ( 'NONE',  ( -8.426777849278686006, 69.07094559700159664, 67.42904354154570967 ) ) ;
#2851 = CARTESIAN_POINT ( 'NONE',  ( -10.91955916786555747, 63.32892481365006176, 73.17110253771375028 ) ) ;
#2852 = ORIENTED_EDGE ( 'NONE', *, *, #1103, .F. ) ;
#2853 = VERTEX_POINT ( 'NONE', #3464 ) ;
#2854 = CARTESIAN_POINT ( 'NONE',  ( 64.79999999999999716, 38.67189004540000496, 158.0521743360000073 ) ) ;
#2855 = B_SPLINE_CURVE_WITH_KNOTS ( 'NONE', 5,
 ( #3239, #4373, #1394, #2957, #666, #2547, #287, #335, #4442 ),
 .UNSPECIFIED., .F., .F.,
 ( 6, 3, 6 ),
 ( -177.5679548399999987, -150.5590919830000018, -123.5502291269999944 ),
 .UNSPECIFIED. ) ;
#2856 = PLANE ( 'NONE',  #3577 ) ;
#2857 = ADVANCED_FACE ( 'NONE', ( #1283 ), #1203, .T. ) ;
#2858 = CARTESIAN_POINT ( 'NONE',  ( 119.2424777960000171, 35.13116299456839897, 92.89071667206252414 ) ) ;
#2859 = EDGE_CURVE ( 'NONE', #4537, #4232, #2476, .T. ) ;
#2860 = CARTESIAN_POINT ( 'NONE',  ( 9.998178303887106821, 57.41230123064870838, 79.08764430814588309 ) ) ;
#2861 = CYLINDRICAL_SURFACE ( 'NONE', #4366, 10.99999999999999645 ) ;
#2862 = CARTESIAN_POINT ( 'NONE',  ( 7.576107765228167423, 69.97512870438011134, 66.52487014534028731 ) ) ;
#2863 = LINE ( 'NONE', #3983, #2124 ) ;
#2864 = VECTOR ( 'NONE', #3989, 1000.000000000000000 ) ;
#2865 = ORIENTED_EDGE ( 'NONE', *, *, #1599, .T. ) ;
#2866 = FACE_OUTER_BOUND ( 'NONE', #1863, .T. ) ;
#2867 = FACE_BOUND ( 'NONE', #2395, .T. ) ;
#2868 = CARTESIAN_POINT ( 'NONE',  ( 121.2999999999999972, -29.75482366704227033, 92.31795359554182312 ) ) ;
#2869 = CARTESIAN_POINT ( 'NONE',  ( -16.37664289539999984, 31.20579734180000031, 91.49426821710000013 ) ) ;
#2870 = ORIENTED_EDGE ( 'NONE', *, *, #320, .T. ) ;
#2871 = EDGE_CURVE ( 'NONE', #413, #1035, #2023, .T. ) ;
#2872 = DIRECTION ( 'NONE',  ( 1.000000000000000000, 0.000000000000000000, 0.000000000000000000 ) ) ;
#2873 = DIRECTION ( 'NONE',  ( 0.000000000000000000, 0.000000000000000000, 1.000000000000000000 ) ) ;
#2874 = CARTESIAN_POINT ( 'NONE',  ( -9.949130967716083518, 66.69262146229164046, 69.80749166222882707 ) ) ;
#2875 = ORIENTED_EDGE ( 'NONE', *, *, #3227, .F. ) ;
#2876 = ORIENTED_EDGE ( 'NONE', *, *, #452, .T. ) ;
#2877 = DIRECTION ( 'NONE',  ( 1.000000000000000000, 0.000000000000000000, 0.000000000000000000 ) ) ;
#2878 =( BOUNDED_SURFACE ( )  B_SPLINE_SURFACE ( 5, 3, ( 
 ( #870, #2702, #2848, #1945, #3212, #217, #817 ),
 ( #4526, #844, #4194, #4328, #1976, #3860, #1603 ),
 ( #984, #2087, #3578, #81, #132, #1256, #3075 ),
 ( #2464, #2348, #453, #1714, #55, #4247, #4220 ),
 ( #3777, #421, #2727, #1918, #3437, #3830, #3463 ),
 ( #2757, #508, #3484, #1628, #1179, #108, #3949 ) ),
 .UNSPECIFIED., .F., .F., .F. ) 
 B_SPLINE_SURFACE_WITH_KNOTS ( ( 6, 6 ),
 ( 4, 3, 4 ),
 ( 0.000000000000000000, 4.712388980380000092 ),
 ( 0.000000000000000000, 0.5000000000000000000, 1.000000000000000000 ),
 .UNSPECIFIED. ) 
 GEOMETRIC_REPRESENTATION_ITEM ( )  RATIONAL_B_SPLINE_SURFACE ( (
 ( 1.000000000000000000, 0.8047378541214986747, 0.8047378541214986747, 1.000000000000000000, 0.8047378541214986747, 0.8047378541214986747, 1.000000000000000000),
 ( 1.000000000000000000, 0.8047378541214986747, 0.8047378541214986747, 1.000000000000000000, 0.8047378541214986747, 0.8047378541214986747, 1.000000000000000000),
 ( 1.000000000000000000, 0.8047378541214986747, 0.8047378541214986747, 1.000000000000000000, 0.8047378541214986747, 0.8047378541214986747, 1.000000000000000000),
 ( 1.000000000000000000, 0.8047378541214986747, 0.8047378541214986747, 1.000000000000000000, 0.8047378541214986747, 0.8047378541214986747, 1.000000000000000000),
 ( 1.000000000000000000, 0.8047378541214986747, 0.8047378541214986747, 1.000000000000000000, 0.8047378541214986747, 0.8047378541214986747, 1.000000000000000000),
 ( 1.000000000000000000, 0.8047378541214986747, 0.8047378541214986747, 1.000000000000000000, 0.8047378541214986747, 0.8047378541214986747, 1.000000000000000000) ) ) 
 REPRESENTATION_ITEM ( '' )  SURFACE ( )  );
#2879 = VECTOR ( 'NONE', #1526, 1000.000000000000000 ) ;
#2880 = CARTESIAN_POINT ( 'NONE',  ( -0.3741924562469333693, 50.99999999999999289, 85.49999999999998579 ) ) ;
#2881 = CARTESIAN_POINT ( 'NONE',  ( 10.25803711876407398, 65.98101862143641938, 70.51994801603598262 ) ) ;
#2882 = CARTESIAN_POINT ( 'NONE',  ( 0.9344909581608676907, 51.00000000000000000, 85.50000000000000000 ) ) ;
#2883 = CARTESIAN_POINT ( 'NONE',  ( 10.99179877106737813, 62.42471849738097944, 74.07528153939279036 ) ) ;
#2884 = DIRECTION ( 'NONE',  ( 0.000000000000000000, 0.000000000000000000, -1.000000000000000000 ) ) ;
#2885 = ORIENTED_EDGE ( 'NONE', *, *, #895, .T. ) ;
#2886 = CARTESIAN_POINT ( 'NONE',  ( 116.2999999999999972, -0.1777999999990000080, 75.49426821710001434 ) ) ;
#2887 = CARTESIAN_POINT ( 'NONE',  ( 121.3000000000000256, 35.01539422833072024, 102.8390947179204318 ) ) ;
#2888 = CARTESIAN_POINT ( 'NONE',  ( 119.2424777960000029, -27.69730146298378415, 97.57852415698270931 ) ) ;
#2889 = DIRECTION ( 'NONE',  ( -0.4794255386042040601, 0.8775825618903720926, 0.000000000000000000 ) ) ;
#2890 = ORIENTED_EDGE ( 'NONE', *, *, #2544, .T. ) ;
#2891 = CARTESIAN_POINT ( 'NONE',  ( -3.552713678799999608E-15, 2.664535259099999805E-15, 103.8860000000000099 ) ) ;
#2892 = VECTOR ( 'NONE', #2762, 1000.000000000000000 ) ;
#2893 = CARTESIAN_POINT ( 'NONE',  ( -7.497158775376139062, 70.05085628456107827, 66.44911202923776727 ) ) ;
#2894 = CARTESIAN_POINT ( 'NONE',  ( -10.99270797550760292, 61.59952058695569121, 74.90047979302318026 ) ) ;
#2895 = VERTEX_POINT ( 'NONE', #3151 ) ;
#2896 = CC_DESIGN_PERSON_AND_ORGANIZATION_ASSIGNMENT ( #1552, #450, ( #1963 ) ) ;
#2897 = ORIENTED_EDGE ( 'NONE', *, *, #3925, .T. ) ;
#2898 = FACE_OUTER_BOUND ( 'NONE', #3304, .T. ) ;
#2899 = CARTESIAN_POINT ( 'NONE',  ( 2.220446049249999755E-16, 51.00000000000000000, 85.50000000000000000 ) ) ;
#2900 = AXIS2_PLACEMENT_3D ( 'NONE', #3528, #1935, #2412 ) ;
#2901 = VECTOR ( 'NONE', #1635, 1000.000000000000000 ) ;
#2902 = CARTESIAN_POINT ( 'NONE',  ( 4.562231589340844273, 72.00985492373315822, 64.49012621092265363 ) ) ;
#2903 = CARTESIAN_POINT ( 'NONE',  ( 0.000000000000000000, 0.000000000000000000, 121.5389999999999873 ) ) ;
#2904 = CARTESIAN_POINT ( 'NONE',  ( 10.97052117348568245, 62.80811987593815360, 73.69178714951007692 ) ) ;
#2905 = VECTOR ( 'NONE', #3752, 1000.000000000000000 ) ;
#2906 = EDGE_CURVE ( 'NONE', #3192, #2011, #4106, .T. ) ;
#2907 = CARTESIAN_POINT ( 'NONE',  ( 68.79999999999999716, -30.38875224710000111, 158.0521743360000073 ) ) ;
#2908 = ORIENTED_EDGE ( 'NONE', *, *, #2208, .T. ) ;
#2909 = CARTESIAN_POINT ( 'NONE',  ( 7.191383079059999517, 48.83626157159999792, 119.0000000000000000 ) ) ;
#2910 = LINE ( 'NONE', #2929, #2397 ) ;
#2911 = DIRECTION ( 'NONE',  ( 0.000000000000000000, -1.000000000000000000, 0.000000000000000000 ) ) ;
#2912 = LINE ( 'NONE', #2634, #785 ) ;
#2913 = ADVANCED_FACE ( 'NONE', ( #2512 ), #200, .T. ) ;
#2914 = ORIENTED_EDGE ( 'NONE', *, *, #3055, .T. ) ;
#2915 = DIRECTION ( 'NONE',  ( -1.000000000000000000, -1.776356839400000001E-15, 0.000000000000000000 ) ) ;
#2916 = CARTESIAN_POINT ( 'NONE',  ( 21.12780406070000083, 38.67418591989999754, 89.53499999999999659 ) ) ;
#2917 = CARTESIAN_POINT ( 'NONE',  ( -5.461904758458398845, 52.44631807945395252, 84.05320190363863730 ) ) ;
#2918 = ORIENTED_EDGE ( 'NONE', *, *, #4355, .F. ) ;
#2919 = VERTEX_POINT ( 'NONE', #294 ) ;
#2920 = CARTESIAN_POINT ( 'NONE',  ( -3.455475652579774515, 51.55536143344838962, 84.94473299692842261 ) ) ;
#2921 = DIRECTION ( 'NONE',  ( 0.000000000000000000, 0.000000000000000000, 1.000000000000000000 ) ) ;
#2922 = CARTESIAN_POINT ( 'NONE',  ( -25.51586812609999910, -25.06650251020000297, 91.49426821710001434 ) ) ;
#2923 = EDGE_CURVE ( 'NONE', #4181, #836, #2168, .T. ) ;
#2924 = CARTESIAN_POINT ( 'NONE',  ( 10.66053477296001439, 64.71496121321045791, 71.78494971514203371 ) ) ;
#2925 = DIRECTION ( 'NONE',  ( 0.000000000000000000, 0.000000000000000000, 1.000000000000000000 ) ) ;
#2926 = VERTEX_POINT ( 'NONE', #1723 ) ;
#2927 = CARTESIAN_POINT ( 'NONE',  ( -0.9344909590353865925, 72.99999999999997158, 63.49999999999998579 ) ) ;
#2928 = DIRECTION ( 'NONE',  ( 0.000000000000000000, 0.000000000000000000, -1.000000000000000000 ) ) ;
#2929 = CARTESIAN_POINT ( 'NONE',  ( 13.76004174070000019, -25.18758745649999753, 159.8856550749999883 ) ) ;
#2930 = AXIS2_PLACEMENT_3D ( 'NONE', #223, #3655, #4357 ) ;
#2931 = DIRECTION ( 'NONE',  ( 1.000000000000000000, 0.000000000000000000, 0.000000000000000000 ) ) ;
#2932 = PLANE ( 'NONE',  #3213 ) ;
#2933 = ORIENTED_EDGE ( 'NONE', *, *, #2621, .T. ) ;
#2934 = ORIENTED_EDGE ( 'NONE', *, *, #584, .F. ) ;
#2935 = CARTESIAN_POINT ( 'NONE',  ( 66.79999999999999716, 38.67189004540000496, 140.0521743360000073 ) ) ;
#2936 = CARTESIAN_POINT ( 'NONE',  ( -8.094690774601810190, 54.55041286155412195, 81.94929011213592673 ) ) ;
#2937 = DIRECTION ( 'NONE',  ( 0.000000000000000000, 1.000000000000000000, 0.000000000000000000 ) ) ;
#2938 = ORIENTED_EDGE ( 'NONE', *, *, #1470, .F. ) ;
#2939 = ORIENTED_EDGE ( 'NONE', *, *, #91, .T. ) ;
#2940 = EDGE_CURVE ( 'NONE', #4545, #957, #3892, .T. ) ;
#2941 = CARTESIAN_POINT ( 'NONE',  ( -4.159187784642170982, 51.81647793230669663, 84.68355566154299652 ) ) ;
#2942 = CARTESIAN_POINT ( 'NONE',  ( 7.692230892042846158, 69.86331155547765093, 66.63670038118326033 ) ) ;
#2943 = FACE_OUTER_BOUND ( 'NONE', #3834, .T. ) ;
#2944 = AXIS2_PLACEMENT_3D ( 'NONE', #4778, #2629, #1454 ) ;
#2945 = CARTESIAN_POINT ( 'NONE',  ( 10.95684850461886484, 61.02313055450852630, 75.47685736936351475 ) ) ;
#2946 = CARTESIAN_POINT ( 'NONE',  ( 48.00000000000000000, -16.00199999999999889, 9.144000000000000128 ) ) ;
#2947 = VECTOR ( 'NONE', #3397, 1000.000000000000000 ) ;
#2948 = VERTEX_POINT ( 'NONE', #3267 ) ;
#2949 = EDGE_CURVE ( 'NONE', #1997, #4564, #654, .T. ) ;
#2950 = CARTESIAN_POINT ( 'NONE',  ( 121.3000000000000114, -30.01894910740000100, 145.0553894040000102 ) ) ;
#2951 = DIRECTION ( 'NONE',  ( 0.000000000000000000, 0.000000000000000000, -1.000000000000000000 ) ) ;
#2952 = ADVANCED_FACE ( 'NONE', ( #4005 ), #358, .F. ) ;
#2953 = CYLINDRICAL_SURFACE ( 'NONE', #268, 45.99999999999999289 ) ;
#2954 = CARTESIAN_POINT ( 'NONE',  ( 121.3000000000000114, 0.000000000000000000, 0.000000000000000000 ) ) ;
#2955 = DIRECTION ( 'NONE',  ( 0.000000000000000000, 0.000000000000000000, -1.000000000000000000 ) ) ;
#2956 = EDGE_LOOP ( 'NONE', ( #3088, #1261, #48, #4043 ) ) ;
#2957 = CARTESIAN_POINT ( 'NONE',  ( -16.37664289539999984, -31.20579734180000031, 102.4942682169999983 ) ) ;
#2958 = CARTESIAN_POINT ( 'NONE',  ( 24.00000000000000000, 2.161848753800000089E-13, 30.28950000000000031 ) ) ;
#2959 = VECTOR ( 'NONE', #1317, 1000.000000000000000 ) ;
#2960 = FACE_OUTER_BOUND ( 'NONE', #63, .T. ) ;
#2961 = VERTEX_POINT ( 'NONE', #3558 ) ;
#2962 = EDGE_LOOP ( 'NONE', ( #4733, #1927 ) ) ;
#2963 = CIRCLE ( 'NONE', #773, 44.06899999999999551 ) ;
#2964 = CARTESIAN_POINT ( 'NONE',  ( -10.27312495760939193, 58.06708293268535215, 78.43294420181386783 ) ) ;
#2965 = AXIS2_PLACEMENT_3D ( 'NONE', #2223, #4434, #1089 ) ;
#2966 = ADVANCED_FACE ( 'NONE', ( #603 ), #2856, .F. ) ;
#2967 = CARTESIAN_POINT ( 'NONE',  ( 7.627237964707304307, 69.92624567243390743, 66.57375517781203200 ) ) ;
#2968 = EDGE_CURVE ( 'NONE', #4023, #729, #3977, .T. ) ;
#2969 = LINE ( 'NONE', #345, #152 ) ;
#2970 = CARTESIAN_POINT ( 'NONE',  ( 10.94650087604451727, 60.91568449670126739, 75.58431288884065680 ) ) ;
#2971 = AXIS2_PLACEMENT_3D ( 'NONE', #2719, #1618, #2366 ) ;
#2972 = DIRECTION ( 'NONE',  ( 1.000000000000000000, 0.000000000000000000, 0.000000000000000000 ) ) ;
#2973 = VECTOR ( 'NONE', #1188, 1000.000000000000000 ) ;
#2974 = ORIENTED_EDGE ( 'NONE', *, *, #3003, .T. ) ;
#2975 = CARTESIAN_POINT ( 'NONE',  ( -34.83811786289999901, -5.401772571280000435, 91.49426821710001434 ) ) ;
#2976 = CIRCLE ( 'NONE', #4619, 4.762500000000000178 ) ;
#2977 = DIRECTION ( 'NONE',  ( 0.000000000000000000, 0.000000000000000000, 1.000000000000000000 ) ) ;
#2978 = UNCERTAINTY_MEASURE_WITH_UNIT (LENGTH_MEASURE( 1.000000000000000082E-05 ), #2756, 'distance_accuracy_value', 'NONE');
#2979 = CARTESIAN_POINT ( 'NONE',  ( -1.636701682891036569, 72.88010217054743123, 63.62024612537084067 ) ) ;
#2980 = EDGE_CURVE ( 'NONE', #3231, #882, #2797, .T. ) ;
#2981 = CARTESIAN_POINT ( 'NONE',  ( 119.2424777960000171, -29.63905490117171482, 102.2663316412809564 ) ) ;
#2982 = CARTESIAN_POINT ( 'NONE',  ( 68.79999999999999716, 38.67189004540000496, 145.5521743360000073 ) ) ;
#2983 = VERTEX_POINT ( 'NONE', #1300 ) ;
#2984 = AXIS2_PLACEMENT_3D ( 'NONE', #1891, #392, #365 ) ;
#2985 = DIRECTION ( 'NONE',  ( 0.000000000000000000, 1.000000000000000000, 0.000000000000000000 ) ) ;
#2986 = VERTEX_POINT ( 'NONE', #4673 ) ;
#2987 = CARTESIAN_POINT ( 'NONE',  ( 2.780687388538691351, 51.35725765096265860, 85.14272836916963172 ) ) ;
#2988 = DIRECTION ( 'NONE',  ( 0.000000000000000000, 1.000000000000000000, 0.000000000000000000 ) ) ;
#2989 = CARTESIAN_POINT ( 'NONE',  ( -14.52402816080000214, 27.57602943199999856, 102.4942682169999983 ) ) ;
#2990 = VERTEX_POINT ( 'NONE', #961 ) ;
#2991 = ORIENTED_EDGE ( 'NONE', *, *, #723, .F. ) ;
#2992 = ADVANCED_FACE ( 'NONE', ( #1766 ), #2088, .T. ) ;
#2993 = CARTESIAN_POINT ( 'NONE',  ( -6.088497310201669954, 52.83865107569517505, 83.66134914297967384 ) ) ;
#2994 = DIRECTION ( 'NONE',  ( -1.000000000000000000, 0.000000000000000000, 0.000000000000000000 ) ) ;
#2995 = CARTESIAN_POINT ( 'NONE',  ( 66.79999999999999716, 38.67189004540000496, 151.0521743360000073 ) ) ;
#2996 = DIRECTION ( 'NONE',  ( 0.000000000000000000, 0.000000000000000000, -1.000000000000000000 ) ) ;
#2997 = CARTESIAN_POINT ( 'NONE',  ( 10.48510768352366007, 58.66269605471480730, 77.83737613730963290 ) ) ;
#2998 = EDGE_CURVE ( 'NONE', #759, #2295, #1327, .T. ) ;
#2999 = DIRECTION ( 'NONE',  ( 0.000000000000000000, 1.000000000000000000, 0.000000000000000000 ) ) ;
#3000 = ORIENTED_EDGE ( 'NONE', *, *, #3156, .F. ) ;
#3001 = CARTESIAN_POINT ( 'NONE',  ( -8.500000000000000000, 62.00000000000000000, 122.0000000000000000 ) ) ;
#3002 = DIRECTION ( 'NONE',  ( 0.000000000000000000, 0.000000000000000000, 1.000000000000000000 ) ) ;
#3003 = EDGE_CURVE ( 'NONE', #2077, #96, #535, .T. ) ;
#3004 = CARTESIAN_POINT ( 'NONE',  ( 0.000000000000000000, 0.000000000000000000, 121.5389999999999873 ) ) ;
#3005 = CARTESIAN_POINT ( 'NONE',  ( 120.9309549879999821, -35.95875136233318159, 99.67191541618836936 ) ) ;
#3006 = FACE_OUTER_BOUND ( 'NONE', #2300, .T. ) ;
#3007 = EDGE_LOOP ( 'NONE', ( #3813, #2846, #3796, #248 ) ) ;
#3008 = CARTESIAN_POINT ( 'NONE',  ( 64.79999999999999716, -36.53032114620000215, 151.0521743360000073 ) ) ;
#3009 = AXIS2_PLACEMENT_3D ( 'NONE', #1660, #3445, #851 ) ;
#3010 = CARTESIAN_POINT ( 'NONE',  ( 3.640539576060388693, 51.58305838964060541, 84.91739015902088283 ) ) ;
#3011 = VECTOR ( 'NONE', #3622, 1000.000000000000000 ) ;
#3012 = CARTESIAN_POINT ( 'NONE',  ( -4.343450505301737152, 51.89383670964658535, 84.60620961397169992 ) ) ;
#3013 = CARTESIAN_POINT ( 'NONE',  ( 116.2999999999999972, -31.70675659180000139, 145.0553894040000102 ) ) ;
#3014 = AXIS2_PLACEMENT_3D ( 'NONE', #3257, #4741, #1859 ) ;
#3015 = VERTEX_POINT ( 'NONE', #2142 ) ;
#3016 = ORIENTED_EDGE ( 'NONE', *, *, #91, .F. ) ;
#3017 = ADVANCED_FACE ( 'NONE', ( #985 ), #1692, .T. ) ;
#3018 = CARTESIAN_POINT ( 'NONE',  ( -9.730046304318078043, 56.86908747251875695, 79.63091280166493391 ) ) ;
#3019 = CARTESIAN_POINT ( 'NONE',  ( 66.79999999999999716, -38.67189004540000496, 151.0521743360000073 ) ) ;
#3020 = DIRECTION ( 'NONE',  ( -1.000000000000000000, 0.000000000000000000, 0.000000000000000000 ) ) ;
#3021 = DIRECTION ( 'NONE',  ( 0.000000000000000000, -1.000000000000000000, 4.858411868450000195E-16 ) ) ;
#3022 = CARTESIAN_POINT ( 'NONE',  ( 9.325585835984346872, 56.16617321183390033, 80.33382722735218806 ) ) ;
#3023 = PLANE ( 'NONE',  #3369 ) ;
#3024 = ORIENTED_EDGE ( 'NONE', *, *, #1848, .T. ) ;
#3025 = AXIS2_PLACEMENT_3D ( 'NONE', #3516, #2784, #3886 ) ;
#3026 = PLANE ( 'NONE',  #2944 ) ;
#3027 = EDGE_LOOP ( 'NONE', ( #215, #1189 ) ) ;
#3028 = CARTESIAN_POINT ( 'NONE',  ( -16.80482397919999826, 30.76102395939999923, 135.8900000000000148 ) ) ;
#3029 = CARTESIAN_POINT ( 'NONE',  ( -4.476752174907825399, 72.08877234100431508, 64.41122765898201408 ) ) ;
#3030 = AXIS2_PLACEMENT_3D ( 'NONE', #3170, #2877, #2046 ) ;
#3031 = CARTESIAN_POINT ( 'NONE',  ( 121.2999999999999829, -35.01539422830278170, 99.11930960125222612 ) ) ;
#3032 = FACE_BOUND ( 'NONE', #1489, .T. ) ;
#3033 = ORIENTED_EDGE ( 'NONE', *, *, #2546, .T. ) ;
#3034 = DIRECTION ( 'NONE',  ( 0.000000000000000000, 0.000000000000000000, -1.000000000000000000 ) ) ;
#3035 = CARTESIAN_POINT ( 'NONE',  ( 2.217587904164191048, 51.22520239163758760, 85.27453851717187661 ) ) ;
#3036 = DIRECTION ( 'NONE',  ( 0.000000000000000000, 1.000000000000000000, 0.000000000000000000 ) ) ;
#3037 = CARTESIAN_POINT ( 'NONE',  ( -29.90085235379999773, 9.546908081119999778, 91.49426821710001434 ) ) ;
#3038 = EDGE_LOOP ( 'NONE', ( #338, #3988, #2269, #1356 ) ) ;
#3039 = EDGE_CURVE ( 'NONE', #442, #836, #3215, .T. ) ;
#3040 = B_SPLINE_CURVE_WITH_KNOTS ( 'NONE', 5,
 ( #2428, #2131, #2029, #3230, #3199, #996 ),
 .UNSPECIFIED., .F., .F.,
 ( 6, 6 ),
 ( 0.000000000000000000, 1.000000000000000000 ),
 .UNSPECIFIED. ) ;
#3041 = VERTEX_POINT ( 'NONE', #1373 ) ;
#3042 = CARTESIAN_POINT ( 'NONE',  ( -10.98607089190728558, 61.44408900387489325, 75.05592533692357904 ) ) ;
#3043 = CARTESIAN_POINT ( 'NONE',  ( 66.79999999999999716, -38.67189004540000496, 140.0521743360000073 ) ) ;
#3044 = CARTESIAN_POINT ( 'NONE',  ( -0.4493656158450000104, 30.38875224710000111, 102.4942682169999983 ) ) ;
#3045 = PERSON_AND_ORGANIZATION_ROLE ( 'creator' ) ;
#3046 = DIRECTION ( 'NONE',  ( 0.000000000000000000, 0.000000000000000000, 1.000000000000000000 ) ) ;
#3047 = CARTESIAN_POINT ( 'NONE',  ( 9.444619354910875231, 56.36021756856160181, 80.13979529707880545 ) ) ;
#3048 = DIRECTION ( 'NONE',  ( 0.000000000000000000, 0.000000000000000000, -1.000000000000000000 ) ) ;
#3049 = ORIENTED_EDGE ( 'NONE', *, *, #4153, .T. ) ;
#3050 = EDGE_CURVE ( 'NONE', #4087, #2813, #1353, .T. ) ;
#3051 = LOCAL_TIME ( 14, 33, 43.00000000000000000, #3074 ) ;
#3052 = CARTESIAN_POINT ( 'NONE',  ( 64.79999999999999716, 36.53032114620000215, 102.4942682169999983 ) ) ;
#3053 = CYLINDRICAL_SURFACE ( 'NONE', #3832, 4.687807484369997724 ) ;
#3054 = AXIS2_PLACEMENT_3D ( 'NONE', #2112, #1050, #2872 ) ;
#3055 = EDGE_CURVE ( 'NONE', #888, #3790, #2415, .T. ) ;
#3056 = CARTESIAN_POINT ( 'NONE',  ( 0.000000000000000000, 16.00199999999999889, 71.88200000000000500 ) ) ;
#3057 = EDGE_CURVE ( 'NONE', #2990, #746, #683, .T. ) ;
#3058 = CARTESIAN_POINT ( 'NONE',  ( 34.17531719209999608, -30.38875224710000111, 140.0521743360000073 ) ) ;
#3059 = VERTEX_POINT ( 'NONE', #266 ) ;
#3060 = AXIS2_PLACEMENT_3D ( 'NONE', #3512, #968, #1284 ) ;
#3061 = ORIENTED_EDGE ( 'NONE', *, *, #2833, .F. ) ;
#3062 = AXIS2_PLACEMENT_3D ( 'NONE', #973, #1661, #3249 ) ;
#3063 = CARTESIAN_POINT ( 'NONE',  ( 0.000000000000000000, 0.000000000000000000, 56.89600000000000080 ) ) ;
#3064 = FACE_BOUND ( 'NONE', #691, .T. ) ;
#3065 = EDGE_CURVE ( 'NONE', #388, #2235, #2798, .T. ) ;
#3066 = DIRECTION ( 'NONE',  ( 0.000000000000000000, 0.000000000000000000, 1.000000000000000000 ) ) ;
#3067 = ADVANCED_FACE ( 'NONE', ( #3282 ), #2163, .T. ) ;
#3068 = CARTESIAN_POINT ( 'NONE',  ( 121.3000000000000114, 30.01894910740000100, 145.0553894040000102 ) ) ;
#3069 = ORIENTED_EDGE ( 'NONE', *, *, #1324, .F. ) ;
#3070 = ORIENTED_EDGE ( 'NONE', *, *, #3570, .F. ) ;
#3071 = CARTESIAN_POINT ( 'NONE',  ( -10.93834833279696284, 63.16302722805575343, 73.33697244129649562 ) ) ;
#3072 = DIRECTION ( 'NONE',  ( 1.000000000000000000, 0.000000000000000000, 0.000000000000000000 ) ) ;
#3073 = CARTESIAN_POINT ( 'NONE',  ( -0.4493656158450000104, 30.38875224710000111, 151.0521743360000073 ) ) ;
#3074 = COORDINATED_UNIVERSAL_TIME_OFFSET ( 7, 0, .BEHIND. ) ;
#3075 = CARTESIAN_POINT ( 'NONE',  ( 120.1858349299999986, -27.38799411939937656, 145.0553894038482667 ) ) ;
#3076 = EDGE_CURVE ( 'NONE', #867, #319, #1789, .T. ) ;
#3077 = CARTESIAN_POINT ( 'NONE',  ( 121.2999999999999972, 30.01894910811191863, 145.0553894040296541 ) ) ;
#3078 = FACE_BOUND ( 'NONE', #2109, .T. ) ;
#3079 = EDGE_LOOP ( 'NONE', ( #1497, #4618, #3842, #2331 ) ) ;
#3080 = CARTESIAN_POINT ( 'NONE',  ( 5.273680924649999824, 52.34659181920000748, 84.15340818079999963 ) ) ;
#3081 = EDGE_CURVE ( 'NONE', #882, #3575, #3260, .T. ) ;
#3082 = CARTESIAN_POINT ( 'NONE',  ( 0.000000000000000000, 62.00000000000000000, 114.8923048449999982 ) ) ;
#3083 = EDGE_CURVE ( 'NONE', #3160, #3720, #401, .T. ) ;
#3084 = CARTESIAN_POINT ( 'NONE',  ( 4.615612482534584338, 71.99042398400779064, 64.50956394795579740 ) ) ;
#3085 = CARTESIAN_POINT ( 'NONE',  ( 0.000000000000000000, 0.000000000000000000, 164.0000000000000000 ) ) ;
#3086 = EDGE_LOOP ( 'NONE', ( #1009, #4414 ) ) ;
#3087 = ORIENTED_EDGE ( 'NONE', *, *, #4275, .F. ) ;
#3088 = ORIENTED_EDGE ( 'NONE', *, *, #233, .F. ) ;
#3089 = CARTESIAN_POINT ( 'NONE',  ( 0.000000000000000000, 62.00000000000000000, 117.3923048449999982 ) ) ;
#3090 = VERTEX_POINT ( 'NONE', #1157 ) ;
#3091 = LINE ( 'NONE', #2613, #1841 ) ;
#3092 = FACE_OUTER_BOUND ( 'NONE', #2694, .T. ) ;
#3093 = DIRECTION ( 'NONE',  ( 1.000000000000000000, 0.000000000000000000, 0.000000000000000000 ) ) ;
#3094 = EDGE_LOOP ( 'NONE', ( #464, #1994 ) ) ;
#3095 = EDGE_LOOP ( 'NONE', ( #952, #3504, #4519, #400 ) ) ;
#3096 = CARTESIAN_POINT ( 'NONE',  ( -10.97857164420446807, 61.30599383546193337, 75.19405665922400317 ) ) ;
#3097 = AXIS2_PLACEMENT_3D ( 'NONE', #1307, #3194, #2095 ) ;
#3098 = CARTESIAN_POINT ( 'NONE',  ( 120.1858349299999986, 36.02551906470583276, 145.0553894039639431 ) ) ;
#3099 = ADVANCED_FACE ( 'NONE', ( #1874 ), #3026, .T. ) ;
#3100 = CARTESIAN_POINT ( 'NONE',  ( -28.02539504780000001, 14.07466254490000068, 102.4942682169999983 ) ) ;
#3101 = CARTESIAN_POINT ( 'NONE',  ( 0.000000000000000000, 0.000000000000000000, 88.00000000000000000 ) ) ;
#3102 = CARTESIAN_POINT ( 'NONE',  ( 120.9309549879999821, 28.13311417795132385, 152.2026742316801631 ) ) ;
#3103 = CARTESIAN_POINT ( 'NONE',  ( 48.00000000000000000, -17.52599999999999980, 40.51299999999999812 ) ) ;
#3104 = ORIENTED_EDGE ( 'NONE', *, *, #1812, .T. ) ;
#3105 = B_SPLINE_CURVE_WITH_KNOTS ( 'NONE', 5,
 ( #4163, #412, #4419, #2570, #337, #3353 ),
 .UNSPECIFIED., .F., .F.,
 ( 6, 6 ),
 ( 0.000000000000000000, 1.000000000000000000 ),
 .UNSPECIFIED. ) ;
#3106 = DIRECTION ( 'NONE',  ( 0.000000000000000000, 1.000000000000000000, 0.000000000000000000 ) ) ;
#3107 = DIRECTION ( 'NONE',  ( 1.000000000000000000, 0.000000000000000000, 0.000000000000000000 ) ) ;
#3108 = CARTESIAN_POINT ( 'NONE',  ( 0.7490549710544751605, 72.98083410895763734, 63.51911036606304606 ) ) ;
#3109 = CARTESIAN_POINT ( 'NONE',  ( 121.2999999999999829, -29.75482366732891037, 99.11930960130631263 ) ) ;
#3110 = VERTEX_POINT ( 'NONE', #1507 ) ;
#3111 = VERTEX_POINT ( 'NONE', #2950 ) ;
#3112 = ORIENTED_EDGE ( 'NONE', *, *, #3705, .F. ) ;
#3113 = CYLINDRICAL_SURFACE ( 'NONE', #300, 4.687807484369997724 ) ;
#3114 = ORIENTED_EDGE ( 'NONE', *, *, #293, .F. ) ;
#3115 = VECTOR ( 'NONE', #2382, 1000.000000000000000 ) ;
#3116 = CARTESIAN_POINT ( 'NONE',  ( 0.000000000000000000, 0.000000000000000000, 103.8860000000000099 ) ) ;
#3117 = CARTESIAN_POINT ( 'NONE',  ( -5.851138187120000111, 34.38875224709999401, 91.49426821710001434 ) ) ;
#3118 = LINE ( 'NONE', #3502, #2585 ) ;
#3119 = VERTEX_POINT ( 'NONE', #3390 ) ;
#3120 = EDGE_LOOP ( 'NONE', ( #3309, #4400 ) ) ;
#3121 = CARTESIAN_POINT ( 'NONE',  ( -9.991286827014068450, 66.61112708756854772, 69.88887301220472636 ) ) ;
#3122 = ORIENTED_EDGE ( 'NONE', *, *, #2859, .T. ) ;
#3123 = LINE ( 'NONE', #3828, #3581 ) ;
#3124 = CARTESIAN_POINT ( 'NONE',  ( 0.000000000000000000, 0.000000000000000000, 139.1920000000000073 ) ) ;
#3125 = CARTESIAN_POINT ( 'NONE',  ( 120.1858349299999844, 36.02551906420067951, 145.0553894041578644 ) ) ;
#3126 = CARTESIAN_POINT ( 'NONE',  ( 120.9309549879999963, 28.81146653290869608, 97.57852415694365789 ) ) ;
#3127 = AXIS2_PLACEMENT_3D ( 'NONE', #1794, #1491, #4381 ) ;
#3128 = VERTEX_POINT ( 'NONE', #372 ) ;
#3129 = CARTESIAN_POINT ( 'NONE',  ( 8.067436566693057642, 54.52145274611014258, 81.97849943445270071 ) ) ;
#3130 = DIRECTION ( 'NONE',  ( 1.000000000000000000, 0.000000000000000000, 0.000000000000000000 ) ) ;
#3131 = VECTOR ( 'NONE', #1208, 1000.000000000000000 ) ;
#3132 = CARTESIAN_POINT ( 'NONE',  ( 4.287410124909397879, 72.13005613619314715, 64.36991833100890403 ) ) ;
#3133 = CARTESIAN_POINT ( 'NONE',  ( 0.000000000000000000, -16.00199999999999889, 9.144000000000000128 ) ) ;
#3134 = ORIENTED_EDGE ( 'NONE', *, *, #3495, .F. ) ;
#3135 = ORIENTED_EDGE ( 'NONE', *, *, #2626, .F. ) ;
#3136 = CARTESIAN_POINT ( 'NONE',  ( -5.851138187120000111, 34.38875224709999401, 102.4942682169999983 ) ) ;
#3137 = EDGE_CURVE ( 'NONE', #1556, #3496, #3663, .T. ) ;
#3138 = CYLINDRICAL_SURFACE ( 'NONE', #272, 35.05199999999999250 ) ;
#3139 = CARTESIAN_POINT ( 'NONE',  ( -22.60020519879999767, 22.15083958299999622, 91.49426821710001434 ) ) ;
#3140 = CIRCLE ( 'NONE', #3677, 44.06899999999999551 ) ;
#3141 = CARTESIAN_POINT ( 'NONE',  ( 119.2424777960000029, 27.01894910709848219, 145.0553894039811951 ) ) ;
#3142 = AXIS2_PLACEMENT_3D ( 'NONE', #2101, #3591, #230 ) ;
#3143 = ORIENTED_EDGE ( 'NONE', *, *, #1063, .T. ) ;
#3144 = ORIENTED_EDGE ( 'NONE', *, *, #3171, .F. ) ;
#3145 = ADVANCED_FACE ( 'NONE', ( #4505 ), #4103, .T. ) ;
#3146 = CIRCLE ( 'NONE', #1098, 46.00000000000000000 ) ;
#3147 = CARTESIAN_POINT ( 'NONE',  ( -10.93715743545931041, 63.17413798109272705, 73.32586156688921619 ) ) ;
#3148 = ORIENTED_EDGE ( 'NONE', *, *, #2127, .T. ) ;
#3149 = AXIS2_PLACEMENT_3D ( 'NONE', #3723, #105, #4192 ) ;
#3150 = CARTESIAN_POINT ( 'NONE',  ( 119.2424777960000029, -27.69730146339567511, 97.57852415682032188 ) ) ;
#3151 = CARTESIAN_POINT ( 'NONE',  ( 68.79999999999999716, 30.38875224710000111, 151.0521743360000073 ) ) ;
#3152 = CARTESIAN_POINT ( 'NONE',  ( 121.3000000000000114, 34.07291643215668842, 96.58982942334978361 ) ) ;
#3153 = LINE ( 'NONE', #3468, #4200 ) ;
#3154 = ORIENTED_EDGE ( 'NONE', *, *, #1463, .T. ) ;
#3155 = DIRECTION ( 'NONE',  ( 0.000000000000000000, 0.000000000000000000, -1.000000000000000000 ) ) ;
#3156 = EDGE_CURVE ( 'NONE', #4081, #3599, #1623, .T. ) ;
#3157 = CARTESIAN_POINT ( 'NONE',  ( 4.264627629068761472, 72.13967118254377908, 64.36030212350183888 ) ) ;
#3158 = DIRECTION ( 'NONE',  ( -1.000000000000000000, 0.000000000000000000, 0.000000000000000000 ) ) ;
#3159 = ORIENTED_EDGE ( 'NONE', *, *, #49, .T. ) ;
#3160 = VERTEX_POINT ( 'NONE', #3366 ) ;
#3161 = FACE_OUTER_BOUND ( 'NONE', #2642, .T. ) ;
#3162 = DIRECTION ( 'NONE',  ( -1.000000000000000000, 0.000000000000000000, 0.000000000000000000 ) ) ;
#3163 = CARTESIAN_POINT ( 'NONE',  ( 119.2424777960000029, -37.07291643228008127, 88.20290918727023666 ) ) ;
#3164 = DIRECTION ( 'NONE',  ( 1.000000000000000000, 0.000000000000000000, 0.000000000000000000 ) ) ;
#3165 = ORIENTED_EDGE ( 'NONE', *, *, #3823, .T. ) ;
#3166 = PLANE ( 'NONE',  #4457 ) ;
#3167 = CARTESIAN_POINT ( 'NONE',  ( -5.273680924649999824, 71.65340818079999963, 64.84659181920001458 ) ) ;
#3168 = VERTEX_POINT ( 'NONE', #3001 ) ;
#3169 = EDGE_CURVE ( 'NONE', #3599, #4081, #1147, .T. ) ;
#3170 = CARTESIAN_POINT ( 'NONE',  ( 118.2999999999999972, -32.38510894779999916, 97.57852415689998793 ) ) ;
#3171 = EDGE_CURVE ( 'NONE', #1350, #3404, #1088, .T. ) ;
#3172 = CARTESIAN_POINT ( 'NONE',  ( 5.842107645701426044, 52.65712475222436240, 83.84287524778787315 ) ) ;
#3173 = CARTESIAN_POINT ( 'NONE',  ( 121.3000000000000114, 32.38510894786793415, 95.89071667259635490 ) ) ;
#3174 = VECTOR ( 'NONE', #1640, 1000.000000000000000 ) ;
#3175 = CARTESIAN_POINT ( 'NONE',  ( 10.81836425049460004, 63.99074639629720451, 72.50922482871537511 ) ) ;
#3176 = LINE ( 'NONE', #608, #2817 ) ;
#3177 = CARTESIAN_POINT ( 'NONE',  ( 2.215516690350718410, 72.77456410468303716, 63.72540083693936452 ) ) ;
#3178 = DIRECTION ( 'NONE',  ( 0.000000000000000000, 0.000000000000000000, 1.000000000000000000 ) ) ;
#3179 = ORIENTED_EDGE ( 'NONE', *, *, #1324, .T. ) ;
#3180 = CARTESIAN_POINT ( 'NONE',  ( 32.17531719210000318, -34.38875224709999401, 151.0521743360000073 ) ) ;
#3181 = PLANE ( 'NONE',  #4031 ) ;
#3182 = FACE_OUTER_BOUND ( 'NONE', #3699, .T. ) ;
#3183 = ADVANCED_FACE ( 'NONE', ( #3756 ), #122, .T. ) ;
#3184 = DIRECTION ( 'NONE',  ( 1.000000000000000000, 0.000000000000000000, 0.000000000000000000 ) ) ;
#3185 = ORIENTED_EDGE ( 'NONE', *, *, #1479, .F. ) ;
#3186 = CYLINDRICAL_SURFACE ( 'NONE', #1814, 28.70110295069999751 ) ;
#3187 = CIRCLE ( 'NONE', #4585, 37.59199999999999875 ) ;
#3188 = DIRECTION ( 'NONE',  ( 0.000000000000000000, 0.000000000000000000, 1.000000000000000000 ) ) ;
#3189 = CARTESIAN_POINT ( 'NONE',  ( -10.81836425210028629, 60.00925361243100298, 76.49077516254881459 ) ) ;
#3190 = EDGE_CURVE ( 'NONE', #42, #3059, #3337, .T. ) ;
#3191 = AXIS2_PLACEMENT_3D ( 'NONE', #554, #2803, #1749 ) ;
#3192 = VERTEX_POINT ( 'NONE', #3781 ) ;
#3193 = DIRECTION ( 'NONE',  ( 0.000000000000000000, -1.000000000000000000, 0.000000000000000000 ) ) ;
#3194 = DIRECTION ( 'NONE',  ( 0.000000000000000000, 0.000000000000000000, -1.000000000000000000 ) ) ;
#3195 = CARTESIAN_POINT ( 'NONE',  ( 121.3000000000000114, 35.01539422827381998, 97.57852415697992399 ) ) ;
#3196 = CARTESIAN_POINT ( 'NONE',  ( 10.85042415011505135, 60.18548598411885564, 76.31405046806806070 ) ) ;
#3197 = PLANE ( 'NONE',  #1956 ) ;
#3198 = CARTESIAN_POINT ( 'NONE',  ( 9.973860654909580958, 66.64750192296745013, 69.85243882027428697 ) ) ;
#3199 = CARTESIAN_POINT ( 'NONE',  ( 119.2424777960000029, -37.07291643261622482, 97.57852415673191615 ) ) ;
#3200 = ORIENTED_EDGE ( 'NONE', *, *, #4358, .F. ) ;
#3201 = VECTOR ( 'NONE', #2135, 1000.000000000000000 ) ;
#3202 = EDGE_CURVE ( 'NONE', #1148, #1565, #3187, .T. ) ;
#3203 = LINE ( 'NONE', #589, #3827 ) ;
#3204 = CARTESIAN_POINT ( 'NONE',  ( 120.1858349299999986, 28.06634647537825700, 106.2160491013559493 ) ) ;
#3205 = EDGE_CURVE ( 'NONE', #4274, #915, #3153, .T. ) ;
#3206 = CARTESIAN_POINT ( 'NONE',  ( 118.2999999999999972, -37.07291643228008127, 88.20290918727023666 ) ) ;
#3207 = CIRCLE ( 'NONE', #1720, 35.05199999999999960 ) ;
#3208 = DIRECTION ( 'NONE',  ( 0.000000000000000000, -1.000000000000000000, 0.000000000000000000 ) ) ;
#3209 = VERTEX_POINT ( 'NONE', #1184 ) ;
#3210 = DIRECTION ( 'NONE',  ( 0.000000000000000000, 0.000000000000000000, -1.000000000000000000 ) ) ;
#3211 = EDGE_CURVE ( 'NONE', #2591, #3496, #2352, .T. ) ;
#3212 = CARTESIAN_POINT ( 'NONE',  ( 118.3000000000000114, -28.96070254517611531, 140.3675819192128529 ) ) ;
#3213 = AXIS2_PLACEMENT_3D ( 'NONE', #379, #3691, #3667 ) ;
#3214 = ADVANCED_FACE ( 'NONE', ( #2678 ), #2402, .T. ) ;
#3215 = LINE ( 'NONE', #4698, #1068 ) ;
#3216 = CIRCLE ( 'NONE', #4306, 4.687807484370001276 ) ;
#3217 = CARTESIAN_POINT ( 'NONE',  ( -10.00315462567999347, 57.42253258339071920, 79.07717147625288590 ) ) ;
#3218 = VERTEX_POINT ( 'NONE', #4251 ) ;
#3219 = ORIENTED_EDGE ( 'NONE', *, *, #977, .F. ) ;
#3220 = CIRCLE ( 'NONE', #4451, 8.500000000000000000 ) ;
#3221 = AXIS2_PLACEMENT_3D ( 'NONE', #4406, #1042, #3729 ) ;
#3222 = LINE ( 'NONE', #754, #1546 ) ;
#3223 = APPROVAL_ROLE ( '' ) ;
#3224 = CARTESIAN_POINT ( 'NONE',  ( 118.3000000000000114, -36.39456407551090678, 154.4310043712704044 ) ) ;
#3225 = VECTOR ( 'NONE', #3426, 1000.000000000000000 ) ;
#3226 = CARTESIAN_POINT ( 'NONE',  ( 10.97985508540703137, 62.74149492706212783, 73.75850480218781513 ) ) ;
#3227 = EDGE_CURVE ( 'NONE', #4390, #2116, #112, .T. ) ;
#3228 = CARTESIAN_POINT ( 'NONE',  ( 121.3000000000000114, -34.07291643210000132, 97.57852135799998905 ) ) ;
#3229 = CARTESIAN_POINT ( 'NONE',  ( 8.475109827640189053, 69.01523631711441453, 67.48473105660727356 ) ) ;
#3230 = CARTESIAN_POINT ( 'NONE',  ( 120.1858349299999986, -36.70387142029932903, 97.57852415672222435 ) ) ;
#3231 = VERTEX_POINT ( 'NONE', #1557 ) ;
#3232 = EDGE_CURVE ( 'NONE', #830, #3389, #2094, .T. ) ;
#3233 = LINE ( 'NONE', #4688, #3741 ) ;
#3234 = LINE ( 'NONE', #1001, #2864 ) ;
#3235 = CARTESIAN_POINT ( 'NONE',  ( 121.2999999999999972, -35.01539422841277371, 92.31795359546931934 ) ) ;
#3236 = CARTESIAN_POINT ( 'NONE',  ( -5.851138187120000111, 34.38875224709999401, 91.49426821710000013 ) ) ;
#3237 = VERTEX_POINT ( 'NONE', #1262 ) ;
#3238 = CARTESIAN_POINT ( 'NONE',  ( 118.2999999999999972, 36.39456407650151704, 145.0553894040000387 ) ) ;
#3239 = CARTESIAN_POINT ( 'NONE',  ( -0.4493656158450000104, -34.38875224709999401, 102.4942682169999983 ) ) ;
#3240 = CARTESIAN_POINT ( 'NONE',  ( 0.000000000000000000, 0.000000000000000000, 139.1920000000000073 ) ) ;
#3241 = CARTESIAN_POINT ( 'NONE',  ( -10.88563074081691262, 63.58400906321769241, 72.91620434714822352 ) ) ;
#3242 = ORIENTED_EDGE ( 'NONE', *, *, #4423, .F. ) ;
#3243 = ORIENTED_EDGE ( 'NONE', *, *, #4578, .T. ) ;
#3244 = CARTESIAN_POINT ( 'NONE',  ( 16.80482397919999826, -30.76102395939999923, 91.18600000000000705 ) ) ;
#3245 = CARTESIAN_POINT ( 'NONE',  ( -1.589091992155989175, 51.11259960983596784, 85.38745772010025803 ) ) ;
#3246 = CARTESIAN_POINT ( 'NONE',  ( 9.949130969501505106, 57.30737854149035115, 79.19250833397843792 ) ) ;
#3247 = CYLINDRICAL_SURFACE ( 'NONE', #698, 44.06899999999999551 ) ;
#3248 = CARTESIAN_POINT ( 'NONE',  ( 10.39515529576951636, 65.59733314788638836, 70.90266685794628643 ) ) ;
#3249 = DIRECTION ( 'NONE',  ( 1.000000000000000000, 0.000000000000000000, 0.000000000000000000 ) ) ;
#3250 = ORIENTED_EDGE ( 'NONE', *, *, #1439, .F. ) ;
#3251 = DIRECTION ( 'NONE',  ( 0.000000000000000000, 1.000000000000000000, 0.000000000000000000 ) ) ;
#3252 = CARTESIAN_POINT ( 'NONE',  ( 119.2424777960000029, 27.69730146337850840, 97.57852415688951453 ) ) ;
#3253 = CARTESIAN_POINT ( 'NONE',  ( 121.3000000000000114, -30.69730146350366340, 97.57852415686927827 ) ) ;
#3254 = LINE ( 'NONE', #2084, #2196 ) ;
#3255 = EDGE_LOOP ( 'NONE', ( #25, #4675, #448, #2692, #2153 ) ) ;
#3256 = B_SPLINE_CURVE_WITH_KNOTS ( 'NONE', 5,
 ( #1966, #3477, #126, #2309, #3427, #440, #70, #1570, #1194 ),
 .UNSPECIFIED., .F., .F.,
 ( 6, 3, 6 ),
 ( -376.3675020740000150, -352.5002318709999827, -328.6329616680000072 ),
 .UNSPECIFIED. ) ;
#3257 = CARTESIAN_POINT ( 'NONE',  ( 0.000000000000000000, 0.000000000000000000, 140.0521743360000073 ) ) ;
#3258 = DIRECTION ( 'NONE',  ( 1.000000000000000000, 0.000000000000000000, 0.000000000000000000 ) ) ;
#3259 = CARTESIAN_POINT ( 'NONE',  ( -9.418533935590149397, 67.68989189955296126, 68.81090034323223392 ) ) ;
#3260 = B_SPLINE_CURVE_WITH_KNOTS ( 'NONE', 3,
 ( #1051, #2243, #2654, #4433, #3298, #36, #1531, #3732, #2177, #4800, #1136, #13, #2200, #2927, #1064 ),
 .UNSPECIFIED., .F., .F.,
 ( 4, 2, 2, 1, 1, 1, 2, 2, 4 ),
 ( 0.000000000000000000, 0.2499999999999930611, 0.3749999999999895639, 0.4374999999999856226, 0.4687499999999846789, 0.4843749999999840683, 0.4921874999999826805, 0.4999999999999812927, 1.000000000000000000 ),
 .UNSPECIFIED. ) ;
#3261 = ORIENTED_EDGE ( 'NONE', *, *, #2980, .T. ) ;
#3262 = AXIS2_PLACEMENT_3D ( 'NONE', #2238, #717, #2217 ) ;
#3263 = EDGE_LOOP ( 'NONE', ( #339, #2753, #829, #263 ) ) ;
#3264 = CARTESIAN_POINT ( 'NONE',  ( 0.000000000000000000, 0.000000000000000000, 151.0521743360000073 ) ) ;
#3265 = CALENDAR_DATE ( 2023, 10, 4 ) ;
#3266 = VECTOR ( 'NONE', #4409, 1000.000000000000000 ) ;
#3267 = CARTESIAN_POINT ( 'NONE',  ( 116.2999999999999972, 27.01894910739999744, 145.0553894040000102 ) ) ;
#3268 = CARTESIAN_POINT ( 'NONE',  ( 10.10071871283687273, 57.64391168258253373, 78.85608795301159546 ) ) ;
#3269 = CARTESIAN_POINT ( 'NONE',  ( -4.314829847440000421, 69.89824305700000195, 114.8923048449999982 ) ) ;
#3270 = CARTESIAN_POINT ( 'NONE',  ( 10.99140033655149118, 62.43490736618343107, 74.06509238213774893 ) ) ;
#3271 = EDGE_CURVE ( 'NONE', #2895, #3467, #87, .T. ) ;
#3272 = CARTESIAN_POINT ( 'NONE',  ( 0.000000000000000000, 0.000000000000000000, 88.00000000000000000 ) ) ;
#3273 = ORIENTED_EDGE ( 'NONE', *, *, #3169, .F. ) ;
#3274 = DIRECTION ( 'NONE',  ( 1.000000000000000000, 0.000000000000000000, 0.000000000000000000 ) ) ;
#3275 = DIRECTION ( 'NONE',  ( 1.000000000000000000, 0.000000000000000000, 0.000000000000000000 ) ) ;
#3276 = CARTESIAN_POINT ( 'NONE',  ( 120.9309549879999963, -32.38510894783480865, 101.1521665713950000 ) ) ;
#3277 = DIRECTION ( 'NONE',  ( 1.000000000000000000, 0.000000000000000000, 0.000000000000000000 ) ) ;
#3278 = CIRCLE ( 'NONE', #3433, 35.05199999999999960 ) ;
#3279 = VERTEX_POINT ( 'NONE', #3836 ) ;
#3280 = CARTESIAN_POINT ( 'NONE',  ( 92.54999999999999716, 39.44619999999999749, 75.49426821710001434 ) ) ;
#3281 = CIRCLE ( 'NONE', #3439, 11.00000000000000000 ) ;
#3282 = FACE_OUTER_BOUND ( 'NONE', #4717, .T. ) ;
#3283 = CARTESIAN_POINT ( 'NONE',  ( -10.95416568694249193, 60.96160296155397162, 75.53819506030055209 ) ) ;
#3284 = ORIENTED_EDGE ( 'NONE', *, *, #541, .T. ) ;
#3285 = VERTEX_POINT ( 'NONE', #1923 ) ;
#3286 = CC_DESIGN_APPROVAL ( #2749, ( #1963 ) ) ;
#3287 = EDGE_CURVE ( 'NONE', #2895, #2438, #1980, .T. ) ;
#3288 = CARTESIAN_POINT ( 'NONE',  ( 64.79999999999999716, -36.53032114620000215, 91.49426821710001434 ) ) ;
#3289 = CARTESIAN_POINT ( 'NONE',  ( -9.716303000362474407, 56.84310775325349852, 79.65689288694763093 ) ) ;
#3290 = AXIS2_PLACEMENT_3D ( 'NONE', #3762, #2955, #2206 ) ;
#3291 = CIRCLE ( 'NONE', #3840, 1.523999999999999355 ) ;
#3292 = DIRECTION ( 'NONE',  ( 1.000000000000000000, 0.000000000000000000, 0.000000000000000000 ) ) ;
#3293 = CARTESIAN_POINT ( 'NONE',  ( 0.000000000000000000, 62.00000000000000000, 122.0000000000000000 ) ) ;
#3294 = CARTESIAN_POINT ( 'NONE',  ( 10.85250927312642588, 63.80747021192433266, 72.69252976072833405 ) ) ;
#3295 = DIRECTION ( 'NONE',  ( 0.000000000000000000, 0.000000000000000000, 1.000000000000000000 ) ) ;
#3296 = VERTEX_POINT ( 'NONE', #2006 ) ;
#3297 = EDGE_CURVE ( 'NONE', #1748, #4600, #1609, .T. ) ;
#3298 = CARTESIAN_POINT ( 'NONE',  ( -3.636369969615719899, 72.38401795088552149, 64.11608918449522321 ) ) ;
#3299 = CIRCLE ( 'NONE', #2375, 4.762500000000000178 ) ;
#3300 = PLANE ( 'NONE',  #1867 ) ;
#3301 = CARTESIAN_POINT ( 'NONE',  ( 118.2999999999999972, 27.69730146337850840, 97.57852415688951453 ) ) ;
#3302 = CARTESIAN_POINT ( 'NONE',  ( 118.2999999999999972, -35.13116299434862100, 102.2663316413276533 ) ) ;
#3303 = CARTESIAN_POINT ( 'NONE',  ( -0.4493656158450000104, 30.38875224710000111, 96.99426821710000013 ) ) ;
#3304 = EDGE_LOOP ( 'NONE', ( #857, #35, #3377, #671 ) ) ;
#3305 = ORIENTED_EDGE ( 'NONE', *, *, #1549, .F. ) ;
#3306 = FACE_OUTER_BOUND ( 'NONE', #1887, .T. ) ;
#3307 = CARTESIAN_POINT ( 'NONE',  ( 21.12780406070000083, 38.67418591989999754, 89.53499999999999659 ) ) ;
#3308 = DIRECTION ( 'NONE',  ( 1.000000000000000000, 1.776356839400000001E-15, 0.000000000000000000 ) ) ;
#3309 = ORIENTED_EDGE ( 'NONE', *, *, #4227, .T. ) ;
#3310 = ORIENTED_EDGE ( 'NONE', *, *, #1027, .F. ) ;
#3311 = CARTESIAN_POINT ( 'NONE',  ( -2.588196212152692244, 51.30286744707364477, 85.19717630069443715 ) ) ;
#3312 = EDGE_CURVE ( 'NONE', #4811, #783, #536, .T. ) ;
#3313 = EDGE_CURVE ( 'NONE', #542, #2788, #4612, .T. ) ;
#3314 = CARTESIAN_POINT ( 'NONE',  ( 121.3000000000000114, -32.38510894779999916, 97.57852415689998793 ) ) ;
#3315 = CARTESIAN_POINT ( 'NONE',  ( -29.90085235379999773, -9.546908081119999778, 102.4942682169999983 ) ) ;
#3316 = CARTESIAN_POINT ( 'NONE',  ( 9.566517247684164005, 56.56726518056806441, 79.93277339607423926 ) ) ;
#3317 = DIRECTION ( 'NONE',  ( 0.000000000000000000, 0.000000000000000000, -1.000000000000000000 ) ) ;
#3318 = ORIENTED_EDGE ( 'NONE', *, *, #1049, .F. ) ;
#3319 = CARTESIAN_POINT ( 'NONE',  ( 0.000000000000000000, 0.000000000000000000, 91.18600000000000705 ) ) ;
#3320 = CARTESIAN_POINT ( 'NONE',  ( 21.12780406070000083, 38.67418591989999754, 123.1899999999999977 ) ) ;
#3321 = DIRECTION ( 'NONE',  ( 1.000000000000000000, 0.000000000000000000, 0.000000000000000000 ) ) ;
#3322 = CIRCLE ( 'NONE', #1290, 44.06899999999999551 ) ;
#3323 = DIRECTION ( 'NONE',  ( 0.000000000000000000, 0.000000000000000000, -1.000000000000000000 ) ) ;
#3324 = FACE_BOUND ( 'NONE', #1506, .T. ) ;
#3325 = ORIENTED_EDGE ( 'NONE', *, *, #3205, .T. ) ;
#3326 = VECTOR ( 'NONE', #2141, 1000.000000000000000 ) ;
#3327 = CARTESIAN_POINT ( 'NONE',  ( 0.000000000000000000, 0.000000000000000000, 88.00000000000000000 ) ) ;
#3328 = EDGE_CURVE ( 'NONE', #588, #4564, #2335, .T. ) ;
#3329 = CARTESIAN_POINT ( 'NONE',  ( -7.692230904417592718, 54.13668845662932227, 82.36329960672375705 ) ) ;
#3330 = DIRECTION ( 'NONE',  ( 1.000000000000000000, 0.000000000000000000, 0.000000000000000000 ) ) ;
#3331 = ORIENTED_EDGE ( 'NONE', *, *, #526, .T. ) ;
#3332 = EDGE_CURVE ( 'NONE', #2990, #4537, #4586, .T. ) ;
#3333 = ORIENTED_EDGE ( 'NONE', *, *, #2106, .F. ) ;
#3334 = CARTESIAN_POINT ( 'NONE',  ( -6.043286558775082362, 52.80872750332934373, 83.69127358696312058 ) ) ;
#3335 = CARTESIAN_POINT ( 'NONE',  ( 8.094690764726383492, 69.44958714918594467, 67.05070987704179686 ) ) ;
#3336 = FACE_OUTER_BOUND ( 'NONE', #1911, .T. ) ;
#3337 = CIRCLE ( 'NONE', #445, 4.687807484370001276 ) ;
#3338 = CARTESIAN_POINT ( 'NONE',  ( 10.13040630809417131, 57.71335748753175920, 78.78664392264251148 ) ) ;
#3339 = DIRECTION ( 'NONE',  ( 0.000000000000000000, 0.000000000000000000, 1.000000000000000000 ) ) ;
#3340 = ORIENTED_EDGE ( 'NONE', *, *, #2616, .F. ) ;
#3341 = CARTESIAN_POINT ( 'NONE',  ( -0.4493656158450000104, -34.38875224709999401, 91.49426821710001434 ) ) ;
#3342 = DIRECTION ( 'NONE',  ( 1.000000000000000000, 0.000000000000000000, 0.000000000000000000 ) ) ;
#3343 = FACE_OUTER_BOUND ( 'NONE', #3854, .T. ) ;
#3344 = CARTESIAN_POINT ( 'NONE',  ( 0.000000000000000000, 0.000000000000000000, 88.00000000000000000 ) ) ;
#3345 = CIRCLE ( 'NONE', #2446, 44.06899999999999551 ) ;
#3346 = DIRECTION ( 'NONE',  ( 0.000000000000000000, 0.000000000000000000, 1.000000000000000000 ) ) ;
#3347 = VERTEX_POINT ( 'NONE', #137 ) ;
#3348 = ORIENTED_EDGE ( 'NONE', *, *, #4684, .T. ) ;
#3349 = EDGE_CURVE ( 'NONE', #2583, #715, #2333, .T. ) ;
#3350 = LINE ( 'NONE', #3453, #1525 ) ;
#3351 = DIRECTION ( 'NONE',  ( 1.000000000000000000, 0.000000000000000000, 0.000000000000000000 ) ) ;
#3352 = AXIS2_PLACEMENT_3D ( 'NONE', #1924, #1875, #2586 ) ;
#3353 = CARTESIAN_POINT ( 'NONE',  ( 118.2999999999999972, -36.39456407619999823, 145.0553894040000102 ) ) ;
#3354 = ORIENTED_EDGE ( 'NONE', *, *, #4279, .F. ) ;
#3355 = ORIENTED_EDGE ( 'NONE', *, *, #4424, .T. ) ;
#3356 = ADVANCED_FACE ( 'NONE', ( #4427 ), #7, .T. ) ;
#3357 = CIRCLE ( 'NONE', #1014, 35.05199999999999960 ) ;
#3358 = CARTESIAN_POINT ( 'NONE',  ( -10.66053477359669444, 59.28503878934704119, 77.21505028235792167 ) ) ;
#3359 = CARTESIAN_POINT ( 'NONE',  ( 92.54999999999999716, -39.80180000000000007, 75.49426821710001434 ) ) ;
#3360 = CARTESIAN_POINT ( 'NONE',  ( 7.609414190001621670, 69.94335222864036439, 66.55664778771053136 ) ) ;
#3361 = LINE ( 'NONE', #1527, #1871 ) ;
#3362 = CARTESIAN_POINT ( 'NONE',  ( 10.96485372484649190, 61.11889639057149992, 75.38107596346968364 ) ) ;
#3363 = LINE ( 'NONE', #1085, #1574 ) ;
#3364 = VECTOR ( 'NONE', #1237, 1000.000000000000000 ) ;
#3365 = ORIENTED_EDGE ( 'NONE', *, *, #1399, .T. ) ;
#3366 = CARTESIAN_POINT ( 'NONE',  ( 64.79999999999999716, -38.67189004540000496, 151.0521743360000073 ) ) ;
#3367 = CIRCLE ( 'NONE', #2750, 11.00000000000000000 ) ;
#3368 = DIRECTION ( 'NONE',  ( 0.000000000000000000, 0.000000000000000000, 1.000000000000000000 ) ) ;
#3369 = AXIS2_PLACEMENT_3D ( 'NONE', #2627, #423, #4197 ) ;
#3370 = DIRECTION ( 'NONE',  ( 0.000000000000000000, 0.000000000000000000, -1.000000000000000000 ) ) ;
#3371 = CARTESIAN_POINT ( 'NONE',  ( 120.9309549879999963, -28.81146653330499063, 97.57852415690443593 ) ) ;
#3372 = DIRECTION ( 'NONE',  ( 1.000000000000000000, 0.000000000000000000, 0.000000000000000000 ) ) ;
#3373 = ADVANCED_FACE ( 'NONE', ( #3702 ), #2169, .F. ) ;
#3374 = ORIENTED_EDGE ( 'NONE', *, *, #1169, .T. ) ;
#3375 = CLOSED_SHELL ( 'NONE', ( #4577, #3856, #3465, #4710, #712, #4702, #1337, #2272, #115, #1940, #3928, #1864, #2857, #791 ) ) ;
#3376 = DIRECTION ( 'NONE',  ( 1.000000000000000000, 0.000000000000000000, 0.000000000000000000 ) ) ;
#3377 = ORIENTED_EDGE ( 'NONE', *, *, #3481, .F. ) ;
#3378 = CYLINDRICAL_SURFACE ( 'NONE', #1446, 35.05199999999999250 ) ;
#3379 = CARTESIAN_POINT ( 'NONE',  ( -9.438732115948969437, 56.31560343130246338, 80.18454497311833507 ) ) ;
#3380 = DIRECTION ( 'NONE',  ( 0.000000000000000000, 0.000000000000000000, 1.000000000000000000 ) ) ;
#3381 = ORIENTED_EDGE ( 'NONE', *, *, #3644, .T. ) ;
#3382 = ORIENTED_EDGE ( 'NONE', *, *, #684, .F. ) ;
#3383 = CARTESIAN_POINT ( 'NONE',  ( -8.643718890058419646, 55.19584728322612222, 81.30416357468398303 ) ) ;
#3384 = CARTESIAN_POINT ( 'NONE',  ( 121.3000000000000114, 33.39456407599092103, 145.0553894040002660 ) ) ;
#3385 = LINE ( 'NONE', #323, #3726 ) ;
#3386 = CARTESIAN_POINT ( 'NONE',  ( 0.000000000000000000, 0.000000000000000000, 139.1920000000000073 ) ) ;
#3387 = CARTESIAN_POINT ( 'NONE',  ( 7.021618891864485512, 53.53243845043314764, 82.96754910145774886 ) ) ;
#3388 = LINE ( 'NONE', #2729, #3610 ) ;
#3389 = VERTEX_POINT ( 'NONE', #395 ) ;
#3390 = CARTESIAN_POINT ( 'NONE',  ( 0.000000000000000000, -4.762500000000000178, 35.05199999999999960 ) ) ;
#3391 = DIRECTION ( 'NONE',  ( 1.000000000000000000, 0.000000000000000000, 0.000000000000000000 ) ) ;
#3392 = CARTESIAN_POINT ( 'NONE',  ( -2.391168948829918595, 72.73810236870984625, 63.76209897639427737 ) ) ;
#3393 = CARTESIAN_POINT ( 'NONE',  ( 66.79999999999999716, 38.67189004540000496, 91.49426821710001434 ) ) ;
#3394 = LINE ( 'NONE', #4782, #2365 ) ;
#3395 = ORIENTED_EDGE ( 'NONE', *, *, #2691, .F. ) ;
#3396 = ORIENTED_EDGE ( 'NONE', *, *, #293, .T. ) ;
#3397 = DIRECTION ( 'NONE',  ( 1.000000000000000000, 0.000000000000000000, 0.000000000000000000 ) ) ;
#3398 = CC_DESIGN_DATE_AND_TIME_ASSIGNMENT ( #2421, #4382, ( #4222 ) ) ;
#3399 = LINE ( 'NONE', #44, #3957 ) ;
#3400 = CARTESIAN_POINT ( 'NONE',  ( 0.000000000000000000, 0.000000000000000000, 88.00000000000000000 ) ) ;
#3401 = CARTESIAN_POINT ( 'NONE',  ( 68.79999999999999716, 38.67189004540000496, 102.4942682169999983 ) ) ;
#3402 = AXIS2_PLACEMENT_3D ( 'NONE', #4302, #1687, #2082 ) ;
#3403 = ORIENTED_EDGE ( 'NONE', *, *, #3908, .F. ) ;
#3404 = VERTEX_POINT ( 'NONE', #693 ) ;
#3405 = CARTESIAN_POINT ( 'NONE',  ( -10.90251453076832355, 63.49286999954800592, 73.00712962273013318 ) ) ;
#3406 = CARTESIAN_POINT ( 'NONE',  ( -8.256374348174523092, 69.26858377699092273, 67.23141635289350404 ) ) ;
#3407 = EDGE_CURVE ( 'NONE', #3535, #2825, #1893, .T. ) ;
#3408 = DIRECTION ( 'NONE',  ( 0.000000000000000000, 1.000000000000000000, 0.000000000000000000 ) ) ;
#3409 = CALENDAR_DATE ( 2023, 10, 4 ) ;
#3410 = EDGE_CURVE ( 'NONE', #929, #4206, #3385, .T. ) ;
#3411 = DIRECTION ( 'NONE',  ( 0.000000000000000000, 2.276539994720218757E-15, -1.000000000000000000 ) ) ;
#3412 = CARTESIAN_POINT ( 'NONE',  ( 6.970353471073851281, 53.49029682450962753, 83.00968861696290446 ) ) ;
#3413 = DIRECTION ( 'NONE',  ( 0.000000000000000000, 4.858411868450000195E-16, 1.000000000000000000 ) ) ;
#3414 = EDGE_LOOP ( 'NONE', ( #2401, #964, #4207, #4264 ) ) ;
#3415 = AXIS2_PLACEMENT_3D ( 'NONE', #3240, #4329, #1716 ) ;
#3416 = DIRECTION ( 'NONE',  ( 0.000000000000000000, 0.000000000000000000, -1.000000000000000000 ) ) ;
#3417 = FACE_OUTER_BOUND ( 'NONE', #4546, .T. ) ;
#3418 = EDGE_CURVE ( 'NONE', #4576, #1124, #4349, .T. ) ;
#3419 = PLANE ( 'NONE',  #424 ) ;
#3420 = VECTOR ( 'NONE', #1255, 1000.000000000000000 ) ;
#3421 = CARTESIAN_POINT ( 'NONE',  ( -16.80482397919999826, 30.76102395939999923, 155.7713101510000229 ) ) ;
#3422 = DIRECTION ( 'NONE',  ( 0.000000000000000000, 1.000000000000000000, 0.000000000000000000 ) ) ;
#3423 = ORIENTED_EDGE ( 'NONE', *, *, #313, .F. ) ;
#3424 = CARTESIAN_POINT ( 'NONE',  ( -14.52402816080000214, -27.57602943199999856, 91.49426821710001434 ) ) ;
#3425 = DIRECTION ( 'NONE',  ( 1.000000000000000000, 0.000000000000000000, 0.000000000000000000 ) ) ;
#3426 = DIRECTION ( 'NONE',  ( 1.000000000000000000, 0.000000000000000000, 0.000000000000000000 ) ) ;
#3427 = CARTESIAN_POINT ( 'NONE',  ( -22.60020519879999767, -22.15083958299999622, 102.4942682169999983 ) ) ;
#3428 = ORIENTED_EDGE ( 'NONE', *, *, #4153, .F. ) ;
#3429 = ORIENTED_EDGE ( 'NONE', *, *, #4227, .F. ) ;
#3430 = EDGE_CURVE ( 'NONE', #1291, #1172, #4475, .T. ) ;
#3431 = CARTESIAN_POINT ( 'NONE',  ( -10.64675720825374228, 64.76524378105028745, 71.73475600409877018 ) ) ;
#3432 = DIRECTION ( 'NONE',  ( 1.000000000000000000, 0.000000000000000000, 0.000000000000000000 ) ) ;
#3433 = AXIS2_PLACEMENT_3D ( 'NONE', #2297, #2951, #1114 ) ;
#3434 = ORIENTED_EDGE ( 'NONE', *, *, #1843, .F. ) ;
#3435 = CARTESIAN_POINT ( 'NONE',  ( 68.79999999999999716, 38.67189004540000496, 158.0521743360000073 ) ) ;
#3436 = SECURITY_CLASSIFICATION_LEVEL ( 'unclassified' ) ;
#3437 = CARTESIAN_POINT ( 'NONE',  ( 121.2999999999999972, -30.16597114738945251, 142.4251041233347905 ) ) ;
#3438 = CARTESIAN_POINT ( 'NONE',  ( 119.2424777960000029, 27.69730146299938411, 97.57852415702581084 ) ) ;
#3439 = AXIS2_PLACEMENT_3D ( 'NONE', #3082, #3469, #489 ) ;
#3440 = LINE ( 'NONE', #3103, #874 ) ;
#3441 = ORIENTED_EDGE ( 'NONE', *, *, #182, .T. ) ;
#3442 = CARTESIAN_POINT ( 'NONE',  ( 22.05357477580000136, -40.36879784700000329, 170.0000000000000000 ) ) ;
#3443 = CARTESIAN_POINT ( 'NONE',  ( -16.80482397919999826, 30.76102395939999923, 119.8879999999999910 ) ) ;
#3444 = AXIS2_PLACEMENT_3D ( 'NONE', #1459, #1512, #332 ) ;
#3445 = DIRECTION ( 'NONE',  ( 0.000000000000000000, 0.000000000000000000, -1.000000000000000000 ) ) ;
#3446 = CARTESIAN_POINT ( 'NONE',  ( 0.000000000000000000, 73.00000000000000000, 63.50000000000000000 ) ) ;
#3447 = ORIENTED_EDGE ( 'NONE', *, *, #4423, .T. ) ;
#3448 = CIRCLE ( 'NONE', #3060, 1.524000000000001132 ) ;
#3449 = VERTEX_POINT ( 'NONE', #2553 ) ;
#3450 = VECTOR ( 'NONE', #1756, 1000.000000000000000 ) ;
#3451 = CARTESIAN_POINT ( 'NONE',  ( 68.79999999999999716, 38.67189004540000496, 140.0521743360000073 ) ) ;
#3452 = ORIENTED_EDGE ( 'NONE', *, *, #752, .F. ) ;
#3453 = CARTESIAN_POINT ( 'NONE',  ( 16.80482397919999826, -30.76102395939999923, 97.53600000000000136 ) ) ;
#3454 = ADVANCED_FACE ( 'NONE', ( #4245 ), #506, .T. ) ;
#3455 = CARTESIAN_POINT ( 'NONE',  ( 121.3000000000000114, 30.01894910740000100, 145.0553894040000102 ) ) ;
#3456 = CARTESIAN_POINT ( 'NONE',  ( -25.50000000000000000, 3.122746202249999726E-15, 176.0000000000000000 ) ) ;
#3457 = ORIENTED_EDGE ( 'NONE', *, *, #4180, .T. ) ;
#3458 = VERTEX_POINT ( 'NONE', #3509 ) ;
#3459 = CARTESIAN_POINT ( 'NONE',  ( -10.78364368140956486, 64.17501697127383409, 72.32486251100131369 ) ) ;
#3460 = CARTESIAN_POINT ( 'NONE',  ( -8.165855304778299129, 69.37033740080104849, 67.12967550250388626 ) ) ;
#3461 = CARTESIAN_POINT ( 'NONE',  ( -30.83811786289999901, 4.773454040559999889, 102.4942682169999983 ) ) ;
#3462 = DIRECTION ( 'NONE',  ( 1.000000000000000000, 0.000000000000000000, 0.000000000000000000 ) ) ;
#3463 = CARTESIAN_POINT ( 'NONE',  ( 121.3000000000000114, -29.07647131118174144, 145.0553894039518639 ) ) ;
#3464 = CARTESIAN_POINT ( 'NONE',  ( 0.000000000000000000, 1.172395513999999869E-13, 7.620000000000000107 ) ) ;
#3465 = ADVANCED_FACE ( 'NONE', ( #4606 ), #1998, .F. ) ;
#3466 = DIRECTION ( 'NONE',  ( 0.000000000000000000, 0.000000000000000000, -1.000000000000000000 ) ) ;
#3467 = VERTEX_POINT ( 'NONE', #3073 ) ;
#3468 = CARTESIAN_POINT ( 'NONE',  ( 24.00000000000000000, 17.52599999999999980, 71.88200000000000500 ) ) ;
#3469 = DIRECTION ( 'NONE',  ( 0.000000000000000000, 4.858411868450000195E-16, 1.000000000000000000 ) ) ;
#3470 = CARTESIAN_POINT ( 'NONE',  ( 2.145130012006847053, 72.78880086472453570, 63.71116448500915652 ) ) ;
#3471 = CARTESIAN_POINT ( 'NONE',  ( 121.2999999999999829, -34.07291643223634026, 98.56721889053754637 ) ) ;
#3472 = EDGE_LOOP ( 'NONE', ( #2771, #3441, #4471, #1986, #472, #2407, #1048, #2885, #3797, #4766, #1408, #3910 ) ) ;
#3473 = ORIENTED_EDGE ( 'NONE', *, *, #1444, .F. ) ;
#3474 = LINE ( 'NONE', #1293, #69 ) ;
#3475 = FACE_OUTER_BOUND ( 'NONE', #3675, .T. ) ;
#3476 = CARTESIAN_POINT ( 'NONE',  ( -9.996273696959999455, 29.45148673799999983, 91.49426821710001434 ) ) ;
#3477 = CARTESIAN_POINT ( 'NONE',  ( -30.83811786289999901, -4.773454040559999889, 102.4942682169999983 ) ) ;
#3478 = ORIENTED_EDGE ( 'NONE', *, *, #1619, .T. ) ;
#3479 = VERTEX_POINT ( 'NONE', #2291 ) ;
#3480 = CARTESIAN_POINT ( 'NONE',  ( -10.94110130409844572, 63.13696836377244637, 73.36303188683584153 ) ) ;
#3481 = EDGE_CURVE ( 'NONE', #3684, #4811, #3483, .T. ) ;
#3482 = ORIENTED_EDGE ( 'NONE', *, *, #2356, .T. ) ;
#3483 = LINE ( 'NONE', #4552, #2879 ) ;
#3484 = CARTESIAN_POINT ( 'NONE',  ( 121.2999999999999972, -32.69545132563668233, 143.3675819193131815 ) ) ;
#3485 = DIRECTION ( 'NONE',  ( 1.000000000000000000, 0.000000000000000000, 0.000000000000000000 ) ) ;
#3486 = CARTESIAN_POINT ( 'NONE',  ( 118.3000000000000114, 27.69730146292568307, 94.83247011019450667 ) ) ;
#3487 = EDGE_CURVE ( 'NONE', #96, #142, #131, .T. ) ;
#3488 = ORIENTED_EDGE ( 'NONE', *, *, #4078, .F. ) ;
#3489 = CARTESIAN_POINT ( 'NONE',  ( 118.2999999999999972, 31.70675659180000139, 145.0553894040000102 ) ) ;
#3490 = EDGE_LOOP ( 'NONE', ( #3428, #1141, #4213, #4459 ) ) ;
#3491 = CARTESIAN_POINT ( 'NONE',  ( -16.80482397919999826, 30.76102395939999923, 103.8860000000000099 ) ) ;
#3492 = DIRECTION ( 'NONE',  ( 0.000000000000000000, 0.000000000000000000, -1.000000000000000000 ) ) ;
#3493 = DIRECTION ( 'NONE',  ( 1.000000000000000000, 0.000000000000000000, 0.000000000000000000 ) ) ;
#3494 = EDGE_LOOP ( 'NONE', ( #86, #1613, #4467, #2489 ) ) ;
#3495 = EDGE_CURVE ( 'NONE', #1897, #929, #841, .T. ) ;
#3496 = VERTEX_POINT ( 'NONE', #893 ) ;
#3497 = ORIENTED_EDGE ( 'NONE', *, *, #707, .F. ) ;
#3498 = DIRECTION ( 'NONE',  ( 1.000000000000000000, 0.000000000000000000, 0.000000000000000000 ) ) ;
#3499 = VECTOR ( 'NONE', #4499, 1000.000000000000000 ) ;
#3500 = DIRECTION ( 'NONE',  ( 0.000000000000000000, 0.000000000000000000, -1.000000000000000000 ) ) ;
#3501 = CARTESIAN_POINT ( 'NONE',  ( -30.83811786289999901, 3.197442310919999608E-14, 91.49426821710001434 ) ) ;
#3502 = CARTESIAN_POINT ( 'NONE',  ( 24.00000000000000000, -17.52599999999999980, 71.88200000000000500 ) ) ;
#3503 = EDGE_CURVE ( 'NONE', #171, #2636, #1795, .T. ) ;
#3504 = ORIENTED_EDGE ( 'NONE', *, *, #4033, .T. ) ;
#3505 = CARTESIAN_POINT ( 'NONE',  ( -13.76004174070000019, 25.18758745649999753, 159.8856550749999883 ) ) ;
#3506 = CARTESIAN_POINT ( 'NONE',  ( -10.94650087239430292, 63.08431553975095341, 73.41568707477067335 ) ) ;
#3507 = EDGE_LOOP ( 'NONE', ( #3816, #3999, #3325, #4790 ) ) ;
#3508 = EDGE_CURVE ( 'NONE', #1468, #4347, #1152, .T. ) ;
#3509 = CARTESIAN_POINT ( 'NONE',  ( 4.314829847440000421, 54.10175694299999805, 114.8923048449999982 ) ) ;
#3510 = COORDINATED_UNIVERSAL_TIME_OFFSET ( 7, 0, .BEHIND. ) ;
#3511 = CARTESIAN_POINT ( 'NONE',  ( 16.80482397919999826, -30.76102395939999923, 97.53600000000000136 ) ) ;
#3512 = CARTESIAN_POINT ( 'NONE',  ( 48.00000000000000000, 16.00199999999999889, 9.144000000000000128 ) ) ;
#3513 = AXIS2_PLACEMENT_3D ( 'NONE', #4128, #402, #1455 ) ;
#3514 = EDGE_CURVE ( 'NONE', #534, #3041, #2097, .T. ) ;
#3515 = ORIENTED_EDGE ( 'NONE', *, *, #1676, .T. ) ;
#3516 = CARTESIAN_POINT ( 'NONE',  ( 116.2999999999999972, -32.38510894779999916, 97.57852415689998793 ) ) ;
#3517 = AXIS2_PLACEMENT_3D ( 'NONE', #1274, #4238, #2769 ) ;
#3518 = CARTESIAN_POINT ( 'NONE',  ( 118.7999999999999972, 31.70675659180000139, 145.0553894040000102 ) ) ;
#3519 = CIRCLE ( 'NONE', #228, 28.70110295070000106 ) ;
#3520 = CYLINDRICAL_SURFACE ( 'NONE', #1682, 44.06899999999999551 ) ;
#3521 = CYLINDRICAL_SURFACE ( 'NONE', #710, 15.00000000000001066 ) ;
#3522 = ORIENTED_EDGE ( 'NONE', *, *, #2214, .T. ) ;
#3523 = ORIENTED_EDGE ( 'NONE', *, *, #4455, .T. ) ;
#3524 = DIRECTION ( 'NONE',  ( 0.000000000000000000, 1.000000000000000000, 0.000000000000000000 ) ) ;
#3525 = LINE ( 'NONE', #954, #3174 ) ;
#3526 = EDGE_CURVE ( 'NONE', #729, #915, #2345, .T. ) ;
#3527 = DIRECTION ( 'NONE',  ( 0.000000000000000000, 1.000000000000000000, 0.000000000000000000 ) ) ;
#3528 = CARTESIAN_POINT ( 'NONE',  ( 0.000000000000000000, 0.000000000000000000, 91.49426821710001434 ) ) ;
#3529 = AXIS2_PLACEMENT_3D ( 'NONE', #4231, #4508, #2328 ) ;
#3530 = ORIENTED_EDGE ( 'NONE', *, *, #3943, .T. ) ;
#3531 = CARTESIAN_POINT ( 'NONE',  ( -0.4493656158450000104, -30.38875224710000111, 151.0521743360000073 ) ) ;
#3532 = CIRCLE ( 'NONE', #1260, 46.00000000000000000 ) ;
#3533 = CARTESIAN_POINT ( 'NONE',  ( -6.933658173670194991, 70.53959801546361064, 65.96041722963667553 ) ) ;
#3534 = B_SPLINE_CURVE_WITH_KNOTS ( 'NONE', 5,
 ( #4469, #1121, #2614, #834, #1543, #4569, #521, #3117, #3898 ),
 .UNSPECIFIED., .F., .F.,
 ( 6, 3, 6 ),
 ( -123.5502291269999944, -96.54136627049999220, -69.53250341419999359 ),
 .UNSPECIFIED. ) ;
#3535 = VERTEX_POINT ( 'NONE', #2396 ) ;
#3536 = CLOSED_SHELL ( 'NONE', ( #587, #1302, #2154, #3792, #295, #3963, #590, #1125, #3848, #3694, #3716, #4077, #1677, #394 ) ) ;
#3537 = DIRECTION ( 'NONE',  ( 1.000000000000000000, 0.000000000000000000, 0.000000000000000000 ) ) ;
#3538 = LINE ( 'NONE', #555, #343 ) ;
#3539 = CARTESIAN_POINT ( 'NONE',  ( 121.3000000000000114, 34.07291643210362508, 97.57852415699056792 ) ) ;
#3540 = CARTESIAN_POINT ( 'NONE',  ( 10.99510601397802745, 61.62580782505906285, 74.87363471033852136 ) ) ;
#3541 = ORIENTED_EDGE ( 'NONE', *, *, #913, .T. ) ;
#3542 = FACE_OUTER_BOUND ( 'NONE', #1840, .T. ) ;
#3543 = PLANE ( 'NONE',  #3009 ) ;
#3544 = FACE_OUTER_BOUND ( 'NONE', #3975, .T. ) ;
#3545 = ORIENTED_EDGE ( 'NONE', *, *, #1280, .T. ) ;
#3546 = FACE_OUTER_BOUND ( 'NONE', #4134, .T. ) ;
#3547 = EDGE_CURVE ( 'NONE', #3805, #3347, #418, .T. ) ;
#3548 = CARTESIAN_POINT ( 'NONE',  ( 68.79999999999999716, -30.38875224710000111, 96.99426821710000013 ) ) ;
#3549 = DIRECTION ( 'NONE',  ( -0.4630895095199519806, 0.8476796612309128731, -0.2588190451029734884 ) ) ;
#3550 = CARTESIAN_POINT ( 'NONE',  ( -16.37664289539999984, 31.20579734180000031, 102.4942682169999983 ) ) ;
#3551 = VERTEX_POINT ( 'NONE', #1626 ) ;
#3552 = FACE_OUTER_BOUND ( 'NONE', #3639, .T. ) ;
#3553 = CARTESIAN_POINT ( 'NONE',  ( -8.286964927633569289, 69.23369191024760028, 67.26630858111805367 ) ) ;
#3554 = CARTESIAN_POINT ( 'NONE',  ( -10.10709344088983208, 66.34127562951357504, 70.15872437215189450 ) ) ;
#3555 = ORIENTED_EDGE ( 'NONE', *, *, #4510, .F. ) ;
#3556 = LINE ( 'NONE', #249, #451 ) ;
#3557 = AXIS2_PLACEMENT_3D ( 'NONE', #3942, #4648, #4278 ) ;
#3558 = CARTESIAN_POINT ( 'NONE',  ( -16.80482397919999826, 30.76102395939999923, 139.1920000000000073 ) ) ;
#3559 = CARTESIAN_POINT ( 'NONE',  ( 121.3000000000000114, 35.01539422832064474, 96.03773871257229189 ) ) ;
#3560 = EDGE_CURVE ( 'NONE', #2235, #388, #4044, .T. ) ;
#3561 = AXIS2_PLACEMENT_3D ( 'NONE', #4831, #4135, #755 ) ;
#3562 = PRODUCT ( 'P106724', 'P106724', '', ( #2673 ) ) ;
#3563 = ADVANCED_FACE ( 'NONE', ( #4524 ), #53, .F. ) ;
#3564 = CARTESIAN_POINT ( 'NONE',  ( 10.93552749626099008, 60.81078240671779156, 75.68921766447984112 ) ) ;
#3565 = DIRECTION ( 'NONE',  ( 0.000000000000000000, 0.000000000000000000, -1.000000000000000000 ) ) ;
#3566 = CARTESIAN_POINT ( 'NONE',  ( 8.025046265433589454, 69.52925610175073246, 66.97070021029493603 ) ) ;
#3567 = CARTESIAN_POINT ( 'NONE',  ( 21.12780406070000083, 38.67418591989999754, 155.1939999999999884 ) ) ;
#3568 = ORIENTED_EDGE ( 'NONE', *, *, #913, .F. ) ;
#3569 = EDGE_CURVE ( 'NONE', #4132, #4695, #4813, .T. ) ;
#3570 = EDGE_CURVE ( 'NONE', #596, #3119, #3123, .T. ) ;
#3571 = FACE_BOUND ( 'NONE', #3027, .T. ) ;
#3572 = CARTESIAN_POINT ( 'NONE',  ( 0.000000000000000000, 0.000000000000000000, 88.00000000000000000 ) ) ;
#3573 = DIRECTION ( 'NONE',  ( 1.000000000000000000, 0.000000000000000000, 0.000000000000000000 ) ) ;
#3574 = CARTESIAN_POINT ( 'NONE',  ( 68.79999999999999716, 30.38875224710000111, 102.4942682169999983 ) ) ;
#3575 = VERTEX_POINT ( 'NONE', #4219 ) ;
#3576 = CARTESIAN_POINT ( 'NONE',  ( 0.000000000000000000, -4.762500000000000178, 54.60999999999999943 ) ) ;
#3577 = AXIS2_PLACEMENT_3D ( 'NONE', #991, #1012, #2491 ) ;
#3578 = CARTESIAN_POINT ( 'NONE',  ( 120.1858349299999986, -34.23662907569296721, 140.7366269317190302 ) ) ;
#3579 = CARTESIAN_POINT ( 'NONE',  ( -7.021618892523700417, 70.46756154898510260, 66.03245089908710952 ) ) ;
#3580 = CARTESIAN_POINT ( 'NONE',  ( -10.93528905206538937, 63.19140880734816790, 73.30859113051482723 ) ) ;
#3581 = VECTOR ( 'NONE', #2376, 1000.000000000000000 ) ;
#3582 = ORIENTED_EDGE ( 'NONE', *, *, #1892, .F. ) ;
#3583 = LINE ( 'NONE', #4265, #1700 ) ;
#3584 = CARTESIAN_POINT ( 'NONE',  ( 120.1858349299999986, -36.02551906371516566, 145.0553894040253340 ) ) ;
#3585 = ADVANCED_FACE ( 'NONE', ( #480 ), #1601, .T. ) ;
#3586 = ADVANCED_FACE ( 'NONE', ( #628 ), #579, .T. ) ;
#3587 = CARTESIAN_POINT ( 'NONE',  ( 120.1858349299999844, 28.06634647577581276, 95.04865167345208476 ) ) ;
#3588 = CARTESIAN_POINT ( 'NONE',  ( 10.99228138516208908, 62.41201514797355543, 74.08798481270541458 ) ) ;
#3589 = DIRECTION ( 'NONE',  ( -0.4794255386042040601, -0.8775825618903719816, 0.000000000000000000 ) ) ;
#3590 = CARTESIAN_POINT ( 'NONE',  ( 10.80211275615087096, 64.07724620662489201, 72.42275204267787103 ) ) ;
#3591 = DIRECTION ( 'NONE',  ( 1.000000000000000000, 0.000000000000000000, 0.000000000000000000 ) ) ;
#3592 = ORIENTED_EDGE ( 'NONE', *, *, #2715, .F. ) ;
#3593 = AXIS2_PLACEMENT_3D ( 'NONE', #3808, #3837, #458 ) ;
#3594 = CARTESIAN_POINT ( 'NONE',  ( 68.79999999999999716, -38.67189004540000496, 140.0521743360000073 ) ) ;
#3595 = CARTESIAN_POINT ( 'NONE',  ( 64.79999999999999716, -34.38875224709999401, 96.99426821710000013 ) ) ;
#3596 = CARTESIAN_POINT ( 'NONE',  ( 5.273680924649999824, 1.421085471519999843E-14, 84.15340818079999963 ) ) ;
#3597 = AXIS2_PLACEMENT_3D ( 'NONE', #2403, #2007, #824 ) ;
#3598 = DIRECTION ( 'NONE',  ( 1.000000000000000000, 0.000000000000000000, 0.000000000000000000 ) ) ;
#3599 = VERTEX_POINT ( 'NONE', #3244 ) ;
#3600 = CARTESIAN_POINT ( 'NONE',  ( 119.2424777960000029, 27.01894910713611964, 135.6797744346158083 ) ) ;
#3601 = EDGE_CURVE ( 'NONE', #4052, #3237, #4634, .T. ) ;
#3602 = DIRECTION ( 'NONE',  ( 0.000000000000000000, 0.000000000000000000, -1.000000000000000000 ) ) ;
#3603 = AXIS2_PLACEMENT_3D ( 'NONE', #3967, #4346, #3598 ) ;
#3604 = CARTESIAN_POINT ( 'NONE',  ( -9.158122618418010674, 68.10100707206609627, 68.39899317458103667 ) ) ;
#3605 = VECTOR ( 'NONE', #2911, 1000.000000000000000 ) ;
#3606 = CARTESIAN_POINT ( 'NONE',  ( -9.869992509121640722, 57.14335371812498465, 79.35667700321016582 ) ) ;
#3607 = ORIENTED_EDGE ( 'NONE', *, *, #2544, .F. ) ;
#3608 = ORIENTED_EDGE ( 'NONE', *, *, #3410, .T. ) ;
#3609 = AXIS2_PLACEMENT_3D ( 'NONE', #713, #2211, #3719 ) ;
#3610 = VECTOR ( 'NONE', #110, 1000.000000000000000 ) ;
#3611 = CARTESIAN_POINT ( 'NONE',  ( 48.00000000000000000, 8.000999999999999446, 7.620000000000000107 ) ) ;
#3612 = CARTESIAN_POINT ( 'NONE',  ( -0.7490549693037501511, 51.01916589103591804, 85.48088963405537299 ) ) ;
#3613 = CARTESIAN_POINT ( 'NONE',  ( -30.83811786289999901, 3.108624468949999707E-14, 102.4942682169999983 ) ) ;
#3614 = AXIS2_PLACEMENT_3D ( 'NONE', #4308, #4214, #2748 ) ;
#3615 = CARTESIAN_POINT ( 'NONE',  ( 10.81536947232032908, 64.00693444564888068, 72.49303529583741579 ) ) ;
#3616 = CARTESIAN_POINT ( 'NONE',  ( 4.466911341346724740, 51.93792946758834006, 84.56208182970051723 ) ) ;
#3617 = CARTESIAN_POINT ( 'NONE',  ( 10.76446929454710322, 64.26614261472246881, 72.23383575955115532 ) ) ;
#3618 = DIRECTION ( 'NONE',  ( 5.435777544242919772E-29, 4.858411868449010174E-16, 1.000000000000000000 ) ) ;
#3619 = ORIENTED_EDGE ( 'NONE', *, *, #4783, .F. ) ;
#3620 = FACE_BOUND ( 'NONE', #4235, .T. ) ;
#3621 = FACE_OUTER_BOUND ( 'NONE', #318, .T. ) ;
#3622 = DIRECTION ( 'NONE',  ( 0.000000000000000000, 0.000000000000000000, -1.000000000000000000 ) ) ;
#3623 = CARTESIAN_POINT ( 'NONE',  ( -25.51586812609999910, 25.06650251020000297, 102.4942682169999983 ) ) ;
#3624 = EDGE_LOOP ( 'NONE', ( #1791, #2467 ) ) ;
#3625 = LINE ( 'NONE', #3647, #906 ) ;
#3626 = DIRECTION ( 'NONE',  ( 1.000000000000000000, 0.000000000000000000, 0.000000000000000000 ) ) ;
#3627 = CARTESIAN_POINT ( 'NONE',  ( -10.05384834202711097, 66.46349578834499994, 70.03651876360575557 ) ) ;
#3628 = VERTEX_POINT ( 'NONE', #653 ) ;
#3629 = ORIENTED_EDGE ( 'NONE', *, *, #2302, .F. ) ;
#3630 = EDGE_CURVE ( 'NONE', #524, #3296, #2418, .T. ) ;
#3631 = CARTESIAN_POINT ( 'NONE',  ( 64.79999999999999716, 36.53032114620000215, 151.0521743360000073 ) ) ;
#3632 = CARTESIAN_POINT ( 'NONE',  ( -2.145130011573895157, 51.21119913520433897, 85.28883551507709626 ) ) ;
#3633 = CIRCLE ( 'NONE', #595, 35.05199999999999960 ) ;
#3634 = CARTESIAN_POINT ( 'NONE',  ( 10.99549213927517322, 62.31699245725240388, 74.18299286963195982 ) ) ;
#3635 = DIRECTION ( 'NONE',  ( 0.000000000000000000, -1.000000000000000000, 0.000000000000000000 ) ) ;
#3636 = CARTESIAN_POINT ( 'NONE',  ( 10.97857164321548495, 62.69400618073257903, 73.80594332431330429 ) ) ;
#3637 = EDGE_CURVE ( 'NONE', #1769, #171, #3556, .T. ) ;
#3638 = DIRECTION ( 'NONE',  ( -1.000000000000000000, 0.000000000000000000, 0.000000000000000000 ) ) ;
#3639 = EDGE_LOOP ( 'NONE', ( #1467, #1118, #4255, #4395 ) ) ;
#3640 = DIRECTION ( 'NONE',  ( 1.000000000000000000, 0.000000000000000000, 0.000000000000000000 ) ) ;
#3641 = AXIS2_PLACEMENT_3D ( 'NONE', #439, #2459, #1368 ) ;
#3642 = CARTESIAN_POINT ( 'NONE',  ( 121.3000000000000114, 29.75482366726422967, 97.57852415692427428 ) ) ;
#3643 = CARTESIAN_POINT ( 'NONE',  ( 120.1858349299999986, -36.70387142011609427, 100.1083966405211640 ) ) ;
#3644 = EDGE_CURVE ( 'NONE', #2235, #4564, #2716, .T. ) ;
#3645 = CARTESIAN_POINT ( 'NONE',  ( -33.77748229880000252, 10.80354514260000087, 91.49426821710000013 ) ) ;
#3646 = ORIENTED_EDGE ( 'NONE', *, *, #1399, .F. ) ;
#3647 = CARTESIAN_POINT ( 'NONE',  ( 117.2999999999999972, 27.01894910739999744, 145.0553894040000102 ) ) ;
#3648 = CARTESIAN_POINT ( 'NONE',  ( 0.000000000000000000, 16.00199999999999889, 73.40600000000000591 ) ) ;
#3649 = CARTESIAN_POINT ( 'NONE',  ( -9.849349260061027067, 66.90040120376340838, 69.59984556864766603 ) ) ;
#3650 = EDGE_LOOP ( 'NONE', ( #2660, #2796, #883, #897 ) ) ;
#3651 = VECTOR ( 'NONE', #3807, 1000.000000000000000 ) ;
#3652 = ORIENTED_EDGE ( 'NONE', *, *, #212, .F. ) ;
#3653 = LINE ( 'NONE', #3631, #2175 ) ;
#3654 = AXIS2_PLACEMENT_3D ( 'NONE', #3264, #2167, #3376 ) ;
#3655 = DIRECTION ( 'NONE',  ( 1.000000000000000000, 0.000000000000000000, 0.000000000000000000 ) ) ;
#3656 = MANIFOLD_SOLID_BREP ( 'PartBody', #4540 ) ;
#3657 = EDGE_CURVE ( 'NONE', #319, #3347, #922, .T. ) ;
#3658 = CARTESIAN_POINT ( 'NONE',  ( 7.778555045081242625, 69.77833493926604547, 66.72170956047820312 ) ) ;
#3659 = CYLINDRICAL_SURFACE ( 'NONE', #4062, 44.06899999999999551 ) ;
#3660 = CARTESIAN_POINT ( 'NONE',  ( 9.481642746657799492, 67.57998410733856076, 68.91997958055041806 ) ) ;
#3661 = LINE ( 'NONE', #1824, #2582 ) ;
#3662 = ORIENTED_EDGE ( 'NONE', *, *, #3232, .T. ) ;
#3663 = LINE ( 'NONE', #2605, #611 ) ;
#3664 = CARTESIAN_POINT ( 'NONE',  ( 24.00000000000000000, -16.00199999999999889, 71.88200000000000500 ) ) ;
#3665 = FACE_OUTER_BOUND ( 'NONE', #1648, .T. ) ;
#3666 = CARTESIAN_POINT ( 'NONE',  ( 118.2999999999999972, -29.63905490117171482, 102.2663316412809564 ) ) ;
#3667 = DIRECTION ( 'NONE',  ( 1.000000000000000000, 0.000000000000000000, 0.000000000000000000 ) ) ;
#3668 = CIRCLE ( 'NONE', #1159, 25.50000000000000000 ) ;
#3669 = ORIENTED_EDGE ( 'NONE', *, *, #1684, .T. ) ;
#3670 = EDGE_CURVE ( 'NONE', #2853, #437, #198, .T. ) ;
#3671 = DIRECTION ( 'NONE',  ( 1.000000000000000000, 0.000000000000000000, 0.000000000000000000 ) ) ;
#3672 = CIRCLE ( 'NONE', #4754, 4.762500000000000178 ) ;
#3673 = DIRECTION ( 'NONE',  ( 1.776356839400000001E-15, -1.000000000000000000, 0.000000000000000000 ) ) ;
#3674 = ADVANCED_FACE ( 'NONE', ( #1331, #3931 ), #1377, .F. ) ;
#3675 = EDGE_LOOP ( 'NONE', ( #3122, #706 ) ) ;
#3676 = ORIENTED_EDGE ( 'NONE', *, *, #4009, .F. ) ;
#3677 = AXIS2_PLACEMENT_3D ( 'NONE', #4187, #470, #3093 ) ;
#3678 = CARTESIAN_POINT ( 'NONE',  ( -7.396688929769724474, 53.85749033778051142, 82.64252129227278942 ) ) ;
#3679 = CIRCLE ( 'NONE', #1573, 4.687807484369997724 ) ;
#3680 = CARTESIAN_POINT ( 'NONE',  ( 4.370842637643742812, 72.09437598936959546, 64.40557739591862685 ) ) ;
#3681 = CARTESIAN_POINT ( 'NONE',  ( -22.60020519879999767, -22.15083958299999622, 91.49426821710000013 ) ) ;
#3682 = CARTESIAN_POINT ( 'NONE',  ( 10.15221722398405468, 57.76511463474399477, 78.73489009055460031 ) ) ;
#3683 = DIRECTION ( 'NONE',  ( 0.000000000000000000, 1.000000000000000000, 0.000000000000000000 ) ) ;
#3684 = VERTEX_POINT ( 'NONE', #1011 ) ;
#3685 = CARTESIAN_POINT ( 'NONE',  ( -25.51586812609999910, -25.06650251020000297, 102.4942682169999983 ) ) ;
#3686 = EDGE_CURVE ( 'NONE', #3628, #4282, #616, .T. ) ;
#3687 = FACE_OUTER_BOUND ( 'NONE', #1214, .T. ) ;
#3688 = DIRECTION ( 'NONE',  ( 0.000000000000000000, 0.000000000000000000, -1.000000000000000000 ) ) ;
#3689 = EDGE_CURVE ( 'NONE', #1124, #3296, #1132, .T. ) ;
#3690 = CARTESIAN_POINT ( 'NONE',  ( 68.79999999999999716, 30.38875224710000111, 158.0521743360000073 ) ) ;
#3691 = DIRECTION ( 'NONE',  ( -0.000000000000000000, 1.000000000000000000, 0.000000000000000000 ) ) ;
#3692 = ORIENTED_EDGE ( 'NONE', *, *, #4531, .F. ) ;
#3693 = ORIENTED_EDGE ( 'NONE', *, *, #2473, .T. ) ;
#3694 = ADVANCED_FACE ( 'NONE', ( #4288 ), #1281, .F. ) ;
#3695 = MANIFOLD_SOLID_BREP ( 'Body.3', #4006 ) ;
#3696 = DIRECTION ( 'NONE',  ( 0.000000000000000000, 4.858411868450000195E-16, 1.000000000000000000 ) ) ;
#3697 = DIRECTION ( 'NONE',  ( 0.000000000000000000, 0.000000000000000000, -1.000000000000000000 ) ) ;
#3698 = CARTESIAN_POINT ( 'NONE',  ( -16.80482397919999826, 30.76102395939999923, 107.1880000000000024 ) ) ;
#3699 = EDGE_LOOP ( 'NONE', ( #1979, #1763 ) ) ;
#3700 = EDGE_LOOP ( 'NONE', ( #4408, #1206, #1004, #4620, #903 ) ) ;
#3701 = CARTESIAN_POINT ( 'NONE',  ( -9.368018172601015436, 56.23280515765630128, 80.26724433005327342 ) ) ;
#3702 = FACE_OUTER_BOUND ( 'NONE', #2618, .T. ) ;
#3703 = CARTESIAN_POINT ( 'NONE',  ( -33.77748229880000252, -10.80354514260000087, 91.49426821710001434 ) ) ;
#3704 = CARTESIAN_POINT ( 'NONE',  ( 7.834072809989052644, 54.27190301566155739, 82.22813370042530323 ) ) ;
#3705 = EDGE_CURVE ( 'NONE', #746, #4232, #3583, .T. ) ;
#3706 = CARTESIAN_POINT ( 'NONE',  ( 0.000000000000000000, 0.000000000000000000, 176.0000000000000000 ) ) ;
#3707 = ORIENTED_EDGE ( 'NONE', *, *, #614, .F. ) ;
#3708 = CARTESIAN_POINT ( 'NONE',  ( -34.83811786289999901, 3.325363952429999698E-14, 102.4942682169999983 ) ) ;
#3709 = FACE_OUTER_BOUND ( 'NONE', #190, .T. ) ;
#3710 = DESIGN_CONTEXT ( 'detailed design', #2837, 'design' ) ;
#3711 = FACE_OUTER_BOUND ( 'NONE', #4493, .T. ) ;
#3712 = CYLINDRICAL_SURFACE ( 'NONE', #1727, 30.38875224710000111 ) ;
#3713 = DIRECTION ( 'NONE',  ( -3.601961136348409390E-18, 4.924345324791709848E-16, 1.000000000000000000 ) ) ;
#3714 = EDGE_CURVE ( 'NONE', #4564, #588, #843, .T. ) ;
#3715 = ORIENTED_EDGE ( 'NONE', *, *, #2147, .F. ) ;
#3716 = ADVANCED_FACE ( 'NONE', ( #4656 ), #1357, .F. ) ;
#3717 = DIRECTION ( 'NONE',  ( 0.000000000000000000, 0.000000000000000000, -1.000000000000000000 ) ) ;
#3718 = DIRECTION ( 'NONE',  ( 1.000000000000000000, 0.000000000000000000, 0.000000000000000000 ) ) ;
#3719 = DIRECTION ( 'NONE',  ( 1.000000000000000000, 0.000000000000000000, 0.000000000000000000 ) ) ;
#3720 = VERTEX_POINT ( 'NONE', #3953 ) ;
#3721 = EDGE_LOOP ( 'NONE', ( #165, #3582, #3497, #1833 ) ) ;
#3722 = CARTESIAN_POINT ( 'NONE',  ( -10.47813306614143514, 58.64299063492757114, 77.85700910429898158 ) ) ;
#3723 = CARTESIAN_POINT ( 'NONE',  ( 0.000000000000000000, 36.50000000000000000, 74.50000000000000000 ) ) ;
#3724 = DIRECTION ( 'NONE',  ( -1.000000000000000000, 1.224646799149999836E-16, 0.000000000000000000 ) ) ;
#3725 = CARTESIAN_POINT ( 'NONE',  ( -0.4493656158450000104, 3.422993009330000670E-17, 151.0521743360000073 ) ) ;
#3726 = VECTOR ( 'NONE', #1798, 1000.000000000000000 ) ;
#3727 = CARTESIAN_POINT ( 'NONE',  ( 10.11475538269697516, 57.67660032229144917, 78.82339996909894353 ) ) ;
#3728 = EDGE_CURVE ( 'NONE', #2760, #1904, #3222, .T. ) ;
#3729 = DIRECTION ( 'NONE',  ( 1.000000000000000000, 0.000000000000000000, 0.000000000000000000 ) ) ;
#3730 = MANIFOLD_SOLID_BREP ( 'Body.2', #3536 ) ;
#3731 = ORIENTED_EDGE ( 'NONE', *, *, #4009, .T. ) ;
#3732 = CARTESIAN_POINT ( 'NONE',  ( -2.978970414961321200, 72.58926361462621912, 63.91080756995987144 ) ) ;
#3733 = DIRECTION ( 'NONE',  ( 0.000000000000000000, 0.000000000000000000, 1.000000000000000000 ) ) ;
#3734 = CARTESIAN_POINT ( 'NONE',  ( 24.00000000000000000, -16.00199999999999889, 9.144000000000000128 ) ) ;
#3735 = CARTESIAN_POINT ( 'NONE',  ( 120.1858349299999986, -29.85523646414213061, 101.8972866291945962 ) ) ;
#3736 = LINE ( 'NONE', #2982, #4448 ) ;
#3737 = ORIENTED_EDGE ( 'NONE', *, *, #2833, .T. ) ;
#3738 = CARTESIAN_POINT ( 'NONE',  ( -30.83811786289999901, 3.197442310919999608E-14, 91.49426821710001434 ) ) ;
#3739 = CARTESIAN_POINT ( 'NONE',  ( -2.220446049249999755E-16, 51.00000000000000000, 85.50000000000000000 ) ) ;
#3740 = CARTESIAN_POINT ( 'NONE',  ( -4.317662556629872306, 51.88279057432426100, 84.61725470217348288 ) ) ;
#3741 = VECTOR ( 'NONE', #3964, 1000.000000000000000 ) ;
#3742 = DIRECTION ( 'NONE',  ( 0.000000000000000000, 0.000000000000000000, 1.000000000000000000 ) ) ;
#3743 = EDGE_LOOP ( 'NONE', ( #3608, #2772, #2604, #1062 ) ) ;
#3744 = ORIENTED_EDGE ( 'NONE', *, *, #320, .F. ) ;
#3745 = AXIS2_PLACEMENT_3D ( 'NONE', #4560, #849, #2325 ) ;
#3746 = CARTESIAN_POINT ( 'NONE',  ( -7.184489448503857290, 53.66761071477263556, 82.83242225086455335 ) ) ;
#3747 = CARTESIAN_POINT ( 'NONE',  ( 121.3000000000000114, 34.33704187216113723, 145.0553894039868510 ) ) ;
#3748 = CARTESIAN_POINT ( 'NONE',  ( 7.108021758816240876, 70.42319611475049612, 66.07680153001145129 ) ) ;
#3749 = DIRECTION ( 'NONE',  ( 0.000000000000000000, -1.000000000000000000, 0.000000000000000000 ) ) ;
#3750 = CARTESIAN_POINT ( 'NONE',  ( 8.052620381820812412, 54.49950371041828845, 82.00049282273629103 ) ) ;
#3751 = AXIS2_PLACEMENT_3D ( 'NONE', #2658, #801, #3422 ) ;
#3752 = DIRECTION ( 'NONE',  ( 0.000000000000000000, -1.000000000000000000, 0.000000000000000000 ) ) ;
#3753 = VECTOR ( 'NONE', #2481, 1000.000000000000000 ) ;
#3754 = ORIENTED_EDGE ( 'NONE', *, *, #945, .F. ) ;
#3755 = APPROVAL ( #990, 'UNSPECIFIED' ) ;
#3756 = FACE_OUTER_BOUND ( 'NONE', #4479, .T. ) ;
#3757 = CYLINDRICAL_SURFACE ( 'NONE', #4138, 4.687807484369997724 ) ;
#3758 = AXIS2_PLACEMENT_3D ( 'NONE', #795, #1505, #2999 ) ;
#3759 = CARTESIAN_POINT ( 'NONE',  ( 0.000000000000000000, 0.000000000000000000, 88.00000000000000000 ) ) ;
#3760 = B_SPLINE_CURVE_WITH_KNOTS ( 'NONE', 3,
 ( #4120, #788, #477, #2314, #417, #2260, #28, #1600, #3460, #1524, #4498, #1550, #3406, #52, #2670, #4168, #3259, #2528, #1693, #3649, #2874, #1301, #3627, #937, #4699, #4743, #2800, #3554, #289, #3998, #650, #668, #267, #4310, #3241, #4352, #2851, #1767, #4721, #1354, #1007, #1790, #3580, #2442, #4021, #2164, #2508, #4286, #3951, #1396, #2143, #1328, #2067, #195, #600, #2894, #4376, #4330, #1033, #3283, #3927, #219, #577, #986, #1374, #3972, #3189, #4674, #2824, #962, #2466, #2089, #2487, #1717, #624, #3217, #2115, #3606, #246, #1744, #385, #4114, #1908, #1420, #781, #3379, #1099, #4398, #756, #2936, #2594, #1074, #3329, #23, #2210, #1440, #2639, #1052, #1885, #2283, #4091, #2917, #3768, #1518, #731, #2548, #2255, #3012, #4807, #3740, #2569, #711, #4490 ),
 .UNSPECIFIED., .F., .F.,
 ( 4, 2, 2, 1, 1, 1, 1, 1, 2, 2, 2, 2, 2, 1, 1, 1, 1, 2, 2, 2, 2, 2, 1, 1, 1, 1, 1, 1, 2, 2, 2, 2, 2, 1, 1, 1, 1, 2, 2, 2, 2, 1, 1, 1, 1, 1, 2, 2, 2, 2, 2, 1, 1, 1, 1, 2, 2, 2, 2, 1, 1, 1, 1, 1, 2, 2, 2, 2, 1, 1, 1, 1, 2, 2, 4 ),
 ( 0.000000000000000000, 0.06249999999913605220, 0.09374999999870407830, 0.1093749999984886950, 0.1171874999983807258, 0.1210937499983266996, 0.1230468749982993742, 0.1240234374982856907, 0.1245117187482787935, 0.1249999999982719101, 0.1874999999974216180, 0.2187499999969960973, 0.2343749999967837117, 0.2421874999966771580, 0.2460937499966242281, 0.2480468749965981379, 0.2490234374965850650, 0.2495117187465788755, 0.2499999999965726860, 0.3124999999958465446, 0.3437499999954835572, 0.3593749999953020358, 0.3671874999952116081, 0.3710937499951667551, 0.3730468749951446061, 0.3740234374951332263, 0.3745117187451282303, 0.3747558593701260654, 0.3748779296826252883, 0.3749999999951245666, 0.4062499999953776419, 0.4218749999955045960, 0.4296874999955679342, 0.4335937499955998531, 0.4355468749956161179, 0.4365234374956242225, 0.4370117187456283858, 0.4372558593706302177, 0.4374999999956320496, 0.4687499999958719687, 0.4843749999959920949, 0.4921874999960526020, 0.4960937499960831332, 0.4980468749960983432, 0.4990234374961052266, 0.4995117187461089459, 0.4997558593711107777, 0.4999999999961126651, 0.5624999999965750730, 0.5937499999968062214, 0.6093749999969219067, 0.6171874999969794162, 0.6210937499970080600, 0.6230468749970228259, 0.6240234374970301534, 0.6245117187470342612, 0.6249999999970383691, 0.6874999999975753839, 0.7187499999978440579, 0.7343749999979779508, 0.7421874999980450083, 0.7460937499980782039, 0.7480468749980954124, 0.7490234374981035170, 0.7495117187481072918, 0.7499999999981110665, 0.8124999999985703658, 0.8437499999987998489, 0.8593749999989145349, 0.8671874999989717114, 0.8710937499989999111, 0.8730468749990142330, 0.8740234374990215604, 0.8749999999990288879, 1.000000000000000000 ),
 .UNSPECIFIED. ) ;
#3761 = CARTESIAN_POINT ( 'NONE',  ( 0.000000000000000000, -17.52599999999999980, 40.51299999999999812 ) ) ;
#3762 = CARTESIAN_POINT ( 'NONE',  ( 0.000000000000000000, 0.000000000000000000, 107.1880000000000024 ) ) ;
#3763 = EDGE_LOOP ( 'NONE', ( #2249, #4647, #4198, #665 ) ) ;
#3764 = VERTEX_POINT ( 'NONE', #271 ) ;
#3765 = VECTOR ( 'NONE', #3072, 1000.000000000000000 ) ;
#3766 = CYLINDRICAL_SURFACE ( 'NONE', #3127, 8.500000000000000000 ) ;
#3767 = DIRECTION ( 'NONE',  ( 0.000000000000000000, 0.000000000000000000, -1.000000000000000000 ) ) ;
#3768 = CARTESIAN_POINT ( 'NONE',  ( -5.032519207845559173, 52.21735920724751878, 84.28242131638850765 ) ) ;
#3769 = LINE ( 'NONE', #1837, #1258 ) ;
#3770 = ORIENTED_EDGE ( 'NONE', *, *, #4180, .F. ) ;
#3771 = VERTEX_POINT ( 'NONE', #2305 ) ;
#3772 = CARTESIAN_POINT ( 'NONE',  ( -9.135975430643952677, 55.86674248226234596, 80.63330575705542458 ) ) ;
#3773 = DIRECTION ( 'NONE',  ( 1.000000000000000000, 0.000000000000000000, 0.000000000000000000 ) ) ;
#3774 = EDGE_CURVE ( 'NONE', #3479, #1748, #1166, .T. ) ;
#3775 = CARTESIAN_POINT ( 'NONE',  ( -30.83811786289999901, 3.197442310919999608E-14, 102.4942682169999983 ) ) ;
#3776 = CARTESIAN_POINT ( 'NONE',  ( 118.2999999999999972, 27.69730146339999877, 97.57852415689998793 ) ) ;
#3777 = CARTESIAN_POINT ( 'NONE',  ( 121.3000000000000114, -34.33704187241826133, 145.0553894041121339 ) ) ;
#3778 = CARTESIAN_POINT ( 'NONE',  ( 9.329446613192866167, 56.17235117013795076, 80.32764935133279494 ) ) ;
#3779 = CARTESIAN_POINT ( 'NONE',  ( -16.80482397919999826, 30.76102395939999923, 97.53600000000000136 ) ) ;
#3780 = ORIENTED_EDGE ( 'NONE', *, *, #3569, .T. ) ;
#3781 = CARTESIAN_POINT ( 'NONE',  ( 16.80482397919999826, -30.76102395939999923, 151.8919999999999959 ) ) ;
#3782 = DIRECTION ( 'NONE',  ( 0.000000000000000000, 0.000000000000000000, -1.000000000000000000 ) ) ;
#3783 = CARTESIAN_POINT ( 'NONE',  ( 8.500000000000000000, 62.00000000000000000, 95.00000000000000000 ) ) ;
#3784 = DIRECTION ( 'NONE',  ( 0.000000000000000000, 0.000000000000000000, -1.000000000000000000 ) ) ;
#3785 = EDGE_LOOP ( 'NONE', ( #4032, #3707, #12, #3530, #853 ) ) ;
#3786 = PLANE ( 'NONE',  #2277 ) ;
#3787 = VERTEX_POINT ( 'NONE', #4133 ) ;
#3788 = FACE_OUTER_BOUND ( 'NONE', #4584, .T. ) ;
#3789 = AXIS2_PLACEMENT_3D ( 'NONE', #2274, #1187, #3321 ) ;
#3790 = VERTEX_POINT ( 'NONE', #1771 ) ;
#3791 = DIRECTION ( 'NONE',  ( 0.000000000000000000, 4.858411868450000195E-16, 1.000000000000000000 ) ) ;
#3792 = ADVANCED_FACE ( 'NONE', ( #4541 ), #1191, .T. ) ;
#3793 = PLANE ( 'NONE',  #3641 ) ;
#3794 = LINE ( 'NONE', #4239, #1883 ) ;
#3795 = VECTOR ( 'NONE', #2433, 1000.000000000000000 ) ;
#3796 = ORIENTED_EDGE ( 'NONE', *, *, #3407, .F. ) ;
#3797 = ORIENTED_EDGE ( 'NONE', *, *, #1447, .F. ) ;
#3798 = CARTESIAN_POINT ( 'NONE',  ( -10.85250927706913870, 60.19252980920623486, 76.30747021811049535 ) ) ;
#3799 = LINE ( 'NONE', #1501, #2288 ) ;
#3800 = DIRECTION ( 'NONE',  ( 1.000000000000000000, 0.000000000000000000, 0.000000000000000000 ) ) ;
#3801 = APPROVAL_DATE_TIME ( #1917, #2749 ) ;
#3802 = CARTESIAN_POINT ( 'NONE',  ( 24.00000000000000000, 16.00199999999999889, 9.144000000000000128 ) ) ;
#3803 = CARTESIAN_POINT ( 'NONE',  ( 121.2999999999999972, 33.39456407548807704, 145.0553894039999818 ) ) ;
#3804 = CYLINDRICAL_SURFACE ( 'NONE', #83, 34.38875224709999401 ) ;
#3805 = VERTEX_POINT ( 'NONE', #779 ) ;
#3806 = VECTOR ( 'NONE', #3864, 1000.000000000000000 ) ;
#3807 = DIRECTION ( 'NONE',  ( 0.000000000000000000, 0.000000000000000000, -1.000000000000000000 ) ) ;
#3808 = CARTESIAN_POINT ( 'NONE',  ( 48.00000000000000000, 1.705302565819999782E-13, 35.05199999999999960 ) ) ;
#3809 = EDGE_CURVE ( 'NONE', #360, #2018, #4746, .T. ) ;
#3810 = CARTESIAN_POINT ( 'NONE',  ( 118.2999999999999972, -32.38510894779999916, 97.57852415689998793 ) ) ;
#3811 = VECTOR ( 'NONE', #2447, 1000.000000000000000 ) ;
#3812 = DIRECTION ( 'NONE',  ( 1.000000000000000000, 1.776356839400000001E-15, 0.000000000000000000 ) ) ;
#3813 = ORIENTED_EDGE ( 'NONE', *, *, #2041, .T. ) ;
#3814 = ORIENTED_EDGE ( 'NONE', *, *, #366, .F. ) ;
#3815 = DIRECTION ( 'NONE',  ( -1.000000000000000000, 0.000000000000000000, 0.000000000000000000 ) ) ;
#3816 = ORIENTED_EDGE ( 'NONE', *, *, #2968, .F. ) ;
#3817 = DIRECTION ( 'NONE',  ( 0.000000000000000000, 0.000000000000000000, 1.000000000000000000 ) ) ;
#3818 = AXIS2_PLACEMENT_3D ( 'NONE', #4211, #3851, #806 ) ;
#3819 = FACE_OUTER_BOUND ( 'NONE', #1146, .T. ) ;
#3820 = PLANE ( 'NONE',  #2900 ) ;
#3821 = ORIENTED_EDGE ( 'NONE', *, *, #2065, .F. ) ;
#3822 = EDGE_LOOP ( 'NONE', ( #1173, #2278 ) ) ;
#3823 = EDGE_CURVE ( 'NONE', #1879, #1910, #1540, .T. ) ;
#3824 = EDGE_CURVE ( 'NONE', #2825, #1294, #3653, .T. ) ;
#3825 = CARTESIAN_POINT ( 'NONE',  ( -10.64491382772002481, 64.77233162645970310, 71.72766830830329354 ) ) ;
#3826 = DIRECTION ( 'NONE',  ( 1.000000000000000000, 0.000000000000000000, 0.000000000000000000 ) ) ;
#3827 = VECTOR ( 'NONE', #3251, 1000.000000000000000 ) ;
#3828 = CARTESIAN_POINT ( 'NONE',  ( 0.000000000000000000, -4.762500000000000178, 44.83100000000000307 ) ) ;
#3829 = CARTESIAN_POINT ( 'NONE',  ( 68.79999999999999716, -30.38875224710000111, 151.0521743360000073 ) ) ;
#3830 = CARTESIAN_POINT ( 'NONE',  ( 121.2999999999999972, -29.07647131120994999, 143.5146039594611409 ) ) ;
#3831 = CARTESIAN_POINT ( 'NONE',  ( 118.2999999999999829, 27.01894910808540828, 145.0553894039977649 ) ) ;
#3832 = AXIS2_PLACEMENT_3D ( 'NONE', #1981, #4587, #4252 ) ;
#3833 = LINE ( 'NONE', #4223, #2905 ) ;
#3834 = EDGE_LOOP ( 'NONE', ( #2819, #3545 ) ) ;
#3835 = APPROVAL_PERSON_ORGANIZATION ( #4635, #2749, #2778 ) ;
#3836 = CARTESIAN_POINT ( 'NONE',  ( 68.79999999999999716, 30.38875224710000111, 91.49426821710001434 ) ) ;
#3837 = DIRECTION ( 'NONE',  ( 1.000000000000000000, 0.000000000000000000, 0.000000000000000000 ) ) ;
#3838 = VECTOR ( 'NONE', #2915, 1000.000000000000000 ) ;
#3839 = DIRECTION ( 'NONE',  ( 1.000000000000000000, 0.000000000000000000, 0.000000000000000000 ) ) ;
#3840 = AXIS2_PLACEMENT_3D ( 'NONE', #3133, #1587, #4562 ) ;
#3841 = CARTESIAN_POINT ( 'NONE',  ( 121.3000000000000114, -32.38510894784305094, 99.26633164130269904 ) ) ;
#3842 = ORIENTED_EDGE ( 'NONE', *, *, #3569, .F. ) ;
#3843 = CIRCLE ( 'NONE', #2201, 46.00000000000000000 ) ;
#3844 = ORIENTED_EDGE ( 'NONE', *, *, #216, .T. ) ;
#3845 = ORIENTED_EDGE ( 'NONE', *, *, #2513, .T. ) ;
#3846 = EDGE_CURVE ( 'NONE', #888, #42, #831, .T. ) ;
#3847 = CARTESIAN_POINT ( 'NONE',  ( -0.4493656158450000104, -30.38875224710000111, 96.99426821710000013 ) ) ;
#3848 = ADVANCED_FACE ( 'NONE', ( #2898 ), #2280, .F. ) ;
#3849 = ORIENTED_EDGE ( 'NONE', *, *, #3866, .T. ) ;
#3850 = CARTESIAN_POINT ( 'NONE',  ( 0.000000000000000000, 0.000000000000000000, 88.00000000000000000 ) ) ;
#3851 = DIRECTION ( 'NONE',  ( 0.000000000000000000, 0.000000000000000000, 1.000000000000000000 ) ) ;
#3852 = DIRECTION ( 'NONE',  ( 0.000000000000000000, 0.000000000000000000, -1.000000000000000000 ) ) ;
#3853 = ORIENTED_EDGE ( 'NONE', *, *, #4089, .F. ) ;
#3854 = EDGE_LOOP ( 'NONE', ( #4590, #1620, #1101, #721 ) ) ;
#3855 = CARTESIAN_POINT ( 'NONE',  ( -10.93824305026277699, 60.82851556576758867, 75.67168507151468759 ) ) ;
#3856 = ADVANCED_FACE ( 'NONE', ( #3788 ), #3766, .F. ) ;
#3857 = ORIENTED_EDGE ( 'NONE', *, *, #1599, .F. ) ;
#3858 = CARTESIAN_POINT ( 'NONE',  ( -22.60020519879999767, 22.15083958299999622, 102.4942682169999983 ) ) ;
#3859 = DATE_AND_TIME ( #2377, #3051 ) ;
#3860 = CARTESIAN_POINT ( 'NONE',  ( 119.2424777960000171, -27.01894910715110854, 142.3093353571400712 ) ) ;
#3861 = CARTESIAN_POINT ( 'NONE',  ( 5.273680924649999824, 52.34659181920000748, 84.15340818079999963 ) ) ;
#3862 = CARTESIAN_POINT ( 'NONE',  ( 64.79999999999999716, 34.38875224709999401, 91.49426821710001434 ) ) ;
#3863 = ORIENTED_EDGE ( 'NONE', *, *, #3560, .F. ) ;
#3864 = DIRECTION ( 'NONE',  ( 1.000000000000000000, 0.000000000000000000, 0.000000000000000000 ) ) ;
#3865 = CARTESIAN_POINT ( 'NONE',  ( 21.12780406070000083, 38.67418591989999754, 89.53499999999999659 ) ) ;
#3866 = EDGE_CURVE ( 'NONE', #2825, #1897, #1881, .T. ) ;
#3867 = CARTESIAN_POINT ( 'NONE',  ( 3.713268156286358312, 72.35702689060157411, 64.14289516877215647 ) ) ;
#3868 = DIRECTION ( 'NONE',  ( 0.000000000000000000, -0.7071067811865475727, -0.7071067811865475727 ) ) ;
#3869 = ORIENTED_EDGE ( 'NONE', *, *, #2140, .F. ) ;
#3870 = LINE ( 'NONE', #3847, #4439 ) ;
#3871 = CARTESIAN_POINT ( 'NONE',  ( 0.000000000000000000, 0.000000000000000000, 121.5389999999999873 ) ) ;
#3872 = EDGE_CURVE ( 'NONE', #3160, #2687, #20, .T. ) ;
#3873 = PLANE ( 'NONE',  #1128 ) ;
#3874 = CARTESIAN_POINT ( 'NONE',  ( 118.2999999999999972, 27.01894910739999744, 145.0553894040000102 ) ) ;
#3875 = EDGE_LOOP ( 'NONE', ( #2368, #1888 ) ) ;
#3876 = ORIENTED_EDGE ( 'NONE', *, *, #3418, .T. ) ;
#3877 = EDGE_CURVE ( 'NONE', #1719, #1123, #2032, .T. ) ;
#3878 = CARTESIAN_POINT ( 'NONE',  ( -9.667882227048602672, 67.24895659178720564, 69.25098955509358234 ) ) ;
#3879 = VECTOR ( 'NONE', #1236, 1000.000000000000000 ) ;
#3880 = ORIENTED_EDGE ( 'NONE', *, *, #2008, .F. ) ;
#3881 = DIRECTION ( 'NONE',  ( 0.000000000000000000, 0.000000000000000000, -1.000000000000000000 ) ) ;
#3882 = APPROVAL_ROLE ( '' ) ;
#3883 = DIRECTION ( 'NONE',  ( 0.000000000000000000, 0.000000000000000000, -1.000000000000000000 ) ) ;
#3884 = CARTESIAN_POINT ( 'NONE',  ( 121.3000000000000114, 32.38510894784462835, 94.94823887642616000 ) ) ;
#3885 = EDGE_LOOP ( 'NONE', ( #3135, #1596 ) ) ;
#3886 = DIRECTION ( 'NONE',  ( 0.000000000000000000, 1.000000000000000000, 0.000000000000000000 ) ) ;
#3887 = FACE_OUTER_BOUND ( 'NONE', #1303, .T. ) ;
#3888 = EDGE_CURVE ( 'NONE', #3479, #4017, #673, .T. ) ;
#3889 = FACE_OUTER_BOUND ( 'NONE', #935, .T. ) ;
#3890 = CARTESIAN_POINT ( 'NONE',  ( 25.50000000000000000, 0.000000000000000000, 149.0000000000000000 ) ) ;
#3891 = ORIENTED_EDGE ( 'NONE', *, *, #630, .T. ) ;
#3892 = CIRCLE ( 'NONE', #282, 35.05199999999999960 ) ;
#3893 = ORIENTED_EDGE ( 'NONE', *, *, #2093, .F. ) ;
#3894 = CARTESIAN_POINT ( 'NONE',  ( 0.000000000000000000, 62.00000000000000000, 95.00000000000000000 ) ) ;
#3895 = ORIENTED_EDGE ( 'NONE', *, *, #3050, .T. ) ;
#3896 = VECTOR ( 'NONE', #989, 1000.000000000000000 ) ;
#3897 = FACE_OUTER_BOUND ( 'NONE', #141, .T. ) ;
#3898 = CARTESIAN_POINT ( 'NONE',  ( -0.4493656158450000104, 34.38875224709999401, 91.49426821710001434 ) ) ;
#3899 = CARTESIAN_POINT ( 'NONE',  ( 24.00000000000000000, 4.762500000000000178, 35.05199999999999960 ) ) ;
#3900 = EDGE_LOOP ( 'NONE', ( #2311, #111, #4447, #4592 ) ) ;
#3901 = ORIENTED_EDGE ( 'NONE', *, *, #3846, .F. ) ;
#3902 = CARTESIAN_POINT ( 'NONE',  ( -10.78981464846517824, 59.85938196196670447, 76.64062426354485069 ) ) ;
#3903 = ORIENTED_EDGE ( 'NONE', *, *, #768, .F. ) ;
#3904 = CARTESIAN_POINT ( 'NONE',  ( 120.1858349299999844, 36.02551906420067951, 145.0553894041578644 ) ) ;
#3905 = CARTESIAN_POINT ( 'NONE',  ( 119.2424777959999886, 27.01894910808540828, 145.0553894039977649 ) ) ;
#3906 = DIRECTION ( 'NONE',  ( 1.000000000000000000, 0.000000000000000000, 0.000000000000000000 ) ) ;
#3907 = AXIS2_PLACEMENT_3D ( 'NONE', #2362, #4565, #3524 ) ;
#3908 = EDGE_CURVE ( 'NONE', #437, #4023, #861, .T. ) ;
#3909 = CARTESIAN_POINT ( 'NONE',  ( 10.84754167832533867, 63.82654984455525238, 72.67346883080250564 ) ) ;
#3910 = ORIENTED_EDGE ( 'NONE', *, *, #3407, .T. ) ;
#3911 = LINE ( 'NONE', #1585, #2892 ) ;
#3912 = CIRCLE ( 'NONE', #1480, 35.05199999999999960 ) ;
#3913 = CARTESIAN_POINT ( 'NONE',  ( 7.396688930147790053, 70.14250966178910573, 66.35747870807149695 ) ) ;
#3914 = CARTESIAN_POINT ( 'NONE',  ( 68.79999999999999716, -39.80180000000000007, 116.7732212760000010 ) ) ;
#3915 = EDGE_LOOP ( 'NONE', ( #1718, #3845, #407, #1803 ) ) ;
#3916 = DIRECTION ( 'NONE',  ( 1.000000000000000000, 0.000000000000000000, 0.000000000000000000 ) ) ;
#3917 = CARTESIAN_POINT ( 'NONE',  ( 0.000000000000000000, -17.52599999999999980, 71.88200000000000500 ) ) ;
#3918 = CARTESIAN_POINT ( 'NONE',  ( 116.2999999999999972, 37.07291643210000842, 97.57852415689998793 ) ) ;
#3919 = AXIS2_PLACEMENT_3D ( 'NONE', #1070, #3713, #2566 ) ;
#3920 = DIRECTION ( 'NONE',  ( 0.000000000000000000, 0.000000000000000000, -1.000000000000000000 ) ) ;
#3921 = CIRCLE ( 'NONE', #1175, 1.523999999999999355 ) ;
#3922 = ORIENTED_EDGE ( 'NONE', *, *, #541, .F. ) ;
#3923 = CARTESIAN_POINT ( 'NONE',  ( 0.000000000000000000, 0.000000000000000000, 149.0000000000000000 ) ) ;
#3924 = EDGE_CURVE ( 'NONE', #3771, #4224, #257, .T. ) ;
#3925 = EDGE_CURVE ( 'NONE', #2295, #2018, #4160, .T. ) ;
#3926 = DIRECTION ( 'NONE',  ( 0.000000000000000000, 0.000000000000000000, -1.000000000000000000 ) ) ;
#3927 = CARTESIAN_POINT ( 'NONE',  ( -10.90641595769543493, 60.56191289056025795, 75.93790576267367953 ) ) ;
#3928 = ADVANCED_FACE ( 'NONE', ( #143 ), #2431, .T. ) ;
#3929 = ORIENTED_EDGE ( 'NONE', *, *, #4497, .F. ) ;
#3930 = VECTOR ( 'NONE', #3718, 1000.000000000000000 ) ;
#3931 = FACE_OUTER_BOUND ( 'NONE', #2199, .T. ) ;
#3932 = CARTESIAN_POINT ( 'NONE',  ( 121.2999999999999972, -33.39456407589351983, 148.4310043723762931 ) ) ;
#3933 = EDGE_CURVE ( 'NONE', #2687, #1350, #2332, .T. ) ;
#3934 = CARTESIAN_POINT ( 'NONE',  ( 121.3000000000000114, 30.84432350343698559, 94.94823887640001203 ) ) ;
#3935 = EDGE_CURVE ( 'NONE', #4224, #988, #3870, .T. ) ;
#3936 = CARTESIAN_POINT ( 'NONE',  ( 8.256374350119491723, 54.73141622521832517, 81.76858364492119335 ) ) ;
#3937 = CARTESIAN_POINT ( 'NONE',  ( 0.000000000000000000, 0.000000000000000000, 119.8879999999999910 ) ) ;
#3938 = CARTESIAN_POINT ( 'NONE',  ( 9.730046304505538757, 67.13091252707926060, 69.36908719869089168 ) ) ;
#3939 = CARTESIAN_POINT ( 'NONE',  ( 5.273680924649999824, 52.34659181920000748, 84.15340818079999963 ) ) ;
#3940 = VERTEX_POINT ( 'NONE', #3451 ) ;
#3941 = DIRECTION ( 'NONE',  ( 0.000000000000000000, -1.000000000000000000, 0.000000000000000000 ) ) ;
#3942 = CARTESIAN_POINT ( 'NONE',  ( 0.000000000000000000, 0.000000000000000000, 155.1939999999999884 ) ) ;
#3943 = EDGE_CURVE ( 'NONE', #1786, #2583, #95, .T. ) ;
#3944 = CARTESIAN_POINT ( 'NONE',  ( 118.2999999999999972, -37.07291643210000842, 97.57852415689998793 ) ) ;
#3945 = DIRECTION ( 'NONE',  ( 1.000000000000000000, 0.000000000000000000, 0.000000000000000000 ) ) ;
#3946 = EDGE_LOOP ( 'NONE', ( #4723, #3952, #4738, #3033 ) ) ;
#3947 = VERTEX_POINT ( 'NONE', #167 ) ;
#3948 = ADVANCED_FACE ( 'NONE', ( #465 ), #3113, .T. ) ;
#3949 = CARTESIAN_POINT ( 'NONE',  ( 121.3000000000000114, -30.01894910712518794, 145.0553894040410796 ) ) ;
#3950 = CARTESIAN_POINT ( 'NONE',  ( 0.000000000000000000, 0.000000000000000000, 149.0000000000000000 ) ) ;
#3951 = CARTESIAN_POINT ( 'NONE',  ( -10.99987310803424378, 62.10433416812789886, 74.39599350944679657 ) ) ;
#3952 = ORIENTED_EDGE ( 'NONE', *, *, #3430, .F. ) ;
#3953 = CARTESIAN_POINT ( 'NONE',  ( 64.79999999999999716, -38.67189004540000496, 140.0521743360000073 ) ) ;
#3954 = CIRCLE ( 'NONE', #2313, 1.524000000000001132 ) ;
#3955 = CARTESIAN_POINT ( 'NONE',  ( 121.3000000000000114, -30.01894910760900714, 145.0553894039784950 ) ) ;
#3956 = CARTESIAN_POINT ( 'NONE',  ( 119.2424777960000029, 27.69730146299938411, 97.57852415702581084 ) ) ;
#3957 = VECTOR ( 'NONE', #1542, 1000.000000000000000 ) ;
#3958 = CARTESIAN_POINT ( 'NONE',  ( 10.99799180470747473, 62.22191328524617404, 74.27803229019994546 ) ) ;
#3959 = CARTESIAN_POINT ( 'NONE',  ( 48.00000000000000000, -17.52599999999999980, 71.88200000000000500 ) ) ;
#3960 = CARTESIAN_POINT ( 'NONE',  ( 10.98930769463589741, 62.48562278388858005, 74.01437346521998961 ) ) ;
#3961 = FACE_OUTER_BOUND ( 'NONE', #1071, .T. ) ;
#3962 = EDGE_LOOP ( 'NONE', ( #231, #1240, #2667, #734 ) ) ;
#3963 = ADVANCED_FACE ( 'NONE', ( #3546 ), #2814, .F. ) ;
#3964 = DIRECTION ( 'NONE',  ( 0.000000000000000000, 0.000000000000000000, -1.000000000000000000 ) ) ;
#3965 = DIRECTION ( 'NONE',  ( 0.000000000000000000, 0.000000000000000000, 1.000000000000000000 ) ) ;
#3966 = CARTESIAN_POINT ( 'NONE',  ( 22.05357477580000136, -40.36879784700000329, 176.0000000000000000 ) ) ;
#3967 = CARTESIAN_POINT ( 'NONE',  ( 0.000000000000000000, 62.00000000000000000, 117.3923048449999982 ) ) ;
#3968 = ORIENTED_EDGE ( 'NONE', *, *, #4051, .T. ) ;
#3969 = CARTESIAN_POINT ( 'NONE',  ( 118.2999999999999972, 36.39456407650157388, 135.6797744346346519 ) ) ;
#3970 = DIRECTION ( 'NONE',  ( 0.000000000000000000, 0.000000000000000000, 1.000000000000000000 ) ) ;
#3971 = CARTESIAN_POINT ( 'NONE',  ( -9.325585835939914858, 67.83382678824889922, 68.66617277257675767 ) ) ;
#3972 = CARTESIAN_POINT ( 'NONE',  ( -10.82255309368236418, 60.03209386571860051, 76.46793160526100053 ) ) ;
#3973 = EDGE_LOOP ( 'NONE', ( #876, #4088 ) ) ;
#3974 = CC_DESIGN_PERSON_AND_ORGANIZATION_ASSIGNMENT ( #80, #1578, ( #4222 ) ) ;
#3975 = EDGE_LOOP ( 'NONE', ( #4116, #892, #847, #1221 ) ) ;
#3976 = CARTESIAN_POINT ( 'NONE',  ( 120.9309549879999821, 35.28039900569191190, 145.0553894040410512 ) ) ;
#3977 = LINE ( 'NONE', #629, #1932 ) ;
#3978 = CARTESIAN_POINT ( 'NONE',  ( 121.3000000000000114, 30.69730146349636257, 97.57852415685469794 ) ) ;
#3979 = CARTESIAN_POINT ( 'NONE',  ( 10.10459033582100830, 57.65290003678008901, 78.84709988303558248 ) ) ;
#3980 = CARTESIAN_POINT ( 'NONE',  ( 0.000000000000000000, 62.00000000000000000, 92.75000000000000000 ) ) ;
#3981 = CARTESIAN_POINT ( 'NONE',  ( 8.803875128220928659, 68.59483561593989975, 67.90516432304296757 ) ) ;
#3982 = VECTOR ( 'NONE', #3987, 1000.000000000000000 ) ;
#3983 = CARTESIAN_POINT ( 'NONE',  ( -16.80482397919999826, 30.76102395939999923, 97.53600000000000136 ) ) ;
#3984 = VERTEX_POINT ( 'NONE', #2790 ) ;
#3985 = AXIS2_PLACEMENT_3D ( 'NONE', #3400, #3066, #886 ) ;
#3986 = AXIS2_PLACEMENT_3D ( 'NONE', #3725, #1107, #694 ) ;
#3987 = DIRECTION ( 'NONE',  ( 0.000000000000000000, 1.000000000000000000, 0.000000000000000000 ) ) ;
#3988 = ORIENTED_EDGE ( 'NONE', *, *, #3657, .F. ) ;
#3989 = DIRECTION ( 'NONE',  ( 0.000000000000000000, 0.000000000000000000, -1.000000000000000000 ) ) ;
#3990 = CARTESIAN_POINT ( 'NONE',  ( 118.2999999999999972, -27.69730146281836269, 88.20290918752104403 ) ) ;
#3991 = CARTESIAN_POINT ( 'NONE',  ( 34.17531719209999608, -30.38875224710000111, 102.4942682169999983 ) ) ;
#3992 = ORIENTED_EDGE ( 'NONE', *, *, #2477, .F. ) ;
#3993 = EDGE_LOOP ( 'NONE', ( #2596, #1392, #2252, #1608 ) ) ;
#3994 = DIRECTION ( 'NONE',  ( 0.000000000000000000, 0.000000000000000000, -1.000000000000000000 ) ) ;
#3995 = VECTOR ( 'NONE', #959, 1000.000000000000000 ) ;
#3996 = CARTESIAN_POINT ( 'NONE',  ( 0.000000000000000000, 0.000000000000000000, 107.1880000000000024 ) ) ;
#3997 = AXIS2_PLACEMENT_3D ( 'NONE', #4015, #3573, #3527 ) ;
#3998 = CARTESIAN_POINT ( 'NONE',  ( -10.45320556142432444, 65.46801943062195051, 71.03334336939924754 ) ) ;
#3999 = ORIENTED_EDGE ( 'NONE', *, *, #999, .T. ) ;
#4000 = ORIENTED_EDGE ( 'NONE', *, *, #850, .F. ) ;
#4001 = VECTOR ( 'NONE', #3308, 1000.000000000000000 ) ;
#4002 = CIRCLE ( 'NONE', #2282, 1.687807484369998390 ) ;
#4003 = CARTESIAN_POINT ( 'NONE',  ( 0.000000000000000000, -16.00199999999999889, 7.620000000000000107 ) ) ;
#4004 = EDGE_CURVE ( 'NONE', #525, #4604, #1638, .T. ) ;
#4005 = FACE_OUTER_BOUND ( 'NONE', #735, .T. ) ;
#4006 = CLOSED_SHELL ( 'NONE', ( #447, #3145, #109, #2966 ) ) ;
#4007 = CARTESIAN_POINT ( 'NONE',  ( 10.88894128493615376, 63.56372387195642659, 72.93641385929309706 ) ) ;
#4008 = PLANE ( 'NONE',  #2735 ) ;
#4009 = EDGE_CURVE ( 'NONE', #2687, #1515, #1685, .T. ) ;
#4010 = CARTESIAN_POINT ( 'NONE',  ( 9.135975427699658979, 68.13325752191327922, 68.36669423855961725 ) ) ;
#4011 = CYLINDRICAL_SURFACE ( 'NONE', #2751, 37.59199999999999875 ) ;
#4012 = ORIENTED_EDGE ( 'NONE', *, *, #3714, .F. ) ;
#4013 = CARTESIAN_POINT ( 'NONE',  ( -0.4493656158450000104, -30.38875224710000111, 91.49426821710001434 ) ) ;
#4014 = FACE_BOUND ( 'NONE', #4342, .T. ) ;
#4015 = CARTESIAN_POINT ( 'NONE',  ( 64.79999999999999716, 38.67189004540000496, 158.0521743360000073 ) ) ;
#4016 = CARTESIAN_POINT ( 'NONE',  ( -34.83811786289999901, 5.401772571280000435, 102.4942682169999983 ) ) ;
#4017 = VERTEX_POINT ( 'NONE', #1987 ) ;
#4018 = ADVANCED_FACE ( 'NONE', ( #1590 ), #518, .T. ) ;
#4019 = DIRECTION ( 'NONE',  ( 0.000000000000000000, 1.000000000000000000, 0.000000000000000000 ) ) ;
#4020 = DIRECTION ( 'NONE',  ( 1.000000000000000000, 0.000000000000000000, 0.000000000000000000 ) ) ;
#4021 = CARTESIAN_POINT ( 'NONE',  ( -10.94455614116244391, 63.10617127184927000, 73.39382862094683446 ) ) ;
#4022 = ORIENTED_EDGE ( 'NONE', *, *, #32, .F. ) ;
#4023 = VERTEX_POINT ( 'NONE', #1639 ) ;
#4024 = DIRECTION ( 'NONE',  ( -1.000000000000000000, 0.000000000000000000, 0.000000000000000000 ) ) ;
#4025 = CARTESIAN_POINT ( 'NONE',  ( 116.2999999999999972, -0.1777999999990000080, 158.0521743360000073 ) ) ;
#4026 = AXIS2_PLACEMENT_3D ( 'NONE', #3850, #1807, #641 ) ;
#4027 = CARTESIAN_POINT ( 'NONE',  ( 9.950344406134082220, 66.69102410450447849, 69.80912088284820527 ) ) ;
#4028 = DIRECTION ( 'NONE',  ( 0.000000000000000000, -1.000000000000000000, 4.858411868450000195E-16 ) ) ;
#4029 = CARTESIAN_POINT ( 'NONE',  ( 8.974896246378666120, 68.36615423484521159, 68.13384622835745574 ) ) ;
#4030 = CARTESIAN_POINT ( 'NONE',  ( 121.3000000000000114, -30.69730146340000232, 97.57852415689998793 ) ) ;
#4031 = AXIS2_PLACEMENT_3D ( 'NONE', #3917, #1218, #4595 ) ;
#4032 = ORIENTED_EDGE ( 'NONE', *, *, #2698, .T. ) ;
#4033 = EDGE_CURVE ( 'NONE', #3015, #4240, #3474, .T. ) ;
#4034 = DIRECTION ( 'NONE',  ( 1.000000000000000000, 0.000000000000000000, 0.000000000000000000 ) ) ;
#4035 = CARTESIAN_POINT ( 'NONE',  ( 119.2424777959999886, 37.07291643210497512, 106.9541391257056375 ) ) ;
#4036 = DIRECTION ( 'NONE',  ( 1.000000000000000000, 0.000000000000000000, 0.000000000000000000 ) ) ;
#4037 = CARTESIAN_POINT ( 'NONE',  ( 0.000000000000000000, 0.000000000000000000, 87.88400000000000034 ) ) ;
#4038 = ORIENTED_EDGE ( 'NONE', *, *, #726, .F. ) ;
#4039 = DIRECTION ( 'NONE',  ( 0.000000000000000000, 8.943016536959995671E-15, 1.000000000000000000 ) ) ;
#4040 = FACE_OUTER_BOUND ( 'NONE', #256, .T. ) ;
#4041 = ORIENTED_EDGE ( 'NONE', *, *, #2356, .F. ) ;
#4042 = AXIS2_PLACEMENT_3D ( 'NONE', #328, #4152, #306 ) ;
#4043 = ORIENTED_EDGE ( 'NONE', *, *, #2215, .F. ) ;
#4044 = CIRCLE ( 'NONE', #1780, 1.687807484370001943 ) ;
#4045 = CARTESIAN_POINT ( 'NONE',  ( -10.35506585989316797, 58.28854054919072070, 78.21146361474600894 ) ) ;
#4046 = EDGE_CURVE ( 'NONE', #1268, #4639, #434, .T. ) ;
#4047 = CARTESIAN_POINT ( 'NONE',  ( 7.617935893449382156, 69.93517934229245725, 66.56482098312329754 ) ) ;
#4048 = CARTESIAN_POINT ( 'NONE',  ( -22.60020519879999767, -22.15083958299999622, 102.4942682169999983 ) ) ;
#4049 = CARTESIAN_POINT ( 'NONE',  ( 10.30370966178366743, 58.14634363034411990, 78.35371338640688066 ) ) ;
#4050 = DIRECTION ( 'NONE',  ( 1.000000000000000000, 0.000000000000000000, 0.000000000000000000 ) ) ;
#4051 = EDGE_CURVE ( 'NONE', #4777, #928, #2739, .T. ) ;
#4052 = VERTEX_POINT ( 'NONE', #2014 ) ;
#4053 = CARTESIAN_POINT ( 'NONE',  ( 64.79999999999999716, -38.67189004540000496, 145.5521743360000073 ) ) ;
#4054 = CARTESIAN_POINT ( 'NONE',  ( -25.50000000000000000, 3.122746202249999726E-15, 149.0000000000000000 ) ) ;
#4055 =( BOUNDED_SURFACE ( )  B_SPLINE_SURFACE ( 5, 3, ( 
 ( #4705, #3486, #201, #1699, #1360, #2024, #224 ),
 ( #3956, #943, #2782, #2759, #2858, #921, #4268 ),
 ( #4659, #3587, #179, #1308, #1630, #4249, #1725 ),
 ( #3126, #558, #992, #2096, #2806, #532, #1654 ),
 ( #4336, #2071, #3934, #3884, #2492, #3559, #3195 ),
 ( #3978, #4678, #2449, #3173, #631, #3152, #3539 ) ),
 .UNSPECIFIED., .F., .F., .F. ) 
 B_SPLINE_SURFACE_WITH_KNOTS ( ( 6, 6 ),
 ( 4, 3, 4 ),
 ( 0.000000000000000000, 4.712388980380000092 ),
 ( 0.000000000000000000, 0.5000000000000000000, 1.000000000000000000 ),
 .UNSPECIFIED. ) 
 GEOMETRIC_REPRESENTATION_ITEM ( )  RATIONAL_B_SPLINE_SURFACE ( (
 ( 1.000000000000000000, 0.8047378541212021341, 0.8047378541212021341, 1.000000000000000000, 0.8047378541212021341, 0.8047378541212021341, 1.000000000000000000),
 ( 1.000000000000000000, 0.8047378541212021341, 0.8047378541212021341, 1.000000000000000000, 0.8047378541212021341, 0.8047378541212021341, 1.000000000000000000),
 ( 1.000000000000000000, 0.8047378541212021341, 0.8047378541212021341, 1.000000000000000000, 0.8047378541212021341, 0.8047378541212021341, 1.000000000000000000),
 ( 1.000000000000000000, 0.8047378541212021341, 0.8047378541212021341, 1.000000000000000000, 0.8047378541212021341, 0.8047378541212021341, 1.000000000000000000),
 ( 1.000000000000000000, 0.8047378541212021341, 0.8047378541212021341, 1.000000000000000000, 0.8047378541212021341, 0.8047378541212021341, 1.000000000000000000),
 ( 1.000000000000000000, 0.8047378541212021341, 0.8047378541212021341, 1.000000000000000000, 0.8047378541212021341, 0.8047378541212021341, 1.000000000000000000) ) ) 
 REPRESENTATION_ITEM ( '' )  SURFACE ( )  );
#4056 = FACE_OUTER_BOUND ( 'NONE', #1315, .T. ) ;
#4057 = PLANE ( 'NONE',  #2 ) ;
#4058 = CYLINDRICAL_SURFACE ( 'NONE', #3444, 44.06899999999999551 ) ;
#4059 = AXIS2_PLACEMENT_3D ( 'NONE', #2202, #724, #700 ) ;
#4060 = ORIENTED_EDGE ( 'NONE', *, *, #2214, .F. ) ;
#4061 = CARTESIAN_POINT ( 'NONE',  ( 68.79999999999999716, -38.67189004540000496, 102.4942682169999983 ) ) ;
#4062 = AXIS2_PLACEMENT_3D ( 'NONE', #2903, #3565, #3589 ) ;
#4063 = LINE ( 'NONE', #3307, #1181 ) ;
#4064 = CARTESIAN_POINT ( 'NONE',  ( 16.80482397919999826, -30.76102395939999923, 103.8860000000000099 ) ) ;
#4065 = VERTEX_POINT ( 'NONE', #1270 ) ;
#4066 = EDGE_LOOP ( 'NONE', ( #2393, #1370, #1588, #3148 ) ) ;
#4067 = LOCAL_TIME ( 14, 33, 43.00000000000000000, #3510 ) ;
#4068 = AXIS2_PLACEMENT_3D ( 'NONE', #2485, #3970, #622 ) ;
#4069 = EDGE_CURVE ( 'NONE', #778, #2710, #2730, .T. ) ;
#4070 = CIRCLE ( 'NONE', #2367, 28.70110295070000106 ) ;
#4071 = CARTESIAN_POINT ( 'NONE',  ( -8.785640543525813584, 55.38089053966671571, 81.11910985710058242 ) ) ;
#4072 = ADVANCED_FACE ( 'NONE', ( #3161 ), #4646, .T. ) ;
#4073 = AXIS2_PLACEMENT_3D ( 'NONE', #2241, #4389, #744 ) ;
#4074 = CARTESIAN_POINT ( 'NONE',  ( 10.00315462230782515, 66.57746742399912421, 69.92282851655932063 ) ) ;
#4075 = CARTESIAN_POINT ( 'NONE',  ( -28.02539504780000001, -14.07466254490000068, 91.49426821710000013 ) ) ;
#4076 = CARTESIAN_POINT ( 'NONE',  ( 8.722707097961141187, 55.29660276971144839, 81.20344393690551499 ) ) ;
#4077 = ADVANCED_FACE ( 'NONE', ( #4713 ), #681, .T. ) ;
#4078 = EDGE_CURVE ( 'NONE', #2185, #823, #234, .T. ) ;
#4079 = CARTESIAN_POINT ( 'NONE',  ( 16.80482397919999826, -30.76102395939999923, 123.1899999999999977 ) ) ;
#4080 = B_SPLINE_CURVE_WITH_KNOTS ( 'NONE', 5,
 ( #644, #2818, #1349, #2062, #619, #1391 ),
 .UNSPECIFIED., .F., .F.,
 ( 6, 6 ),
 ( 0.000000000000000000, 1.000000000000000000 ),
 .UNSPECIFIED. ) ;
#4081 = VERTEX_POINT ( 'NONE', #4321 ) ;
#4082 = CARTESIAN_POINT ( 'NONE',  ( -16.37664289539999984, -31.20579734180000031, 102.4942682169999983 ) ) ;
#4083 = CARTESIAN_POINT ( 'NONE',  ( 0.000000000000000000, 0.000000000000000000, 135.8900000000000148 ) ) ;
#4084 = DIRECTION ( 'NONE',  ( 0.000000000000000000, 0.000000000000000000, 1.000000000000000000 ) ) ;
#4085 = CARTESIAN_POINT ( 'NONE',  ( 121.3000000000000114, -29.75482366732616768, 97.57852415690467751 ) ) ;
#4086 = CARTESIAN_POINT ( 'NONE',  ( 121.3000000000000114, 34.07291643210000132, 97.57852695569999923 ) ) ;
#4087 = VERTEX_POINT ( 'NONE', #615 ) ;
#4088 = ORIENTED_EDGE ( 'NONE', *, *, #2477, .T. ) ;
#4089 = EDGE_CURVE ( 'NONE', #2926, #2165, #2456, .T. ) ;
#4090 = CARTESIAN_POINT ( 'NONE',  ( 2.736531696702897420, 51.34581706811822244, 85.15414560817733047 ) ) ;
#4091 = CARTESIAN_POINT ( 'NONE',  ( -5.744343758889077556, 52.61319515782486889, 83.88618057548383433 ) ) ;
#4092 = CARTESIAN_POINT ( 'NONE',  ( -9.996273696959999455, 29.45148673799999983, 91.49426821710001434 ) ) ;
#4093 = EDGE_LOOP ( 'NONE', ( #4110, #2933, #2229, #196 ) ) ;
#4094 = ORIENTED_EDGE ( 'NONE', *, *, #3924, .F. ) ;
#4095 = ADVANCED_FACE ( 'NONE', ( #2103 ), #661, .T. ) ;
#4096 = CARTESIAN_POINT ( 'NONE',  ( -10.38558810217841533, 58.37513565200814014, 78.12486476110137801 ) ) ;
#4097 = FACE_OUTER_BOUND ( 'NONE', #3255, .T. ) ;
#4098 = CARTESIAN_POINT ( 'NONE',  ( -2.938623255839999901E-08, 73.00000000000000000, 63.50000000000000000 ) ) ;
#4099 = LINE ( 'NONE', #1059, #2360 ) ;
#4100 = CARTESIAN_POINT ( 'NONE',  ( 10.64675720850051377, 59.23475621992680118, 77.26524399495140472 ) ) ;
#4101 = DIRECTION ( 'NONE',  ( 1.000000000000000000, 0.000000000000000000, 0.000000000000000000 ) ) ;
#4102 = ORIENTED_EDGE ( 'NONE', *, *, #3705, .T. ) ;
#4103 = CYLINDRICAL_SURFACE ( 'NONE', #4496, 10.99999999999999645 ) ;
#4104 = PLANE ( 'NONE',  #4059 ) ;
#4105 = DIRECTION ( 'NONE',  ( 1.000000000000000000, 0.000000000000000000, 0.000000000000000000 ) ) ;
#4106 = CIRCLE ( 'NONE', #3097, 35.05199999999999960 ) ;
#4107 = CARTESIAN_POINT ( 'NONE',  ( 118.2999999999999972, -37.07291643220432320, 97.57852415689998793 ) ) ;
#4108 = DIRECTION ( 'NONE',  ( 0.000000000000000000, 0.000000000000000000, -1.000000000000000000 ) ) ;
#4109 = ORIENTED_EDGE ( 'NONE', *, *, #2262, .F. ) ;
#4110 = ORIENTED_EDGE ( 'NONE', *, *, #3205, .F. ) ;
#4111 = CARTESIAN_POINT ( 'NONE',  ( -16.80482397919999826, 30.76102395939999923, 97.53600000000000136 ) ) ;
#4112 = ORIENTED_EDGE ( 'NONE', *, *, #3083, .F. ) ;
#4113 = CARTESIAN_POINT ( 'NONE',  ( 0.4672251384832373788, 51.00000000000000711, 85.49999999999997158 ) ) ;
#4114 = CARTESIAN_POINT ( 'NONE',  ( -9.746035849737806345, 56.89952154823217256, 79.60064680880832100 ) ) ;
#4115 = DIRECTION ( 'NONE',  ( 1.000000000000000000, 0.000000000000000000, 0.000000000000000000 ) ) ;
#4116 = ORIENTED_EDGE ( 'NONE', *, *, #4783, .T. ) ;
#4117 = ORIENTED_EDGE ( 'NONE', *, *, #967, .F. ) ;
#4118 = CARTESIAN_POINT ( 'NONE',  ( -6.098413251388053347, 52.84524990535397393, 83.65475022123308690 ) ) ;
#4119 = CC_DESIGN_PERSON_AND_ORGANIZATION_ASSIGNMENT ( #2701, #1944, ( #1963 ) ) ;
#4120 = CARTESIAN_POINT ( 'NONE',  ( -5.273680924649999824, 71.65340818079999963, 64.84659181920001458 ) ) ;
#4121 = CARTESIAN_POINT ( 'NONE',  ( 9.740899575979407032, 67.11027289124109529, 69.38955834384353238 ) ) ;
#4122 = CARTESIAN_POINT ( 'NONE',  ( -5.222819656400000454, -30.38875224710000111, 102.4942682169999983 ) ) ;
#4123 = VECTOR ( 'NONE', #1207, 1000.000000000000000 ) ;
#4124 = CARTESIAN_POINT ( 'NONE',  ( 8.270101876159852594, 54.74703312293947022, 81.75296592111509142 ) ) ;
#4125 = CARTESIAN_POINT ( 'NONE',  ( -0.4493656158450000104, -34.38875224709999401, 91.49426821710001434 ) ) ;
#4126 = ORIENTED_EDGE ( 'NONE', *, *, #1269, .T. ) ;
#4127 = DIRECTION ( 'NONE',  ( 0.000000000000000000, 1.000000000000000000, 0.000000000000000000 ) ) ;
#4128 = CARTESIAN_POINT ( 'NONE',  ( 0.000000000000000000, 0.000000000000000000, 162.5000000000000000 ) ) ;
#4129 = CARTESIAN_POINT ( 'NONE',  ( -21.12780406070000083, -38.67418591989999754, 87.88400000000000034 ) ) ;
#4130 = CARTESIAN_POINT ( 'NONE',  ( -0.4493656158450000104, 34.38875224709999401, 91.49426821710001434 ) ) ;
#4131 = FACE_BOUND ( 'NONE', #220, .T. ) ;
#4132 = VERTEX_POINT ( 'NONE', #1737 ) ;
#4133 = CARTESIAN_POINT ( 'NONE',  ( 21.12780406070000083, 38.67418591989999754, 135.8900000000000148 ) ) ;
#4134 = EDGE_LOOP ( 'NONE', ( #934, #1781, #594, #118 ) ) ;
#4135 = DIRECTION ( 'NONE',  ( 0.000000000000000000, 0.000000000000000000, 1.000000000000000000 ) ) ;
#4136 = EDGE_CURVE ( 'NONE', #1416, #3599, #3233, .T. ) ;
#4137 = FACE_OUTER_BOUND ( 'NONE', #3007, .T. ) ;
#4138 = AXIS2_PLACEMENT_3D ( 'NONE', #1482, #772, #1899 ) ;
#4139 = CARTESIAN_POINT ( 'NONE',  ( -28.02539504780000001, 14.07466254490000068, 91.49426821710001434 ) ) ;
#4140 = EDGE_LOOP ( 'NONE', ( #3592, #2160, #1156, #3429 ) ) ;
#4141 = ORIENTED_EDGE ( 'NONE', *, *, #3057, .T. ) ;
#4142 = CIRCLE ( 'NONE', #1330, 35.05199999999999960 ) ;
#4143 = CARTESIAN_POINT ( 'NONE',  ( -8.974896248431919688, 55.63384576785677638, 80.86615376890910056 ) ) ;
#4144 = CARTESIAN_POINT ( 'NONE',  ( 116.2999999999999972, -32.38510894779999916, 97.57852415689998793 ) ) ;
#4145 = CARTESIAN_POINT ( 'NONE',  ( -21.12780406070000083, -38.67418591989999754, 89.53499999999999659 ) ) ;
#4146 = DIRECTION ( 'NONE',  ( 1.000000000000000000, 0.000000000000000000, 0.000000000000000000 ) ) ;
#4147 = CARTESIAN_POINT ( 'NONE',  ( 10.11213982221360119, 57.67048354382998099, 78.82951665326731927 ) ) ;
#4148 = AXIS2_PLACEMENT_3D ( 'NONE', #1464, #3696, #1438 ) ;
#4149 = CARTESIAN_POINT ( 'NONE',  ( 0.000000000000000000, 62.00000000000000000, 122.0000000000000000 ) ) ;
#4150 = VECTOR ( 'NONE', #309, 1000.000000000000000 ) ;
#4151 = ORIENTED_EDGE ( 'NONE', *, *, #3313, .F. ) ;
#4152 = DIRECTION ( 'NONE',  ( 0.000000000000000000, 0.000000000000000000, -1.000000000000000000 ) ) ;
#4153 = EDGE_CURVE ( 'NONE', #4643, #1183, #2842, .T. ) ;
#4154 = CARTESIAN_POINT ( 'NONE',  ( 68.79999999999999716, -30.38875224710000111, 158.0521743360000073 ) ) ;
#4155 = CARTESIAN_POINT ( 'NONE',  ( 5.273680924649999824, 52.34659181920000748, 84.15340818079999963 ) ) ;
#4156 = CARTESIAN_POINT ( 'NONE',  ( 121.3000000000000114, -32.38510894782704952, 100.2088094373738301 ) ) ;
#4157 = FACE_OUTER_BOUND ( 'NONE', #2802, .T. ) ;
#4158 = EDGE_LOOP ( 'NONE', ( #3165, #987, #4109, #3523 ) ) ;
#4159 = AXIS2_PLACEMENT_3D ( 'NONE', #317, #689, #1495 ) ;
#4160 = LINE ( 'NONE', #803, #1559 ) ;
#4161 = PLANE ( 'NONE',  #194 ) ;
#4162 = CYLINDRICAL_SURFACE ( 'NONE', #3818, 35.05199999999999250 ) ;
#4163 = CARTESIAN_POINT ( 'NONE',  ( 121.3000000000000114, -33.39456407619999823, 145.0553866049999954 ) ) ;
#4164 = ORIENTED_EDGE ( 'NONE', *, *, #4482, .T. ) ;
#4165 = ORIENTED_EDGE ( 'NONE', *, *, #3809, .F. ) ;
#4166 = ADVANCED_FACE ( 'NONE', ( #2866 ), #2178, .F. ) ;
#4167 = CARTESIAN_POINT ( 'NONE',  ( -10.99140033660111904, 61.56509263505161300, 74.93490761660413568 ) ) ;
#4168 = CARTESIAN_POINT ( 'NONE',  ( -8.950506773821132356, 68.42051662949558022, 68.08024992628979533 ) ) ;
#4169 = CARTESIAN_POINT ( 'NONE',  ( 0.000000000000000000, 62.00000000000000000, 108.5000000000000000 ) ) ;
#4170 = PERSON_AND_ORGANIZATION_ROLE ( 'design_owner' ) ;
#4171 = CARTESIAN_POINT ( 'NONE',  ( 116.2999999999999972, 36.39456407619999823, 145.0553894040000102 ) ) ;
#4172 = CARTESIAN_POINT ( 'NONE',  ( 120.1858349299999844, 27.38799411939931616, 145.0553894039178999 ) ) ;
#4173 = LINE ( 'NONE', #3779, #4380 ) ;
#4174 = ORIENTED_EDGE ( 'NONE', *, *, #3933, .T. ) ;
#4175 = CARTESIAN_POINT ( 'NONE',  ( -0.4493656158450000104, -34.38875224709999401, 102.4942682169999983 ) ) ;
#4176 = FACE_OUTER_BOUND ( 'NONE', #3263, .T. ) ;
#4177 = CARTESIAN_POINT ( 'NONE',  ( -3.552713678799999608E-15, 2.664535259099999805E-15, 135.8900000000000148 ) ) ;
#4178 = CARTESIAN_POINT ( 'NONE',  ( 121.2999999999999829, -30.69730146341410304, 98.56721889062363573 ) ) ;
#4179 = ORIENTED_EDGE ( 'NONE', *, *, #2998, .F. ) ;
#4180 = EDGE_CURVE ( 'NONE', #4621, #2853, #3203, .T. ) ;
#4181 = VERTEX_POINT ( 'NONE', #1346 ) ;
#4182 = ADVANCED_FACE ( 'NONE', ( #2079, #1000, #3620, #3571, #4734 ), #3300, .T. ) ;
#4183 = DIRECTION ( 'NONE',  ( 0.000000000000000000, -1.000000000000000000, 0.000000000000000000 ) ) ;
#4184 = AXIS2_PLACEMENT_3D ( 'NONE', #4177, #61, #1090 ) ;
#4185 = CARTESIAN_POINT ( 'NONE',  ( -5.753106463249999969, 72.53099074269999846, 118.1961524230000151 ) ) ;
#4186 = CARTESIAN_POINT ( 'NONE',  ( 16.80482397919999826, -30.76102395939999923, 135.8900000000000148 ) ) ;
#4187 = CARTESIAN_POINT ( 'NONE',  ( 0.000000000000000000, 0.000000000000000000, 155.1939999999999884 ) ) ;
#4188 = VECTOR ( 'NONE', #1788, 1000.000000000000000 ) ;
#4189 = ORIENTED_EDGE ( 'NONE', *, *, #22, .F. ) ;
#4190 = ORIENTED_EDGE ( 'NONE', *, *, #1755, .F. ) ;
#4191 = CARTESIAN_POINT ( 'NONE',  ( -10.71535735914733500, 64.48693094119595060, 72.01301814429305637 ) ) ;
#4192 = DIRECTION ( 'NONE',  ( -0.4794255386042041156, 0.000000000000000000, -0.8775825618903720926 ) ) ;
#4193 = DIRECTION ( 'NONE',  ( 1.966569657996054901E-43, 4.858411868450000195E-16, 1.000000000000000000 ) ) ;
#4194 = CARTESIAN_POINT ( 'NONE',  ( 119.2424777960000171, -34.45281063871692595, 140.3675819193844916 ) ) ;
#4195 = CARTESIAN_POINT ( 'NONE',  ( 0.000000000000000000, 0.000000000000000000, 103.8860000000000099 ) ) ;
#4196 = EDGE_CURVE ( 'NONE', #1387, #4052, #2479, .T. ) ;
#4197 = DIRECTION ( 'NONE',  ( 0.000000000000000000, -1.000000000000000000, 0.000000000000000000 ) ) ;
#4198 = ORIENTED_EDGE ( 'NONE', *, *, #1345, .F. ) ;
#4199 = EDGE_CURVE ( 'NONE', #4643, #2684, #4602, .T. ) ;
#4200 = VECTOR ( 'NONE', #4533, 1000.000000000000000 ) ;
#4201 = CARTESIAN_POINT ( 'NONE',  ( 64.79999999999999716, -36.53032114620000215, 102.4942682169999983 ) ) ;
#4202 = DIRECTION ( 'NONE',  ( 0.000000000000000000, 0.000000000000000000, -1.000000000000000000 ) ) ;
#4203 = PLANE ( 'NONE',  #1205 ) ;
#4204 = AXIS2_PLACEMENT_3D ( 'NONE', #4488, #4024, #2251 ) ;
#4205 = CARTESIAN_POINT ( 'NONE',  ( 68.79999999999999716, -30.38875224710000111, 140.0521743360000073 ) ) ;
#4206 = VERTEX_POINT ( 'NONE', #1706 ) ;
#4207 = ORIENTED_EDGE ( 'NONE', *, *, #4078, .T. ) ;
#4208 = ORIENTED_EDGE ( 'NONE', *, *, #1424, .F. ) ;
#4209 = DIRECTION ( 'NONE',  ( -1.000000000000000000, 0.000000000000000000, 0.000000000000000000 ) ) ;
#4210 = DIRECTION ( 'NONE',  ( -0.4794255386042040601, -0.8775825618903719816, 0.000000000000000000 ) ) ;
#4211 = CARTESIAN_POINT ( 'NONE',  ( 0.000000000000000000, 0.000000000000000000, 88.00000000000000000 ) ) ;
#4212 = LINE ( 'NONE', #3899, #1726 ) ;
#4213 = ORIENTED_EDGE ( 'NONE', *, *, #1534, .T. ) ;
#4214 = DIRECTION ( 'NONE',  ( 1.000000000000000000, 0.000000000000000000, 0.000000000000000000 ) ) ;
#4215 = VECTOR ( 'NONE', #2767, 1000.000000000000000 ) ;
#4216 = CARTESIAN_POINT ( 'NONE',  ( -10.35027022952944797, 65.72696517110207992, 70.77296406913499993 ) ) ;
#4217 = VERTEX_POINT ( 'NONE', #3594 ) ;
#4218 = EDGE_CURVE ( 'NONE', #4532, #1416, #1715, .T. ) ;
#4219 = CARTESIAN_POINT ( 'NONE',  ( 1.272593141980000032E-14, 73.00000000000000000, 63.50000000000000000 ) ) ;
#4220 = CARTESIAN_POINT ( 'NONE',  ( 120.9309549879999963, -28.13311417692132466, 145.0553894039469753 ) ) ;
#4221 = CARTESIAN_POINT ( 'NONE',  ( 119.2424777959999886, 27.01894910808091410, 154.4310043712625600 ) ) ;
#4222 = SECURITY_CLASSIFICATION ( '', '', #3436 ) ;
#4223 = CARTESIAN_POINT ( 'NONE',  ( 0.000000000000000000, 8.000999999999999446, 73.40600000000000591 ) ) ;
#4224 = VERTEX_POINT ( 'NONE', #4013 ) ;
#4225 = CARTESIAN_POINT ( 'NONE',  ( 118.2999999999999972, -31.70675659180000139, 145.0553894040000102 ) ) ;
#4226 = DIRECTION ( 'NONE',  ( 0.000000000000000000, -1.000000000000000000, 0.000000000000000000 ) ) ;
#4227 = EDGE_CURVE ( 'NONE', #2710, #778, #2355, .T. ) ;
#4228 = AXIS2_PLACEMENT_3D ( 'NONE', #4370, #2482, #2107 ) ;
#4229 = CARTESIAN_POINT ( 'NONE',  ( 1.913891021521705538, 72.83289738747434683, 63.66706269484568992 ) ) ;
#4230 = CIRCLE ( 'NONE', #2045, 25.50000000000000000 ) ;
#4231 = CARTESIAN_POINT ( 'NONE',  ( 0.000000000000000000, 0.000000000000000000, 107.1880000000000024 ) ) ;
#4232 = VERTEX_POINT ( 'NONE', #4755 ) ;
#4233 = AXIS2_PLACEMENT_3D ( 'NONE', #359, #3380, #1861 ) ;
#4234 = ORIENTED_EDGE ( 'NONE', *, *, #983, .T. ) ;
#4235 = EDGE_LOOP ( 'NONE', ( #1950, #240 ) ) ;
#4236 = CARTESIAN_POINT ( 'NONE',  ( 116.2999999999999972, 32.38510894779999916, 97.57852415689998793 ) ) ;
#4237 = CARTESIAN_POINT ( 'NONE',  ( 120.1858349299999986, -27.38799411988483712, 145.0553894040443197 ) ) ;
#4238 = DIRECTION ( 'NONE',  ( 0.000000000000000000, 0.000000000000000000, -1.000000000000000000 ) ) ;
#4239 = CARTESIAN_POINT ( 'NONE',  ( 68.79999999999999716, -34.53032114620000215, 140.0521743360000073 ) ) ;
#4240 = VERTEX_POINT ( 'NONE', #2909 ) ;
#4241 = PLANE ( 'NONE',  #1499 ) ;
#4242 = CARTESIAN_POINT ( 'NONE',  ( -9.865783517396975455, 66.87298832958400396, 69.62695729393490751 ) ) ;
#4243 = ORIENTED_EDGE ( 'NONE', *, *, #1185, .T. ) ;
#4244 = ADVANCED_FACE ( 'NONE', ( #4391 ), #1044, .T. ) ;
#4245 = FACE_OUTER_BOUND ( 'NONE', #3763, .T. ) ;
#4246 = APPROVAL_STATUS ( 'not_yet_approved' ) ;
#4247 = CARTESIAN_POINT ( 'NONE',  ( 120.9309549879999963, -28.13311417695239669, 142.9619981443625818 ) ) ;
#4248 = DIRECTION ( 'NONE',  ( 1.000000000000000000, 0.000000000000000000, 0.000000000000000000 ) ) ;
#4249 = CARTESIAN_POINT ( 'NONE',  ( 120.1858349299999844, 36.70387141987216495, 95.04865167353399613 ) ) ;
#4250 = ORIENTED_EDGE ( 'NONE', *, *, #2640, .T. ) ;
#4251 = CARTESIAN_POINT ( 'NONE',  ( 16.80482397919999826, -30.76102395939999923, 155.1939999999999884 ) ) ;
#4252 = DIRECTION ( 'NONE',  ( 0.000000000000000000, 1.000000000000000000, 0.000000000000000000 ) ) ;
#4253 = CARTESIAN_POINT ( 'NONE',  ( 5.595475308113949886, 71.47322324143584638, 65.02674268429052518 ) ) ;
#4254 = LINE ( 'NONE', #205, #2279 ) ;
#4255 = ORIENTED_EDGE ( 'NONE', *, *, #3644, .F. ) ;
#4256 = CARTESIAN_POINT ( 'NONE',  ( -33.77748229880000252, 10.80354514260000087, 102.4942682169999983 ) ) ;
#4257 = DIRECTION ( 'NONE',  ( 0.4794255386042041156, -0.8775825618903722036, 0.000000000000000000 ) ) ;
#4258 = CARTESIAN_POINT ( 'NONE',  ( 64.79999999999999716, 38.67189004540000496, 158.0521743360000073 ) ) ;
#4259 = DIRECTION ( 'NONE',  ( 0.000000000000000000, 1.000000000000000000, 0.000000000000000000 ) ) ;
#4260 = ORIENTED_EDGE ( 'NONE', *, *, #569, .T. ) ;
#4261 = ORIENTED_EDGE ( 'NONE', *, *, #3050, .F. ) ;
#4262 = CARTESIAN_POINT ( 'NONE',  ( -10.99179877109012438, 61.57528150320010951, 74.92471846001447489 ) ) ;
#4263 = VECTOR ( 'NONE', #832, 1000.000000000000114 ) ;
#4264 = ORIENTED_EDGE ( 'NONE', *, *, #98, .F. ) ;
#4265 = CARTESIAN_POINT ( 'NONE',  ( -21.12780406070000083, -38.67418591989999754, 89.53499999999999659 ) ) ;
#4266 = CARTESIAN_POINT ( 'NONE',  ( 0.000000000000000000, -39.80180000000000007, 158.0521743360000073 ) ) ;
#4267 = CC_DESIGN_PERSON_AND_ORGANIZATION_ASSIGNMENT ( #1201, #4170, ( #3562 ) ) ;
#4268 = CARTESIAN_POINT ( 'NONE',  ( 119.2424777960000029, 37.07291643260060710, 97.57852415689995951 ) ) ;
#4269 = CARTESIAN_POINT ( 'NONE',  ( 9.780579086928106847, 56.96383406452347486, 79.53580921430959449 ) ) ;
#4270 = CARTESIAN_POINT ( 'NONE',  ( 0.000000000000000000, 0.000000000000000000, 107.1880000000000024 ) ) ;
#4271 = FACE_BOUND ( 'NONE', #1646, .T. ) ;
#4272 = FACE_OUTER_BOUND ( 'NONE', #2611, .T. ) ;
#4273 = AXIS2_PLACEMENT_3D ( 'NONE', #1395, #1006, #2507 ) ;
#4274 = VERTEX_POINT ( 'NONE', #4410 ) ;
#4275 = EDGE_CURVE ( 'NONE', #4644, #3458, #627, .T. ) ;
#4276 = CARTESIAN_POINT ( 'NONE',  ( -25.51586812609999910, 25.06650251020000297, 102.4942682169999983 ) ) ;
#4277 = AXIS2_PLACEMENT_3D ( 'NONE', #4579, #2022, #2700 ) ;
#4278 = DIRECTION ( 'NONE',  ( 1.000000000000000000, 0.000000000000000000, 0.000000000000000000 ) ) ;
#4279 = EDGE_CURVE ( 'NONE', #823, #4347, #3668, .T. ) ;
#4280 = LINE ( 'NONE', #211, #1490 ) ;
#4281 = CARTESIAN_POINT ( 'NONE',  ( -0.4493656158450000104, 34.38875224709999401, 102.4942682169999983 ) ) ;
#4282 = VERTEX_POINT ( 'NONE', #3320 ) ;
#4283 = LINE ( 'NONE', #3505, #2754 ) ;
#4284 = ADVANCED_FACE ( 'NONE', ( #37 ), #4822, .F. ) ;
#4285 = CARTESIAN_POINT ( 'NONE',  ( 0.000000000000000000, 4.762500000000000178, 54.60999999999999943 ) ) ;
#4286 = CARTESIAN_POINT ( 'NONE',  ( -10.99510601197140680, 62.37419223867636475, 74.12636522626080193 ) ) ;
#4287 = ORIENTED_EDGE ( 'NONE', *, *, #2906, .T. ) ;
#4288 = FACE_OUTER_BOUND ( 'NONE', #214, .T. ) ;
#4289 = CARTESIAN_POINT ( 'NONE',  ( 120.9309549879999963, -28.13311417810495030, 152.2026742315069328 ) ) ;
#4290 = LINE ( 'NONE', #4637, #1097 ) ;
#4291 = AXIS2_PLACEMENT_3D ( 'NONE', #2538, #4034, #1022 ) ;
#4292 = CARTESIAN_POINT ( 'NONE',  ( 8.239032436588194841, 54.71175351020048083, 81.78824553134589337 ) ) ;
#4293 = EDGE_CURVE ( 'NONE', #142, #3787, #2963, .T. ) ;
#4294 = FACE_OUTER_BOUND ( 'NONE', #3885, .T. ) ;
#4295 = AXIS2_PLACEMENT_3D ( 'NONE', #1235, #878, #2426 ) ;
#4296 = DIRECTION ( 'NONE',  ( 0.000000000000000000, 0.000000000000000000, -1.000000000000000000 ) ) ;
#4297 = DIRECTION ( 'NONE',  ( 0.000000000000000000, 0.000000000000000000, 1.000000000000000000 ) ) ;
#4298 = ADVANCED_FACE ( 'NONE', ( #3417 ), #3757, .T. ) ;
#4299 = VERTEX_POINT ( 'NONE', #2244 ) ;
#4300 = VECTOR ( 'NONE', #835, 1000.000000000000000 ) ;
#4301 = DIRECTION ( 'NONE',  ( 0.000000000000000000, 0.000000000000000000, 1.000000000000000000 ) ) ;
#4302 = CARTESIAN_POINT ( 'NONE',  ( 0.000000000000000000, 0.000000000000000000, 139.1920000000000073 ) ) ;
#4303 = DIRECTION ( 'NONE',  ( 0.000000000000000000, 0.000000000000000000, -1.000000000000000000 ) ) ;
#4304 = AXIS2_PLACEMENT_3D ( 'NONE', #157, #896, #2399 ) ;
#4305 = DIRECTION ( 'NONE',  ( 1.000000000000000000, 0.000000000000000000, 0.000000000000000000 ) ) ;
#4306 = AXIS2_PLACEMENT_3D ( 'NONE', #1877, #2931, #4781 ) ;
#4307 = ORIENTED_EDGE ( 'NONE', *, *, #814, .T. ) ;
#4308 = CARTESIAN_POINT ( 'NONE',  ( 48.00000000000000000, 1.705302565819999782E-13, 35.05199999999999960 ) ) ;
#4309 = CARTESIAN_POINT ( 'NONE',  ( -7.326426774238298911, 70.20757550111773071, 66.29240727498617503 ) ) ;
#4310 = CARTESIAN_POINT ( 'NONE',  ( -10.85042414914164510, 63.81451402166525355, 72.68594952608151516 ) ) ;
#4311 = ORIENTED_EDGE ( 'NONE', *, *, #828, .T. ) ;
#4312 = DIRECTION ( 'NONE',  ( -0.000000000000000000, 1.000000000000000000, 0.000000000000000000 ) ) ;
#4313 = DIRECTION ( 'NONE',  ( 0.000000000000000000, -1.000000000000000000, 0.000000000000000000 ) ) ;
#4314 = EDGE_CURVE ( 'NONE', #4371, #413, #3278, .T. ) ;
#4315 = FACE_OUTER_BOUND ( 'NONE', #2310, .T. ) ;
#4316 = CARTESIAN_POINT ( 'NONE',  ( 8.950506774581567626, 55.57948337152840423, 80.91975007289687483 ) ) ;
#4317 = CARTESIAN_POINT ( 'NONE',  ( 2.846819158397068783, 51.37473693823049814, 85.12524390197998514 ) ) ;
#4318 = CARTESIAN_POINT ( 'NONE',  ( 10.95260392992356380, 63.03067580170654338, 73.46915642670569468 ) ) ;
#4319 = LINE ( 'NONE', #3914, #2746 ) ;
#4320 = EDGE_LOOP ( 'NONE', ( #4060, #2051, #505, #2021 ) ) ;
#4321 = CARTESIAN_POINT ( 'NONE',  ( -16.80482397919999826, 30.76102395939999923, 91.18600000000000705 ) ) ;
#4322 = CARTESIAN_POINT ( 'NONE',  ( 120.9309549879999821, 28.81146653317470552, 104.7258089857244556 ) ) ;
#4323 = LINE ( 'NONE', #978, #3753 ) ;
#4324 = FACE_OUTER_BOUND ( 'NONE', #3743, .T. ) ;
#4325 = ORIENTED_EDGE ( 'NONE', *, *, #768, .T. ) ;
#4326 = ADVANCED_FACE ( 'NONE', ( #60, #3687 ), #2606, .T. ) ;
#4327 = CARTESIAN_POINT ( 'NONE',  ( 119.2424777960000029, 36.39456407650157388, 135.6797744346346519 ) ) ;
#4328 = CARTESIAN_POINT ( 'NONE',  ( 119.2424777960000029, -31.70675659194652241, 140.3675819192986864 ) ) ;
#4329 = DIRECTION ( 'NONE',  ( 0.000000000000000000, 0.000000000000000000, -1.000000000000000000 ) ) ;
#4330 = CARTESIAN_POINT ( 'NONE',  ( -10.99228138550310696, 61.58798486112395665, 74.91201517819784783 ) ) ;
#4331 = ORIENTED_EDGE ( 'NONE', *, *, #1264, .F. ) ;
#4332 = ORIENTED_EDGE ( 'NONE', *, *, #1713, .T. ) ;
#4333 = DIRECTION ( 'NONE',  ( 0.000000000000000000, 1.000000000000000000, 0.000000000000000000 ) ) ;
#4334 = VECTOR ( 'NONE', #1653, 1000.000000000000000 ) ;
#4335 = CARTESIAN_POINT ( 'NONE',  ( 121.2999999999999972, -29.07647131134473284, 150.3159599645904336 ) ) ;
#4336 = CARTESIAN_POINT ( 'NONE',  ( 121.3000000000000114, 29.75482366732616768, 97.57852415689063719 ) ) ;
#4337 = CARTESIAN_POINT ( 'NONE',  ( 10.92773360352766687, 60.74089386927077072, 75.75909912013933933 ) ) ;
#4338 = CARTESIAN_POINT ( 'NONE',  ( 5.273680924649999824, 52.34659181920000748, 84.15340818079999963 ) ) ;
#4339 = CARTESIAN_POINT ( 'NONE',  ( 10.31155108519917896, 65.83159049593528778, 70.66839492140843504 ) ) ;
#4340 = LINE ( 'NONE', #586, #3450 ) ;
#4341 = EDGE_CURVE ( 'NONE', #4745, #3285, #1852, .T. ) ;
#4342 = EDGE_LOOP ( 'NONE', ( #1958, #3893 ) ) ;
#4343 = CARTESIAN_POINT ( 'NONE',  ( 24.00000000000000000, -16.00199999999999889, 73.40600000000000591 ) ) ;
#4344 = CARTESIAN_POINT ( 'NONE',  ( 0.000000000000000000, 0.000000000000000000, 88.00000000000000000 ) ) ;
#4345 = CARTESIAN_POINT ( 'NONE',  ( 121.3000000000000114, -29.75482366706685866, 97.57852415691229453 ) ) ;
#4346 = DIRECTION ( 'NONE',  ( 0.000000000000000000, 4.858411868450000195E-16, 1.000000000000000000 ) ) ;
#4347 = VERTEX_POINT ( 'NONE', #4054 ) ;
#4348 = ADVANCED_FACE ( 'NONE', ( #3709 ), #4104, .F. ) ;
#4349 = CIRCLE ( 'NONE', #2246, 1.687807484369998390 ) ;
#4350 = CARTESIAN_POINT ( 'NONE',  ( -34.83811786289999901, 2.131628207279999844E-14, 96.99426821710000013 ) ) ;
#4351 = CARTESIAN_POINT ( 'NONE',  ( -9.329446613054576787, 67.82764883009717494, 68.67235064844594206 ) ) ;
#4352 = CARTESIAN_POINT ( 'NONE',  ( -10.90219457903410927, 63.46737827511524443, 73.03272464306282075 ) ) ;
#4353 = ORIENTED_EDGE ( 'NONE', *, *, #808, .F. ) ;
#4354 = ORIENTED_EDGE ( 'NONE', *, *, #3156, .T. ) ;
#4355 = EDGE_CURVE ( 'NONE', #2705, #494, #4679, .T. ) ;
#4356 = DIRECTION ( 'NONE',  ( 0.000000000000000000, 0.000000000000000000, -1.000000000000000000 ) ) ;
#4357 = DIRECTION ( 'NONE',  ( 0.000000000000000000, -1.000000000000000000, 0.000000000000000000 ) ) ;
#4358 = EDGE_CURVE ( 'NONE', #3110, #3111, #2036, .T. ) ;
#4359 = CARTESIAN_POINT ( 'NONE',  ( 8.260567859644432076, 54.73618311132188552, 81.76381683602153316 ) ) ;
#4360 = CARTESIAN_POINT ( 'NONE',  ( 3.321526397055039048, 51.51276151277468074, 84.98711876488124517 ) ) ;
#4361 = CARTESIAN_POINT ( 'NONE',  ( 8.768037867430757970, 68.64245164062904792, 67.85754741813417468 ) ) ;
#4362 = VECTOR ( 'NONE', #2521, 1000.000000000000000 ) ;
#4363 = LINE ( 'NONE', #347, #4452 ) ;
#4364 = VERTEX_POINT ( 'NONE', #1137 ) ;
#4365 = EDGE_CURVE ( 'NONE', #1904, #4777, #3672, .T. ) ;
#4366 = AXIS2_PLACEMENT_3D ( 'NONE', #3980, #633, #1405 ) ;
#4367 = DIRECTION ( 'NONE',  ( 1.000000000000000000, 0.000000000000000000, 0.000000000000000000 ) ) ;
#4368 = DIRECTION ( 'NONE',  ( 0.000000000000000000, 0.000000000000000000, 1.000000000000000000 ) ) ;
#4369 = CARTESIAN_POINT ( 'NONE',  ( 13.76004174070000019, -25.18758745649999753, 155.7713101510000229 ) ) ;
#4370 = CARTESIAN_POINT ( 'NONE',  ( 116.2999999999999972, 31.70675659180000139, 145.0553894040000102 ) ) ;
#4371 = VERTEX_POINT ( 'NONE', #3028 ) ;
#4372 = ADVANCED_FACE ( 'NONE', ( #1533 ), #2273, .T. ) ;
#4373 = CARTESIAN_POINT ( 'NONE',  ( -5.851138187120000111, -34.38875224709999401, 102.4942682169999983 ) ) ;
#4374 = CARTESIAN_POINT ( 'NONE',  ( -8.722707097712124380, 68.70339723050560110, 67.79655606277047752 ) ) ;
#4375 = AXIS2_PLACEMENT_3D ( 'NONE', #2385, #3784, #775 ) ;
#4376 = CARTESIAN_POINT ( 'NONE',  ( -10.99244936835443553, 61.59248401353457325, 74.90751609327368499 ) ) ;
#4377 = B_SPLINE_SURFACE_WITH_KNOTS ( 'NONE', 5, 1, ( 
 ( #4445, #3613 ),
 ( #4833, #1816 ),
 ( #3037, #2666 ),
 ( #4139, #758 ),
 ( #2595, #4788 ),
 ( #4470, #2989 ),
 ( #4092, #1122 ),
 ( #1441, #2256 ),
 ( #386, #1519 ) ),
 .UNSPECIFIED., .F., .F., .F.,
 ( 6, 3, 6 ),
 ( 2, 2 ),
 ( 0.000000000000000000, 24.26805921709999936, 48.53611843430000050 ),
 ( 0.000000000000000000, 1.000000000000000000 ),
 .UNSPECIFIED. ) ;
#4378 = EDGE_LOOP ( 'NONE', ( #1034, #1043, #4784, #4117 ) ) ;
#4379 = ORIENTED_EDGE ( 'NONE', *, *, #4365, .F. ) ;
#4380 = VECTOR ( 'NONE', #455, 1000.000000000000000 ) ;
#4381 = DIRECTION ( 'NONE',  ( -1.000000000000000000, 0.000000000000000000, 0.000000000000000000 ) ) ;
#4382 = DATE_TIME_ROLE ( 'classification_date' ) ;
#4383 = CARTESIAN_POINT ( 'NONE',  ( 119.2424777959999886, -27.01894910824047003, 154.4310043713461198 ) ) ;
#4384 = EDGE_CURVE ( 'NONE', #494, #2705, #3519, .T. ) ;
#4385 = AXIS2_PLACEMENT_3D ( 'NONE', #1914, #2343, #2622 ) ;
#4386 = CARTESIAN_POINT ( 'NONE',  ( 4.434707847531122127, 72.06658536672529181, 64.43337182368894389 ) ) ;
#4387 = FACE_OUTER_BOUND ( 'NONE', #3120, .T. ) ;
#4388 = CARTESIAN_POINT ( 'NONE',  ( 9.609449491759713524, 67.35425762566472940, 69.14573016211771517 ) ) ;
#4389 = DIRECTION ( 'NONE',  ( 1.000000000000000000, 0.000000000000000000, 0.000000000000000000 ) ) ;
#4390 = VERTEX_POINT ( 'NONE', #4506 ) ;
#4391 = FACE_OUTER_BOUND ( 'NONE', #3490, .T. ) ;
#4392 = LINE ( 'NONE', #2104, #1442 ) ;
#4393 = FACE_OUTER_BOUND ( 'NONE', #1397, .T. ) ;
#4394 = DIRECTION ( 'NONE',  ( -1.000000000000000000, 0.000000000000000000, 0.000000000000000000 ) ) ;
#4395 = ORIENTED_EDGE ( 'NONE', *, *, #3065, .F. ) ;
#4396 = LINE ( 'NONE', #2935, #3838 ) ;
#4397 = DIRECTION ( 'NONE',  ( 0.000000000000000000, 0.000000000000000000, -1.000000000000000000 ) ) ;
#4398 = CARTESIAN_POINT ( 'NONE',  ( -8.566305894669188348, 55.09304723585427865, 81.40627500922269633 ) ) ;
#4399 = EDGE_LOOP ( 'NONE', ( #2795, #4353 ) ) ;
#4400 = ORIENTED_EDGE ( 'NONE', *, *, #4069, .T. ) ;
#4401 = ADVANCED_FACE ( 'NONE', ( #1158 ), #2655, .F. ) ;
#4402 = CARTESIAN_POINT ( 'NONE',  ( -7.817767206569601335, 54.25605929750116019, 82.24394045421550459 ) ) ;
#4403 = CARTESIAN_POINT ( 'NONE',  ( 9.737474385276527755, 67.11679647517399872, 69.38303465603924280 ) ) ;
#4404 = DIRECTION ( 'NONE',  ( 0.000000000000000000, 0.000000000000000000, -1.000000000000000000 ) ) ;
#4405 = CARTESIAN_POINT ( 'NONE',  ( 10.81245076978270703, 64.02260458032307611, 72.47739526771525220 ) ) ;
#4406 = CARTESIAN_POINT ( 'NONE',  ( 0.000000000000000000, 62.00000000000000000, 119.0000000000000000 ) ) ;
#4407 = AXIS2_PLACEMENT_3D ( 'NONE', #1962, #2688, #355 ) ;
#4408 = ORIENTED_EDGE ( 'NONE', *, *, #2215, .T. ) ;
#4409 = DIRECTION ( 'NONE',  ( 0.000000000000000000, 0.000000000000000000, -1.000000000000000000 ) ) ;
#4410 = CARTESIAN_POINT ( 'NONE',  ( 0.000000000000000000, 17.52599999999999980, 71.88200000000000500 ) ) ;
#4411 = DIRECTION ( 'NONE',  ( 0.000000000000000000, 0.000000000000000000, -1.000000000000000000 ) ) ;
#4412 = CARTESIAN_POINT ( 'NONE',  ( 120.1858349299999986, -28.06634647545022787, 100.1083966404636669 ) ) ;
#4413 = FACE_OUTER_BOUND ( 'NONE', #1248, .T. ) ;
#4414 = ORIENTED_EDGE ( 'NONE', *, *, #3232, .F. ) ;
#4415 = EDGE_CURVE ( 'NONE', #3535, #2895, #3911, .T. ) ;
#4416 = ADVANCED_FACE ( 'NONE', ( #4176 ), #3053, .T. ) ;
#4417 = LINE ( 'NONE', #2526, #944 ) ;
#4418 = PLANE ( 'NONE',  #1418 ) ;
#4419 = CARTESIAN_POINT ( 'NONE',  ( 120.9309549879999963, -35.28039900667867812, 145.0553894041399872 ) ) ;
#4420 = VERTEX_POINT ( 'NONE', #561 ) ;
#4421 = VECTOR ( 'NONE', #2324, 1000.000000000000000 ) ;
#4422 = ORIENTED_EDGE ( 'NONE', *, *, #752, .T. ) ;
#4423 = EDGE_CURVE ( 'NONE', #4722, #4087, #2052, .T. ) ;
#4424 = EDGE_CURVE ( 'NONE', #523, #4799, #939, .T. ) ;
#4425 = AXIS2_PLACEMENT_3D ( 'NONE', #2854, #2468, #4333 ) ;
#4426 = CARTESIAN_POINT ( 'NONE',  ( -7.553811060754306972, 54.00371052147566786, 82.49629120535050220 ) ) ;
#4427 = FACE_OUTER_BOUND ( 'NONE', #1705, .T. ) ;
#4428 = CARTESIAN_POINT ( 'NONE',  ( 0.000000000000000000, -44.06899999999999551, 155.1939999999999884 ) ) ;
#4429 = CARTESIAN_POINT ( 'NONE',  ( 10.78364368585955546, 59.82498305064478927, 76.67513746693693122 ) ) ;
#4430 = CYLINDRICAL_SURFACE ( 'NONE', #4073, 4.762500000000002842 ) ;
#4431 = ORIENTED_EDGE ( 'NONE', *, *, #3312, .T. ) ;
#4432 = EDGE_CURVE ( 'NONE', #525, #523, #4640, .T. ) ;
#4433 = CARTESIAN_POINT ( 'NONE',  ( -3.845164835179502916, 72.30853388074348231, 64.19153724796683491 ) ) ;
#4434 = DIRECTION ( 'NONE',  ( 1.000000000000000000, 0.000000000000000000, 0.000000000000000000 ) ) ;
#4435 = DIRECTION ( 'NONE',  ( -0.4794255386042040601, 0.8775825618903722036, 0.000000000000000000 ) ) ;
#4436 = DIRECTION ( 'NONE',  ( 0.4794255386042041156, -0.8775825618903722036, 0.000000000000000000 ) ) ;
#4437 = EDGE_CURVE ( 'NONE', #3347, #319, #1563, .T. ) ;
#4438 = DIRECTION ( 'NONE',  ( 1.000000000000000000, 0.000000000000000000, 0.000000000000000000 ) ) ;
#4439 = VECTOR ( 'NONE', #856, 1000.000000000000000 ) ;
#4440 = ORIENTED_EDGE ( 'NONE', *, *, #810, .F. ) ;
#4441 = ORIENTED_EDGE ( 'NONE', *, *, #1425, .F. ) ;
#4442 = CARTESIAN_POINT ( 'NONE',  ( -34.83811786289999901, 2.131628207279999844E-14, 102.4942682169999983 ) ) ;
#4443 = VECTOR ( 'NONE', #3749, 1000.000000000000000 ) ;
#4444 = FACE_OUTER_BOUND ( 'NONE', #911, .T. ) ;
#4445 = CARTESIAN_POINT ( 'NONE',  ( -30.83811786289999901, 3.108624468949999707E-14, 91.49426821710001434 ) ) ;
#4446 = ORIENTED_EDGE ( 'NONE', *, *, #366, .T. ) ;
#4447 = ORIENTED_EDGE ( 'NONE', *, *, #1834, .F. ) ;
#4448 = VECTOR ( 'NONE', #4108, 1000.000000000000000 ) ;
#4449 = CIRCLE ( 'NONE', #4375, 35.05199999999999960 ) ;
#4450 = CARTESIAN_POINT ( 'NONE',  ( -10.37648325946240568, 58.34908524484826131, 78.15091587896138492 ) ) ;
#4451 = AXIS2_PLACEMENT_3D ( 'NONE', #522, #862, #3164 ) ;
#4452 = VECTOR ( 'NONE', #2884, 1000.000000000000000 ) ;
#4453 = CARTESIAN_POINT ( 'NONE',  ( 8.380507766915082257, 69.13081753013833008, 67.36973394789552572 ) ) ;
#4454 = CARTESIAN_POINT ( 'NONE',  ( -34.83811786289999901, -5.401772571280000435, 91.49426821710001434 ) ) ;
#4455 = EDGE_CURVE ( 'NONE', #1077, #1879, #3357, .T. ) ;
#4456 = CARTESIAN_POINT ( 'NONE',  ( 10.64952028757739733, 59.24540222675256018, 77.25459831720193904 ) ) ;
#4457 = AXIS2_PLACEMENT_3D ( 'NONE', #3576, #889, #3210 ) ;
#4458 = CARTESIAN_POINT ( 'NONE',  ( 0.000000000000000000, 0.000000000000000000, 164.0000000000000000 ) ) ;
#4459 = ORIENTED_EDGE ( 'NONE', *, *, #4482, .F. ) ;
#4460 = CARTESIAN_POINT ( 'NONE',  ( -31.65516295769999644, -15.92727727950000371, 102.4942682169999983 ) ) ;
#4461 = CARTESIAN_POINT ( 'NONE',  ( 0.000000000000000000, 0.000000000000000000, 149.0000000000000000 ) ) ;
#4462 = CARTESIAN_POINT ( 'NONE',  ( 0.000000000000000000, -17.52599999999999980, 71.88200000000000500 ) ) ;
#4463 = CARTESIAN_POINT ( 'NONE',  ( 118.2999999999999972, -27.69730146339567511, 97.57852415682032188 ) ) ;
#4464 = CARTESIAN_POINT ( 'NONE',  ( -16.80482397919999826, 30.76102395939999923, 56.89600000000000080 ) ) ;
#4465 = ORIENTED_EDGE ( 'NONE', *, *, #1109, .F. ) ;
#4466 = CARTESIAN_POINT ( 'NONE',  ( -29.90085235379999773, -9.546908081119999778, 91.49426821710001434 ) ) ;
#4467 = ORIENTED_EDGE ( 'NONE', *, *, #1606, .T. ) ;
#4468 = DIRECTION ( 'NONE',  ( 1.000000000000000000, 0.000000000000000000, 0.000000000000000000 ) ) ;
#4469 = CARTESIAN_POINT ( 'NONE',  ( -34.83811786289999901, 2.131628207279999844E-14, 91.49426821710001434 ) ) ;
#4470 = CARTESIAN_POINT ( 'NONE',  ( -14.52402816080000214, 27.57602943199999856, 91.49426821710001434 ) ) ;
#4471 = ORIENTED_EDGE ( 'NONE', *, *, #4719, .T. ) ;
#4472 = ORIENTED_EDGE ( 'NONE', *, *, #1230, .T. ) ;
#4473 = CARTESIAN_POINT ( 'NONE',  ( -6.070420831962352715, 52.82666367654341855, 83.67333682684686380 ) ) ;
#4474 = CYLINDRICAL_SURFACE ( 'NONE', #3149, 10.99999999999999645 ) ;
#4475 = LINE ( 'NONE', #4794, #136 ) ;
#4476 = DIRECTION ( 'NONE',  ( 1.000000000000000000, 0.000000000000000000, 0.000000000000000000 ) ) ;
#4477 = CARTESIAN_POINT ( 'NONE',  ( 8.304530197446451822, 54.78644807138763895, 81.71355211362401860 ) ) ;
#4478 = DIRECTION ( 'NONE',  ( 0.000000000000000000, 0.000000000000000000, -1.000000000000000000 ) ) ;
#4479 = EDGE_LOOP ( 'NONE', ( #1747, #172, #348, #65 ) ) ;
#4480 = CARTESIAN_POINT ( 'NONE',  ( -0.4493656158450000104, -34.38875224709999401, 145.5521743360000073 ) ) ;
#4481 = CARTESIAN_POINT ( 'NONE',  ( 48.00000000000000000, 4.762500000000000178, 44.83100000000000307 ) ) ;
#4482 = EDGE_CURVE ( 'NONE', #1183, #4629, #4605, .T. ) ;
#4483 = DIRECTION ( 'NONE',  ( 1.000000000000000000, 0.000000000000000000, 0.000000000000000000 ) ) ;
#4484 = CIRCLE ( 'NONE', #4566, 1.524000000000001132 ) ;
#4485 = DIRECTION ( 'NONE',  ( 0.000000000000000000, 0.000000000000000000, 1.000000000000000000 ) ) ;
#4486 = DIRECTION ( 'NONE',  ( 0.000000000000000000, 0.000000000000000000, -1.000000000000000000 ) ) ;
#4487 = VERTEX_POINT ( 'NONE', #2353 ) ;
#4488 = CARTESIAN_POINT ( 'NONE',  ( 68.79999999999999716, -38.67189004540000496, 158.0521743360000073 ) ) ;
#4489 = CARTESIAN_POINT ( 'NONE',  ( 5.273680924649999824, 52.34659181920000748, 84.15340818079999963 ) ) ;
#4490 = CARTESIAN_POINT ( 'NONE',  ( -2.220446049249999755E-16, 51.00000000000000000, 85.50000000000000000 ) ) ;
#4491 = DIRECTION ( 'NONE',  ( 0.000000000000000000, 1.000000000000000000, 0.000000000000000000 ) ) ;
#4492 = ADVANCED_FACE ( 'NONE', ( #3542 ), #924, .F. ) ;
#4493 = EDGE_LOOP ( 'NONE', ( #1636, #3652, #1165, #652 ) ) ;
#4494 = EDGE_LOOP ( 'NONE', ( #821, #1054, #2789, #2361 ) ) ;
#4495 = CARTESIAN_POINT ( 'NONE',  ( -8.797360477525311140, 55.39647504352394236, 81.10352509565052515 ) ) ;
#4496 = AXIS2_PLACEMENT_3D ( 'NONE', #2561, #4127, #747 ) ;
#4497 = EDGE_CURVE ( 'NONE', #2077, #3787, #2733, .T. ) ;
#4498 = CARTESIAN_POINT ( 'NONE',  ( -8.239032434676417438, 69.28824649196060648, 67.21175446650619278 ) ) ;
#4499 = DIRECTION ( 'NONE',  ( 0.000000000000000000, 0.000000000000000000, -1.000000000000000000 ) ) ;
#4500 = LINE ( 'NONE', #1869, #4443 ) ;
#4501 = AXIS2_PLACEMENT_3D ( 'NONE', #940, #4312, #2777 ) ;
#4502 = CARTESIAN_POINT ( 'NONE',  ( 8.275245294756551573, 54.75290356420871518, 81.74709559527438785 ) ) ;
#4503 = CARTESIAN_POINT ( 'NONE',  ( 64.79999999999999716, 38.67189004540000496, 96.99426821710000013 ) ) ;
#4504 = ORIENTED_EDGE ( 'NONE', *, *, #2370, .T. ) ;
#4505 = FACE_OUTER_BOUND ( 'NONE', #1826, .T. ) ;
#4506 = CARTESIAN_POINT ( 'NONE',  ( 64.79999999999999716, 34.38875224709999401, 102.4942682169999983 ) ) ;
#4507 = CARTESIAN_POINT ( 'NONE',  ( -5.273680924649999824, 71.65340818079999963, 64.84659181920001458 ) ) ;
#4508 = DIRECTION ( 'NONE',  ( 0.000000000000000000, 0.000000000000000000, -1.000000000000000000 ) ) ;
#4509 = DIRECTION ( 'NONE',  ( -0.4794255386042038936, 0.8775825618903722036, 0.000000000000000000 ) ) ;
#4510 = EDGE_CURVE ( 'NONE', #746, #2990, #553, .T. ) ;
#4511 = ORIENTED_EDGE ( 'NONE', *, *, #3227, .T. ) ;
#4512 = DIRECTION ( 'NONE',  ( 1.000000000000000000, 0.000000000000000000, 0.000000000000000000 ) ) ;
#4513 = ORIENTED_EDGE ( 'NONE', *, *, #1233, .F. ) ;
#4514 = LINE ( 'NONE', #1168, #599 ) ;
#4515 = CYLINDRICAL_SURFACE ( 'NONE', #277, 44.06899999999999551 ) ;
#4516 = AXIS2_PLACEMENT_3D ( 'NONE', #4236, #3498, #2432 ) ;
#4517 = CARTESIAN_POINT ( 'NONE',  ( 116.2999999999999972, 32.38510894779999916, 97.57852415689998793 ) ) ;
#4518 = ORIENTED_EDGE ( 'NONE', *, *, #2734, .T. ) ;
#4519 = ORIENTED_EDGE ( 'NONE', *, *, #1027, .T. ) ;
#4520 = CIRCLE ( 'NONE', #2436, 44.06899999999999551 ) ;
#4521 = CARTESIAN_POINT ( 'NONE',  ( -10.66876006495055407, 64.67937806757872465, 71.82061443578507465 ) ) ;
#4522 = VECTOR ( 'NONE', #481, 1000.000000000000000 ) ;
#4523 = DIRECTION ( 'NONE',  ( 0.000000000000000000, 1.000000000000000000, 0.000000000000000000 ) ) ;
#4524 = FACE_OUTER_BOUND ( 'NONE', #4700, .T. ) ;
#4525 = DIRECTION ( 'NONE',  ( 1.000000000000000000, 0.000000000000000000, 0.000000000000000000 ) ) ;
#4526 = CARTESIAN_POINT ( 'NONE',  ( 119.2424777960000029, -36.39456407650132519, 145.0553894042035381 ) ) ;
#4527 = CARTESIAN_POINT ( 'NONE',  ( 10.93607748136407665, 60.81584168312712535, 75.68415883440505354 ) ) ;
#4528 = CIRCLE ( 'NONE', #3603, 9.000000000000000000 ) ;
#4529 = CARTESIAN_POINT ( 'NONE',  ( -0.4493656158450000104, -34.38875224709999401, 102.4942682169999983 ) ) ;
#4530 = VECTOR ( 'NONE', #2055, 1000.000000000000000 ) ;
#4531 = EDGE_CURVE ( 'NONE', #4299, #4745, #2113, .T. ) ;
#4532 = VERTEX_POINT ( 'NONE', #3491 ) ;
#4533 = DIRECTION ( 'NONE',  ( 1.000000000000000000, 0.000000000000000000, 0.000000000000000000 ) ) ;
#4534 = DIRECTION ( 'NONE',  ( 0.000000000000000000, 1.000000000000000000, 0.000000000000000000 ) ) ;
#4535 = CARTESIAN_POINT ( 'NONE',  ( 68.79999999999999716, 30.38875224710000111, 96.99426821710000013 ) ) ;
#4536 = FACE_OUTER_BOUND ( 'NONE', #2956, .T. ) ;
#4537 = VERTEX_POINT ( 'NONE', #1951 ) ;
#4538 = EDGE_LOOP ( 'NONE', ( #3284, #4190, #4022, #3515 ) ) ;
#4539 = ORIENTED_EDGE ( 'NONE', *, *, #3601, .T. ) ;
#4540 = CLOSED_SHELL ( 'NONE', ( #3017, #4284, #3373, #4326, #1079, #2717, #1939, #2781, #2462, #2188, #4672, #3214, #2323, #1832, #2111, #2374, #2672, #4658, #1254, #4682, #2444, #3454, #1787, #406, #1823, #2775, #361, #606, #2304, #1199, #2134, #4704, #1992, #4372, #1382, #16, #1641, #3674, #2697, #2565, #356, #430, #2579, #1673, #1580, #1110 ) ) ;
#4541 = FACE_OUTER_BOUND ( 'NONE', #3472, .T. ) ;
#4542 = LINE ( 'NONE', #4185, #4263 ) ;
#4543 = CARTESIAN_POINT ( 'NONE',  ( -14.52402816080000214, 27.57602943199999856, 91.49426821710001434 ) ) ;
#4544 = CARTESIAN_POINT ( 'NONE',  ( 48.00000000000000000, 16.00199999999999889, 73.40600000000000591 ) ) ;
#4545 = VERTEX_POINT ( 'NONE', #3443 ) ;
#4546 = EDGE_LOOP ( 'NONE', ( #1298, #3154, #938, #2934 ) ) ;
#4547 = EDGE_CURVE ( 'NONE', #1376, #626, #3912, .T. ) ;
#4548 = CARTESIAN_POINT ( 'NONE',  ( -10.30370965961673413, 65.85365637548952122, 70.64628660783751002 ) ) ;
#4549 = EDGE_CURVE ( 'NONE', #2986, #1786, #3281, .T. ) ;
#4550 = CARTESIAN_POINT ( 'NONE',  ( 120.9309549879999821, 28.13311417696293049, 137.9081045745008112 ) ) ;
#4551 = ORIENTED_EDGE ( 'NONE', *, *, #3872, .T. ) ;
#4552 = CARTESIAN_POINT ( 'NONE',  ( 68.79999999999999716, -34.53032114620000215, 151.0521743360000073 ) ) ;
#4553 = ADVANCED_FACE ( 'NONE', ( #114 ), #1633, .T. ) ;
#4554 = COORDINATED_UNIVERSAL_TIME_OFFSET ( 7, 0, .BEHIND. ) ;
#4555 = DIRECTION ( 'NONE',  ( 1.000000000000000000, 0.000000000000000000, 0.000000000000000000 ) ) ;
#4556 = CARTESIAN_POINT ( 'NONE',  ( 121.2999999999999972, 33.39456407548813388, 148.4310043713169591 ) ) ;
#4557 = CARTESIAN_POINT ( 'NONE',  ( 0.000000000000000000, 0.000000000000000000, 121.5389999999999873 ) ) ;
#4558 = ORIENTED_EDGE ( 'NONE', *, *, #476, .F. ) ;
#4559 = CARTESIAN_POINT ( 'NONE',  ( 7.334889329503797128, 53.79590726605381690, 82.70351878407709023 ) ) ;
#4560 = CARTESIAN_POINT ( 'NONE',  ( 0.000000000000000000, 0.000000000000000000, 151.8919999999999959 ) ) ;
#4561 = CARTESIAN_POINT ( 'NONE',  ( 1.309404259619993516, 72.92333643583052094, 63.57659780057144161 ) ) ;
#4562 = DIRECTION ( 'NONE',  ( 0.000000000000000000, 1.000000000000000000, 0.000000000000000000 ) ) ;
#4563 = EDGE_LOOP ( 'NONE', ( #1521, #3555 ) ) ;
#4564 = VERTEX_POINT ( 'NONE', #1263 ) ;
#4565 = DIRECTION ( 'NONE',  ( 1.000000000000000000, 0.000000000000000000, 0.000000000000000000 ) ) ;
#4566 = AXIS2_PLACEMENT_3D ( 'NONE', #3056, #799, #1925 ) ;
#4567 = ORIENTED_EDGE ( 'NONE', *, *, #3824, .F. ) ;
#4568 = CARTESIAN_POINT ( 'NONE',  ( 24.00000000000000000, 16.00199999999999889, 73.40600000000000591 ) ) ;
#4569 = CARTESIAN_POINT ( 'NONE',  ( -16.37664289539999984, 31.20579734180000031, 91.49426821710001434 ) ) ;
#4570 = FACE_OUTER_BOUND ( 'NONE', #3507, .T. ) ;
#4571 = ADVANCED_FACE ( 'NONE', ( #3887 ), #537, .F. ) ;
#4572 = AXIS2_PLACEMENT_3D ( 'NONE', #3327, #1765, #2162 ) ;
#4573 = ORIENTED_EDGE ( 'NONE', *, *, #299, .F. ) ;
#4574 = ORIENTED_EDGE ( 'NONE', *, *, #3211, .T. ) ;
#4575 = CARTESIAN_POINT ( 'NONE',  ( -10.74151650665770852, 59.62835475808805086, 76.87168537340637897 ) ) ;
#4576 = VERTEX_POINT ( 'NONE', #3228 ) ;
#4577 = ADVANCED_FACE ( 'NONE', ( #4387 ), #1338, .T. ) ;
#4578 = EDGE_CURVE ( 'NONE', #837, #3231, #2835, .T. ) ;
#4579 = CARTESIAN_POINT ( 'NONE',  ( 0.000000000000000000, 1.705302565819999782E-13, 35.05199999999999960 ) ) ;
#4580 = LINE ( 'NONE', #2346, #4522 ) ;
#4581 = DIRECTION ( 'NONE',  ( 0.000000000000000000, 0.000000000000000000, -1.000000000000000000 ) ) ;
#4582 = CARTESIAN_POINT ( 'NONE',  ( 118.2999999999999829, 36.39456407551458739, 145.0553894040844796 ) ) ;
#4583 = CARTESIAN_POINT ( 'NONE',  ( -18.02256484720000174, 32.99008366660000036, 7.105427357599999690E-14 ) ) ;
#4584 = EDGE_LOOP ( 'NONE', ( #2478, #2731, #1311, #1645 ) ) ;
#4585 = AXIS2_PLACEMENT_3D ( 'NONE', #158, #426, #1234 ) ;
#4586 = LINE ( 'NONE', #2761, #2171 ) ;
#4587 = DIRECTION ( 'NONE',  ( 1.000000000000000000, 0.000000000000000000, 0.000000000000000000 ) ) ;
#4588 = LINE ( 'NONE', #900, #2617 ) ;
#4589 = CARTESIAN_POINT ( 'NONE',  ( 121.3000000000000114, -30.69730146339728805, 97.57852415692869386 ) ) ;
#4590 = ORIENTED_EDGE ( 'NONE', *, *, #1684, .F. ) ;
#4591 = ORIENTED_EDGE ( 'NONE', *, *, #1319, .F. ) ;
#4592 = ORIENTED_EDGE ( 'NONE', *, *, #2227, .F. ) ;
#4593 = CARTESIAN_POINT ( 'NONE',  ( -31.65516295769999644, 15.92727727950000371, 102.4942682169999983 ) ) ;
#4594 = VERTEX_POINT ( 'NONE', #4707 ) ;
#4595 = DIRECTION ( 'NONE',  ( 0.000000000000000000, 0.000000000000000000, -1.000000000000000000 ) ) ;
#4596 = EDGE_CURVE ( 'NONE', #3947, #3551, #4520, .T. ) ;
#4597 = LINE ( 'NONE', #1245, #3225 ) ;
#4598 = DIRECTION ( 'NONE',  ( 1.000000000000000000, 0.000000000000000000, 0.000000000000000000 ) ) ;
#4599 = EDGE_LOOP ( 'NONE', ( #3869, #3895, #103, #2117 ) ) ;
#4600 = VERTEX_POINT ( 'NONE', #1775 ) ;
#4601 = B_SPLINE_CURVE_WITH_KNOTS ( 'NONE', 3,
 ( #491, #2786, #3108, #4561, #2404, #4229, #1313, #3470, #2810, #3177, #2357, #2384, #1209, #3867, #879, #90, #139, #3157, #3132, #3084, #1983, #116, #4253, #1611, #514, #2009, #4615, #183, #4641, #1266, #926, #1288, #2427, #3913, #563, #2054, #2862, #4773, #2535, #254, #3566, #2496, #3229, #1406, #658, #4361, #1018, #4683, #3981, #4029, #4010, #229, #3660, #4388, #1428, #1060, #1777, #635, #3938, #1363, #3198, #585, #4708, #2074, #4339, #995, #1754, #678, #2129, #3248, #204, #1340, #2924, #1703, #2474, #3617, #972, #3590, #4730, #2517, #4405, #1381, #3294, #2838, #2151, #4318, #2904, #3636, #276, #3960, #609, #3270, #2883, #4750, #2100, #1731, #1041, #2172, #298, #1801, #56, #1870, #1133, #3362, #2945, #2970, #1554, #2266, #742, #1083, #4527, #4817, #767, #4429, #1528, #2649, #1475, #2293, #2556, #4456, #4100, #2240, #422, #2194, #2997, #2625, #4049, #695, #1847, #3682, #3338, #1108, #3727, #4147, #369, #9, #325, #3316, #3047, #1822, #2580, #4797, #3778, #3022, #1895, #1451, #4076, #2602, #1919, #719, #4477, #2219, #4502, #4124, #3750, #3704, #346, #397, #1504, #3387, #3412, #31, #1154, #793, #2047, #3172, #3861 ),
 .UNSPECIFIED., .F., .F.,
 ( 4, 2, 1, 1, 1, 2, 2, 2, 1, 1, 1, 2, 2, 2, 1, 1, 1, 1, 2, 2, 2, 1, 1, 1, 1, 2, 2, 2, 1, 1, 1, 1, 2, 2, 2, 1, 1, 1, 1, 2, 2, 2, 2, 1, 1, 1, 2, 2, 2, 2, 1, 1, 1, 1, 2, 2, 2, 2, 1, 1, 1, 1, 2, 2, 1, 2, 2, 1, 1, 2, 1, 1, 1, 1, 2, 2, 2, 2, 1, 1, 1, 1, 2, 2, 2, 2, 1, 1, 1, 2, 2, 2, 1, 1, 1, 1, 2, 2, 2, 1, 1, 1, 1, 2, 2, 2, 1, 1, 1, 1, 2, 2, 4 ),
 ( 0.000000000000000000, 0.03124999999999138883, 0.04687499999998702427, 0.05468749999998501199, 0.05859374999998408912, 0.06054687499998361727, 0.06249999999998313849, 0.09374999999997059297, 0.1093749999999641398, 0.1171874999999605593, 0.1210937499999589911, 0.1230468749999583944, 0.1249999999999577976, 0.1562499999999486244, 0.1718749999999443223, 0.1796874999999419076, 0.1835937499999409916, 0.1855468749999405753, 0.1865234374999403533, 0.1874999999999401590, 0.2187499999999215627, 0.2343749999999119871, 0.2421874999999071854, 0.2460937499999044931, 0.2480468749999034106, 0.2490234374999034939, 0.2499999999999035494, 0.2812499999999025224, 0.2968749999999019673, 0.3046874999999010236, 0.3085937499999008571, 0.3105468749999010791, 0.3115234374999009126, 0.3124999999999006906, 0.3437499999999067413, 0.3593749999999094058, 0.3671874999999107381, 0.3710937499999121814, 0.3730468749999132361, 0.3740234374999134026, 0.3749999999999135691, 0.4062499999999082401, 0.4218749999999048539, 0.4296874999999027445, 0.4335937499999013567, 0.4355468749999006350, 0.4365234374999006350, 0.4374999999999006350, 0.4687499999999173994, 0.4843749999999262257, 0.4921874999999302225, 0.4960937499999325540, 0.4980468749999337752, 0.4990234374999339972, 0.4995117187499341083, 0.4999999999999342748, 0.5312499999999122924, 0.5468749999999014122, 0.5546874999998961941, 0.5585937499998937517, 0.5605468749998927525, 0.5615234374998924194, 0.5620117187498924194, 0.5624999999998924194, 0.5781249999999023004, 0.5859374999999067413, 0.5878906249999080735, 0.5898437499999094058, 0.5937499999999114042, 0.6093749999999185096, 0.6171874999999221734, 0.6210937499999241718, 0.6230468749999255040, 0.6240234374999260591, 0.6245117187499261702, 0.6249999999999262812, 0.6562499999999097389, 0.6718749999999016342, 0.6796874999998974154, 0.6835937499998949729, 0.6855468749998933076, 0.6865234374998925304, 0.6870117187498921973, 0.6874999999998918643, 0.7187499999998795408, 0.7343749999998735456, 0.7421874999998706590, 0.7460937499998688827, 0.7480468749998679945, 0.7490234374998676614, 0.7499999999998672173, 0.7812499999998565592, 0.7968749999998510081, 0.8046874999998480105, 0.8085937499998464562, 0.8105468749998463451, 0.8115234374998462341, 0.8124999999998460121, 0.8437499999998475664, 0.8593749999998484546, 0.8671874999998492317, 0.8710937499998495648, 0.8730468749998502309, 0.8740234374998507860, 0.8749999999998512301, 0.9062499999998845368, 0.9218749999999011902, 0.9296874999999098499, 0.9335937499999142908, 0.9355468749999166223, 0.9365234374999175104, 0.9374999999999182876, 1.000000000000000000 ),
 .UNSPECIFIED. ) ;
#4602 = CIRCLE ( 'NONE', #4291, 1.523999999999999355 ) ;
#4603 = CARTESIAN_POINT ( 'NONE',  ( -10.85878472488391466, 63.77739259461463917, 72.72248182196759103 ) ) ;
#4604 = VERTEX_POINT ( 'NONE', #971 ) ;
#4605 = CIRCLE ( 'NONE', #4295, 1.523999999999999355 ) ;
#4606 = FACE_OUTER_BOUND ( 'NONE', #4140, .T. ) ;
#4607 =( NAMED_UNIT ( * ) PLANE_ANGLE_UNIT ( ) SI_UNIT ( $, .RADIAN. ) );
#4608 = CARTESIAN_POINT ( 'NONE',  ( -16.80482397919999826, 30.76102395939999923, 151.8919999999999959 ) ) ;
#4609 = CARTESIAN_POINT ( 'NONE',  ( 120.1858349299999844, 36.02551906388498537, 153.6929143488077614 ) ) ;
#4610 = CARTESIAN_POINT ( 'NONE',  ( 0.000000000000000000, 0.000000000000000000, 164.0000000000000000 ) ) ;
#4611 = ORIENTED_EDGE ( 'NONE', *, *, #3503, .F. ) ;
#4612 = LINE ( 'NONE', #3442, #3651 ) ;
#4613 = DIRECTION ( 'NONE',  ( 0.000000000000000000, 1.000000000000000000, 0.000000000000000000 ) ) ;
#4614 = AXIS2_PLACEMENT_3D ( 'NONE', #3101, #3046, #2674 ) ;
#4615 = CARTESIAN_POINT ( 'NONE',  ( 6.070420832447151582, 71.17333632312131897, 65.32666317347394624 ) ) ;
#4616 = AXIS2_PLACEMENT_3D ( 'NONE', #3690, #2225, #3323 ) ;
#4617 = DIRECTION ( 'NONE',  ( 0.000000000000000000, 0.000000000000000000, 1.000000000000000000 ) ) ;
#4618 = ORIENTED_EDGE ( 'NONE', *, *, #1597, .F. ) ;
#4619 = AXIS2_PLACEMENT_3D ( 'NONE', #732, #1466, #4491 ) ;
#4620 = ORIENTED_EDGE ( 'NONE', *, *, #614, .T. ) ;
#4621 = VERTEX_POINT ( 'NONE', #677 ) ;
#4622 = AXIS2_PLACEMENT_3D ( 'NONE', #4149, #3413, #399 ) ;
#4623 = CARTESIAN_POINT ( 'NONE',  ( 48.00000000000000000, -4.762500000000000178, 44.83100000000000307 ) ) ;
#4624 = EDGE_LOOP ( 'NONE', ( #3646, #387 ) ) ;
#4625 = LINE ( 'NONE', #2060, #2161 ) ;
#4626 = DIRECTION ( 'NONE',  ( 0.000000000000000000, 4.858411868450000195E-16, 1.000000000000000000 ) ) ;
#4627 = VECTOR ( 'NONE', #2039, 1000.000000000000000 ) ;
#4628 = CARTESIAN_POINT ( 'NONE',  ( 64.79999999999999716, -34.38875224709999401, 140.0521743360000073 ) ) ;
#4629 = VERTEX_POINT ( 'NONE', #3959 ) ;
#4630 = ORIENTED_EDGE ( 'NONE', *, *, #342, .F. ) ;
#4631 = CC_DESIGN_DATE_AND_TIME_ASSIGNMENT ( #154, #1652, ( #1516 ) ) ;
#4632 = CARTESIAN_POINT ( 'NONE',  ( -10.76446929479951820, 59.73385738650762988, 76.76616423923024968 ) ) ;
#4633 = ORIENTED_EDGE ( 'NONE', *, *, #3877, .F. ) ;
#4634 = LINE ( 'NONE', #3611, #3896 ) ;
#4635 = PERSON_AND_ORGANIZATION ( #916, #1017 ) ;
#4636 = CARTESIAN_POINT ( 'NONE',  ( 118.2999999999999829, 36.39456407534566296, 154.4310043713492462 ) ) ;
#4637 = CARTESIAN_POINT ( 'NONE',  ( 24.00000000000000000, -16.00199999999999889, 7.620000000000000107 ) ) ;
#4638 = DIRECTION ( 'NONE',  ( 0.000000000000000000, 0.000000000000000000, -1.000000000000000000 ) ) ;
#4639 = VERTEX_POINT ( 'NONE', #2472 ) ;
#4640 = LINE ( 'NONE', #899, #2651 ) ;
#4641 = CARTESIAN_POINT ( 'NONE',  ( 6.098413251861792617, 71.15475009430758746, 65.34524977908246512 ) ) ;
#4642 = DIRECTION ( 'NONE',  ( 0.000000000000000000, 0.000000000000000000, -1.000000000000000000 ) ) ;
#4643 = VERTEX_POINT ( 'NONE', #2126 ) ;
#4644 = VERTEX_POINT ( 'NONE', #3269 ) ;
#4645 = EDGE_CURVE ( 'NONE', #2983, #3218, #3176, .T. ) ;
#4646 = CYLINDRICAL_SURFACE ( 'NONE', #2108, 4.687807484369997724 ) ;
#4647 = ORIENTED_EDGE ( 'NONE', *, *, #2302, .T. ) ;
#4648 = DIRECTION ( 'NONE',  ( 0.000000000000000000, 0.000000000000000000, -1.000000000000000000 ) ) ;
#4649 = PLANE ( 'NONE',  #302 ) ;
#4650 = CARTESIAN_POINT ( 'NONE',  ( 0.000000000000000000, 0.000000000000000000, 135.8900000000000148 ) ) ;
#4651 = VERTEX_POINT ( 'NONE', #2099 ) ;
#4652 = VECTOR ( 'NONE', #4084, 1000.000000000000000 ) ;
#4653 = ORIENTED_EDGE ( 'NONE', *, *, #810, .T. ) ;
#4654 = CARTESIAN_POINT ( 'NONE',  ( -6.948341690594801889, 70.52765464321809930, 65.97236039035821875 ) ) ;
#4655 = EDGE_LOOP ( 'NONE', ( #1631, #4250, #1279, #1955 ) ) ;
#4656 = FACE_OUTER_BOUND ( 'NONE', #1970, .T. ) ;
#4657 = CARTESIAN_POINT ( 'NONE',  ( 120.1858349299999986, -36.02551906366448264, 153.6929143477163109 ) ) ;
#4658 = ADVANCED_FACE ( 'NONE', ( #4661 ), #3247, .T. ) ;
#4659 = CARTESIAN_POINT ( 'NONE',  ( 120.1858349299999986, 28.06634647578576391, 97.57852415691698411 ) ) ;
#4660 = CARTESIAN_POINT ( 'NONE',  ( 10.08128585099241903, 57.59905193601768048, 78.90094426554539098 ) ) ;
#4661 = FACE_OUTER_BOUND ( 'NONE', #1850, .T. ) ;
#4662 = CARTESIAN_POINT ( 'NONE',  ( 0.000000000000000000, 1.285223687319999823E-13, 59.37250000000000227 ) ) ;
#4663 = CARTESIAN_POINT ( 'NONE',  ( 48.00000000000000000, -4.762500000000000178, 35.05199999999999960 ) ) ;
#4664 = ORIENTED_EDGE ( 'NONE', *, *, #2626, .T. ) ;
#4665 = CARTESIAN_POINT ( 'NONE',  ( 5.273680924649999824, 52.34659181920000748, 89.13585043929998619 ) ) ;
#4666 = AXIS2_PLACEMENT_3D ( 'NONE', #869, #222, #2828 ) ;
#4667 = FACE_OUTER_BOUND ( 'NONE', #185, .T. ) ;
#4668 = CARTESIAN_POINT ( 'NONE',  ( 120.1858349299999844, -36.70387141994378055, 88.94099921188087876 ) ) ;
#4669 = CARTESIAN_POINT ( 'NONE',  ( -31.65516295769999644, 15.92727727950000371, 102.4942682169999983 ) ) ;
#4670 = ORIENTED_EDGE ( 'NONE', *, *, #4731, .T. ) ;
#4671 = CARTESIAN_POINT ( 'NONE',  ( 0.000000000000000000, 0.000000000000000000, 102.4942682169999983 ) ) ;
#4672 = ADVANCED_FACE ( 'NONE', ( #4729 ), #3659, .T. ) ;
#4673 = CARTESIAN_POINT ( 'NONE',  ( -5.273680924649999824, 71.65340818079999963, 114.8923048449999982 ) ) ;
#4674 = CARTESIAN_POINT ( 'NONE',  ( -10.81626813204393400, 59.99791043908936672, 76.50211945740467456 ) ) ;
#4675 = ORIENTED_EDGE ( 'NONE', *, *, #3514, .T. ) ;
#4676 = CARTESIAN_POINT ( 'NONE',  ( 120.1858349299999986, -28.06634647548857231, 97.57852415683454694 ) ) ;
#4677 = CARTESIAN_POINT ( 'NONE',  ( 120.9309549879999963, -35.28039900556549924, 152.2026742314716898 ) ) ;
#4678 = CARTESIAN_POINT ( 'NONE',  ( 121.3000000000000114, 30.69730146352289424, 96.58982942321392784 ) ) ;
#4679 = CIRCLE ( 'NONE', #4827, 28.70110295070000106 ) ;
#4680 = CARTESIAN_POINT ( 'NONE',  ( 10.09490403027878536, 57.63043708575769131, 78.86956192532920795 ) ) ;
#4681 = DIRECTION ( 'NONE',  ( 0.000000000000000000, 0.000000000000000000, -1.000000000000000000 ) ) ;
#4682 = ADVANCED_FACE ( 'NONE', ( #2495, #4294 ), #3197, .F. ) ;
#4683 = CARTESIAN_POINT ( 'NONE',  ( 8.797360477697004910, 68.60352495623945401, 67.89647490457824119 ) ) ;
#4684 = EDGE_CURVE ( 'NONE', #3984, #1035, #4142, .T. ) ;
#4685 = CARTESIAN_POINT ( 'NONE',  ( 48.00000000000000000, 17.52599999999999980, 71.88200000000000500 ) ) ;
#4686 = ORIENTED_EDGE ( 'NONE', *, *, #4314, .F. ) ;
#4687 = VECTOR ( 'NONE', #3184, 1000.000000000000000 ) ;
#4688 = CARTESIAN_POINT ( 'NONE',  ( 16.80482397919999826, -30.76102395939999923, 97.53600000000000136 ) ) ;
#4689 = AXIS2_PLACEMENT_3D ( 'NONE', #301, #2925, #2173 ) ;
#4690 = CARTESIAN_POINT ( 'NONE',  ( 120.9309549879999821, 35.95875136206982603, 104.7258089859021908 ) ) ;
#4691 = CARTESIAN_POINT ( 'NONE',  ( 121.3000000000000114, -35.01539422853314676, 97.57852415683980496 ) ) ;
#4692 = CIRCLE ( 'NONE', #4, 1.687807484370001943 ) ;
#4693 = DIRECTION ( 'NONE',  ( 0.000000000000000000, 4.858411868450000195E-16, 1.000000000000000000 ) ) ;
#4694 = AXIS2_PLACEMENT_3D ( 'NONE', #4798, #4050, #720 ) ;
#4695 = VERTEX_POINT ( 'NONE', #227 ) ;
#4696 = FACE_OUTER_BOUND ( 'NONE', #19, .T. ) ;
#4697 = DIRECTION ( 'NONE',  ( 0.000000000000000000, -1.000000000000000000, 0.000000000000000000 ) ) ;
#4698 = CARTESIAN_POINT ( 'NONE',  ( 92.54999999999999716, -39.80180000000000007, 158.0521743360000073 ) ) ;
#4699 = CARTESIAN_POINT ( 'NONE',  ( -10.09490402819101362, 66.36956291906555805, 70.13043806983810668 ) ) ;
#4700 = EDGE_LOOP ( 'NONE', ( #1624, #1508, #2351, #1008 ) ) ;
#4701 = EDGE_LOOP ( 'NONE', ( #548, #2519 ) ) ;
#4702 = ADVANCED_FACE ( 'NONE', ( #1362 ), #2861, .T. ) ;
#4703 = DIRECTION ( 'NONE',  ( 0.000000000000000000, 0.000000000000000000, -1.000000000000000000 ) ) ;
#4704 = ADVANCED_FACE ( 'NONE', ( #253, #1753 ), #4008, .F. ) ;
#4705 = CARTESIAN_POINT ( 'NONE',  ( 118.2999999999999972, 27.69730146299938411, 97.57852415702581084 ) ) ;
#4706 = CARTESIAN_POINT ( 'NONE',  ( 10.90641595907525740, 63.43808709898573994, 73.06209424766851157 ) ) ;
#4707 = CARTESIAN_POINT ( 'NONE',  ( 4.314829847440000421, 54.10175694299999805, 117.3923048449999982 ) ) ;
#4708 = CARTESIAN_POINT ( 'NONE',  ( 10.19486863647794017, 66.13337971166589568, 70.36657049867812930 ) ) ;
#4709 =( BOUNDED_SURFACE ( )  B_SPLINE_SURFACE ( 5, 3, ( 
 ( #4582, #4636, #1257, #3831 ),
 ( #2728, #894, #4221, #3905 ),
 ( #3125, #4609, #2675, #4172 ),
 ( #818, #483, #3102, #2379 ),
 ( #871, #509, #2319, #1946 ),
 ( #3803, #4556, #2001, #3077 ) ),
 .UNSPECIFIED., .F., .F., .T. ) 
 B_SPLINE_SURFACE_WITH_KNOTS ( ( 6, 6 ),
 ( 4, 4 ),
 ( 0.000000000000000000, 4.712388980380000092 ),
 ( 0.000000000000000000, 1.000000000000000000 ),
 .UNSPECIFIED. ) 
 GEOMETRIC_REPRESENTATION_ITEM ( )  RATIONAL_B_SPLINE_SURFACE ( (
 ( 1.000000000000000000, 0.3333333333391776399, 0.3333333333391776399, 1.000000000000000000),
 ( 1.000000000000000000, 0.3333333333391776399, 0.3333333333391776399, 1.000000000000000000),
 ( 1.000000000000000000, 0.3333333333391776399, 0.3333333333391776399, 1.000000000000000000),
 ( 1.000000000000000000, 0.3333333333391776399, 0.3333333333391776399, 1.000000000000000000),
 ( 1.000000000000000000, 0.3333333333391776399, 0.3333333333391776399, 1.000000000000000000),
 ( 1.000000000000000000, 0.3333333333391776399, 0.3333333333391776399, 1.000000000000000000) ) ) 
 REPRESENTATION_ITEM ( '' )  SURFACE ( )  );
#4710 = ADVANCED_FACE ( 'NONE', ( #2648, #2943 ), #1799, .T. ) ;
#4711 = DIRECTION ( 'NONE',  ( -1.000000000000000000, 0.000000000000000000, 0.000000000000000000 ) ) ;
#4712 = VERTEX_POINT ( 'NONE', #297 ) ;
#4713 = FACE_OUTER_BOUND ( 'NONE', #1595, .T. ) ;
#4714 = CARTESIAN_POINT ( 'NONE',  ( 121.3000000000000256, 30.69730146343936283, 100.9541391256728247 ) ) ;
#4715 = CARTESIAN_POINT ( 'NONE',  ( 120.1858349299999986, -28.06634647530067994, 97.57852415699912285 ) ) ;
#4716 = CARTESIAN_POINT ( 'NONE',  ( -0.4493656158450000104, 34.38875224709999401, 96.99426821710000013 ) ) ;
#4717 = EDGE_LOOP ( 'NONE', ( #1735, #4126, #4574, #2765 ) ) ;
#4718 = CYLINDRICAL_SURFACE ( 'NONE', #2659, 4.762500000000002842 ) ;
#4719 = EDGE_CURVE ( 'NONE', #2250, #1350, #474, .T. ) ;
#4720 = DIRECTION ( 'NONE',  ( 1.000000000000000000, 0.000000000000000000, 0.000000000000000000 ) ) ;
#4721 = CARTESIAN_POINT ( 'NONE',  ( -10.93169161241024767, 63.22404934691648748, 73.27595238657193022 ) ) ;
#4722 = VERTEX_POINT ( 'NONE', #1894 ) ;
#4723 = ORIENTED_EDGE ( 'NONE', *, *, #1920, .T. ) ;
#4724 = CARTESIAN_POINT ( 'NONE',  ( 0.000000000000000000, 8.000999999999999446, 7.620000000000000107 ) ) ;
#4725 = AXIS2_PLACEMENT_3D ( 'NONE', #3810, #749, #38 ) ;
#4726 = CARTESIAN_POINT ( 'NONE',  ( -2.075833057235418888, 51.19749851778412619, 85.30253662245593205 ) ) ;
#4727 = EDGE_CURVE ( 'NONE', #3628, #3551, #2969, .T. ) ;
#4728 = CARTESIAN_POINT ( 'NONE',  ( 10.69875134386575688, 64.63331775440114768, 71.86662077990219188 ) ) ;
#4729 = FACE_OUTER_BOUND ( 'NONE', #312, .T. ) ;
#4730 = CARTESIAN_POINT ( 'NONE',  ( 10.80816611610083733, 64.04540790464010058, 72.45459155069382007 ) ) ;
#4731 = EDGE_CURVE ( 'NONE', #2085, #2961, #3207, .T. ) ;
#4732 = CARTESIAN_POINT ( 'NONE',  ( 117.2999999999999972, -36.39456407619999823, 145.0553894040000102 ) ) ;
#4733 = ORIENTED_EDGE ( 'NONE', *, *, #2734, .F. ) ;
#4734 = FACE_OUTER_BOUND ( 'NONE', #4494, .T. ) ;
#4735 = CARTESIAN_POINT ( 'NONE',  ( 120.9309549879999963, 35.95875136228399072, 97.57852415700708093 ) ) ;
#4736 = CARTESIAN_POINT ( 'NONE',  ( 119.2424777960000029, -27.69730146281836269, 88.20290918752104403 ) ) ;
#4737 = FACE_OUTER_BOUND ( 'NONE', #4066, .T. ) ;
#4738 = ORIENTED_EDGE ( 'NONE', *, *, #814, .F. ) ;
#4739 = VECTOR ( 'NONE', #4397, 1000.000000000000000 ) ;
#4740 = EDGE_CURVE ( 'NONE', #1291, #1903, #2191, .T. ) ;
#4741 = DIRECTION ( 'NONE',  ( 0.000000000000000000, 0.000000000000000000, 1.000000000000000000 ) ) ;
#4742 = CARTESIAN_POINT ( 'NONE',  ( -8.304530197373917844, 69.21355192871560291, 67.28644788629252105 ) ) ;
#4743 = CARTESIAN_POINT ( 'NONE',  ( -10.10071871073660610, 66.35608832228744802, 70.14391204210950548 ) ) ;
#4744 = ORIENTED_EDGE ( 'NONE', *, *, #2429, .F. ) ;
#4745 = VERTEX_POINT ( 'NONE', #1153 ) ;
#4746 = LINE ( 'NONE', #2612, #209 ) ;
#4747 = CARTESIAN_POINT ( 'NONE',  ( 118.2999999999999972, -36.39456407551084993, 145.0553894039999818 ) ) ;
#4748 = CARTESIAN_POINT ( 'NONE',  ( 10.93169161325864991, 60.77595066065984497, 75.72404760584814198 ) ) ;
#4749 = DIRECTION ( 'NONE',  ( 1.000000000000000000, 0.000000000000000000, 0.000000000000000000 ) ) ;
#4750 = CARTESIAN_POINT ( 'NONE',  ( 10.99202991289281961, 62.41868359556563206, 74.08131651707361698 ) ) ;
#4751 = AXIS2_PLACEMENT_3D ( 'NONE', #2663, #383, #4768 ) ;
#4752 = CARTESIAN_POINT ( 'NONE',  ( 0.000000000000000000, 62.00000000000000000, 114.8923048449999982 ) ) ;
#4753 = EDGE_LOOP ( 'NONE', ( #4422, #637 ) ) ;
#4754 = AXIS2_PLACEMENT_3D ( 'NONE', #350, #3342, #748 ) ;
#4755 = CARTESIAN_POINT ( 'NONE',  ( -21.12780406070000083, -38.67418591989999754, 103.8860000000000099 ) ) ;
#4756 = DIRECTION ( 'NONE',  ( 1.000000000000000000, 0.000000000000000000, 0.000000000000000000 ) ) ;
#4757 = CARTESIAN_POINT ( 'NONE',  ( 120.9309549879999963, -35.95875136229501123, 97.57852415683481695 ) ) ;
#4758 = APPROVAL_PERSON_ORGANIZATION ( #2726, #4820, #3882 ) ;
#4759 = CARTESIAN_POINT ( 'NONE',  ( 64.79999999999999716, -38.67189004540000496, 102.4942682169999983 ) ) ;
#4760 = ORIENTED_EDGE ( 'NONE', *, *, #3925, .F. ) ;
#4761 = EDGE_CURVE ( 'NONE', #3940, #2438, #4500, .T. ) ;
#4762 = DIRECTION ( 'NONE',  ( 1.000000000000000000, 0.000000000000000000, 0.000000000000000000 ) ) ;
#4763 = CARTESIAN_POINT ( 'NONE',  ( 121.3000000000000114, 31.70675659180000139, 145.0553894040000102 ) ) ;
#4764 = CIRCLE ( 'NONE', #1095, 15.00000000000000000 ) ;
#4765 = CARTESIAN_POINT ( 'NONE',  ( 0.000000000000000000, -39.80180000000000007, 75.49426821710001434 ) ) ;
#4766 = ORIENTED_EDGE ( 'NONE', *, *, #3271, .F. ) ;
#4767 = EDGE_LOOP ( 'NONE', ( #1443, #4208, #4567, #3849 ) ) ;
#4768 = DIRECTION ( 'NONE',  ( 0.000000000000000000, 1.000000000000000000, 0.000000000000000000 ) ) ;
#4769 = CARTESIAN_POINT ( 'NONE',  ( -10.19486863992351111, 57.86662029683666475, 78.63342949276474769 ) ) ;
#4770 = AXIS2_PLACEMENT_3D ( 'NONE', #1465, #4787, #2988 ) ;
#4771 = DIRECTION ( 'NONE',  ( -1.000000000000000000, -1.776356839400000001E-15, 0.000000000000000000 ) ) ;
#4772 = CARTESIAN_POINT ( 'NONE',  ( -5.851138187120000111, -34.38875224709999401, 91.49426821710001434 ) ) ;
#4773 = CARTESIAN_POINT ( 'NONE',  ( 7.590957799310128706, 69.96099560028862641, 66.53900353233795784 ) ) ;
#4774 = EDGE_CURVE ( 'NONE', #2165, #4181, #2601, .T. ) ;
#4775 = DIRECTION ( 'NONE',  ( 1.000000000000000000, 0.000000000000000000, 0.000000000000000000 ) ) ;
#4776 = EDGE_CURVE ( 'NONE', #3684, #4217, #4099, .T. ) ;
#4777 = VERTEX_POINT ( 'NONE', #1503 ) ;
#4778 = CARTESIAN_POINT ( 'NONE',  ( 121.3000000000000114, 0.000000000000000000, 0.000000000000000000 ) ) ;
#4779 = DIRECTION ( 'NONE',  ( 0.000000000000000000, 0.000000000000000000, -1.000000000000000000 ) ) ;
#4780 = DIRECTION ( 'NONE',  ( 0.000000000000000000, 0.000000000000000000, -1.000000000000000000 ) ) ;
#4781 = DIRECTION ( 'NONE',  ( 0.000000000000000000, 1.000000000000000000, 0.000000000000000000 ) ) ;
#4782 = CARTESIAN_POINT ( 'NONE',  ( 32.17531719210000318, -34.38875224709999401, 102.4942682169999983 ) ) ;
#4783 = EDGE_CURVE ( 'NONE', #1385, #1769, #3361, .T. ) ;
#4784 = ORIENTED_EDGE ( 'NONE', *, *, #1109, .T. ) ;
#4785 = EDGE_CURVE ( 'NONE', #3218, #2139, #2506, .T. ) ;
#4786 = PLANE ( 'NONE',  #2080 ) ;
#4787 = DIRECTION ( 'NONE',  ( 1.000000000000000000, 0.000000000000000000, 0.000000000000000000 ) ) ;
#4788 = CARTESIAN_POINT ( 'NONE',  ( -22.60020519879999767, 22.15083958299999622, 102.4942682169999983 ) ) ;
#4789 = EDGE_LOOP ( 'NONE', ( #93, #4354 ) ) ;
#4790 = ORIENTED_EDGE ( 'NONE', *, *, #3526, .F. ) ;
#4791 = CARTESIAN_POINT ( 'NONE',  ( -4.222476536331158492, 51.84270607795996000, 84.65732315826433307 ) ) ;
#4792 = ADVANCED_FACE ( 'NONE', ( #3336 ), #2081, .T. ) ;
#4793 = AXIS2_PLACEMENT_3D ( 'NONE', #1560, #3370, #4483 ) ;
#4794 = CARTESIAN_POINT ( 'NONE',  ( -0.4493656158450000104, -34.38875224709999401, 96.99426821710000013 ) ) ;
#4795 = CARTESIAN_POINT ( 'NONE',  ( -30.83811786289999901, -4.773454040559999889, 91.49426821710000013 ) ) ;
#4796 = EDGE_CURVE ( 'NONE', #1565, #1148, #1643, .T. ) ;
#4797 = CARTESIAN_POINT ( 'NONE',  ( 9.338368197831877993, 56.18665835926794472, 80.31334245268824645 ) ) ;
#4798 = CARTESIAN_POINT ( 'NONE',  ( 116.2999999999999972, 31.70675659180000139, 145.0553894040000102 ) ) ;
#4799 = VERTEX_POINT ( 'NONE', #3776 ) ;
#4800 = CARTESIAN_POINT ( 'NONE',  ( -2.846819158558402840, 72.62526306170525459, 63.87475609806320165 ) ) ;
#4801 = CARTESIAN_POINT ( 'NONE',  ( 0.000000000000000000, 0.000000000000000000, 155.7713101510000229 ) ) ;
#4802 = FACE_OUTER_BOUND ( 'NONE', #2661, .T. ) ;
#4803 = CARTESIAN_POINT ( 'NONE',  ( 119.2424777960000029, -37.07291643220432320, 97.57852415689998793 ) ) ;
#4804 = CARTESIAN_POINT ( 'NONE',  ( 5.273680924649999824, 52.34659181920000748, 114.8923048449999982 ) ) ;
#4805 = ORIENTED_EDGE ( 'NONE', *, *, #4684, .F. ) ;
#4806 = CARTESIAN_POINT ( 'NONE',  ( 0.000000000000000000, 0.000000000000000000, 176.0000000000000000 ) ) ;
#4807 = CARTESIAN_POINT ( 'NONE',  ( -4.325184412843125159, 51.88600580689350039, 84.61403987605514487 ) ) ;
#4808 = DIRECTION ( 'NONE',  ( 0.000000000000000000, 0.000000000000000000, -1.000000000000000000 ) ) ;
#4809 = ORIENTED_EDGE ( 'NONE', *, *, #1345, .T. ) ;
#4810 = VECTOR ( 'NONE', #1796, 1000.000000000000000 ) ;
#4811 = VERTEX_POINT ( 'NONE', #3829 ) ;
#4812 = EDGE_CURVE ( 'NONE', #2853, #4052, #4580, .T. ) ;
#4813 = CIRCLE ( 'NONE', #4277, 4.762500000000000178 ) ;
#4814 = CARTESIAN_POINT ( 'NONE',  ( -2.215516690231860153, 51.22543589526575403, 85.27459916308492893 ) ) ;
#4815 = CARTESIAN_POINT ( 'NONE',  ( 7.949999850900892007, 69.60471912987378573, 66.89543846123913795 ) ) ;
#4816 = CARTESIAN_POINT ( 'NONE',  ( -30.83811786289999901, 3.108624468949999707E-14, 91.49426821710000013 ) ) ;
#4817 = CARTESIAN_POINT ( 'NONE',  ( 10.90251453239164903, 60.50713001506802868, 75.99287036234763093 ) ) ;
#4818 = DIRECTION ( 'NONE',  ( 0.000000000000000000, 0.000000000000000000, -1.000000000000000000 ) ) ;
#4819 = ORIENTED_EDGE ( 'NONE', *, *, #2174, .F. ) ;
#4820 = APPROVAL ( #4246, 'UNSPECIFIED' ) ;
#4821 = DIRECTION ( 'NONE',  ( 0.000000000000000000, 0.000000000000000000, -1.000000000000000000 ) ) ;
#4822 = CYLINDRICAL_SURFACE ( 'NONE', #3513, 25.50000000000000000 ) ;
#4823 = AXIS2_PLACEMENT_3D ( 'NONE', #639, #975, #2928 ) ;
#4824 = CARTESIAN_POINT ( 'NONE',  ( 64.79999999999999716, -34.38875224709999401, 151.0521743360000073 ) ) ;
#4825 = CARTESIAN_POINT ( 'NONE',  ( 118.2999999999999972, -27.69730146334900311, 100.3245782034087767 ) ) ;
#4826 = CARTESIAN_POINT ( 'NONE',  ( -34.83811786289999901, 2.131628207279999844E-14, 91.49426821710001434 ) ) ;
#4827 = AXIS2_PLACEMENT_3D ( 'NONE', #4801, #329, #3391 ) ;
#4828 = ORIENTED_EDGE ( 'NONE', *, *, #2830, .T. ) ;
#4829 = ORIENTED_EDGE ( 'NONE', *, *, #1755, .T. ) ;
#4830 = ORIENTED_EDGE ( 'NONE', *, *, #341, .T. ) ;
#4831 = CARTESIAN_POINT ( 'NONE',  ( 0.000000000000000000, 0.000000000000000000, 56.89600000000000080 ) ) ;
#4832 = DIRECTION ( 'NONE',  ( 0.000000000000000000, 1.000000000000000000, 0.000000000000000000 ) ) ;
#4833 = CARTESIAN_POINT ( 'NONE',  ( -30.83811786289999901, 4.773454040559999889, 91.49426821710001434 ) ) ;
#4834 = ORIENTED_EDGE ( 'NONE', *, *, #4719, .F. ) ;
#4835 = ORIENTED_EDGE ( 'NONE', *, *, #3908, .T. ) ;
ENDSEC;
END-ISO-10303-21;
