ISO-10303-21;
HEADER;
FILE_DESCRIPTION (( 'STEP AP203' ),
    '1' );
FILE_NAME ('A0113-1-CF.STEP',
    '2013-06-12T12:38:55',
    ( '' ),
    ( '' ),
    'SwSTEP 2.0',
    'SolidWorks 2012',
    '' );
FILE_SCHEMA (( 'CONFIG_CONTROL_DESIGN' ));
ENDSEC;

DATA;
#1 = ADVANCED_FACE ( 'NONE', ( #3279 ), #3256, .F. ) ;
#2 = ADVANCED_FACE ( 'NONE', ( #3254 ), #3265, .F. ) ;
#3 = ADVANCED_FACE ( 'NONE', ( #1401 ), #3287, .F. ) ;
#4 = ADVANCED_FACE ( 'NONE', ( #3244 ), #3297, .T. ) ;
#5 = ADVANCED_FACE ( 'NONE', ( #3289 ), #3271, .T. ) ;
#6 = ADVANCED_FACE ( 'NONE', ( #3249 ), #3284, .F. ) ;
#7 = ADVANCED_FACE ( 'NONE', ( #3260 ), #3269, .F. ) ;
#8 = ADVANCED_FACE ( 'NONE', ( #3291 ), #3257, .T. ) ;
#9 = ADVANCED_FACE ( 'NONE', ( #3273 ), #3296, .F. ) ;
#10 = ADVANCED_FACE ( 'NONE', ( #3239 ), #3294, .F. ) ;
#11 = ADVANCED_FACE ( 'NONE', ( #3253, #3288 ), #1477, .T. ) ;
#12 = ADVANCED_FACE ( 'NONE', ( #3259 ), #3250, .F. ) ;
#13 = ADVANCED_FACE ( 'NONE', ( #3272 ), #3263, .T. ) ;
#14 = ADVANCED_FACE ( 'NONE', ( #3280 ), #3301, .F. ) ;
#15 = ADVANCED_FACE ( 'NONE', ( #3295 ), #3286, .F. ) ;
#16 = ADVANCED_FACE ( 'NONE', ( #3283 ), #3255, .T. ) ;
#17 = ADVANCED_FACE ( 'NONE', ( #3240 ), #2633, .T. ) ;
#18 = ADVANCED_FACE ( 'NONE', ( #3242 ), #720, .F. ) ;
#19 = ADVANCED_FACE ( 'NONE', ( #2647 ), #3298, .T. ) ;
#20 = ADVANCED_FACE ( 'NONE', ( #2649 ), #2638, .F. ) ;
#21 = ADVANCED_FACE ( 'NONE', ( #3278 ), #320, .F. ) ;
#22 = ADVANCED_FACE ( 'NONE', ( #2642 ), #2616, .T. ) ;
#23 = ADVANCED_FACE ( 'NONE', ( #2655 ), #2634, .T. ) ;
#24 = ADVANCED_FACE ( 'NONE', ( #2653 ), #2643, .T. ) ;
#25 = ADVANCED_FACE ( 'NONE', ( #2632 ), #305, .F. ) ;
#26 = ADVANCED_FACE ( 'NONE', ( #2629 ), #2614, .T. ) ;
#27 = ADVANCED_FACE ( 'NONE', ( #2620 ), #2606, .T. ) ;
#28 = ADVANCED_FACE ( 'NONE', ( #2648 ), #2602, .F. ) ;
#29 = ADVANCED_FACE ( 'NONE', ( #2625 ), #2659, .F. ) ;
#30 = ADVANCED_FACE ( 'NONE', ( #2626 ), #2623, .F. ) ;
#31 = ADVANCED_FACE ( 'NONE', ( #2618 ), #2611, .F. ) ;
#32 = ADVANCED_FACE ( 'NONE', ( #2624 ), #2635, .T. ) ;
#33 = ADVANCED_FACE ( 'NONE', ( #2619 ), #2646, .F. ) ;
#34 = ADVANCED_FACE ( 'NONE', ( #2627 ), #2608, .T. ) ;
#35 = ADVANCED_FACE ( 'NONE', ( #2617 ), #2613, .T. ) ;
#36 = ADVANCED_FACE ( 'NONE', ( #2631 ), #2604, .T. ) ;
#37 = ADVANCED_FACE ( 'NONE', ( #2640 ), #716, .F. ) ;
#38 = ADVANCED_FACE ( 'NONE', ( #2652 ), #2636, .T. ) ;
#39 = ADVANCED_FACE ( 'NONE', ( #2658 ), #2657, .F. ) ;
#40 = ADVANCED_FACE ( 'NONE', ( #2630 ), #2645, .T. ) ;
#41 = ADVANCED_FACE ( 'NONE', ( #2615, #2612, #2641, #2656 ), #3158, .T. ) ;
#42 = ADVANCED_FACE ( 'NONE', ( #2600 ), #2610, .F. ) ;
#43 = ADVANCED_FACE ( 'NONE', ( #2650 ), #2628, .F. ) ;
#44 = ADVANCED_FACE ( 'NONE', ( #2644 ), #2621, .F. ) ;
#45 = ADVANCED_FACE ( 'NONE', ( #2639 ), #2609, .F. ) ;
#46 = ADVANCED_FACE ( 'NONE', ( #2637, #2607, #2622, #2603, #2651, #2601, #2605, #2654 ), #1198, .T. ) ;
#47 = ADVANCED_FACE ( 'NONE', ( #272, #246, #258, #251 ), #1183, .T. ) ;
#48 = ADVANCED_FACE ( 'NONE', ( #257 ), #259, .T. ) ;
#49 = ADVANCED_FACE ( 'NONE', ( #239 ), #253, .T. ) ;
#50 = ADVANCED_FACE ( 'NONE', ( #242 ), #248, .F. ) ;
#51 = ADVANCED_FACE ( 'NONE', ( #236 ), #267, .T. ) ;
#52 = ADVANCED_FACE ( 'NONE', ( #260 ), #269, .F. ) ;
#53 = ADVANCED_FACE ( 'NONE', ( #245 ), #98, .F. ) ;
#54 = ADVANCED_FACE ( 'NONE', ( #235 ), #255, .T. ) ;
#55 = ADVANCED_FACE ( 'NONE', ( #268 ), #282, .F. ) ;
#56 = ADVANCED_FACE ( 'NONE', ( #283 ), #243, .T. ) ;
#57 = CARTESIAN_POINT ( 'NONE',  ( 0.2099999999999999100, 1.639276213832284300, -0.4190000000000000900 ) ) ;
#58 = DIRECTION ( 'NONE',  ( 0.0000000000000000000, 0.0000000000000000000, 1.000000000000000000 ) ) ;
#59 = CARTESIAN_POINT ( 'NONE',  ( -0.2100000000000000800, 1.622121159304160700, 0.0009999999999997723400 ) ) ;
#60 = DIRECTION ( 'NONE',  ( -2.207906407026225200E-035, 1.000000000000000000, -1.473117160979158800E-031 ) ) ;
#61 = CARTESIAN_POINT ( 'NONE',  ( -8.039359836777358700E-017, 1.674121159304160700, 0.0009999999999997981400 ) ) ;
#62 = CARTESIAN_POINT ( 'NONE',  ( 0.02498684957319297400, 2.774121159304161500, 0.2048579216348306300 ) ) ;
#63 = CARTESIAN_POINT ( 'NONE',  ( 0.2385000000000003500, 1.653929177161298700, 0.0009999999999997981400 ) ) ;
#64 = CARTESIAN_POINT ( 'NONE',  ( 7.473146094218575200E-017, 0.6731211593041599400, 0.0009999999999997981400 ) ) ;
#65 = DIRECTION ( 'NONE',  ( 0.0000000000000000000, 0.0000000000000000000, -1.000000000000000000 ) ) ;
#66 = DIRECTION ( 'NONE',  ( 0.0000000000000000000, 0.0000000000000000000, -1.000000000000000000 ) ) ;
#67 = CARTESIAN_POINT ( 'NONE',  ( 0.2214478662259149700, 1.652052843072285200, -0.4418957324518302300 ) ) ;
#68 = DIRECTION ( 'NONE',  ( 1.110223024625158300E-016, 1.000000000000000000, 0.0000000000000000000 ) ) ;
#69 = DIRECTION ( 'NONE',  ( 0.0000000000000000000, 1.000000000000000000, 0.0000000000000000000 ) ) ;
#70 = CARTESIAN_POINT ( 'NONE',  ( 0.2099999999999999100, 1.622121159304160700, 0.0009999999999997981400 ) ) ;
#71 = CARTESIAN_POINT ( 'NONE',  ( -0.2100000000000001000, 1.639276213832284300, 0.0009999999999997721200 ) ) ;
#72 = CARTESIAN_POINT ( 'NONE',  ( -0.2100000000000000200, 1.639276213832284300, -0.4190000000000001500 ) ) ;
#73 = DIRECTION ( 'NONE',  ( 0.0000000000000000000, 0.0000000000000000000, 1.000000000000000000 ) ) ;
#74 = CARTESIAN_POINT ( 'NONE',  ( -0.2099999999999999900, 1.622121159304160900, -0.4190000000000002100 ) ) ;
#75 = CARTESIAN_POINT ( 'NONE',  ( 0.2385000000000003500, 1.653929177161298500, -0.4760000000000009200 ) ) ;
#76 = CARTESIAN_POINT ( 'NONE',  ( -0.2214478662259151100, 1.652052843072285200, -0.4418957324518303400 ) ) ;
#77 = DIRECTION ( 'NONE',  ( 0.0000000000000000000, -1.000000000000000000, 0.0000000000000000000 ) ) ;
#78 = CARTESIAN_POINT ( 'NONE',  ( -8.039359836777358700E-017, 2.484121159304161000, 0.0009999999999997981400 ) ) ;
#79 = CARTESIAN_POINT ( 'NONE',  ( 0.2099999999999999100, 1.622121159304160900, -0.4190000000000000900 ) ) ;
#80 = CARTESIAN_POINT ( 'NONE',  ( -0.2385000000000004300, 1.653929177161298500, -0.4760000000000009800 ) ) ;
#81 = CARTESIAN_POINT ( 'NONE',  ( -0.2385000000000005200, 1.653929177161298700, 0.0009999999999997688700 ) ) ;
#82 = DIRECTION ( 'NONE',  ( 0.0000000000000000000, -1.000000000000000000, 0.0000000000000000000 ) ) ;
#83 = DIRECTION ( 'NONE',  ( 0.0000000000000000000, 0.0000000000000000000, 1.000000000000000000 ) ) ;
#84 = CARTESIAN_POINT ( 'NONE',  ( 0.2099999999999998800, 1.639276213832284300, 0.0009999999999997979300 ) ) ;
#85 = CARTESIAN_POINT ( 'NONE',  ( -0.2214478662259151700, 1.652052843072285600, 0.0009999999999997710400 ) ) ;
#86 = CARTESIAN_POINT ( 'NONE',  ( -8.039359836777358700E-017, 1.824121159304161100, 0.0009999999999997981400 ) ) ;
#87 = CARTESIAN_POINT ( 'NONE',  ( 0.2214478662259149700, 1.652052843072285600, 0.0009999999999997979300 ) ) ;
#88 = CARTESIAN_POINT ( 'NONE',  ( -8.039359836777358700E-017, 2.604121159304160700, 0.0009999999999997981400 ) ) ;
#89 = CARTESIAN_POINT ( 'NONE',  ( -7.942062243231884200E-015, 1.173121159304159900, -1.155000000000000500 ) ) ;
#90 = DIRECTION ( 'NONE',  ( 0.0000000000000000000, 0.0000000000000000000, -1.000000000000000000 ) ) ;
#91 = DIRECTION ( 'NONE',  ( -1.110223024625158300E-016, -1.000000000000000000, 0.0000000000000000000 ) ) ;
#92 = DIRECTION ( 'NONE',  ( -0.0000000000000000000, 1.000000000000000000, 0.0000000000000000000 ) ) ;
#93 = DIRECTION ( 'NONE',  ( 0.0000000000000000000, 0.0000000000000000000, 1.000000000000000000 ) ) ;
#94 = DIRECTION ( 'NONE',  ( 0.0000000000000000000, 0.0000000000000000000, -1.000000000000000000 ) ) ;
#95 = CARTESIAN_POINT ( 'NONE',  ( -0.8289022138034327600, 0.6931211593041600700, -1.374700748813862700 ) ) ;
#96 = DIRECTION ( 'NONE',  ( -0.8660254037844380400, 1.922962686383561800E-016, 0.5000000000000011100 ) ) ;
#97 = DIRECTION ( 'NONE',  ( -0.5000000000000010000, 1.110223024625158500E-016, -0.8660254037844379300 ) ) ;
#98 = PLANE ( 'NONE',  #1596 ) ;
#99 = CARTESIAN_POINT ( 'NONE',  ( -2.693810101510244500E-047, 1.052269570902439400E-047, 0.0009999999999997981400 ) ) ;
#100 = CARTESIAN_POINT ( 'NONE',  ( -0.03421480881951085400, 2.774121159304161900, 0.2031260132022452700 ) ) ;
#101 = CARTESIAN_POINT ( 'NONE',  ( -8.039359836777358700E-017, 1.799149697028806800, 0.0009999999999997127100 ) ) ;
#102 = DIRECTION ( 'NONE',  ( -1.110223024625158300E-016, -1.000000000000000000, 0.0000000000000000000 ) ) ;
#103 = DIRECTION ( 'NONE',  ( 0.0000000000000000000, 0.0000000000000000000, -1.000000000000000000 ) ) ;
#104 = CARTESIAN_POINT ( 'NONE',  ( -4.916510498951607500E-017, 1.824121159304161100, 0.2559999999999997800 ) ) ;
#105 = CARTESIAN_POINT ( 'NONE',  ( -8.039359836777358700E-017, 1.654121159304160900, 0.0009999999999997981400 ) ) ;
#106 = DIRECTION ( 'NONE',  ( -0.0000000000000000000, 1.000000000000000000, -0.0000000000000000000 ) ) ;
#107 = DIRECTION ( 'NONE',  ( 0.0000000000000000000, 0.0000000000000000000, -1.000000000000000000 ) ) ;
#108 = DIRECTION ( 'NONE',  ( 0.0000000000000000000, -1.000000000000000000, 0.0000000000000000000 ) ) ;
#109 = CARTESIAN_POINT ( 'NONE',  ( -4.806292287040292300E-017, 1.664979023678482900, -0.2629999999990247900 ) ) ;
#110 = CARTESIAN_POINT ( 'NONE',  ( 0.2325000000000000400, 1.349121159304160800, 0.0009999999999997981400 ) ) ;
#111 = DIRECTION ( 'NONE',  ( 8.659560562354931600E-017, 0.7071067811865475700, -0.7071067811865474600 ) ) ;
#112 = PLANE ( 'NONE',  #491 ) ;
#113 = CARTESIAN_POINT ( 'NONE',  ( -7.922684549660521700E-017, 2.846121159304161100, 0.0009999999999998013900 ) ) ;
#114 = CARTESIAN_POINT ( 'NONE',  ( -1.001125366774816800, 0.6731211593041601700, -0.5769999999999909600 ) ) ;
#115 = DIRECTION ( 'NONE',  ( -1.110223024625158300E-016, -1.000000000000000000, 0.0000000000000000000 ) ) ;
#116 = DIRECTION ( 'NONE',  ( 0.8660254037844433700, 0.0000000000000000000, 0.4999999999999919500 ) ) ;
#117 = DIRECTION ( 'NONE',  ( 0.0000000000000000000, -1.000000000000000000, 0.0000000000000000000 ) ) ;
#118 = DIRECTION ( 'NONE',  ( 0.0000000000000000000, -0.0000000000000000000, -1.000000000000000000 ) ) ;
#119 = DIRECTION ( 'NONE',  ( 0.0000000000000000000, -1.000000000000000000, 0.0000000000000000000 ) ) ;
#120 = CARTESIAN_POINT ( 'NONE',  ( -8.039359836777358700E-017, 2.604121159304160700, 0.0009999999999997981400 ) ) ;
#121 = PLANE ( 'NONE',  #494 ) ;
#122 = PLANE ( 'NONE',  #493 ) ;
#123 = CARTESIAN_POINT ( 'NONE',  ( -8.039359836777358700E-017, 2.484121159304161000, 0.0009999999999997981400 ) ) ;
#124 = DIRECTION ( 'NONE',  ( 1.881859469626399800E-017, 1.000000000000000000, 5.090600643806252500E-017 ) ) ;
#125 = DIRECTION ( 'NONE',  ( 0.0000000000000000000, -5.090600643806252500E-017, 1.000000000000000000 ) ) ;
#126 = DIRECTION ( 'NONE',  ( 0.0000000000000000000, 0.0000000000000000000, 1.000000000000000000 ) ) ;
#127 = DIRECTION ( 'NONE',  ( 0.0000000000000000000, 0.0000000000000000000, -1.000000000000000000 ) ) ;
#128 = DIRECTION ( 'NONE',  ( -2.207906407026225200E-035, 1.000000000000000000, -1.473117160979158800E-031 ) ) ;
#129 = DIRECTION ( 'NONE',  ( 0.0000000000000000000, 1.473117160979158800E-031, 1.000000000000000000 ) ) ;
#130 = DIRECTION ( 'NONE',  ( -1.881859469626396500E-017, -1.000000000000000000, -5.090600643806248800E-017 ) ) ;
#131 = CARTESIAN_POINT ( 'NONE',  ( -1.159042865596237300E-016, 3.846121159304161500, 0.0009999999999997020800 ) ) ;
#132 = DIRECTION ( 'NONE',  ( -2.207906407026225000E-035, 1.000000000000000000, -1.473117160979158800E-031 ) ) ;
#133 = CARTESIAN_POINT ( 'NONE',  ( -8.039359836777358700E-017, 2.619121159304161200, 0.0009999999999997981400 ) ) ;
#134 = CARTESIAN_POINT ( 'NONE',  ( -8.039359836777358700E-017, 2.619121159304161200, 0.0009999999999997981400 ) ) ;
#135 = PLANE ( 'NONE',  #498 ) ;
#136 = PLANE ( 'NONE',  #497 ) ;
#137 = CARTESIAN_POINT ( 'NONE',  ( -8.039359836777358700E-017, 1.824121159304161100, 0.0009999999999997981400 ) ) ;
#138 = DIRECTION ( 'NONE',  ( -2.207906407026225200E-035, 1.000000000000000000, -1.473117160979158800E-031 ) ) ;
#139 = DIRECTION ( 'NONE',  ( 0.0000000000000000000, 1.473117160979158800E-031, 1.000000000000000000 ) ) ;
#140 = PLANE ( 'NONE',  #499 ) ;
#141 = CARTESIAN_POINT ( 'NONE',  ( -8.039359836777358700E-017, 2.784121159304161300, 0.0009999999999997981400 ) ) ;
#142 = DIRECTION ( 'NONE',  ( 0.0000000000000000000, -1.000000000000000000, -0.0000000000000000000 ) ) ;
#143 = DIRECTION ( 'NONE',  ( 0.0000000000000000000, 0.0000000000000000000, -1.000000000000000000 ) ) ;
#144 = CARTESIAN_POINT ( 'NONE',  ( -8.039359836777358700E-017, 2.604121159304160700, 0.0009999999999997981400 ) ) ;
#145 = DIRECTION ( 'NONE',  ( 0.0000000000000000000, 0.0000000000000000000, -1.000000000000000000 ) ) ;
#146 = DIRECTION ( 'NONE',  ( -2.207906407026225200E-035, 1.000000000000000000, -1.473117160979158800E-031 ) ) ;
#147 = DIRECTION ( 'NONE',  ( 0.0000000000000000000, 1.473117160979158800E-031, 1.000000000000000000 ) ) ;
#148 = DIRECTION ( 'NONE',  ( 2.207906407026225200E-035, -1.000000000000000000, 1.473117160979158800E-031 ) ) ;
#149 = CARTESIAN_POINT ( 'NONE',  ( -8.039359836777358700E-017, 2.784121159304161300, 0.0009999999999997981400 ) ) ;
#150 = DIRECTION ( 'NONE',  ( 0.0000000000000000000, 0.0000000000000000000, 1.000000000000000000 ) ) ;
#151 = PLANE ( 'NONE',  #501 ) ;
#152 = DIRECTION ( 'NONE',  ( 0.0000000000000000000, 0.0000000000000000000, -1.000000000000000000 ) ) ;
#153 = DIRECTION ( 'NONE',  ( -0.0000000000000000000, 1.000000000000000000, 0.0000000000000000000 ) ) ;
#154 = DIRECTION ( 'NONE',  ( 0.0000000000000000000, -0.0000000000000000000, 1.000000000000000000 ) ) ;
#155 = DIRECTION ( 'NONE',  ( 0.0000000000000000000, -1.000000000000000000, 0.0000000000000000000 ) ) ;
#156 = CARTESIAN_POINT ( 'NONE',  ( -8.039359836777358700E-017, 1.824121159304161100, 0.0009999999999997981400 ) ) ;
#157 = DIRECTION ( 'NONE',  ( 0.0000000000000000000, 1.000000000000000000, 0.0000000000000000000 ) ) ;
#158 = CARTESIAN_POINT ( 'NONE',  ( 0.8126677011341605400, 0.6931211593041598500, 1.348581748034561700 ) ) ;
#159 = CARTESIAN_POINT ( 'NONE',  ( -8.039359836777358700E-017, 1.674121159304160700, 0.0009999999999997981400 ) ) ;
#160 = PLANE ( 'NONE',  #504 ) ;
#161 = DIRECTION ( 'NONE',  ( 0.0000000000000000000, 0.0000000000000000000, 1.000000000000000000 ) ) ;
#162 = CARTESIAN_POINT ( 'NONE',  ( -2.523390981075374200E-016, -3.403878840695839800, 0.0009999999999993330200 ) ) ;
#163 = DIRECTION ( 'NONE',  ( 0.8660254037844380400, -1.922962686383562100E-016, -0.5000000000000010000 ) ) ;
#164 = DIRECTION ( 'NONE',  ( 0.5000000000000010000, -1.110223024625158500E-016, 0.8660254037844380400 ) ) ;
#165 = DIRECTION ( 'NONE',  ( -2.207906407026225200E-035, 1.000000000000000000, -1.473117160979158800E-031 ) ) ;
#166 = CARTESIAN_POINT ( 'NONE',  ( -8.039359836777358700E-017, 2.484121159304161000, 0.0009999999999997981400 ) ) ;
#167 = PLANE ( 'NONE',  #506 ) ;
#168 = DIRECTION ( 'NONE',  ( 0.0000000000000000000, 0.0000000000000000000, -1.000000000000000000 ) ) ;
#169 = CARTESIAN_POINT ( 'NONE',  ( -8.039359836777358700E-017, 1.034121159304161000, 0.0009999999999997981400 ) ) ;
#170 = DIRECTION ( 'NONE',  ( 1.881859469626398900E-017, 1.000000000000000000, 5.090600643806249400E-017 ) ) ;
#171 = DIRECTION ( 'NONE',  ( 0.0000000000000000000, -5.090600643806249400E-017, 1.000000000000000000 ) ) ;
#172 = DIRECTION ( 'NONE',  ( -1.881859469626399500E-017, -1.000000000000000000, -5.090600643806250700E-017 ) ) ;
#173 = CARTESIAN_POINT ( 'NONE',  ( -7.922684549660521700E-017, 2.846121159304161100, 0.0009999999999998013900 ) ) ;
#174 = CARTESIAN_POINT ( 'NONE',  ( -0.7769406895763661900, 0.6931211593041600700, -1.404700748813863000 ) ) ;
#175 = PLANE ( 'NONE',  #508 ) ;
#176 = DIRECTION ( 'NONE',  ( 0.0000000000000000000, 0.0000000000000000000, 1.000000000000000000 ) ) ;
#177 = DIRECTION ( 'NONE',  ( 0.0000000000000000000, -1.000000000000000000, -0.0000000000000000000 ) ) ;
#178 = DIRECTION ( 'NONE',  ( 0.0000000000000000000, 0.0000000000000000000, -1.000000000000000000 ) ) ;
#179 = DIRECTION ( 'NONE',  ( 0.0000000000000000000, 1.000000000000000000, 0.0000000000000000000 ) ) ;
#180 = CARTESIAN_POINT ( 'NONE',  ( -8.039359836777358700E-017, 2.358621159304160800, 0.0009999999999997163900 ) ) ;
#181 = PLANE ( 'NONE',  #510 ) ;
#182 = DIRECTION ( 'NONE',  ( 0.0000000000000000000, 0.0000000000000000000, -1.000000000000000000 ) ) ;
#183 = CARTESIAN_POINT ( 'NONE',  ( -0.8289022138034327600, 0.6931211593041600700, -1.374700748813862700 ) ) ;
#184 = DIRECTION ( 'NONE',  ( 1.110223024625158300E-016, 1.000000000000000000, -0.0000000000000000000 ) ) ;
#185 = DIRECTION ( 'NONE',  ( 0.0000000000000000000, 0.0000000000000000000, 1.000000000000000000 ) ) ;
#186 = DIRECTION ( 'NONE',  ( 2.207906407026225000E-035, -1.000000000000000000, 1.473117160979158800E-031 ) ) ;
#187 = CARTESIAN_POINT ( 'NONE',  ( -8.039359836777358700E-017, 2.774121159304161500, 0.0009999999999997981400 ) ) ;
#188 = PLANE ( 'NONE',  #512 ) ;
#189 = CARTESIAN_POINT ( 'NONE',  ( -8.039359836777358700E-017, 2.774121159304161500, 0.0009999999999997981400 ) ) ;
#190 = PLANE ( 'NONE',  #514 ) ;
#191 = DIRECTION ( 'NONE',  ( -0.8660254037844380400, 1.922962686383561800E-016, 0.5000000000000011100 ) ) ;
#192 = DIRECTION ( 'NONE',  ( -0.5000000000000010000, 1.110223024625158500E-016, -0.8660254037844379300 ) ) ;
#193 = DIRECTION ( 'NONE',  ( 0.0000000000000000000, 0.0000000000000000000, 1.000000000000000000 ) ) ;
#194 = DIRECTION ( 'NONE',  ( -1.000000000000000000, 0.0000000000000000000, 0.0000000000000000000 ) ) ;
#195 = DIRECTION ( 'NONE',  ( 2.207906407026225200E-035, -1.000000000000000000, 1.473117160979158800E-031 ) ) ;
#196 = DIRECTION ( 'NONE',  ( 0.0000000000000000000, -1.473117160979158800E-031, -1.000000000000000000 ) ) ;
#197 = DIRECTION ( 'NONE',  ( 3.295785497318745100E-017, 1.000000000000000000, 4.344880817734625800E-033 ) ) ;
#198 = CARTESIAN_POINT ( 'NONE',  ( -8.039359836777358700E-017, 1.799149697027445900, 0.0009999999999997127100 ) ) ;
#199 = DIRECTION ( 'NONE',  ( 0.0000000000000000000, 1.000000000000000000, 0.0000000000000000000 ) ) ;
#200 = DIRECTION ( 'NONE',  ( 0.0000000000000000000, 0.0000000000000000000, 1.000000000000000000 ) ) ;
#201 = CARTESIAN_POINT ( 'NONE',  ( -8.039359836777358700E-017, 1.034121159304161000, 0.0009999999999997981400 ) ) ;
#202 = DIRECTION ( 'NONE',  ( 0.0000000000000000000, 1.000000000000000000, 0.0000000000000000000 ) ) ;
#203 = DIRECTION ( 'NONE',  ( 0.0000000000000000000, 0.0000000000000000000, -1.000000000000000000 ) ) ;
#204 = CARTESIAN_POINT ( 'NONE',  ( -8.039359836777358700E-017, 1.674121159304160700, 0.0009999999999997981400 ) ) ;
#205 = DIRECTION ( 'NONE',  ( 0.0000000000000000000, -1.000000000000000000, 0.0000000000000000000 ) ) ;
#206 = DIRECTION ( 'NONE',  ( 0.0000000000000000000, 0.0000000000000000000, 1.000000000000000000 ) ) ;
#207 = CARTESIAN_POINT ( 'NONE',  ( -8.039359836777358700E-017, 1.824121159304161100, 0.0009999999999997981400 ) ) ;
#208 = DIRECTION ( 'NONE',  ( 0.0000000000000000000, 1.000000000000000000, 0.0000000000000000000 ) ) ;
#209 = DIRECTION ( 'NONE',  ( 0.0000000000000000000, 0.0000000000000000000, 1.000000000000000000 ) ) ;
#210 = CARTESIAN_POINT ( 'NONE',  ( -8.039359836777358700E-017, 2.358621159304160800, 0.0009999999999997163900 ) ) ;
#211 = DIRECTION ( 'NONE',  ( -0.0000000000000000000, 1.000000000000000000, 0.0000000000000000000 ) ) ;
#212 = CARTESIAN_POINT ( 'NONE',  ( 0.2349999999999999000, 2.784121159304161700, -0.4690000000000000300 ) ) ;
#213 = CARTESIAN_POINT ( 'NONE',  ( -8.039359836777358700E-017, 1.799149697028806800, 0.0009999999999997127100 ) ) ;
#214 = CARTESIAN_POINT ( 'NONE',  ( 0.2349999999999999300, 2.784121159304161700, 0.0009999999999997981400 ) ) ;
#215 = DIRECTION ( 'NONE',  ( 0.0000000000000000000, 0.0000000000000000000, 1.000000000000000000 ) ) ;
#216 = DIRECTION ( 'NONE',  ( 0.0000000000000000000, 1.000000000000000000, 0.0000000000000000000 ) ) ;
#217 = CARTESIAN_POINT ( 'NONE',  ( -0.2350000000000000400, 2.784121159304161700, -0.4690000000000001900 ) ) ;
#218 = CARTESIAN_POINT ( 'NONE',  ( -0.2350000000000001000, 2.784121159304161700, 0.0009999999999997693000 ) ) ;
#219 = CARTESIAN_POINT ( 'NONE',  ( 0.2408578643762689400, 2.784121159304162200, 0.0009999999999997981400 ) ) ;
#220 = CARTESIAN_POINT ( 'NONE',  ( 0.2408578643762688800, 2.784121159304160800, -0.4807157287525381000 ) ) ;
#221 = CARTESIAN_POINT ( 'NONE',  ( -0.2408578643762691000, 2.784121159304160800, -0.4807157287525382100 ) ) ;
#222 = CARTESIAN_POINT ( 'NONE',  ( -0.2408578643762691300, 2.784121159304162200, 0.0009999999999997686500 ) ) ;
#223 = CARTESIAN_POINT ( 'NONE',  ( 0.2449999999999999400, 2.779979023680430500, 0.0009999999999997981400 ) ) ;
#224 = CARTESIAN_POINT ( 'NONE',  ( 0.2449999999999999100, 2.779979023680430900, -0.4889999999999999300 ) ) ;
#225 = CARTESIAN_POINT ( 'NONE',  ( -0.2450000000000000200, 2.779979023680430900, -0.4890000000000000500 ) ) ;
#226 = CARTESIAN_POINT ( 'NONE',  ( -0.2450000000000001100, 2.779979023680430500, 0.0009999999999997682200 ) ) ;
#227 = CARTESIAN_POINT ( 'NONE',  ( 0.2449999999999999100, 2.774121159304161500, 0.0009999999999997981400 ) ) ;
#228 = CARTESIAN_POINT ( 'NONE',  ( 0.2449999999999998800, 2.774121159304161500, -0.4889999999999999900 ) ) ;
#229 = CARTESIAN_POINT ( 'NONE',  ( -0.2450000000000000200, 2.774121159304161500, -0.4890000000000001600 ) ) ;
#230 = CARTESIAN_POINT ( 'NONE',  ( -0.2450000000000000800, 2.774121159304161500, 0.0009999999999997680000 ) ) ;
#231 = DIRECTION ( 'NONE',  ( 0.0000000000000000000, 0.0000000000000000000, 1.000000000000000000 ) ) ;
#232 = CARTESIAN_POINT ( 'NONE',  ( -8.039359836777358700E-017, 1.664979023678482900, 0.0009999999999997127100 ) ) ;
#233 = DIRECTION ( 'NONE',  ( 0.0000000000000000000, 1.000000000000000000, 0.0000000000000000000 ) ) ;
#234 = CARTESIAN_POINT ( 'NONE',  ( -1.001125366774816800, 1.173121159304160400, -0.4444999999999909600 ) ) ;
#235 = FACE_OUTER_BOUND ( 'NONE', #1801, .T. ) ;
#236 = FACE_OUTER_BOUND ( 'NONE', #1870, .T. ) ;
#237 = LINE ( 'NONE', #977, #256 ) ;
#238 = VECTOR ( 'NONE', #1171, 39.37007874015748900 ) ;
#239 = FACE_OUTER_BOUND ( 'NONE', #1078, .T. ) ;
#240 = CIRCLE ( 'NONE', #1598, 0.8249999999999998400 ) ;
#241 = LINE ( 'NONE', #976, #278 ) ;
#242 = FACE_OUTER_BOUND ( 'NONE', #1790, .T. ) ;
#243 = CYLINDRICAL_SURFACE ( 'NONE', #1600, 0.2099999999999999900 ) ;
#244 = LINE ( 'NONE', #1169, #238 ) ;
#245 = FACE_OUTER_BOUND ( 'NONE', #1791, .T. ) ;
#246 = FACE_BOUND ( 'NONE', #989, .T. ) ;
#247 = CIRCLE ( 'NONE', #1604, 0.8249999999999998400 ) ;
#248 = CYLINDRICAL_SURFACE ( 'NONE', #1593, 0.1325000000000000300 ) ;
#249 = VECTOR ( 'NONE', #111, 39.37007874015748100 ) ;
#250 = CIRCLE ( 'NONE', #1608, 0.2099999999999999900 ) ;
#251 = FACE_BOUND ( 'NONE', #1093, .T. ) ;
#252 = VECTOR ( 'NONE', #3215, 39.37007874015748100 ) ;
#253 = CYLINDRICAL_SURFACE ( 'NONE', #1592, 0.2550000000000000000 ) ;
#254 = LINE ( 'NONE', #3204, #266 ) ;
#255 = CONICAL_SURFACE ( 'NONE', #1589, 0.2781706733457228200, 0.7853981633184847800 ) ;
#256 = VECTOR ( 'NONE', #980, 39.37007874015748900 ) ;
#257 = FACE_OUTER_BOUND ( 'NONE', #1793, .T. ) ;
#258 = FACE_BOUND ( 'NONE', #983, .T. ) ;
#259 = CYLINDRICAL_SURFACE ( 'NONE', #1591, 0.2550000000000000000 ) ;
#260 = FACE_OUTER_BOUND ( 'NONE', #1864, .T. ) ;
#261 = CIRCLE ( 'NONE', #1609, 0.2450000000000000000 ) ;
#262 = CIRCLE ( 'NONE', #1605, 0.2349999999999999900 ) ;
#263 = CIRCLE ( 'NONE', #1607, 0.2450000000000000000 ) ;
#264 = LINE ( 'NONE', #3211, #252 ) ;
#265 = LINE ( 'NONE', #3193, #281 ) ;
#266 = VECTOR ( 'NONE', #3219, 39.37007874015748100 ) ;
#267 = CYLINDRICAL_SURFACE ( 'NONE', #1594, 0.1250000000000001100 ) ;
#268 = FACE_OUTER_BOUND ( 'NONE', #1795, .T. ) ;
#269 = CYLINDRICAL_SURFACE ( 'NONE', #1595, 0.8249999999999998400 ) ;
#270 = CIRCLE ( 'NONE', #1601, 0.1325000000000000300 ) ;
#271 = CIRCLE ( 'NONE', #1597, 1.374999999999999800 ) ;
#272 = FACE_OUTER_BOUND ( 'NONE', #1096, .T. ) ;
#273 = CIRCLE ( 'NONE', #1602, 0.2349999999999999900 ) ;
#274 = LINE ( 'NONE', #577, #275 ) ;
#275 = VECTOR ( 'NONE', #579, 39.37007874015748100 ) ;
#276 = CIRCLE ( 'NONE', #1606, 0.8249999999999998400 ) ;
#277 = CIRCLE ( 'NONE', #490, 0.1324999999999999800 ) ;
#278 = VECTOR ( 'NONE', #982, 39.37007874015748100 ) ;
#279 = CIRCLE ( 'NONE', #1603, 0.03199999999999999400 ) ;
#280 = VECTOR ( 'NONE', #349, 39.37007874015748100 ) ;
#281 = VECTOR ( 'NONE', #3196, 39.37007874015748100 ) ;
#282 = CYLINDRICAL_SURFACE ( 'NONE', #1599, 0.1325000000000000300 ) ;
#283 = FACE_OUTER_BOUND ( 'NONE', #1904, .T. ) ;
#284 = EDGE_CURVE ( 'NONE', #934, #730, #264, .T. ) ;
#285 = EDGE_CURVE ( 'NONE', #1792, #891, #265, .T. ) ;
#286 = EDGE_CURVE ( 'NONE', #724, #863, #271, .T. ) ;
#287 = EDGE_CURVE ( 'NONE', #866, #834, #237, .T. ) ;
#288 = EDGE_CURVE ( 'NONE', #900, #863, #241, .T. ) ;
#289 = EDGE_CURVE ( 'NONE', #819, #808, #254, .T. ) ;
#290 = EDGE_CURVE ( 'NONE', #934, #942, #240, .T. ) ;
#291 = EDGE_CURVE ( 'NONE', #1830, #1792, #270, .T. ) ;
#292 = EDGE_CURVE ( 'NONE', #771, #728, #273, .T. ) ;
#293 = EDGE_CURVE ( 'NONE', #1804, #916, #279, .T. ) ;
#294 = DIRECTION ( 'NONE',  ( 0.0000000000000000000, 1.000000000000000000, 0.0000000000000000000 ) ) ;
#295 = CARTESIAN_POINT ( 'NONE',  ( -8.039359836777358700E-017, 1.664979023678482900, 0.0009999999999997127100 ) ) ;
#296 = DIRECTION ( 'NONE',  ( 0.0000000000000000000, 1.000000000000000000, 0.0000000000000000000 ) ) ;
#297 = CARTESIAN_POINT ( 'NONE',  ( 0.8126677011341605400, 0.6931211593041598500, 1.348581748034561700 ) ) ;
#298 = DIRECTION ( 'NONE',  ( 0.0000000000000000000, 0.0000000000000000000, 1.000000000000000000 ) ) ;
#299 = CARTESIAN_POINT ( 'NONE',  ( -8.039359836777358700E-017, 2.784121159304161300, 0.0009999999999997981400 ) ) ;
#300 = DIRECTION ( 'NONE',  ( 0.0000000000000000000, 0.0000000000000000000, 1.000000000000000000 ) ) ;
#301 = CARTESIAN_POINT ( 'NONE',  ( -8.039359836777358700E-017, 1.674121159304160700, 0.0009999999999997981400 ) ) ;
#302 = CARTESIAN_POINT ( 'NONE',  ( -0.7769406895763661900, 0.6931211593041600700, -1.404700748813863000 ) ) ;
#303 = CARTESIAN_POINT ( 'NONE',  ( -0.03575914910963747000, 2.774121159304161900, 0.2028584987126509400 ) ) ;
#304 = CARTESIAN_POINT ( 'NONE',  ( -8.039359836777358700E-017, 1.674121159304160700, 0.0009999999999997981400 ) ) ;
#305 = PLANE ( 'NONE',  #1569 ) ;
#306 = DIRECTION ( 'NONE',  ( -1.000000000000000000, 0.0000000000000000000, 0.0000000000000000000 ) ) ;
#307 = DIRECTION ( 'NONE',  ( 0.0000000000000000000, 0.0000000000000000000, 1.000000000000000000 ) ) ;
#308 = CARTESIAN_POINT ( 'NONE',  ( -8.039359836777358700E-017, 1.799149697027445900, 0.0009999999999997127100 ) ) ;
#309 = DIRECTION ( 'NONE',  ( 0.8660254037844380400, -1.922962686383562100E-016, -0.5000000000000010000 ) ) ;
#310 = CARTESIAN_POINT ( 'NONE',  ( -8.039359836777358700E-017, 2.358621159304160800, 0.0009999999999997163900 ) ) ;
#311 = DIRECTION ( 'NONE',  ( 1.110223024625158300E-016, 1.000000000000000000, -0.0000000000000000000 ) ) ;
#312 = DIRECTION ( 'NONE',  ( 2.207906407026225200E-035, -1.000000000000000000, 1.473117160979158800E-031 ) ) ;
#313 = DIRECTION ( 'NONE',  ( 0.0000000000000000000, 1.000000000000000000, 0.0000000000000000000 ) ) ;
#314 = DIRECTION ( 'NONE',  ( 0.0000000000000000000, 0.0000000000000000000, 1.000000000000000000 ) ) ;
#315 = CARTESIAN_POINT ( 'NONE',  ( 1.269119430995682000E-016, 1.143121159304160100, 0.0009999999999997981400 ) ) ;
#316 = DIRECTION ( 'NONE',  ( 3.295785497318745100E-017, 1.000000000000000000, 4.344880817734625800E-033 ) ) ;
#317 = DIRECTION ( 'NONE',  ( -1.110223024625158300E-016, -1.000000000000000000, 0.0000000000000000000 ) ) ;
#318 = DIRECTION ( 'NONE',  ( 0.0000000000000000000, 0.0000000000000000000, -1.000000000000000000 ) ) ;
#319 = DIRECTION ( 'NONE',  ( 0.5000000000000010000, -1.110223024625158500E-016, 0.8660254037844380400 ) ) ;
#320 = PLANE ( 'NONE',  #1565 ) ;
#321 = DIRECTION ( 'NONE',  ( 0.0000000000000000000, 0.0000000000000000000, 1.000000000000000000 ) ) ;
#322 = DIRECTION ( 'NONE',  ( 0.0000000000000000000, 0.0000000000000000000, -1.000000000000000000 ) ) ;
#323 = DIRECTION ( 'NONE',  ( 0.0000000000000000000, 1.000000000000000000, 0.0000000000000000000 ) ) ;
#324 = EDGE_CURVE ( 'NONE', #826, #750, #274, .T. ) ;
#325 = EDGE_CURVE ( 'NONE', #738, #730, #247, .T. ) ;
#326 = EDGE_CURVE ( 'NONE', #728, #790, #262, .T. ) ;
#327 = EDGE_CURVE ( 'NONE', #730, #738, #276, .T. ) ;
#328 = EDGE_CURVE ( 'NONE', #741, #900, #244, .T. ) ;
#329 = CARTESIAN_POINT ( 'NONE',  ( 0.2349999999999999600, 2.784121159304161700, -0.4690000000000000800 ) ) ;
#330 = CARTESIAN_POINT ( 'NONE',  ( 0.2049999999999999300, 2.774121159304161500, 0.0009999999999997721200 ) ) ;
#331 = CARTESIAN_POINT ( 'NONE',  ( -8.039359836777358700E-017, 1.799149697027445900, 0.0009999999999997127100 ) ) ;
#332 = CARTESIAN_POINT ( 'NONE',  ( 0.1926389547584903800, 2.774121159304161500, 0.07114615534000429100 ) ) ;
#333 = CARTESIAN_POINT ( 'NONE',  ( 0.1917819868041358600, 2.774121159304161900, 0.07342596666184966800 ) ) ;
#334 = CARTESIAN_POINT ( 'NONE',  ( 0.2049973441956592400, 2.774121159304161900, 0.01403734223851462900 ) ) ;
#335 = CARTESIAN_POINT ( 'NONE',  ( -8.039359836777358700E-017, 1.034121159304161000, 0.0009999999999997981400 ) ) ;
#336 = DIRECTION ( 'NONE',  ( 0.0000000000000000000, 1.000000000000000000, 0.0000000000000000000 ) ) ;
#337 = DIRECTION ( 'NONE',  ( -3.295785497318745100E-017, -1.000000000000000000, -4.344880817734625800E-033 ) ) ;
#338 = DIRECTION ( 'NONE',  ( 0.0000000000000000000, 0.0000000000000000000, 1.000000000000000000 ) ) ;
#339 = CARTESIAN_POINT ( 'NONE',  ( -0.2350000000000000400, 2.784121159304161700, -0.4690000000000000800 ) ) ;
#340 = CARTESIAN_POINT ( 'NONE',  ( 1.001125366774813000, 1.173121159304159700, 0.4464999999999975700 ) ) ;
#341 = DIRECTION ( 'NONE',  ( -1.110223024625158300E-016, -1.000000000000000000, 0.0000000000000000000 ) ) ;
#342 = CARTESIAN_POINT ( 'NONE',  ( 0.1945402632103892800, 2.774121159304161500, 0.06580769669665262300 ) ) ;
#343 = CARTESIAN_POINT ( 'NONE',  ( -8.039359836777358700E-017, 1.653929177161298700, 0.0009999999999997981400 ) ) ;
#344 = DIRECTION ( 'NONE',  ( 0.0000000000000000000, 1.000000000000000000, 0.0000000000000000000 ) ) ;
#345 = DIRECTION ( 'NONE',  ( 1.000000000000000000, 0.0000000000000000000, 0.0000000000000000000 ) ) ;
#346 = DIRECTION ( 'NONE',  ( -1.000000000000000000, 0.0000000000000000000, 0.0000000000000000000 ) ) ;
#347 = CARTESIAN_POINT ( 'NONE',  ( -8.039359836777358700E-017, 1.674121159304160700, 0.2334999999999999000 ) ) ;
#348 = CARTESIAN_POINT ( 'NONE',  ( -8.039359836777358700E-017, 2.619121159304161200, 0.0009999999999997981400 ) ) ;
#349 = DIRECTION ( 'NONE',  ( 0.0000000000000000000, 1.000000000000000000, 0.0000000000000000000 ) ) ;
#350 = DIRECTION ( 'NONE',  ( 0.0000000000000000000, 0.0000000000000000000, 1.000000000000000000 ) ) ;
#351 = DIRECTION ( 'NONE',  ( 0.0000000000000000000, 0.0000000000000000000, 1.000000000000000000 ) ) ;
#352 = CARTESIAN_POINT ( 'NONE',  ( 0.2349999999999999300, 2.784121159304161700, 0.0009999999999997981400 ) ) ;
#353 = CARTESIAN_POINT ( 'NONE',  ( 0.2031961775571284900, 2.774121159304161500, 0.03324777584992377700 ) ) ;
#354 = CARTESIAN_POINT ( 'NONE',  ( -8.039359836777358700E-017, 1.349121159304160800, 0.0009999999999997981400 ) ) ;
#355 = CARTESIAN_POINT ( 'NONE',  ( -0.2350000000000000400, 2.784121159304161700, 0.0009999999999997690900 ) ) ;
#356 = DIRECTION ( 'NONE',  ( 0.0000000000000000000, 1.000000000000000000, 0.0000000000000000000 ) ) ;
#357 = CARTESIAN_POINT ( 'NONE',  ( 0.1979497463478081300, 2.774121159304161500, 0.05505518384043225900 ) ) ;
#358 = DIRECTION ( 'NONE',  ( 0.0000000000000000000, 0.0000000000000000000, 1.000000000000000000 ) ) ;
#359 = DIRECTION ( 'NONE',  ( 2.207906407026225000E-035, -1.000000000000000000, 1.473117160979158800E-031 ) ) ;
#360 = CARTESIAN_POINT ( 'NONE',  ( 1.786514017358677600E-016, 0.6991211593041598600, -0.8239999999999999500 ) ) ;
#361 = DIRECTION ( 'NONE',  ( 1.417300577796806500E-016, 0.1946188385891714500, -0.9808789464894238600 ) ) ;
#362 = CARTESIAN_POINT ( 'NONE',  ( 1.001125366774813000, 1.173121159304159700, 0.5789999999999975200 ) ) ;
#363 = DIRECTION ( 'NONE',  ( -1.110223024625158300E-016, -1.000000000000000000, 0.0000000000000000000 ) ) ;
#364 = DIRECTION ( 'NONE',  ( -0.8660254037844398200, 0.0000000000000000000, -0.4999999999999977800 ) ) ;
#365 = CARTESIAN_POINT ( 'NONE',  ( 1.001125366774813000, 0.6731211593041596100, 0.5789999999999975200 ) ) ;
#366 = DIRECTION ( 'NONE',  ( -1.110223024625158300E-016, -1.000000000000000000, 0.0000000000000000000 ) ) ;
#367 = DIRECTION ( 'NONE',  ( -0.8660254037844398200, 0.0000000000000000000, -0.4999999999999977800 ) ) ;
#368 = CARTESIAN_POINT ( 'NONE',  ( -7.925835673143182600E-015, 1.173121159304159900, -1.022500000000000400 ) ) ;
#369 = DIRECTION ( 'NONE',  ( -1.110223024625158300E-016, -1.000000000000000000, 0.0000000000000000000 ) ) ;
#370 = CARTESIAN_POINT ( 'NONE',  ( 1.269119430995682000E-016, 1.143121159304160100, 0.0009999999999997981400 ) ) ;
#371 = DIRECTION ( 'NONE',  ( -1.110223024625158300E-016, -1.000000000000000000, 0.0000000000000000000 ) ) ;
#372 = DIRECTION ( 'NONE',  ( 0.0000000000000000000, 0.0000000000000000000, -1.000000000000000000 ) ) ;
#373 = CARTESIAN_POINT ( 'NONE',  ( 1.001125366774809200, 1.173121159304159700, -0.4445000000000050600 ) ) ;
#374 = CARTESIAN_POINT ( 'NONE',  ( 7.473146094218575200E-017, 0.6731211593041599400, 1.157000000000000000 ) ) ;
#375 = DIRECTION ( 'NONE',  ( -1.110223024625158300E-016, -1.000000000000000000, 0.0000000000000000000 ) ) ;
#376 = DIRECTION ( 'NONE',  ( 0.0000000000000000000, 0.0000000000000000000, -1.000000000000000000 ) ) ;
#377 = DIRECTION ( 'NONE',  ( -1.110223024625158300E-016, -1.000000000000000000, 0.0000000000000000000 ) ) ;
#378 = CARTESIAN_POINT ( 'NONE',  ( -7.997573394463142000E-015, 0.6731211593041599400, -1.155000000000000500 ) ) ;
#379 = DIRECTION ( 'NONE',  ( -1.110223024625158300E-016, -1.000000000000000000, 0.0000000000000000000 ) ) ;
#380 = DIRECTION ( 'NONE',  ( 6.982962677686268300E-015, 0.0000000000000000000, 1.000000000000000000 ) ) ;
#381 = CARTESIAN_POINT ( 'NONE',  ( -8.039359836777358700E-017, 2.464121159304160500, 0.0009999999999997981400 ) ) ;
#382 = DIRECTION ( 'NONE',  ( 0.0000000000000000000, -1.000000000000000000, 0.0000000000000000000 ) ) ;
#383 = DIRECTION ( 'NONE',  ( 0.0000000000000000000, 0.0000000000000000000, -1.000000000000000000 ) ) ;
#384 = CARTESIAN_POINT ( 'NONE',  ( -8.039359836777358700E-017, 2.784121159304161300, 0.0009999999999997981400 ) ) ;
#385 = DIRECTION ( 'NONE',  ( -1.881859469626399500E-017, -1.000000000000000000, -5.090600643806250700E-017 ) ) ;
#386 = DIRECTION ( 'NONE',  ( 0.0000000000000000000, 0.0000000000000000000, -1.000000000000000000 ) ) ;
#387 = CARTESIAN_POINT ( 'NONE',  ( -8.039359836777358700E-017, 1.824121159304161100, 0.0009999999999997981400 ) ) ;
#388 = DIRECTION ( 'NONE',  ( 0.0000000000000000000, -1.000000000000000000, 0.0000000000000000000 ) ) ;
#389 = DIRECTION ( 'NONE',  ( 0.0000000000000000000, 0.0000000000000000000, -1.000000000000000000 ) ) ;
#390 = CARTESIAN_POINT ( 'NONE',  ( -8.039359836777358700E-017, 2.484121159304161000, 0.0009999999999997981400 ) ) ;
#391 = DIRECTION ( 'NONE',  ( -0.0000000000000000000, -1.000000000000000000, -0.0000000000000000000 ) ) ;
#392 = DIRECTION ( 'NONE',  ( 0.0000000000000000000, 0.0000000000000000000, 1.000000000000000000 ) ) ;
#393 = CARTESIAN_POINT ( 'NONE',  ( -8.039359836777358700E-017, 2.619121159304161200, 0.0009999999999997981400 ) ) ;
#394 = DIRECTION ( 'NONE',  ( 2.207906407026225200E-035, -1.000000000000000000, 1.473117160979158800E-031 ) ) ;
#395 = DIRECTION ( 'NONE',  ( 0.0000000000000000000, 0.0000000000000000000, -1.000000000000000000 ) ) ;
#396 = CARTESIAN_POINT ( 'NONE',  ( -8.039359836777358700E-017, 1.795121159304160700, 0.0009999999999997163900 ) ) ;
#397 = DIRECTION ( 'NONE',  ( 0.0000000000000000000, 1.000000000000000000, 0.0000000000000000000 ) ) ;
#398 = DIRECTION ( 'NONE',  ( 0.0000000000000000000, 0.0000000000000000000, 1.000000000000000000 ) ) ;
#399 = CARTESIAN_POINT ( 'NONE',  ( -8.039359836777358700E-017, 2.484121159304161000, 0.0009999999999997981400 ) ) ;
#400 = DIRECTION ( 'NONE',  ( -2.207906407026225200E-035, 1.000000000000000000, -1.473117160979158800E-031 ) ) ;
#401 = DIRECTION ( 'NONE',  ( 0.0000000000000000000, 0.0000000000000000000, -1.000000000000000000 ) ) ;
#402 = CARTESIAN_POINT ( 'NONE',  ( -7.922684549660521700E-017, 2.846121159304161100, 0.0009999999999998013900 ) ) ;
#403 = DIRECTION ( 'NONE',  ( -1.881859469626399500E-017, -1.000000000000000000, -5.090600643806250700E-017 ) ) ;
#404 = DIRECTION ( 'NONE',  ( 0.0000000000000000000, 0.0000000000000000000, -1.000000000000000000 ) ) ;
#405 = CARTESIAN_POINT ( 'NONE',  ( 0.0000000000000000000, 0.0000000000000000000, 0.0000000000000000000 ) ) ;
#406 = DIRECTION ( 'NONE',  ( 0.0000000000000000000, 0.0000000000000000000, 1.000000000000000000 ) ) ;
#407 = CARTESIAN_POINT ( 'NONE',  ( -8.039359836777358700E-017, 2.464121159304160500, 0.0009999999999997981400 ) ) ;
#408 = DIRECTION ( 'NONE',  ( -0.0000000000000000000, -1.000000000000000000, -0.0000000000000000000 ) ) ;
#409 = DIRECTION ( 'NONE',  ( 0.0000000000000000000, 0.0000000000000000000, 1.000000000000000000 ) ) ;
#410 = CARTESIAN_POINT ( 'NONE',  ( -8.039359836777358700E-017, 1.799149697028806800, 0.0009999999999997127100 ) ) ;
#411 = DIRECTION ( 'NONE',  ( 0.0000000000000000000, -1.000000000000000000, -0.0000000000000000000 ) ) ;
#412 = DIRECTION ( 'NONE',  ( 0.0000000000000000000, 0.0000000000000000000, 1.000000000000000000 ) ) ;
#413 =( LENGTH_UNIT ( ) NAMED_UNIT ( * ) SI_UNIT ( $, .METRE. ) );
#414 =( CONVERSION_BASED_UNIT ( 'INCH', #2110 ) LENGTH_UNIT ( ) NAMED_UNIT ( #1650 ) );
#415 =( NAMED_UNIT ( * ) PLANE_ANGLE_UNIT ( ) SI_UNIT ( $, .RADIAN. ) );
#416 =( NAMED_UNIT ( * ) SI_UNIT ( $, .STERADIAN. ) SOLID_ANGLE_UNIT ( ) );
#417 = APPLICATION_PROTOCOL_DEFINITION ( 'international standard', 'config_control_design', 1994, #418 ) ;
#418 = APPLICATION_CONTEXT ( 'configuration controlled 3d designs of mechanical parts and assemblies' ) ;
#419 = DIRECTION ( 'NONE',  ( 1.000000000000000000, 0.0000000000000000000, 0.0000000000000000000 ) ) ;
#420 = MECHANICAL_CONTEXT ( 'NONE', #418, 'mechanical' ) ;
#421 = PERSON_AND_ORGANIZATION_ROLE ( 'design_owner' ) ;
#422 = APPLICATION_CONTEXT ( 'configuration controlled 3d designs of mechanical parts and assemblies' ) ;
#423 = APPLICATION_PROTOCOL_DEFINITION ( 'international standard', 'config_control_design', 1994, #422 ) ;
#424 = APPROVAL_STATUS ( 'not_yet_approved' ) ;
#425 = APPROVAL_ROLE ( '' ) ;
#426 = PERSON_AND_ORGANIZATION_ROLE ( 'creator' ) ;
#427 = DATE_TIME_ROLE ( 'creation_date' ) ;
#428 = APPROVAL_STATUS ( 'not_yet_approved' ) ;
#429 = APPROVAL_ROLE ( '' ) ;
#430 = PERSON_AND_ORGANIZATION_ROLE ( 'creator' ) ;
#431 = PERSON_AND_ORGANIZATION_ROLE ( 'design_supplier' ) ;
#432 = SECURITY_CLASSIFICATION_LEVEL ( 'unclassified' ) ;
#433 = PERSON_AND_ORGANIZATION_ROLE ( 'classification_officer' ) ;
#434 = DATE_TIME_ROLE ( 'classification_date' ) ;
#435 = APPROVAL_STATUS ( 'not_yet_approved' ) ;
#436 = APPROVAL_ROLE ( '' ) ;
#437 = AXIS2_PLACEMENT_3D ( 'NONE', #2321, #2322, #2323 ) ;
#438 = AXIS2_PLACEMENT_3D ( 'NONE', #2324, #2325, #2326 ) ;
#439 = AXIS2_PLACEMENT_3D ( 'NONE', #2327, #2328, #2329 ) ;
#440 = AXIS2_PLACEMENT_3D ( 'NONE', #2330, #2331, #2332 ) ;
#441 = AXIS2_PLACEMENT_3D ( 'NONE', #2333, #2334, #2335 ) ;
#442 = AXIS2_PLACEMENT_3D ( 'NONE', #2336, #2337, #2338 ) ;
#443 = AXIS2_PLACEMENT_3D ( 'NONE', #2339, #2340, #2341 ) ;
#444 = AXIS2_PLACEMENT_3D ( 'NONE', #2342, #2343, #2344 ) ;
#445 = AXIS2_PLACEMENT_3D ( 'NONE', #2345, #2346, #2347 ) ;
#446 = AXIS2_PLACEMENT_3D ( 'NONE', #2348, #2349, #2350 ) ;
#447 = AXIS2_PLACEMENT_3D ( 'NONE', #2351, #2352, #2353 ) ;
#448 = AXIS2_PLACEMENT_3D ( 'NONE', #2355, #2356, #2357 ) ;
#449 = AXIS2_PLACEMENT_3D ( 'NONE', #2358, #2359, #2360 ) ;
#450 = AXIS2_PLACEMENT_3D ( 'NONE', #2361, #2362, #2363 ) ;
#451 = AXIS2_PLACEMENT_3D ( 'NONE', #2364, #2365, #2366 ) ;
#452 = AXIS2_PLACEMENT_3D ( 'NONE', #2368, #2369, #2370 ) ;
#453 = AXIS2_PLACEMENT_3D ( 'NONE', #2373, #2374, #2375 ) ;
#454 = AXIS2_PLACEMENT_3D ( 'NONE', #2376, #2377, #2378 ) ;
#455 = AXIS2_PLACEMENT_3D ( 'NONE', #2380, #2381, #2382 ) ;
#456 = AXIS2_PLACEMENT_3D ( 'NONE', #2383, #2384, #2385 ) ;
#457 = AXIS2_PLACEMENT_3D ( 'NONE', #2387, #2388, #2389 ) ;
#458 = AXIS2_PLACEMENT_3D ( 'NONE', #2396, #2397, #2398 ) ;
#459 = AXIS2_PLACEMENT_3D ( 'NONE', #2402, #2403, #2404 ) ;
#460 = AXIS2_PLACEMENT_3D ( 'NONE', #2409, #2410, #2411 ) ;
#461 = AXIS2_PLACEMENT_3D ( 'NONE', #2417, #2418, #2419 ) ;
#462 = AXIS2_PLACEMENT_3D ( 'NONE', #2420, #2421, #2422 ) ;
#463 = AXIS2_PLACEMENT_3D ( 'NONE', #1215, #1216, #1217 ) ;
#464 = AXIS2_PLACEMENT_3D ( 'NONE', #1219, #1220, #1221 ) ;
#465 = AXIS2_PLACEMENT_3D ( 'NONE', #1224, #1225, #1226 ) ;
#466 = AXIS2_PLACEMENT_3D ( 'NONE', #1230, #1231, #1232 ) ;
#467 = AXIS2_PLACEMENT_3D ( 'NONE', #1235, #1236, #1237 ) ;
#468 = AXIS2_PLACEMENT_3D ( 'NONE', #1240, #1241, #1242 ) ;
#469 = AXIS2_PLACEMENT_3D ( 'NONE', #1245, #1246, #1247 ) ;
#470 = AXIS2_PLACEMENT_3D ( 'NONE', #1249, #1250, #1251 ) ;
#471 = AXIS2_PLACEMENT_3D ( 'NONE', #1253, #1254, #1255 ) ;
#472 = AXIS2_PLACEMENT_3D ( 'NONE', #1260, #1261, #1262 ) ;
#473 = AXIS2_PLACEMENT_3D ( 'NONE', #1263, #1264, #1265 ) ;
#474 = AXIS2_PLACEMENT_3D ( 'NONE', #1269, #1270, #1271 ) ;
#475 = AXIS2_PLACEMENT_3D ( 'NONE', #1274, #1275, #1276 ) ;
#476 = AXIS2_PLACEMENT_3D ( 'NONE', #1278, #1279, #1280 ) ;
#477 = AXIS2_PLACEMENT_3D ( 'NONE', #1282, #1283, #1284 ) ;
#478 = AXIS2_PLACEMENT_3D ( 'NONE', #1287, #1288, #1289 ) ;
#479 = AXIS2_PLACEMENT_3D ( 'NONE', #1299, #1300, #1301 ) ;
#480 = AXIS2_PLACEMENT_3D ( 'NONE', #1304, #1305, #1306 ) ;
#481 = AXIS2_PLACEMENT_3D ( 'NONE', #1308, #1309, #1310 ) ;
#482 = AXIS2_PLACEMENT_3D ( 'NONE', #1314, #1315, #1316 ) ;
#483 = AXIS2_PLACEMENT_3D ( 'NONE', #1318, #1319, #1320 ) ;
#484 = AXIS2_PLACEMENT_3D ( 'NONE', #2849, #2850, #2851 ) ;
#485 = AXIS2_PLACEMENT_3D ( 'NONE', #2987, #2988, #2989 ) ;
#486 = AXIS2_PLACEMENT_3D ( 'NONE', #2991, #2992, #2993 ) ;
#487 = AXIS2_PLACEMENT_3D ( 'NONE', #2997, #2998, #2999 ) ;
#488 = AXIS2_PLACEMENT_3D ( 'NONE', #3001, #3002, #3003 ) ;
#489 = AXIS2_PLACEMENT_3D ( 'NONE', #105, #106, #107 ) ;
#490 = AXIS2_PLACEMENT_3D ( 'NONE', #114, #115, #116 ) ;
#491 = AXIS2_PLACEMENT_3D ( 'NONE', #110, #117, #118 ) ;
#492 = AXIS2_PLACEMENT_3D ( 'NONE', #120, #119, #103 ) ;
#493 = AXIS2_PLACEMENT_3D ( 'NONE', #113, #124, #125 ) ;
#494 = AXIS2_PLACEMENT_3D ( 'NONE', #123, #128, #129 ) ;
#495 = AXIS2_PLACEMENT_3D ( 'NONE', #131, #130, #127 ) ;
#496 = AXIS2_PLACEMENT_3D ( 'NONE', #134, #132, #126 ) ;
#497 = AXIS2_PLACEMENT_3D ( 'NONE', #133, #138, #139 ) ;
#498 = AXIS2_PLACEMENT_3D ( 'NONE', #137, #142, #143 ) ;
#499 = AXIS2_PLACEMENT_3D ( 'NONE', #141, #146, #147 ) ;
#500 = AXIS2_PLACEMENT_3D ( 'NONE', #149, #148, #145 ) ;
#501 = AXIS2_PLACEMENT_3D ( 'NONE', #144, #153, #154 ) ;
#502 = AXIS2_PLACEMENT_3D ( 'NONE', #156, #155, #152 ) ;
#503 = AXIS2_PLACEMENT_3D ( 'NONE', #159, #157, #150 ) ;
#504 = AXIS2_PLACEMENT_3D ( 'NONE', #158, #163, #164 ) ;
#505 = AXIS2_PLACEMENT_3D ( 'NONE', #166, #165, #161 ) ;
#506 = AXIS2_PLACEMENT_3D ( 'NONE', #162, #170, #171 ) ;
#507 = AXIS2_PLACEMENT_3D ( 'NONE', #173, #172, #168 ) ;
#508 = AXIS2_PLACEMENT_3D ( 'NONE', #169, #177, #178 ) ;
#509 = AXIS2_PLACEMENT_3D ( 'NONE', #180, #179, #176 ) ;
#510 = AXIS2_PLACEMENT_3D ( 'NONE', #174, #184, #185 ) ;
#511 = AXIS2_PLACEMENT_3D ( 'NONE', #187, #186, #182 ) ;
#512 = AXIS2_PLACEMENT_3D ( 'NONE', #183, #191, #192 ) ;
#513 = AXIS2_PLACEMENT_3D ( 'NONE', #198, #197, #194 ) ;
#514 = AXIS2_PLACEMENT_3D ( 'NONE', #189, #195, #196 ) ;
#515 = AXIS2_PLACEMENT_3D ( 'NONE', #213, #211, #209 ) ;
#516 = AXIS2_PLACEMENT_3D ( 'NONE', #232, #216, #215 ) ;
#517 = AXIS2_PLACEMENT_3D ( 'NONE', #201, #199, #193 ) ;
#518 = AXIS2_PLACEMENT_3D ( 'NONE', #204, #202, #200 ) ;
#519 = AXIS2_PLACEMENT_3D ( 'NONE', #207, #205, #203 ) ;
#520 = AXIS2_PLACEMENT_3D ( 'NONE', #210, #208, #206 ) ;
#521 = AXIS2_PLACEMENT_3D ( 'NONE', #3000, #233, #231 ) ;
#522 = AXIS2_PLACEMENT_3D ( 'NONE', #1940, #1959, #1960 ) ;
#523 = AXIS2_PLACEMENT_3D ( 'NONE', #1965, #1963, #1956 ) ;
#524 = AXIS2_PLACEMENT_3D ( 'NONE', #1962, #1961, #1958 ) ;
#525 = AXIS2_PLACEMENT_3D ( 'NONE', #1964, #1969, #1970 ) ;
#526 = AXIS2_PLACEMENT_3D ( 'NONE', #1972, #1971, #1968 ) ;
#527 = AXIS2_PLACEMENT_3D ( 'NONE', #1975, #1973, #1966 ) ;
#528 = AXIS2_PLACEMENT_3D ( 'NONE', #1977, #1995, #1996 ) ;
#529 = AXIS2_PLACEMENT_3D ( 'NONE', #1994, #1999, #2000 ) ;
#530 = AXIS2_PLACEMENT_3D ( 'NONE', #1997, #2019, #2020 ) ;
#531 = AXIS2_PLACEMENT_3D ( 'NONE', #2022, #2021, #2018 ) ;
#532 = DIRECTION ( 'NONE',  ( -1.110223024625158300E-016, -1.000000000000000000, 0.0000000000000000000 ) ) ;
#533 = CARTESIAN_POINT ( 'NONE',  ( -0.01562209698735436000, 2.774121159304161500, 0.2055733163108020800 ) ) ;
#534 = DIRECTION ( 'NONE',  ( 0.0000000000000000000, 0.0000000000000000000, -1.000000000000000000 ) ) ;
#535 = CARTESIAN_POINT ( 'NONE',  ( 1.302426121734436500E-016, 1.173121159304159900, 1.157000000000000000 ) ) ;
#536 = DIRECTION ( 'NONE',  ( 0.0000000000000000000, 0.0000000000000000000, 1.000000000000000000 ) ) ;
#537 = CARTESIAN_POINT ( 'NONE',  ( -0.2350000000000000700, 2.744121159304160800, -0.4690000000000000300 ) ) ;
#538 = CARTESIAN_POINT ( 'NONE',  ( 7.761804080621114900E-017, 0.6991211593041598600, 0.0009999999999997981400 ) ) ;
#539 = DIRECTION ( 'NONE',  ( 1.110223024625158300E-016, 1.000000000000000000, 0.0000000000000000000 ) ) ;
#540 = DIRECTION ( 'NONE',  ( 0.0000000000000000000, 0.0000000000000000000, 1.000000000000000000 ) ) ;
#541 = DIRECTION ( 'NONE',  ( -1.110223024625158300E-016, -1.000000000000000000, 0.0000000000000000000 ) ) ;
#542 = CARTESIAN_POINT ( 'NONE',  ( -2.693810101510244500E-047, 1.052269570902439400E-047, 0.0009999999999997981400 ) ) ;
#543 = DIRECTION ( 'NONE',  ( 0.0000000000000000000, 0.0000000000000000000, -1.000000000000000000 ) ) ;
#544 = CARTESIAN_POINT ( 'NONE',  ( 1.001125366774809200, 1.173121159304159700, -0.5770000000000050600 ) ) ;
#545 = DIRECTION ( 'NONE',  ( -1.110223024625158300E-016, -1.000000000000000000, 0.0000000000000000000 ) ) ;
#546 = DIRECTION ( 'NONE',  ( 0.0000000000000000000, 0.0000000000000000000, -1.000000000000000000 ) ) ;
#547 = DIRECTION ( 'NONE',  ( 0.0000000000000000000, 0.0000000000000000000, -1.000000000000000000 ) ) ;
#548 = DIRECTION ( 'NONE',  ( -1.110223024625158300E-016, -1.000000000000000000, 0.0000000000000000000 ) ) ;
#549 = CARTESIAN_POINT ( 'NONE',  ( -2.693810101510244500E-047, 1.052269570902439400E-047, 0.0009999999999997981400 ) ) ;
#550 = DIRECTION ( 'NONE',  ( -1.110223024625158300E-016, -1.000000000000000000, 0.0000000000000000000 ) ) ;
#551 = DIRECTION ( 'NONE',  ( 0.0000000000000000000, 0.0000000000000000000, -1.000000000000000000 ) ) ;
#552 = CARTESIAN_POINT ( 'NONE',  ( -0.2350000000000000400, 2.744121159304160800, 0.0009999999999997981400 ) ) ;
#553 = DIRECTION ( 'NONE',  ( -1.110223024625158300E-016, -1.000000000000000000, 0.0000000000000000000 ) ) ;
#554 = CARTESIAN_POINT ( 'NONE',  ( -2.693810101510244500E-047, 1.052269570902439400E-047, 0.0009999999999997981400 ) ) ;
#555 = CARTESIAN_POINT ( 'NONE',  ( 1.269119430995682000E-016, 1.143121159304160100, 0.0009999999999997981400 ) ) ;
#556 = DIRECTION ( 'NONE',  ( 1.110223024625158300E-016, 1.000000000000000000, 0.0000000000000000000 ) ) ;
#557 = DIRECTION ( 'NONE',  ( 0.0000000000000000000, 0.0000000000000000000, -1.000000000000000000 ) ) ;
#558 = CARTESIAN_POINT ( 'NONE',  ( 7.473146094218575200E-017, 0.6731211593041599400, 0.0009999999999997981400 ) ) ;
#559 = DIRECTION ( 'NONE',  ( 6.982962677686268300E-015, 0.0000000000000000000, 1.000000000000000000 ) ) ;
#560 = DIRECTION ( 'NONE',  ( -1.110223024625158300E-016, -1.000000000000000000, 0.0000000000000000000 ) ) ;
#561 = DIRECTION ( 'NONE',  ( -1.110223024625158300E-016, -1.000000000000000000, 0.0000000000000000000 ) ) ;
#562 = DIRECTION ( 'NONE',  ( 0.0000000000000000000, 0.0000000000000000000, -1.000000000000000000 ) ) ;
#563 = CARTESIAN_POINT ( 'NONE',  ( -7.942062243231884200E-015, 1.173121159304159900, -1.155000000000000500 ) ) ;
#564 = CARTESIAN_POINT ( 'NONE',  ( 8.039359836777404300E-017, 0.7241211593041598800, 0.0009999999999997981400 ) ) ;
#565 = EDGE_CURVE ( 'NONE', #759, #807, #263, .T. ) ;
#566 = EDGE_CURVE ( 'NONE', #940, #865, #250, .T. ) ;
#567 = EDGE_CURVE ( 'NONE', #901, #774, #261, .T. ) ;
#568 = EDGE_CURVE ( 'NONE', #779, #792, #718, .T. ) ;
#569 = EDGE_CURVE ( 'NONE', #723, #1848, #3065, .T. ) ;
#570 = EDGE_CURVE ( 'NONE', #753, #795, #708, .T. ) ;
#571 = EDGE_CURVE ( 'NONE', #1442, #918, #3054, .T. ) ;
#572 = EDGE_CURVE ( 'NONE', #748, #913, #3061, .T. ) ;
#573 = EDGE_CURVE ( 'NONE', #935, #769, #3043, .T. ) ;
#574 = EDGE_CURVE ( 'NONE', #817, #815, #3062, .T. ) ;
#575 = CARTESIAN_POINT ( 'NONE',  ( -0.006262453582453245600, 2.774121159304161500, 0.2060006378543584900 ) ) ;
#576 = DIRECTION ( 'NONE',  ( 1.000000000000000000, 0.0000000000000000000, 0.0000000000000000000 ) ) ;
#577 = CARTESIAN_POINT ( 'NONE',  ( 1.001125366774813000, 1.173121159304159700, 0.7114999999999975800 ) ) ;
#578 = CARTESIAN_POINT ( 'NONE',  ( 7.761804080621114900E-017, 0.6991211593041598600, 0.0009999999999997981400 ) ) ;
#579 = DIRECTION ( 'NONE',  ( -1.110223024625158300E-016, -1.000000000000000000, 0.0000000000000000000 ) ) ;
#580 = DIRECTION ( 'NONE',  ( -1.110223024625158300E-016, -1.000000000000000000, 0.0000000000000000000 ) ) ;
#581 = EDGE_CURVE ( 'NONE', #865, #740, #3058, .T. ) ;
#582 = EDGE_CURVE ( 'NONE', #740, #1804, #3053, .T. ) ;
#583 = EDGE_CURVE ( 'NONE', #792, #779, #709, .T. ) ;
#584 = EDGE_CURVE ( 'NONE', #779, #759, #3051, .T. ) ;
#585 = EDGE_CURVE ( 'NONE', #894, #803, #3075, .T. ) ;
#586 = EDGE_CURVE ( 'NONE', #795, #753, #715, .T. ) ;
#587 = EDGE_CURVE ( 'NONE', #932, #746, #3052, .T. ) ;
#588 = EDGE_CURVE ( 'NONE', #752, #746, #3049, .T. ) ;
#589 = EDGE_CURVE ( 'NONE', #792, #802, #3044, .T. ) ;
#590 = EDGE_CURVE ( 'NONE', #903, #759, #3048, .T. ) ;
#591 = EDGE_CURVE ( 'NONE', #803, #791, #3068, .T. ) ;
#592 = EDGE_CURVE ( 'NONE', #812, #753, #3067, .T. ) ;
#593 = EDGE_CURVE ( 'NONE', #802, #903, #3070, .T. ) ;
#594 = EDGE_CURVE ( 'NONE', #812, #771, #3069, .T. ) ;
#595 = EDGE_CURVE ( 'NONE', #894, #833, #3064, .T. ) ;
#596 = EDGE_CURVE ( 'NONE', #932, #950, #3050, .T. ) ;
#597 = EDGE_CURVE ( 'NONE', #865, #904, #3055, .T. ) ;
#598 = EDGE_CURVE ( 'NONE', #945, #904, #3066, .T. ) ;
#599 = EDGE_CURVE ( 'NONE', #774, #807, #3047, .T. ) ;
#600 = EDGE_CURVE ( 'NONE', #804, #786, #3046, .T. ) ;
#601 = EDGE_CURVE ( 'NONE', #735, #817, #3045, .T. ) ;
#602 = EDGE_CURVE ( 'NONE', #809, #735, #3073, .T. ) ;
#603 = EDGE_CURVE ( 'NONE', #807, #802, #3056, .T. ) ;
#604 = EDGE_CURVE ( 'NONE', #862, #804, #3063, .T. ) ;
#605 = EDGE_CURVE ( 'NONE', #901, #903, #2285, .T. ) ;
#606 = EDGE_CURVE ( 'NONE', #727, #726, #2317, .T. ) ;
#607 = EDGE_CURVE ( 'NONE', #774, #901, #2298, .T. ) ;
#608 = EDGE_CURVE ( 'NONE', #726, #776, #2284, .T. ) ;
#609 = EDGE_CURVE ( 'NONE', #766, #786, #2283, .T. ) ;
#610 = EDGE_CURVE ( 'NONE', #722, #776, #2308, .T. ) ;
#611 = EDGE_CURVE ( 'NONE', #809, #815, #2311, .T. ) ;
#612 = EDGE_CURVE ( 'NONE', #815, #817, #2303, .T. ) ;
#613 = EDGE_CURVE ( 'NONE', #862, #766, #2293, .T. ) ;
#614 = EDGE_CURVE ( 'NONE', #727, #722, #2294, .T. ) ;
#615 = EDGE_CURVE ( 'NONE', #746, #752, #2295, .T. ) ;
#616 = EDGE_CURVE ( 'NONE', #791, #803, #2287, .T. ) ;
#617 = EDGE_CURVE ( 'NONE', #950, #932, #2297, .T. ) ;
#618 = EDGE_CURVE ( 'NONE', #833, #894, #2300, .T. ) ;
#619 = EDGE_CURVE ( 'NONE', #777, #782, #2302, .T. ) ;
#620 = EDGE_CURVE ( 'NONE', #782, #938, #2307, .T. ) ;
#621 = EDGE_CURVE ( 'NONE', #861, #938, #2289, .T. ) ;
#622 = EDGE_CURVE ( 'NONE', #1844, #861, #2316, .T. ) ;
#623 = EDGE_CURVE ( 'NONE', #938, #755, #2288, .T. ) ;
#624 = EDGE_CURVE ( 'NONE', #899, #793, #2290, .T. ) ;
#625 = EDGE_CURVE ( 'NONE', #1849, #1844, #2315, .T. ) ;
#626 = EDGE_CURVE ( 'NONE', #814, #924, #2291, .T. ) ;
#627 = EDGE_CURVE ( 'NONE', #1849, #924, #3015, .T. ) ;
#628 = EDGE_CURVE ( 'NONE', #927, #821, #3017, .T. ) ;
#629 = EDGE_CURVE ( 'NONE', #875, #927, #3007, .T. ) ;
#630 = EDGE_CURVE ( 'NONE', #875, #1849, #3018, .T. ) ;
#631 = EDGE_CURVE ( 'NONE', #1834, #768, #3037, .T. ) ;
#632 = EDGE_CURVE ( 'NONE', #908, #1902, #3008, .T. ) ;
#633 = EDGE_CURVE ( 'NONE', #888, #782, #3004, .T. ) ;
#634 = EDGE_CURVE ( 'NONE', #741, #866, #3010, .T. ) ;
#635 = EDGE_CURVE ( 'NONE', #900, #834, #3035, .T. ) ;
#636 = EDGE_CURVE ( 'NONE', #813, #819, #3014, .T. ) ;
#637 = EDGE_CURVE ( 'NONE', #1888, #733, #3012, .T. ) ;
#638 = EDGE_CURVE ( 'NONE', #948, #826, #3031, .T. ) ;
#639 = EDGE_CURVE ( 'NONE', #849, #745, #3013, .T. ) ;
#640 = EDGE_CURVE ( 'NONE', #1792, #1830, #3020, .T. ) ;
#641 = EDGE_CURVE ( 'NONE', #942, #934, #3006, .T. ) ;
#642 = EDGE_CURVE ( 'NONE', #1787, #1822, #3036, .T. ) ;
#643 = EDGE_CURVE ( 'NONE', #1800, #1859, #3005, .T. ) ;
#644 = EDGE_CURVE ( 'NONE', #1819, #839, #3011, .T. ) ;
#645 = EDGE_CURVE ( 'NONE', #821, #772, #719, .T. ) ;
#646 = EDGE_CURVE ( 'NONE', #772, #798, #3033, .T. ) ;
#647 = EDGE_CURVE ( 'NONE', #896, #757, #3023, .T. ) ;
#648 = EDGE_CURVE ( 'NONE', #735, #809, #3021, .T. ) ;
#649 = EDGE_CURVE ( 'NONE', #937, #1862, #3024, .T. ) ;
#650 = EDGE_CURVE ( 'NONE', #1906, #857, #3025, .T. ) ;
#651 = EDGE_CURVE ( 'NONE', #798, #841, #711, .T. ) ;
#652 = EDGE_CURVE ( 'NONE', #841, #822, #3032, .T. ) ;
#653 = EDGE_CURVE ( 'NONE', #822, #863, #3038, .T. ) ;
#654 = EDGE_CURVE ( 'NONE', #927, #724, #3027, .T. ) ;
#655 = EDGE_CURVE ( 'NONE', #737, #882, #3016, .T. ) ;
#656 = EDGE_CURVE ( 'NONE', #730, #777, #3028, .T. ) ;
#657 = EDGE_CURVE ( 'NONE', #888, #737, #3030, .T. ) ;
#658 = EDGE_CURVE ( 'NONE', #814, #777, #974, .T. ) ;
#659 = EDGE_CURVE ( 'NONE', #882, #772, #960, .T. ) ;
#660 = EDGE_CURVE ( 'NONE', #736, #821, #956, .T. ) ;
#661 = EDGE_CURVE ( 'NONE', #725, #750, #965, .T. ) ;
#662 = EDGE_CURVE ( 'NONE', #882, #736, #964, .T. ) ;
#663 = EDGE_CURVE ( 'NONE', #924, #736, #975, .T. ) ;
#664 = EDGE_CURVE ( 'NONE', #861, #944, #955, .T. ) ;
#665 = EDGE_CURVE ( 'NONE', #841, #888, #971, .T. ) ;
#666 = EDGE_CURVE ( 'NONE', #816, #893, #970, .T. ) ;
#667 = EDGE_CURVE ( 'NONE', #777, #814, #968, .T. ) ;
#668 = EDGE_CURVE ( 'NONE', #891, #876, #958, .T. ) ;
#669 = EDGE_CURVE ( 'NONE', #818, #875, #710, .T. ) ;
#670 = EDGE_CURVE ( 'NONE', #1816, #808, #954, .T. ) ;
#671 = EDGE_CURVE ( 'NONE', #818, #1844, #967, .T. ) ;
#672 = EDGE_CURVE ( 'NONE', #798, #737, #2563, .T. ) ;
#673 = EDGE_CURVE ( 'NONE', #1810, #1826, #2572, .T. ) ;
#674 = EDGE_CURVE ( 'NONE', #944, #818, #2577, .T. ) ;
#675 = EDGE_CURVE ( 'NONE', #755, #944, #712, .T. ) ;
#676 = EDGE_CURVE ( 'NONE', #822, #755, #973, .T. ) ;
#677 = EDGE_CURVE ( 'NONE', #863, #724, #2576, .T. ) ;
#678 = EDGE_CURVE ( 'NONE', #785, #909, #2560, .T. ) ;
#679 = EDGE_CURVE ( 'NONE', #902, #785, #2578, .T. ) ;
#680 = EDGE_CURVE ( 'NONE', #930, #952, #2570, .T. ) ;
#681 = EDGE_CURVE ( 'NONE', #952, #941, #2559, .T. ) ;
#682 = EDGE_CURVE ( 'NONE', #868, #902, #2571, .T. ) ;
#683 = EDGE_CURVE ( 'NONE', #846, #854, #2562, .T. ) ;
#684 = EDGE_CURVE ( 'NONE', #885, #805, #2573, .T. ) ;
#685 = EDGE_CURVE ( 'NONE', #872, #906, #2574, .T. ) ;
#686 = EDGE_CURVE ( 'NONE', #846, #872, #2565, .T. ) ;
#687 = EDGE_CURVE ( 'NONE', #748, #885, #2674, .T. ) ;
#688 = EDGE_CURVE ( 'NONE', #854, #906, #2671, .T. ) ;
#689 = EDGE_CURVE ( 'NONE', #868, #909, #2684, .T. ) ;
#690 = EDGE_CURVE ( 'NONE', #913, #748, #2678, .T. ) ;
#691 = EDGE_CURVE ( 'NONE', #930, #831, #2681, .T. ) ;
#692 = EDGE_CURVE ( 'NONE', #831, #941, #2675, .T. ) ;
#693 = EDGE_CURVE ( 'NONE', #1787, #908, #2685, .T. ) ;
#694 = EDGE_CURVE ( 'NONE', #1819, #899, #2683, .T. ) ;
#695 = EDGE_CURVE ( 'NONE', #1822, #1902, #2680, .T. ) ;
#696 = EDGE_CURVE ( 'NONE', #768, #1834, #2553, .T. ) ;
#697 = EDGE_CURVE ( 'NONE', #1906, #1834, #2555, .T. ) ;
#698 = EDGE_CURVE ( 'NONE', #1822, #1787, #2544, .T. ) ;
#699 = EDGE_CURVE ( 'NONE', #857, #768, #2545, .T. ) ;
#700 = EDGE_CURVE ( 'NONE', #857, #1906, #2551, .T. ) ;
#701 = EDGE_CURVE ( 'NONE', #757, #1810, #2548, .T. ) ;
#702 = EDGE_CURVE ( 'NONE', #1826, #1810, #2558, .T. ) ;
#703 = EDGE_CURVE ( 'NONE', #896, #1826, #2554, .T. ) ;
#704 = EDGE_CURVE ( 'NONE', #757, #896, #2596, .T. ) ;
#705 = EDGE_CURVE ( 'NONE', #731, #1800, #2591, .T. ) ;
#706 = EDGE_CURVE ( 'NONE', #1859, #1800, #2586, .T. ) ;
#707 = EDGE_CURVE ( 'NONE', #879, #1859, #2590, .T. ) ;
#708 = B_SPLINE_CURVE_WITH_KNOTS ( 'NONE', 3,
 ( #330, #334, #353, #357, #342, #332, #333, #1916, #1931, #1914, #1938, #1927, #1918, #1923, #1924, #1925, #1919, #1917, #1915, #1922, #1932, #1933, #1934, #1926, #1920, #1921, #1930, #1937, #1936, #1935, #1929, #1928, #1185, #1184, #62, #3042, #575, #533, #1174, #2266, #100, #303, #2080, #3076, #3077, #3078, #3079, #3080, #3081, #3082, #3083, #3084, #3085, #3086, #3087, #3088, #3089, #3090, #3091, #3092, #3093, #3094, #3095, #3096, #3097, #3098, #3099, #3100, #3101, #3102, #3103, #3104, #3105, #3106, #3107, #3108, #3109 ),
 .UNSPECIFIED., .F., .F.,
 ( 4, 1, 1, 1, 1, 2, 2, 1, 2, 2, 2, 1, 2, 2, 1, 1, 2, 2, 1, 1, 1, 2, 2, 2, 1, 1, 1, 2, 2, 1, 1, 2, 2, 1, 2, 2, 2, 1, 2, 2, 1, 1, 2, 2, 1, 1, 1, 2, 2, 4 ),
 ( 0.0000000000000000000, 0.06250000000000000000, 0.09375000000000001400, 0.1093750000000000400, 0.1171875000000000600, 0.1210937500000000400, 0.1250000000000000300, 0.1562500000000001700, 0.1718750000000002800, 0.1875000000000003900, 0.2500000000000008300, 0.2812500000000010500, 0.2968750000000011700, 0.3125000000000012800, 0.3437500000000016700, 0.3593750000000018300, 0.3671875000000018900, 0.3750000000000019400, 0.4062500000000018900, 0.4218750000000018900, 0.4296875000000018900, 0.4335937500000018900, 0.4375000000000018900, 0.5000000000000018900, 0.5312500000000018900, 0.5468750000000018900, 0.5546875000000018900, 0.5585937500000018900, 0.5625000000000018900, 0.5937500000000016700, 0.6093750000000015500, 0.6171875000000014400, 0.6250000000000013300, 0.6562500000000011100, 0.6718750000000010000, 0.6875000000000008900, 0.7500000000000006700, 0.7812500000000005600, 0.7968750000000004400, 0.8125000000000003300, 0.8437500000000000000, 0.8593749999999998900, 0.8671874999999998900, 0.8749999999999998900, 0.9062499999999998900, 0.9218749999999998900, 0.9296874999999998900, 0.9335937499999998900, 0.9374999999999998900, 1.000000000000000000 ),
 .UNSPECIFIED. ) ;
#709 =( BOUNDED_CURVE ( )  B_SPLINE_CURVE ( 3, ( #3119, #3127, #3132, #3133 ),
 .UNSPECIFIED., .F., .T. ) 
 B_SPLINE_CURVE_WITH_KNOTS ( ( 4, 4 ),
 ( 0.0000000000000000000, 1.000000000000000000 ),
 .UNSPECIFIED. ) 
 CURVE ( )  GEOMETRIC_REPRESENTATION_ITEM ( )  RATIONAL_B_SPLINE_CURVE ( ( 1.000000000000000000, 0.3333333333333333700, 0.3333333333333333700, 1.000000000000000000 ) ) 
 REPRESENTATION_ITEM ( '' )  );
#710 = B_SPLINE_CURVE_WITH_KNOTS ( 'NONE', 3,
 ( #1227, #1222, #1223, #1228 ),
 .UNSPECIFIED., .F., .F.,
 ( 4, 4 ),
 ( 0.06795329677877984300, 0.06867180535157319000 ),
 .UNSPECIFIED. ) ;
#711 = B_SPLINE_CURVE_WITH_KNOTS ( 'NONE', 3,
 ( #2390, #2379, #2386, #2391 ),
 .UNSPECIFIED., .F., .F.,
 ( 4, 4 ),
 ( 0.06846426580982797900, 0.06918277438262178400 ),
 .UNSPECIFIED. ) ;
#712 = B_SPLINE_CURVE_WITH_KNOTS ( 'NONE', 3,
 ( #1243, #1238, #1239, #1244 ),
 .UNSPECIFIED., .F., .F.,
 ( 4, 4 ),
 ( 0.1653132689255434300, 0.1660382496902367800 ),
 .UNSPECIFIED. ) ;
#713 =( BOUNDED_SURFACE ( )  B_SPLINE_SURFACE ( 3, 3, ( 
 ( #1939, #1941, #1942, #1943 ),
 ( #1944, #1945, #1946, #1947 ),
 ( #1948, #1949, #1950, #1951 ),
 ( #1952, #1953, #1954, #1955 ) ),
 .UNSPECIFIED., .F., .F., .F. ) 
 B_SPLINE_SURFACE_WITH_KNOTS ( ( 4, 4 ),
 ( 4, 4 ),
 ( 0.0000000000000000000, 1.000000000000000000 ),
 ( 0.0000000000000000000, 1.000000000000000000 ),
 .UNSPECIFIED. ) 
 GEOMETRIC_REPRESENTATION_ITEM ( )  RATIONAL_B_SPLINE_SURFACE ( (
 ( 1.000000000000000000, 0.3333333333333334300, 0.3333333333333334300, 1.000000000000000000),
 ( 0.8298489703255380600, 0.2766163234418461100, 0.2766163234418461100, 0.8298489703255380600),
 ( 0.8298489703255380600, 0.2766163234418461100, 0.2766163234418461100, 0.8298489703255380600),
 ( 1.000000000000000000, 0.3333333333333334300, 0.3333333333333334300, 1.000000000000000000) ) ) 
 REPRESENTATION_ITEM ( '' )  SURFACE ( )  );
#714 =( BOUNDED_SURFACE ( )  B_SPLINE_SURFACE ( 3, 3, ( 
 ( #214, #212, #217, #218 ),
 ( #219, #220, #221, #222 ),
 ( #223, #224, #225, #226 ),
 ( #227, #228, #229, #230 ) ),
 .UNSPECIFIED., .F., .F., .F. ) 
 B_SPLINE_SURFACE_WITH_KNOTS ( ( 4, 4 ),
 ( 4, 4 ),
 ( 0.0000000000000000000, 1.000000000000000000 ),
 ( 0.0000000000000000000, 1.000000000000000000 ),
 .UNSPECIFIED. ) 
 GEOMETRIC_REPRESENTATION_ITEM ( )  RATIONAL_B_SPLINE_SURFACE ( (
 ( 1.000000000000000000, 0.3333333333333334300, 0.3333333333333334300, 1.000000000000000000),
 ( 0.8047378541243649400, 0.2682459513747884100, 0.2682459513747884100, 0.8047378541243649400),
 ( 0.8047378541243649400, 0.2682459513747884100, 0.2682459513747884100, 0.8047378541243649400),
 ( 1.000000000000000000, 0.3333333333333334300, 0.3333333333333334300, 1.000000000000000000) ) ) 
 REPRESENTATION_ITEM ( '' )  SURFACE ( )  );
#715 = B_SPLINE_CURVE_WITH_KNOTS ( 'NONE', 3,
 ( #3138, #3134, #1706, #1707, #1708, #1709, #1710, #1711, #1712, #1713, #1714, #1715, #1716, #1717, #1718, #1719, #1720, #1721, #1722, #1723, #1724, #1725, #1726, #1727, #1728, #1729, #1730, #1731, #1732, #1733, #1734, #1735, #1736, #1737, #1738, #1739, #1740, #1741, #1742, #1743, #1744, #1745, #1746, #1747, #1748, #1749, #1750, #1751, #1752, #1753, #1754, #1755, #1756, #1757, #1758, #1759, #1760, #1761, #1762, #1763, #1764, #1765, #1766, #1767, #1768, #1769, #1770, #1771, #1772, #1773, #1774, #1775, #1776, #1777, #1778, #1779, #1780 ),
 .UNSPECIFIED., .F., .F.,
 ( 4, 1, 1, 1, 1, 2, 2, 1, 2, 2, 2, 1, 2, 2, 1, 1, 2, 2, 1, 1, 1, 2, 2, 2, 1, 1, 1, 2, 2, 1, 1, 2, 2, 1, 2, 2, 2, 1, 2, 2, 1, 1, 2, 2, 1, 1, 1, 2, 2, 4 ),
 ( 0.0000000000000000000, 0.06249999999999975000, 0.09374999999999962500, 0.1093749999999995400, 0.1171874999999995000, 0.1210937499999994900, 0.1249999999999994700, 0.1562499999999992800, 0.1718749999999992200, 0.1874999999999992000, 0.2499999999999991100, 0.2812499999999990600, 0.2968749999999991100, 0.3124999999999991100, 0.3437499999999991100, 0.3593749999999991100, 0.3671874999999991700, 0.3749999999999991700, 0.4062499999999991100, 0.4218749999999990600, 0.4296874999999990000, 0.4335937499999990600, 0.4374999999999990600, 0.4999999999999988900, 0.5312499999999987800, 0.5468749999999986700, 0.5546874999999986700, 0.5585937499999986700, 0.5624999999999986700, 0.5937499999999988900, 0.6093749999999990000, 0.6171874999999991100, 0.6249999999999991100, 0.6562499999999991100, 0.6718749999999992200, 0.6874999999999992200, 0.7499999999999993300, 0.7812499999999993300, 0.7968749999999993300, 0.8124999999999994400, 0.8437499999999994400, 0.8593749999999994400, 0.8671874999999995600, 0.8749999999999995600, 0.9062499999999996700, 0.9218749999999997800, 0.9296874999999997800, 0.9335937499999996700, 0.9374999999999996700, 1.000000000000000000 ),
 .UNSPECIFIED. ) ;
#716 =( BOUNDED_SURFACE ( )  B_SPLINE_SURFACE ( 3, 3, ( 
 ( #552, #537, #3147, #3159 ),
 ( #3152, #3161, #3162, #3154 ),
 ( #3149, #3148, #3145, #3139 ),
 ( #3140, #3143, #3144, #3156 ) ),
 .UNSPECIFIED., .F., .F., .F. ) 
 B_SPLINE_SURFACE_WITH_KNOTS ( ( 4, 4 ),
 ( 4, 4 ),
 ( 0.0000000000000000000, 1.000000000000000000 ),
 ( 0.0000000000000000000, 1.000000000000000000 ),
 .UNSPECIFIED. ) 
 GEOMETRIC_REPRESENTATION_ITEM ( )  RATIONAL_B_SPLINE_SURFACE ( (
 ( 1.000000000000000000, 0.3333333333333334300, 0.3333333333333334300, 1.000000000000000000),
 ( 0.8047378541243649400, 0.2682459513747884100, 0.2682459513747884100, 0.8047378541243649400),
 ( 0.8047378541243649400, 0.2682459513747884100, 0.2682459513747884100, 0.8047378541243649400),
 ( 1.000000000000000000, 0.3333333333333334300, 0.3333333333333334300, 1.000000000000000000) ) ) 
 REPRESENTATION_ITEM ( '' )  SURFACE ( )  );
#717 = MANIFOLD_SOLID_BREP ( 'Combine1', #1404 ) ;
#718 =( BOUNDED_CURVE ( )  B_SPLINE_CURVE ( 3, ( #355, #339, #329, #352 ),
 .UNSPECIFIED., .F., .F. ) 
 B_SPLINE_CURVE_WITH_KNOTS ( ( 4, 4 ),
 ( 0.0000000000000000000, 1.000000000000000000 ),
 .UNSPECIFIED. ) 
 CURVE ( )  GEOMETRIC_REPRESENTATION_ITEM ( )  RATIONAL_B_SPLINE_CURVE ( ( 1.000000000000000000, 0.3333333333333333700, 0.3333333333333333700, 1.000000000000000000 ) ) 
 REPRESENTATION_ITEM ( '' )  );
#719 = B_SPLINE_CURVE_WITH_KNOTS ( 'NONE', 3,
 ( #2371, #2354, #2367, #2372 ),
 .UNSPECIFIED., .F., .F.,
 ( 4, 4 ),
 ( 0.1647975658630848600, 0.1655224764457986200 ),
 .UNSPECIFIED. ) ;
#720 =( BOUNDED_SURFACE ( )  B_SPLINE_SURFACE ( 3, 3, ( 
 ( #70, #79, #74, #59 ),
 ( #84, #57, #72, #71 ),
 ( #87, #67, #76, #85 ),
 ( #63, #75, #80, #81 ) ),
 .UNSPECIFIED., .F., .F., .F. ) 
 B_SPLINE_SURFACE_WITH_KNOTS ( ( 4, 4 ),
 ( 4, 4 ),
 ( 0.0000000000000000000, 1.000000000000000000 ),
 ( 0.0000000000000000000, 1.000000000000000000 ),
 .UNSPECIFIED. ) 
 GEOMETRIC_REPRESENTATION_ITEM ( )  RATIONAL_B_SPLINE_SURFACE ( (
 ( 1.000000000000000000, 0.3333333333333334300, 0.3333333333333334300, 1.000000000000000000),
 ( 0.8298489703255379500, 0.2766163234418460600, 0.2766163234418460600, 0.8298489703255379500),
 ( 0.8298489703255379500, 0.2766163234418460600, 0.2766163234418460600, 0.8298489703255379500),
 ( 1.000000000000000000, 0.3333333333333334300, 0.3333333333333334300, 1.000000000000000000) ) ) 
 REPRESENTATION_ITEM ( '' )  SURFACE ( )  );
#721 = ORIENTED_EDGE ( 'NONE', *, *, #672, .F. ) ;
#722 = VERTEX_POINT ( 'NONE', #2854 ) ;
#723 = VERTEX_POINT ( 'NONE', #2853 ) ;
#724 = VERTEX_POINT ( 'NONE', #2855 ) ;
#725 = VERTEX_POINT ( 'NONE', #1321 ) ;
#726 = VERTEX_POINT ( 'NONE', #2856 ) ;
#727 = VERTEX_POINT ( 'NONE', #1322 ) ;
#728 = VERTEX_POINT ( 'NONE', #2857 ) ;
#729 = ORIENTED_EDGE ( 'NONE', *, *, #585, .F. ) ;
#730 = VERTEX_POINT ( 'NONE', #2852 ) ;
#731 = VERTEX_POINT ( 'NONE', #2859 ) ;
#732 = ORIENTED_EDGE ( 'NONE', *, *, #688, .T. ) ;
#733 = VERTEX_POINT ( 'NONE', #2861 ) ;
#734 = VERTEX_POINT ( 'NONE', #2862 ) ;
#735 = VERTEX_POINT ( 'NONE', #2863 ) ;
#736 = VERTEX_POINT ( 'NONE', #2858 ) ;
#737 = VERTEX_POINT ( 'NONE', #2864 ) ;
#738 = VERTEX_POINT ( 'NONE', #2865 ) ;
#739 = ORIENTED_EDGE ( 'NONE', *, *, #2840, .F. ) ;
#740 = VERTEX_POINT ( 'NONE', #2860 ) ;
#741 = VERTEX_POINT ( 'NONE', #2867 ) ;
#742 = VERTEX_POINT ( 'NONE', #2868 ) ;
#743 = ORIENTED_EDGE ( 'NONE', *, *, #583, .F. ) ;
#744 = ORIENTED_EDGE ( 'NONE', *, *, #644, .F. ) ;
#745 = VERTEX_POINT ( 'NONE', #2866 ) ;
#746 = VERTEX_POINT ( 'NONE', #2871 ) ;
#747 = ORIENTED_EDGE ( 'NONE', *, *, #586, .T. ) ;
#748 = VERTEX_POINT ( 'NONE', #2873 ) ;
#749 = VERTEX_POINT ( 'NONE', #2869 ) ;
#750 = VERTEX_POINT ( 'NONE', #2874 ) ;
#751 = ORIENTED_EDGE ( 'NONE', *, *, #2837, .F. ) ;
#752 = VERTEX_POINT ( 'NONE', #2870 ) ;
#753 = VERTEX_POINT ( 'NONE', #2876 ) ;
#754 = ORIENTED_EDGE ( 'NONE', *, *, #687, .F. ) ;
#755 = VERTEX_POINT ( 'NONE', #2872 ) ;
#756 = ORIENTED_EDGE ( 'NONE', *, *, #2835, .T. ) ;
#757 = VERTEX_POINT ( 'NONE', #2879 ) ;
#758 = ORIENTED_EDGE ( 'NONE', *, *, #659, .F. ) ;
#759 = VERTEX_POINT ( 'NONE', #2875 ) ;
#760 = ORIENTED_EDGE ( 'NONE', *, *, #664, .F. ) ;
#761 = ORIENTED_EDGE ( 'NONE', *, *, #624, .F. ) ;
#762 = ORIENTED_EDGE ( 'NONE', *, *, #571, .T. ) ;
#763 = ORIENTED_EDGE ( 'NONE', *, *, #1536, .T. ) ;
#764 = ORIENTED_EDGE ( 'NONE', *, *, #2661, .T. ) ;
#765 = ORIENTED_EDGE ( 'NONE', *, *, #599, .F. ) ;
#766 = VERTEX_POINT ( 'NONE', #2877 ) ;
#767 = ORIENTED_EDGE ( 'NONE', *, *, #595, .T. ) ;
#768 = VERTEX_POINT ( 'NONE', #2882 ) ;
#769 = VERTEX_POINT ( 'NONE', #2878 ) ;
#770 = ORIENTED_EDGE ( 'NONE', *, *, #565, .T. ) ;
#771 = VERTEX_POINT ( 'NONE', #2881 ) ;
#772 = VERTEX_POINT ( 'NONE', #2880 ) ;
#773 = ORIENTED_EDGE ( 'NONE', *, *, #603, .F. ) ;
#774 = VERTEX_POINT ( 'NONE', #2883 ) ;
#775 = ORIENTED_EDGE ( 'NONE', *, *, #601, .T. ) ;
#776 = VERTEX_POINT ( 'NONE', #2887 ) ;
#777 = VERTEX_POINT ( 'NONE', #2884 ) ;
#778 = ORIENTED_EDGE ( 'NONE', *, *, #630, .T. ) ;
#779 = VERTEX_POINT ( 'NONE', #2889 ) ;
#780 = ORIENTED_EDGE ( 'NONE', *, *, #625, .T. ) ;
#781 = VERTEX_POINT ( 'NONE', #2885 ) ;
#782 = VERTEX_POINT ( 'NONE', #2886 ) ;
#783 = ORIENTED_EDGE ( 'NONE', *, *, #685, .F. ) ;
#784 = ORIENTED_EDGE ( 'NONE', *, *, #1543, .F. ) ;
#785 = VERTEX_POINT ( 'NONE', #2888 ) ;
#786 = VERTEX_POINT ( 'NONE', #2890 ) ;
#787 = VERTEX_POINT ( 'NONE', #2893 ) ;
#788 = VERTEX_POINT ( 'NONE', #2894 ) ;
#789 = ORIENTED_EDGE ( 'NONE', *, *, #565, .F. ) ;
#790 = VERTEX_POINT ( 'NONE', #2891 ) ;
#791 = VERTEX_POINT ( 'NONE', #2892 ) ;
#792 = VERTEX_POINT ( 'NONE', #2896 ) ;
#793 = VERTEX_POINT ( 'NONE', #2897 ) ;
#794 = VERTEX_POINT ( 'NONE', #2898 ) ;
#795 = VERTEX_POINT ( 'NONE', #2899 ) ;
#796 = VERTEX_POINT ( 'NONE', #2900 ) ;
#797 = ORIENTED_EDGE ( 'NONE', *, *, #2278, .F. ) ;
#798 = VERTEX_POINT ( 'NONE', #2902 ) ;
#799 = ORIENTED_EDGE ( 'NONE', *, *, #702, .F. ) ;
#800 = ORIENTED_EDGE ( 'NONE', *, *, #649, .F. ) ;
#801 = ORIENTED_EDGE ( 'NONE', *, *, #674, .T. ) ;
#802 = VERTEX_POINT ( 'NONE', #2905 ) ;
#803 = VERTEX_POINT ( 'NONE', #2901 ) ;
#804 = VERTEX_POINT ( 'NONE', #2906 ) ;
#805 = VERTEX_POINT ( 'NONE', #2903 ) ;
#806 = ORIENTED_EDGE ( 'NONE', *, *, #2535, .T. ) ;
#807 = VERTEX_POINT ( 'NONE', #2895 ) ;
#808 = VERTEX_POINT ( 'NONE', #2904 ) ;
#809 = VERTEX_POINT ( 'NONE', #2908 ) ;
#810 = ORIENTED_EDGE ( 'NONE', *, *, #588, .F. ) ;
#811 = ORIENTED_EDGE ( 'NONE', *, *, #568, .T. ) ;
#812 = VERTEX_POINT ( 'NONE', #2907 ) ;
#813 = VERTEX_POINT ( 'NONE', #2911 ) ;
#814 = VERTEX_POINT ( 'NONE', #2912 ) ;
#815 = VERTEX_POINT ( 'NONE', #2913 ) ;
#816 = VERTEX_POINT ( 'NONE', #2914 ) ;
#817 = VERTEX_POINT ( 'NONE', #2909 ) ;
#818 = VERTEX_POINT ( 'NONE', #2915 ) ;
#819 = VERTEX_POINT ( 'NONE', #2916 ) ;
#820 = ORIENTED_EDGE ( 'NONE', *, *, #2274, .T. ) ;
#821 = VERTEX_POINT ( 'NONE', #2910 ) ;
#822 = VERTEX_POINT ( 'NONE', #2918 ) ;
#823 = ORIENTED_EDGE ( 'NONE', *, *, #623, .T. ) ;
#824 = ORIENTED_EDGE ( 'NONE', *, *, #664, .T. ) ;
#825 = ORIENTED_EDGE ( 'NONE', *, *, #2836, .F. ) ;
#826 = VERTEX_POINT ( 'NONE', #2917 ) ;
#827 = ORIENTED_EDGE ( 'NONE', *, *, #617, .F. ) ;
#828 = ORIENTED_EDGE ( 'NONE', *, *, #2837, .T. ) ;
#829 = ORIENTED_EDGE ( 'NONE', *, *, #649, .T. ) ;
#830 = ORIENTED_EDGE ( 'NONE', *, *, #2844, .T. ) ;
#831 = VERTEX_POINT ( 'NONE', #2921 ) ;
#832 = VERTEX_POINT ( 'NONE', #2922 ) ;
#833 = VERTEX_POINT ( 'NONE', #2924 ) ;
#834 = VERTEX_POINT ( 'NONE', #2923 ) ;
#835 = VERTEX_POINT ( 'NONE', #2925 ) ;
#836 = ORIENTED_EDGE ( 'NONE', *, *, #705, .T. ) ;
#837 = ORIENTED_EDGE ( 'NONE', *, *, #624, .T. ) ;
#838 = ORIENTED_EDGE ( 'NONE', *, *, #643, .F. ) ;
#839 = VERTEX_POINT ( 'NONE', #2927 ) ;
#840 = ORIENTED_EDGE ( 'NONE', *, *, #614, .F. ) ;
#841 = VERTEX_POINT ( 'NONE', #2929 ) ;
#842 = ORIENTED_EDGE ( 'NONE', *, *, #659, .T. ) ;
#843 = ORIENTED_EDGE ( 'NONE', *, *, #632, .T. ) ;
#844 = ORIENTED_EDGE ( 'NONE', *, *, #2279, .T. ) ;
#845 = ORIENTED_EDGE ( 'NONE', *, *, #2537, .F. ) ;
#846 = VERTEX_POINT ( 'NONE', #2928 ) ;
#847 = ORIENTED_EDGE ( 'NONE', *, *, #647, .T. ) ;
#848 = ORIENTED_EDGE ( 'NONE', *, *, #590, .T. ) ;
#849 = VERTEX_POINT ( 'NONE', #2919 ) ;
#850 = ORIENTED_EDGE ( 'NONE', *, *, #642, .F. ) ;
#851 = ORIENTED_EDGE ( 'NONE', *, *, #2844, .F. ) ;
#852 = ORIENTED_EDGE ( 'NONE', *, *, #662, .T. ) ;
#853 = ORIENTED_EDGE ( 'NONE', *, *, #2842, .F. ) ;
#854 = VERTEX_POINT ( 'NONE', #2930 ) ;
#855 = ORIENTED_EDGE ( 'NONE', *, *, #2839, .T. ) ;
#856 = ORIENTED_EDGE ( 'NONE', *, *, #1699, .T. ) ;
#857 = VERTEX_POINT ( 'NONE', #2932 ) ;
#858 = ORIENTED_EDGE ( 'NONE', *, *, #600, .T. ) ;
#859 = ORIENTED_EDGE ( 'NONE', *, *, #673, .F. ) ;
#860 = ORIENTED_EDGE ( 'NONE', *, *, #657, .T. ) ;
#861 = VERTEX_POINT ( 'NONE', #2926 ) ;
#862 = VERTEX_POINT ( 'NONE', #2933 ) ;
#863 = VERTEX_POINT ( 'NONE', #2935 ) ;
#864 = ORIENTED_EDGE ( 'NONE', *, *, #1537, .F. ) ;
#865 = VERTEX_POINT ( 'NONE', #2931 ) ;
#866 = VERTEX_POINT ( 'NONE', #2920 ) ;
#867 = ORIENTED_EDGE ( 'NONE', *, *, #2664, .F. ) ;
#868 = VERTEX_POINT ( 'NONE', #2934 ) ;
#869 = ORIENTED_EDGE ( 'NONE', *, *, #697, .T. ) ;
#870 = ORIENTED_EDGE ( 'NONE', *, *, #2669, .T. ) ;
#871 = ORIENTED_EDGE ( 'NONE', *, *, #2843, .T. ) ;
#872 = VERTEX_POINT ( 'NONE', #2937 ) ;
#873 = ORIENTED_EDGE ( 'NONE', *, *, #570, .T. ) ;
#874 = ORIENTED_EDGE ( 'NONE', *, *, #673, .T. ) ;
#875 = VERTEX_POINT ( 'NONE', #2938 ) ;
#876 = VERTEX_POINT ( 'NONE', #2939 ) ;
#877 = ORIENTED_EDGE ( 'NONE', *, *, #569, .F. ) ;
#878 = VERTEX_POINT ( 'NONE', #2936 ) ;
#879 = VERTEX_POINT ( 'NONE', #2943 ) ;
#880 = ORIENTED_EDGE ( 'NONE', *, *, #683, .T. ) ;
#881 = ORIENTED_EDGE ( 'NONE', *, *, #706, .F. ) ;
#882 = VERTEX_POINT ( 'NONE', #2941 ) ;
#883 = ORIENTED_EDGE ( 'NONE', *, *, #1540, .T. ) ;
#884 = ORIENTED_EDGE ( 'NONE', *, *, #568, .F. ) ;
#885 = VERTEX_POINT ( 'NONE', #2944 ) ;
#886 = ORIENTED_EDGE ( 'NONE', *, *, #574, .F. ) ;
#887 = ORIENTED_EDGE ( 'NONE', *, *, #2836, .T. ) ;
#888 = VERTEX_POINT ( 'NONE', #2945 ) ;
#889 = ORIENTED_EDGE ( 'NONE', *, *, #622, .T. ) ;
#890 = ORIENTED_EDGE ( 'NONE', *, *, #2282, .T. ) ;
#891 = VERTEX_POINT ( 'NONE', #2946 ) ;
#892 = ORIENTED_EDGE ( 'NONE', *, *, #679, .F. ) ;
#893 = VERTEX_POINT ( 'NONE', #2940 ) ;
#894 = VERTEX_POINT ( 'NONE', #2949 ) ;
#895 = ORIENTED_EDGE ( 'NONE', *, *, #2842, .T. ) ;
#896 = VERTEX_POINT ( 'NONE', #2942 ) ;
#897 = ORIENTED_EDGE ( 'NONE', *, *, #694, .T. ) ;
#898 = VERTEX_POINT ( 'NONE', #2948 ) ;
#899 = VERTEX_POINT ( 'NONE', #2951 ) ;
#900 = VERTEX_POINT ( 'NONE', #2952 ) ;
#901 = VERTEX_POINT ( 'NONE', #2953 ) ;
#902 = VERTEX_POINT ( 'NONE', #2950 ) ;
#903 = VERTEX_POINT ( 'NONE', #2954 ) ;
#904 = VERTEX_POINT ( 'NONE', #2955 ) ;
#905 = ORIENTED_EDGE ( 'NONE', *, *, #616, .F. ) ;
#906 = VERTEX_POINT ( 'NONE', #2947 ) ;
#907 = ORIENTED_EDGE ( 'NONE', *, *, #689, .T. ) ;
#908 = VERTEX_POINT ( 'NONE', #2958 ) ;
#909 = VERTEX_POINT ( 'NONE', #2959 ) ;
#910 = ORIENTED_EDGE ( 'NONE', *, *, #645, .T. ) ;
#911 = ORIENTED_EDGE ( 'NONE', *, *, #692, .T. ) ;
#912 = ORIENTED_EDGE ( 'NONE', *, *, #665, .T. ) ;
#913 = VERTEX_POINT ( 'NONE', #2957 ) ;
#914 = ORIENTED_EDGE ( 'NONE', *, *, #631, .T. ) ;
#915 = VERTEX_POINT ( 'NONE', #2960 ) ;
#916 = VERTEX_POINT ( 'NONE', #2963 ) ;
#917 = ORIENTED_EDGE ( 'NONE', *, *, #609, .F. ) ;
#918 = VERTEX_POINT ( 'NONE', #2956 ) ;
#919 = ORIENTED_EDGE ( 'NONE', *, *, #2282, .F. ) ;
#920 = ORIENTED_EDGE ( 'NONE', *, *, #573, .F. ) ;
#921 = VERTEX_POINT ( 'NONE', #2962 ) ;
#922 = VERTEX_POINT ( 'NONE', #2966 ) ;
#923 = VERTEX_POINT ( 'NONE', #2964 ) ;
#924 = VERTEX_POINT ( 'NONE', #2967 ) ;
#925 = ORIENTED_EDGE ( 'NONE', *, *, #2838, .F. ) ;
#926 = ORIENTED_EDGE ( 'NONE', *, *, #644, .T. ) ;
#927 = VERTEX_POINT ( 'NONE', #2965 ) ;
#928 = ORIENTED_EDGE ( 'NONE', *, *, #2840, .T. ) ;
#929 = ORIENTED_EDGE ( 'NONE', *, *, #616, .T. ) ;
#930 = VERTEX_POINT ( 'NONE', #2968 ) ;
#931 = ORIENTED_EDGE ( 'NONE', *, *, #1535, .T. ) ;
#932 = VERTEX_POINT ( 'NONE', #2961 ) ;
#933 = ORIENTED_EDGE ( 'NONE', *, *, #2543, .F. ) ;
#934 = VERTEX_POINT ( 'NONE', #2969 ) ;
#935 = VERTEX_POINT ( 'NONE', #2970 ) ;
#936 = ORIENTED_EDGE ( 'NONE', *, *, #2670, .F. ) ;
#937 = VERTEX_POINT ( 'NONE', #2971 ) ;
#938 = VERTEX_POINT ( 'NONE', #2974 ) ;
#939 = VERTEX_POINT ( 'NONE', #2975 ) ;
#940 = VERTEX_POINT ( 'NONE', #2972 ) ;
#941 = VERTEX_POINT ( 'NONE', #2976 ) ;
#942 = VERTEX_POINT ( 'NONE', #2977 ) ;
#943 = ORIENTED_EDGE ( 'NONE', *, *, #639, .F. ) ;
#944 = VERTEX_POINT ( 'NONE', #2973 ) ;
#945 = VERTEX_POINT ( 'NONE', #2979 ) ;
#946 = ORIENTED_EDGE ( 'NONE', *, *, #684, .F. ) ;
#947 = ORIENTED_EDGE ( 'NONE', *, *, #1541, .F. ) ;
#948 = VERTEX_POINT ( 'NONE', #2982 ) ;
#949 = ORIENTED_EDGE ( 'NONE', *, *, #669, .T. ) ;
#950 = VERTEX_POINT ( 'NONE', #2978 ) ;
#951 = ORIENTED_EDGE ( 'NONE', *, *, #681, .F. ) ;
#952 = VERTEX_POINT ( 'NONE', #2980 ) ;
#953 = ORIENTED_EDGE ( 'NONE', *, *, #639, .T. ) ;
#954 = CIRCLE ( 'NONE', #466, 0.1325000000000000300 ) ;
#955 = LINE ( 'NONE', #2415, #962 ) ;
#956 = LINE ( 'NONE', #2412, #969 ) ;
#957 = VECTOR ( 'NONE', #2407, 39.37007874015748100 ) ;
#958 = CIRCLE ( 'NONE', #465, 0.1325000000000000300 ) ;
#959 = CYLINDRICAL_SURFACE ( 'NONE', #496, 0.2450000000000000000 ) ;
#960 = LINE ( 'NONE', #2408, #963 ) ;
#961 = VECTOR ( 'NONE', #2424, 39.37007874015748900 ) ;
#962 = VECTOR ( 'NONE', #2414, 39.37007874015748900 ) ;
#963 = VECTOR ( 'NONE', #2405, 39.37007874015748100 ) ;
#964 = LINE ( 'NONE', #2416, #957 ) ;
#965 = CIRCLE ( 'NONE', #461, 0.1325000000000000600 ) ;
#966 = VECTOR ( 'NONE', #1218, 39.37007874015748100 ) ;
#967 = LINE ( 'NONE', #1229, #966 ) ;
#968 = CIRCLE ( 'NONE', #464, 0.9509999999999999600 ) ;
#969 = VECTOR ( 'NONE', #2413, 39.37007874015748100 ) ;
#970 = CIRCLE ( 'NONE', #463, 0.1325000000000000900 ) ;
#971 = LINE ( 'NONE', #2423, #961 ) ;
#972 = VECTOR ( 'NONE', #2406, 39.37007874015748100 ) ;
#973 = CIRCLE ( 'NONE', #469, 1.344999999999999800 ) ;
#974 = CIRCLE ( 'NONE', #460, 0.9509999999999999600 ) ;
#975 = CIRCLE ( 'NONE', #462, 0.9509999999999999600 ) ;
#976 = CARTESIAN_POINT ( 'NONE',  ( 1.683889348827610500E-016, -1.869492725989476900E-032, 1.375999999999999400 ) ) ;
#977 = CARTESIAN_POINT ( 'NONE',  ( 1.269119430995682000E-016, 1.143121159304160100, -1.373999999999999900 ) ) ;
#978 = CARTESIAN_POINT ( 'NONE',  ( 7.806213001606121200E-017, 0.7031211593041598600, 0.0009999999999997981400 ) ) ;
#979 = DIRECTION ( 'NONE',  ( 0.0000000000000000000, 0.0000000000000000000, -1.000000000000000000 ) ) ;
#980 = DIRECTION ( 'NONE',  ( -7.850462293418888200E-017, -0.7071067811865475700, -0.7071067811865473500 ) ) ;
#981 = DIRECTION ( 'NONE',  ( -1.110223024625158300E-016, -1.000000000000000000, 0.0000000000000000000 ) ) ;
#982 = DIRECTION ( 'NONE',  ( -1.110223024625158300E-016, -1.000000000000000000, 0.0000000000000000000 ) ) ;
#983 = EDGE_LOOP ( 'NONE', ( #3232, #3178 ) ) ;
#984 = ORIENTED_EDGE ( 'NONE', *, *, #1535, .F. ) ;
#985 = EDGE_LOOP ( 'NONE', ( #1066, #1091, #1099, #1053 ) ) ;
#986 = ORIENTED_EDGE ( 'NONE', *, *, #707, .T. ) ;
#987 = ORIENTED_EDGE ( 'NONE', *, *, #593, .F. ) ;
#988 = ORIENTED_EDGE ( 'NONE', *, *, #1539, .T. ) ;
#989 = EDGE_LOOP ( 'NONE', ( #3233, #3222 ) ) ;
#990 = ORIENTED_EDGE ( 'NONE', *, *, #680, .T. ) ;
#991 = ORIENTED_EDGE ( 'NONE', *, *, #696, .T. ) ;
#992 = ORIENTED_EDGE ( 'NONE', *, *, #678, .T. ) ;
#993 = ORIENTED_EDGE ( 'NONE', *, *, #689, .F. ) ;
#994 = ORIENTED_EDGE ( 'NONE', *, *, #2666, .F. ) ;
#995 = EDGE_LOOP ( 'NONE', ( #3247, #3258, #3270, #1333 ) ) ;
#996 = ORIENTED_EDGE ( 'NONE', *, *, #1542, .T. ) ;
#997 = ORIENTED_EDGE ( 'NONE', *, *, #293, .F. ) ;
#998 = ORIENTED_EDGE ( 'NONE', *, *, #2828, .T. ) ;
#999 = ORIENTED_EDGE ( 'NONE', *, *, #2069, .F. ) ;
#1000 = ORIENTED_EDGE ( 'NONE', *, *, #1702, .T. ) ;
#1001 = ORIENTED_EDGE ( 'NONE', *, *, #606, .F. ) ;
#1002 = ORIENTED_EDGE ( 'NONE', *, *, #292, .F. ) ;
#1003 = ORIENTED_EDGE ( 'NONE', *, *, #2065, .T. ) ;
#1004 = ORIENTED_EDGE ( 'NONE', *, *, #2064, .F. ) ;
#1005 = ORIENTED_EDGE ( 'NONE', *, *, #694, .F. ) ;
#1006 = EDGE_LOOP ( 'NONE', ( #3167, #3203, #3205, #3220, #3231, #3181, #3237, #3192 ) ) ;
#1007 = ORIENTED_EDGE ( 'NONE', *, *, #704, .T. ) ;
#1008 = ORIENTED_EDGE ( 'NONE', *, *, #324, .T. ) ;
#1009 = ORIENTED_EDGE ( 'NONE', *, *, #2066, .F. ) ;
#1010 = EDGE_LOOP ( 'NONE', ( #1007, #1090, #1037, #1069 ) ) ;
#1011 = ORIENTED_EDGE ( 'NONE', *, *, #597, .T. ) ;
#1012 = ORIENTED_EDGE ( 'NONE', *, *, #698, .F. ) ;
#1013 = ORIENTED_EDGE ( 'NONE', *, *, #590, .F. ) ;
#1014 = ORIENTED_EDGE ( 'NONE', *, *, #592, .T. ) ;
#1015 = ORIENTED_EDGE ( 'NONE', *, *, #691, .F. ) ;
#1016 = ORIENTED_EDGE ( 'NONE', *, *, #1541, .T. ) ;
#1017 = ORIENTED_EDGE ( 'NONE', *, *, #1695, .T. ) ;
#1018 = ORIENTED_EDGE ( 'NONE', *, *, #1533, .F. ) ;
#1019 = ORIENTED_EDGE ( 'NONE', *, *, #585, .T. ) ;
#1020 = ORIENTED_EDGE ( 'NONE', *, *, #2833, .T. ) ;
#1021 = ORIENTED_EDGE ( 'NONE', *, *, #2827, .F. ) ;
#1022 = ORIENTED_EDGE ( 'NONE', *, *, #581, .F. ) ;
#1023 = ORIENTED_EDGE ( 'NONE', *, *, #1694, .F. ) ;
#1024 = ORIENTED_EDGE ( 'NONE', *, *, #687, .T. ) ;
#1025 = ORIENTED_EDGE ( 'NONE', *, *, #596, .T. ) ;
#1026 = EDGE_LOOP ( 'NONE', ( #3281, #3300, #3275, #3264 ) ) ;
#1027 = EDGE_LOOP ( 'NONE', ( #3209, #3207, #3188, #3212 ) ) ;
#1028 = EDGE_LOOP ( 'NONE', ( #3241, #3261 ) ) ;
#1029 = ORIENTED_EDGE ( 'NONE', *, *, #2536, .T. ) ;
#1030 = EDGE_LOOP ( 'NONE', ( #984, #986, #1065, #1068 ) ) ;
#1031 = EDGE_LOOP ( 'NONE', ( #3251, #3262 ) ) ;
#1032 = ORIENTED_EDGE ( 'NONE', *, *, #1703, .F. ) ;
#1033 = ORIENTED_EDGE ( 'NONE', *, *, #285, .F. ) ;
#1034 = EDGE_LOOP ( 'NONE', ( #3202, #3197, #3165, #3184, #3172, #3180 ) ) ;
#1035 = ORIENTED_EDGE ( 'NONE', *, *, #1544, .T. ) ;
#1036 = ORIENTED_EDGE ( 'NONE', *, *, #589, .F. ) ;
#1037 = ORIENTED_EDGE ( 'NONE', *, *, #702, .T. ) ;
#1038 = ORIENTED_EDGE ( 'NONE', *, *, #681, .T. ) ;
#1039 = ORIENTED_EDGE ( 'NONE', *, *, #1912, .T. ) ;
#1040 = EDGE_LOOP ( 'NONE', ( #1047, #1046, #991, #1095 ) ) ;
#1041 = EDGE_LOOP ( 'NONE', ( #3227, #3179, #3173, #3213, #3185, #3175, #3164, #3182 ) ) ;
#1042 = ORIENTED_EDGE ( 'NONE', *, *, #690, .T. ) ;
#1043 = ORIENTED_EDGE ( 'NONE', *, *, #1537, .T. ) ;
#1044 = EDGE_LOOP ( 'NONE', ( #1009, #1020, #1003, #999 ) ) ;
#1045 = EDGE_LOOP ( 'NONE', ( #1004, #2200, #2255, #2239 ) ) ;
#1046 = ORIENTED_EDGE ( 'NONE', *, *, #699, .T. ) ;
#1047 = ORIENTED_EDGE ( 'NONE', *, *, #700, .F. ) ;
#1048 = ORIENTED_EDGE ( 'NONE', *, *, #693, .F. ) ;
#1049 = ORIENTED_EDGE ( 'NONE', *, *, #1697, .F. ) ;
#1050 = ORIENTED_EDGE ( 'NONE', *, *, #2832, .T. ) ;
#1051 = ORIENTED_EDGE ( 'NONE', *, *, #692, .F. ) ;
#1052 = ORIENTED_EDGE ( 'NONE', *, *, #292, .T. ) ;
#1053 = ORIENTED_EDGE ( 'NONE', *, *, #683, .F. ) ;
#1054 = ORIENTED_EDGE ( 'NONE', *, *, #607, .F. ) ;
#1055 = ORIENTED_EDGE ( 'NONE', *, *, #583, .T. ) ;
#1056 = EDGE_LOOP ( 'NONE', ( #1021, #1008, #998, #1092 ) ) ;
#1057 = ORIENTED_EDGE ( 'NONE', *, *, #1540, .F. ) ;
#1058 = EDGE_LOOP ( 'NONE', ( #2216, #2208, #2261, #2252 ) ) ;
#1059 = EDGE_LOOP ( 'NONE', ( #2219, #2247, #2218, #2215, #3171, #3191, #3166, #3201 ) ) ;
#1060 = ORIENTED_EDGE ( 'NONE', *, *, #1534, .F. ) ;
#1061 = EDGE_LOOP ( 'NONE', ( #3248, #3267, #3282, #3302 ) ) ;
#1062 = ORIENTED_EDGE ( 'NONE', *, *, #1538, .T. ) ;
#1063 = EDGE_LOOP ( 'NONE', ( #1012, #1074, #1035, #1048 ) ) ;
#1064 = ORIENTED_EDGE ( 'NONE', *, *, #584, .T. ) ;
#1065 = ORIENTED_EDGE ( 'NONE', *, *, #706, .T. ) ;
#1066 = ORIENTED_EDGE ( 'NONE', *, *, #686, .T. ) ;
#1067 = ORIENTED_EDGE ( 'NONE', *, *, #594, .F. ) ;
#1068 = ORIENTED_EDGE ( 'NONE', *, *, #705, .F. ) ;
#1069 = ORIENTED_EDGE ( 'NONE', *, *, #701, .F. ) ;
#1070 = ORIENTED_EDGE ( 'NONE', *, *, #599, .T. ) ;
#1071 = ORIENTED_EDGE ( 'NONE', *, *, #608, .F. ) ;
#1072 = ORIENTED_EDGE ( 'NONE', *, *, #605, .F. ) ;
#1073 = ORIENTED_EDGE ( 'NONE', *, *, #1536, .F. ) ;
#1074 = ORIENTED_EDGE ( 'NONE', *, *, #695, .T. ) ;
#1075 = EDGE_LOOP ( 'NONE', ( #3208, #3228 ) ) ;
#1076 = ORIENTED_EDGE ( 'NONE', *, *, #679, .T. ) ;
#1077 = ORIENTED_EDGE ( 'NONE', *, *, #2537, .T. ) ;
#1078 = EDGE_LOOP ( 'NONE', ( #1015, #990, #1038, #1051 ) ) ;
#1079 = ORIENTED_EDGE ( 'NONE', *, *, #682, .T. ) ;
#1080 = ORIENTED_EDGE ( 'NONE', *, *, #291, .F. ) ;
#1081 = ORIENTED_EDGE ( 'NONE', *, *, #603, .T. ) ;
#1082 = ORIENTED_EDGE ( 'NONE', *, *, #591, .T. ) ;
#1083 = ORIENTED_EDGE ( 'NONE', *, *, #2541, .F. ) ;
#1084 = ORIENTED_EDGE ( 'NONE', *, *, #2834, .T. ) ;
#1085 = ORIENTED_EDGE ( 'NONE', *, *, #326, .T. ) ;
#1086 = ORIENTED_EDGE ( 'NONE', *, *, #684, .T. ) ;
#1087 = ORIENTED_EDGE ( 'NONE', *, *, #1913, .F. ) ;
#1088 = ORIENTED_EDGE ( 'NONE', *, *, #593, .T. ) ;
#1089 = EDGE_LOOP ( 'NONE', ( #3268, #3243, #3245, #3252 ) ) ;
#1090 = ORIENTED_EDGE ( 'NONE', *, *, #703, .T. ) ;
#1091 = ORIENTED_EDGE ( 'NONE', *, *, #685, .T. ) ;
#1092 = ORIENTED_EDGE ( 'NONE', *, *, #2826, .F. ) ;
#1093 = EDGE_LOOP ( 'NONE', ( #3189, #3200 ) ) ;
#1094 = ORIENTED_EDGE ( 'NONE', *, *, #586, .F. ) ;
#1095 = ORIENTED_EDGE ( 'NONE', *, *, #697, .F. ) ;
#1096 = EDGE_LOOP ( 'NONE', ( #3183, #3225, #3170, #3198, #3217, #3206 ) ) ;
#1097 = EDGE_LOOP ( 'NONE', ( #2254, #2198, #2233, #2205 ) ) ;
#1098 = ORIENTED_EDGE ( 'NONE', *, *, #2539, .T. ) ;
#1099 = ORIENTED_EDGE ( 'NONE', *, *, #688, .F. ) ;
#1100 = ORIENTED_EDGE ( 'NONE', *, *, #1702, .F. ) ;
#1101 = AXIS2_PLACEMENT_3D ( 'NONE', #2016, #2026, #2027 ) ;
#1102 = AXIS2_PLACEMENT_3D ( 'NONE', #2032, #2033, #2034 ) ;
#1103 = AXIS2_PLACEMENT_3D ( 'NONE', #2024, #2028, #2029 ) ;
#1104 = AXIS2_PLACEMENT_3D ( 'NONE', #2036, #2037, #2038 ) ;
#1105 = AXIS2_PLACEMENT_3D ( 'NONE', #2041, #2042, #2043 ) ;
#1106 = AXIS2_PLACEMENT_3D ( 'NONE', #2046, #2047, #2048 ) ;
#1107 = AXIS2_PLACEMENT_3D ( 'NONE', #2052, #2053, #2054 ) ;
#1108 = AXIS2_PLACEMENT_3D ( 'NONE', #2056, #2057, #2058 ) ;
#1109 = AXIS2_PLACEMENT_3D ( 'NONE', #2061, #2062, #2063 ) ;
#1110 = AXIS2_PLACEMENT_3D ( 'NONE', #2426, #2427, #2428 ) ;
#1111 = AXIS2_PLACEMENT_3D ( 'NONE', #2446, #2447, #2448 ) ;
#1112 = AXIS2_PLACEMENT_3D ( 'NONE', #2449, #2450, #2451 ) ;
#1113 = AXIS2_PLACEMENT_3D ( 'NONE', #2453, #2454, #2455 ) ;
#1114 = AXIS2_PLACEMENT_3D ( 'NONE', #2456, #2457, #2458 ) ;
#1115 = AXIS2_PLACEMENT_3D ( 'NONE', #2465, #2466, #2467 ) ;
#1116 = AXIS2_PLACEMENT_3D ( 'NONE', #2468, #2469, #2470 ) ;
#1117 = AXIS2_PLACEMENT_3D ( 'NONE', #2471, #2472, #2473 ) ;
#1118 = AXIS2_PLACEMENT_3D ( 'NONE', #2474, #2475, #2476 ) ;
#1119 = AXIS2_PLACEMENT_3D ( 'NONE', #2477, #2478, #2479 ) ;
#1120 = AXIS2_PLACEMENT_3D ( 'NONE', #2480, #2481, #2482 ) ;
#1121 = AXIS2_PLACEMENT_3D ( 'NONE', #2483, #2484, #2485 ) ;
#1122 = AXIS2_PLACEMENT_3D ( 'NONE', #2486, #2487, #2488 ) ;
#1123 = AXIS2_PLACEMENT_3D ( 'NONE', #2489, #2490, #2491 ) ;
#1124 = AXIS2_PLACEMENT_3D ( 'NONE', #2494, #2495, #2496 ) ;
#1125 = AXIS2_PLACEMENT_3D ( 'NONE', #2498, #2499, #2500 ) ;
#1126 = AXIS2_PLACEMENT_3D ( 'NONE', #2503, #2504, #2505 ) ;
#1127 = AXIS2_PLACEMENT_3D ( 'NONE', #2511, #2512, #2513 ) ;
#1128 = AXIS2_PLACEMENT_3D ( 'NONE', #2520, #2521, #2522 ) ;
#1129 = AXIS2_PLACEMENT_3D ( 'NONE', #2525, #2526, #2527 ) ;
#1130 = AXIS2_PLACEMENT_3D ( 'NONE', #2529, #2530, #2531 ) ;
#1131 = AXIS2_PLACEMENT_3D ( 'NONE', #335, #336, #338 ) ;
#1132 = AXIS2_PLACEMENT_3D ( 'NONE', #343, #344, #345 ) ;
#1133 = AXIS2_PLACEMENT_3D ( 'NONE', #354, #356, #358 ) ;
#1134 = AXIS2_PLACEMENT_3D ( 'NONE', #362, #363, #364 ) ;
#1135 = AXIS2_PLACEMENT_3D ( 'NONE', #365, #366, #367 ) ;
#1136 = AXIS2_PLACEMENT_3D ( 'NONE', #370, #371, #372 ) ;
#1137 = AXIS2_PLACEMENT_3D ( 'NONE', #374, #375, #376 ) ;
#1138 = AXIS2_PLACEMENT_3D ( 'NONE', #378, #379, #380 ) ;
#1139 = AXIS2_PLACEMENT_3D ( 'NONE', #381, #382, #383 ) ;
#1140 = AXIS2_PLACEMENT_3D ( 'NONE', #384, #385, #386 ) ;
#1141 = AXIS2_PLACEMENT_3D ( 'NONE', #387, #388, #389 ) ;
#1142 = AXIS2_PLACEMENT_3D ( 'NONE', #390, #391, #392 ) ;
#1143 = AXIS2_PLACEMENT_3D ( 'NONE', #393, #394, #395 ) ;
#1144 = AXIS2_PLACEMENT_3D ( 'NONE', #396, #397, #398 ) ;
#1145 = AXIS2_PLACEMENT_3D ( 'NONE', #399, #400, #401 ) ;
#1146 = AXIS2_PLACEMENT_3D ( 'NONE', #402, #403, #404 ) ;
#1147 = AXIS2_PLACEMENT_3D ( 'NONE', #407, #408, #409 ) ;
#1148 = AXIS2_PLACEMENT_3D ( 'NONE', #410, #411, #412 ) ;
#1149 =( GEOMETRIC_REPRESENTATION_CONTEXT ( 3 ) GLOBAL_UNCERTAINTY_ASSIGNED_CONTEXT ( ( #2845 ) ) GLOBAL_UNIT_ASSIGNED_CONTEXT ( ( #414, #415, #416 ) ) REPRESENTATION_CONTEXT ( 'NONE', 'WORKASPACE' ) );
#1150 = AXIS2_PLACEMENT_3D ( 'NONE', #405, #406, #419 ) ;
#1151 = CC_DESIGN_PERSON_AND_ORGANIZATION_ASSIGNMENT ( #2113, #421, ( #1910 ) ) ;
#1152 = PRODUCT_DEFINITION ( 'UNKNOWN', '', #1157, #2272 ) ;
#1153 = APPROVAL ( #424, 'UNSPECIFIED' ) ;
#1154 = CC_DESIGN_APPROVAL ( #1153, ( #1152 ) ) ;
#1155 = CC_DESIGN_PERSON_AND_ORGANIZATION_ASSIGNMENT ( #2121, #426, ( #1152 ) ) ;
#1156 = CC_DESIGN_DATE_AND_TIME_ASSIGNMENT ( #2125, #427, ( #1152 ) ) ;
#1157 = PRODUCT_DEFINITION_FORMATION_WITH_SPECIFIED_SOURCE ( 'ANY', '', #1910, .NOT_KNOWN. ) ;
#1158 = APPROVAL ( #428, 'UNSPECIFIED' ) ;
#1159 = CC_DESIGN_APPROVAL ( #1158, ( #1157 ) ) ;
#1160 = CC_DESIGN_PERSON_AND_ORGANIZATION_ASSIGNMENT ( #2133, #430, ( #1157 ) ) ;
#1161 = CC_DESIGN_PERSON_AND_ORGANIZATION_ASSIGNMENT ( #2134, #431, ( #1157 ) ) ;
#1162 = SECURITY_CLASSIFICATION ( '', '', #432 ) ;
#1163 = CC_DESIGN_PERSON_AND_ORGANIZATION_ASSIGNMENT ( #2135, #433, ( #1162 ) ) ;
#1164 = CC_DESIGN_DATE_AND_TIME_ASSIGNMENT ( #2139, #434, ( #1162 ) ) ;
#1165 = APPROVAL ( #435, 'UNSPECIFIED' ) ;
#1166 = CC_DESIGN_APPROVAL ( #1165, ( #1162 ) ) ;
#1167 = CC_DESIGN_SECURITY_CLASSIFICATION ( #1162, ( #1157 ) ) ;
#1168 = PRODUCT_RELATED_PRODUCT_CATEGORY ( 'detail', '', ( #1910 ) ) ;
#1169 = CARTESIAN_POINT ( 'NONE',  ( 2.953008779823292600E-016, 1.143121159304160100, 1.375999999999999400 ) ) ;
#1170 = DIRECTION ( 'NONE',  ( -2.207906407026225000E-035, 1.000000000000000000, -1.473117160979158800E-031 ) ) ;
#1171 = DIRECTION ( 'NONE',  ( 8.090982689360445400E-018, -0.7071067811865475700, 0.7071067811865473500 ) ) ;
#1172 = DIRECTION ( 'NONE',  ( 0.0000000000000000000, 0.0000000000000000000, -1.000000000000000000 ) ) ;
#1173 = DIRECTION ( 'NONE',  ( -1.000000000000000000, 0.0000000000000000000, 0.0000000000000000000 ) ) ;
#1174 = CARTESIAN_POINT ( 'NONE',  ( -0.02648211626437629500, 2.774121159304161500, 0.2043252874410714500 ) ) ;
#1175 = CARTESIAN_POINT ( 'NONE',  ( -8.039359836777358700E-017, 2.744121159304160800, 0.0009999999999997981400 ) ) ;
#1176 = DIRECTION ( 'NONE',  ( 0.0000000000000000000, 0.0000000000000000000, -1.000000000000000000 ) ) ;
#1177 = DIRECTION ( 'NONE',  ( 2.207906407026225000E-035, -1.000000000000000000, 1.473117160979158800E-031 ) ) ;
#1178 = DIRECTION ( 'NONE',  ( -1.110223024625158300E-016, -1.000000000000000000, 0.0000000000000000000 ) ) ;
#1179 = DIRECTION ( 'NONE',  ( -1.110223024625158300E-016, -1.000000000000000000, 0.0000000000000000000 ) ) ;
#1180 = DIRECTION ( 'NONE',  ( 1.110223024625158300E-016, 1.000000000000000000, -0.0000000000000000000 ) ) ;
#1181 = DIRECTION ( 'NONE',  ( 0.0000000000000000000, 0.0000000000000000000, -1.000000000000000000 ) ) ;
#1182 = DIRECTION ( 'NONE',  ( 0.0000000000000000000, 0.0000000000000000000, 1.000000000000000000 ) ) ;
#1183 = PLANE ( 'NONE',  #1590 ) ;
#1184 = CARTESIAN_POINT ( 'NONE',  ( 0.03807214925519570400, 2.774121159304161500, 0.2024350804560579600 ) ) ;
#1185 = CARTESIAN_POINT ( 'NONE',  ( 0.03893698908011009000, 2.774121159304163300, 0.2022698630212876300 ) ) ;
#1186 = CARTESIAN_POINT ( 'NONE',  ( -1.345000000000000000, 0.6731211593041601700, 0.0009999999999997981400 ) ) ;
#1187 = DIRECTION ( 'NONE',  ( 0.0000000000000000000, 0.0000000000000000000, -1.000000000000000000 ) ) ;
#1188 = DIRECTION ( 'NONE',  ( 0.0000000000000000000, 1.000000000000000000, 0.0000000000000000000 ) ) ;
#1189 = CARTESIAN_POINT ( 'NONE',  ( -8.039359836777358700E-017, 2.358621159304160800, 0.0009999999999997163900 ) ) ;
#1190 = CARTESIAN_POINT ( 'NONE',  ( -1.345000000000000000, 1.173121159304160400, 0.0009999999999997981400 ) ) ;
#1191 = DIRECTION ( 'NONE',  ( 0.0000000000000000000, 0.0000000000000000000, -1.000000000000000000 ) ) ;
#1192 = DIRECTION ( 'NONE',  ( -1.110223024625158300E-016, -1.000000000000000000, -0.0000000000000000000 ) ) ;
#1193 = DIRECTION ( 'NONE',  ( 0.0000000000000000000, 0.0000000000000000000, 1.000000000000000000 ) ) ;
#1194 = CARTESIAN_POINT ( 'NONE',  ( 1.302426121734436500E-016, 1.173121159304159900, 1.157000000000000000 ) ) ;
#1195 = CARTESIAN_POINT ( 'NONE',  ( -8.039359836777358700E-017, 2.774121159304161500, 0.0009999999999997981400 ) ) ;
#1196 = DIRECTION ( 'NONE',  ( -1.110223024625158300E-016, -1.000000000000000000, -0.0000000000000000000 ) ) ;
#1197 = DIRECTION ( 'NONE',  ( 0.0000000000000000000, 0.0000000000000000000, -1.000000000000000000 ) ) ;
#1198 = PLANE ( 'NONE',  #1588 ) ;
#1199 = CARTESIAN_POINT ( 'NONE',  ( 1.001125366774813000, 1.173121159304159700, 0.5789999999999975200 ) ) ;
#1200 = CARTESIAN_POINT ( 'NONE',  ( -1.159042865596237300E-016, 3.846121159304161500, 0.0009999999999997020800 ) ) ;
#1201 = DIRECTION ( 'NONE',  ( 0.0000000000000000000, 0.0000000000000000000, 1.000000000000000000 ) ) ;
#1202 = DIRECTION ( 'NONE',  ( -1.881859469626396500E-017, -1.000000000000000000, -5.090600643806248800E-017 ) ) ;
#1203 = DIRECTION ( 'NONE',  ( 0.0000000000000000000, 0.0000000000000000000, 1.000000000000000000 ) ) ;
#1204 = DIRECTION ( 'NONE',  ( 0.0000000000000000000, 0.0000000000000000000, -1.000000000000000000 ) ) ;
#1205 = CARTESIAN_POINT ( 'NONE',  ( -8.039359836777358700E-017, 1.824121159304161100, 0.0009999999999997981400 ) ) ;
#1206 = DIRECTION ( 'NONE',  ( 0.0000000000000000000, -1.000000000000000000, 0.0000000000000000000 ) ) ;
#1207 = DIRECTION ( 'NONE',  ( -1.110223024625158300E-016, -1.000000000000000000, 0.0000000000000000000 ) ) ;
#1208 = CARTESIAN_POINT ( 'NONE',  ( -8.039359836777358700E-017, 2.464121159304160500, 0.0009999999999997981400 ) ) ;
#1209 = DIRECTION ( 'NONE',  ( 0.0000000000000000000, 0.0000000000000000000, -1.000000000000000000 ) ) ;
#1210 = CARTESIAN_POINT ( 'NONE',  ( 1.001125366774809200, 1.173121159304159700, -0.5770000000000050600 ) ) ;
#1211 = DIRECTION ( 'NONE',  ( 2.207906407026225000E-035, -1.000000000000000000, 1.473117160979158800E-031 ) ) ;
#1212 = DIRECTION ( 'NONE',  ( 0.0000000000000000000, 0.0000000000000000000, -1.000000000000000000 ) ) ;
#1213 = DIRECTION ( 'NONE',  ( 0.0000000000000000000, 1.000000000000000000, 0.0000000000000000000 ) ) ;
#1214 = CARTESIAN_POINT ( 'NONE',  ( -8.039359836777358700E-017, 2.774121159304161500, 0.0009999999999997981400 ) ) ;
#1215 = CARTESIAN_POINT ( 'NONE',  ( 1.001125366774809200, 0.6731211593041596100, -0.5770000000000050600 ) ) ;
#1216 = DIRECTION ( 'NONE',  ( -1.110223024625158300E-016, -1.000000000000000000, 0.0000000000000000000 ) ) ;
#1217 = DIRECTION ( 'NONE',  ( -0.8660254037844364900, 0.0000000000000000000, 0.5000000000000038900 ) ) ;
#1218 = DIRECTION ( 'NONE',  ( 0.5000000000000010000, -1.110223024625158500E-016, 0.8660254037844380400 ) ) ;
#1219 = CARTESIAN_POINT ( 'NONE',  ( 8.039359836777404300E-017, 0.7241211593041598800, 0.0009999999999997981400 ) ) ;
#1220 = DIRECTION ( 'NONE',  ( -1.110223024625158300E-016, -1.000000000000000000, 0.0000000000000000000 ) ) ;
#1221 = DIRECTION ( 'NONE',  ( 0.0000000000000000000, 0.0000000000000000000, -1.000000000000000000 ) ) ;
#1222 = CARTESIAN_POINT ( 'NONE',  ( -0.6530202381393547300, 0.6864544806576049500, -1.190064230828088900 ) ) ;
#1223 = CARTESIAN_POINT ( 'NONE',  ( -0.6496860875677174000, 0.6797878138127549900, -1.184289312637928600 ) ) ;
#1224 = CARTESIAN_POINT ( 'NONE',  ( -7.997573394463142000E-015, 0.6731211593041599400, -1.155000000000000500 ) ) ;
#1225 = DIRECTION ( 'NONE',  ( -1.110223024625158300E-016, -1.000000000000000000, 0.0000000000000000000 ) ) ;
#1226 = DIRECTION ( 'NONE',  ( 6.982962677686268300E-015, 0.0000000000000000000, 1.000000000000000000 ) ) ;
#1227 = CARTESIAN_POINT ( 'NONE',  ( -0.6563543828115991900, 0.6931211593041600700, -1.195839138800200100 ) ) ;
#1228 = CARTESIAN_POINT ( 'NONE',  ( -0.6463519308294780600, 0.6731211593041600500, -1.178514383766898500 ) ) ;
#1229 = CARTESIAN_POINT ( 'NONE',  ( 0.8126677011341605400, 0.6931211593041598500, 1.348581748034561700 ) ) ;
#1230 = CARTESIAN_POINT ( 'NONE',  ( 7.473146094218575200E-017, 0.6731211593041599400, 1.157000000000000000 ) ) ;
#1231 = DIRECTION ( 'NONE',  ( -1.110223024625158300E-016, -1.000000000000000000, 0.0000000000000000000 ) ) ;
#1232 = DIRECTION ( 'NONE',  ( 0.0000000000000000000, 0.0000000000000000000, -1.000000000000000000 ) ) ;
#1233 = CARTESIAN_POINT ( 'NONE',  ( -0.8289022138034327600, 0.6931211593041600700, -1.374700748813862700 ) ) ;
#1234 = DIRECTION ( 'NONE',  ( -0.5000000000000010000, 1.110223024625158500E-016, -0.8660254037844379300 ) ) ;
#1235 = CARTESIAN_POINT ( 'NONE',  ( -8.039359836777358700E-017, 1.474121159304160500, 0.0009999999999997981400 ) ) ;
#1236 = DIRECTION ( 'NONE',  ( -0.0000000000000000000, -1.000000000000000000, -0.0000000000000000000 ) ) ;
#1237 = DIRECTION ( 'NONE',  ( 0.0000000000000000000, 0.0000000000000000000, 1.000000000000000000 ) ) ;
#1238 = CARTESIAN_POINT ( 'NONE',  ( -0.7016476117936272200, 0.6797878138104411800, -1.154289312635923700 ) ) ;
#1239 = CARTESIAN_POINT ( 'NONE',  ( -0.7049817623652814300, 0.6864544806553252200, -1.160064230826113500 ) ) ;
#1240 = CARTESIAN_POINT ( 'NONE',  ( 7.695190699143606700E-017, 0.6931211593041599600, 0.0009999999999997981400 ) ) ;
#1241 = DIRECTION ( 'NONE',  ( -1.110223024625158300E-016, -1.000000000000000000, 0.0000000000000000000 ) ) ;
#1242 = DIRECTION ( 'NONE',  ( 0.0000000000000000000, 0.0000000000000000000, 1.000000000000000000 ) ) ;
#1243 = CARTESIAN_POINT ( 'NONE',  ( -0.6983134550565444100, 0.6731211593041600500, -1.148514383766898100 ) ) ;
#1244 = CARTESIAN_POINT ( 'NONE',  ( -0.7083159070386656500, 0.6931211593041600700, -1.165839138800199800 ) ) ;
#1245 = CARTESIAN_POINT ( 'NONE',  ( 7.473146094218575200E-017, 0.6731211593041599400, 0.0009999999999997981400 ) ) ;
#1246 = DIRECTION ( 'NONE',  ( -1.110223024625158300E-016, -1.000000000000000000, 0.0000000000000000000 ) ) ;
#1247 = DIRECTION ( 'NONE',  ( 0.0000000000000000000, 0.0000000000000000000, -1.000000000000000000 ) ) ;
#1248 = DIRECTION ( 'NONE',  ( 2.207906407026225200E-035, -1.000000000000000000, 1.473117160979158800E-031 ) ) ;
#1249 = CARTESIAN_POINT ( 'NONE',  ( 7.806213001606121200E-017, 0.7031211593041598600, 0.0009999999999997981400 ) ) ;
#1250 = DIRECTION ( 'NONE',  ( -1.110223024625158300E-016, -1.000000000000000000, 0.0000000000000000000 ) ) ;
#1251 = DIRECTION ( 'NONE',  ( 0.0000000000000000000, 0.0000000000000000000, -1.000000000000000000 ) ) ;
#1252 = CARTESIAN_POINT ( 'NONE',  ( -4.745059947070980300E-017, 2.784121159304161300, 0.2699999999999995700 ) ) ;
#1253 = CARTESIAN_POINT ( 'NONE',  ( -8.039359836777358700E-017, 2.484121159304161000, 0.0009999999999997981400 ) ) ;
#1254 = DIRECTION ( 'NONE',  ( -2.207906407026225200E-035, 1.000000000000000000, -1.473117160979158800E-031 ) ) ;
#1255 = DIRECTION ( 'NONE',  ( 0.0000000000000000000, 0.0000000000000000000, -1.000000000000000000 ) ) ;
#1256 = CARTESIAN_POINT ( 'NONE',  ( -4.916510498951607500E-017, 2.464121159304160500, -0.2540000000000002300 ) ) ;
#1257 = DIRECTION ( 'NONE',  ( 0.0000000000000000000, 1.000000000000000000, 0.0000000000000000000 ) ) ;
#1258 = CARTESIAN_POINT ( 'NONE',  ( -8.039359836777358700E-017, 2.604121159304160700, -0.2565000000000002300 ) ) ;
#1259 = DIRECTION ( 'NONE',  ( 0.0000000000000000000, -1.000000000000000000, 0.0000000000000000000 ) ) ;
#1260 = CARTESIAN_POINT ( 'NONE',  ( -8.039359836777358700E-017, 2.484121159304161000, 0.0009999999999997981400 ) ) ;
#1261 = DIRECTION ( 'NONE',  ( -0.0000000000000000000, -1.000000000000000000, -0.0000000000000000000 ) ) ;
#1262 = DIRECTION ( 'NONE',  ( 0.0000000000000000000, 0.0000000000000000000, 1.000000000000000000 ) ) ;
#1263 = CARTESIAN_POINT ( 'NONE',  ( -8.039359836777358700E-017, 2.619121159304161200, 0.0009999999999997981400 ) ) ;
#1264 = DIRECTION ( 'NONE',  ( 2.207906407026225200E-035, -1.000000000000000000, 1.473117160979158800E-031 ) ) ;
#1265 = DIRECTION ( 'NONE',  ( 0.0000000000000000000, 0.0000000000000000000, -1.000000000000000000 ) ) ;
#1266 = DIRECTION ( 'NONE',  ( 0.0000000000000000000, -1.000000000000000000, 0.0000000000000000000 ) ) ;
#1267 = DIRECTION ( 'NONE',  ( 0.0000000000000000000, -1.000000000000000000, 0.0000000000000000000 ) ) ;
#1268 = CARTESIAN_POINT ( 'NONE',  ( -4.885894328972923100E-017, 2.604121159304160700, 0.2584999999999998400 ) ) ;
#1269 = CARTESIAN_POINT ( 'NONE',  ( -8.039359836777358700E-017, 1.795121159304160700, 0.0009999999999997163900 ) ) ;
#1270 = DIRECTION ( 'NONE',  ( 0.0000000000000000000, 1.000000000000000000, 0.0000000000000000000 ) ) ;
#1271 = DIRECTION ( 'NONE',  ( 0.0000000000000000000, 0.0000000000000000000, 1.000000000000000000 ) ) ;
#1272 = CARTESIAN_POINT ( 'NONE',  ( -4.916510498951607500E-017, 1.824121159304161100, 0.2559999999999997800 ) ) ;
#1273 = DIRECTION ( 'NONE',  ( 2.207906407026225200E-035, -1.000000000000000000, 1.473117160979158800E-031 ) ) ;
#1274 = CARTESIAN_POINT ( 'NONE',  ( -8.039359836777358700E-017, 2.464121159304160500, 0.0009999999999997981400 ) ) ;
#1275 = DIRECTION ( 'NONE',  ( 0.0000000000000000000, -1.000000000000000000, 0.0000000000000000000 ) ) ;
#1276 = DIRECTION ( 'NONE',  ( 0.0000000000000000000, 0.0000000000000000000, -1.000000000000000000 ) ) ;
#1277 = CARTESIAN_POINT ( 'NONE',  ( -8.039359836777358700E-017, 2.784121159304161300, -0.2679999999999999600 ) ) ;
#1278 = CARTESIAN_POINT ( 'NONE',  ( -8.039359836777358700E-017, 1.824121159304161100, 0.0009999999999997981400 ) ) ;
#1279 = DIRECTION ( 'NONE',  ( 0.0000000000000000000, -1.000000000000000000, 0.0000000000000000000 ) ) ;
#1280 = DIRECTION ( 'NONE',  ( 0.0000000000000000000, 0.0000000000000000000, -1.000000000000000000 ) ) ;
#1281 = DIRECTION ( 'NONE',  ( 0.0000000000000000000, 1.000000000000000000, 0.0000000000000000000 ) ) ;
#1282 = CARTESIAN_POINT ( 'NONE',  ( -8.039359836777358700E-017, 1.824121159304161100, 0.0009999999999997981400 ) ) ;
#1283 = DIRECTION ( 'NONE',  ( 0.0000000000000000000, -1.000000000000000000, 0.0000000000000000000 ) ) ;
#1284 = DIRECTION ( 'NONE',  ( 0.0000000000000000000, 0.0000000000000000000, -1.000000000000000000 ) ) ;
#1285 = CARTESIAN_POINT ( 'NONE',  ( -1.001125366774816800, 1.173121159304160400, -0.7094999999999910300 ) ) ;
#1286 = CARTESIAN_POINT ( 'NONE',  ( -8.039359836777358700E-017, 2.464121159304160500, 0.2559999999999997800 ) ) ;
#1287 = CARTESIAN_POINT ( 'NONE',  ( -8.039359836777358700E-017, 2.464121159304160500, 0.0009999999999997981400 ) ) ;
#1288 = DIRECTION ( 'NONE',  ( -0.0000000000000000000, -1.000000000000000000, -0.0000000000000000000 ) ) ;
#1289 = DIRECTION ( 'NONE',  ( 0.0000000000000000000, 0.0000000000000000000, 1.000000000000000000 ) ) ;
#1290 = DIRECTION ( 'NONE',  ( -1.110223024625158300E-016, -1.000000000000000000, 0.0000000000000000000 ) ) ;
#1291 = CARTESIAN_POINT ( 'NONE',  ( -8.039359836777358700E-017, 1.664979023678482900, 0.2649999999990242400 ) ) ;
#1292 = DIRECTION ( 'NONE',  ( 0.0000000000000000000, 0.7071067811865475700, 0.7071067811865474600 ) ) ;
#1293 = CARTESIAN_POINT ( 'NONE',  ( -1.001125366774816800, 1.173121159304160400, -0.4444999999999909600 ) ) ;
#1294 = DIRECTION ( 'NONE',  ( -1.110223024625158300E-016, -1.000000000000000000, 0.0000000000000000000 ) ) ;
#1295 = DIRECTION ( 'NONE',  ( -1.110223024625158300E-016, -1.000000000000000000, 0.0000000000000000000 ) ) ;
#1296 = CARTESIAN_POINT ( 'NONE',  ( -1.001125366774804600, 1.173121159304160400, 0.7115000000000115700 ) ) ;
#1297 = DIRECTION ( 'NONE',  ( -1.110223024625158300E-016, -1.000000000000000000, 0.0000000000000000000 ) ) ;
#1298 = CARTESIAN_POINT ( 'NONE',  ( -1.001125366774804600, 1.173121159304160400, 0.4465000000000115500 ) ) ;
#1299 = CARTESIAN_POINT ( 'NONE',  ( -1.001125366774804600, 0.6731211593041601700, 0.5790000000000116200 ) ) ;
#1300 = DIRECTION ( 'NONE',  ( -1.110223024625158300E-016, -1.000000000000000000, 0.0000000000000000000 ) ) ;
#1301 = DIRECTION ( 'NONE',  ( 0.8660254037844329300, 0.0000000000000000000, -0.5000000000000098800 ) ) ;
#1302 = CARTESIAN_POINT ( 'NONE',  ( -8.039359836777358700E-017, 1.674121159304160700, 0.3119999999999998300 ) ) ;
#1303 = DIRECTION ( 'NONE',  ( 0.0000000000000000000, 1.000000000000000000, 0.0000000000000000000 ) ) ;
#1304 = CARTESIAN_POINT ( 'NONE',  ( -1.001125366774816800, 1.173121159304160400, -0.5769999999999909600 ) ) ;
#1305 = DIRECTION ( 'NONE',  ( -1.110223024625158300E-016, -1.000000000000000000, 0.0000000000000000000 ) ) ;
#1306 = DIRECTION ( 'NONE',  ( 0.8660254037844433700, 0.0000000000000000000, 0.4999999999999919500 ) ) ;
#1307 = DIRECTION ( 'NONE',  ( 0.0000000000000000000, 1.000000000000000000, 0.0000000000000000000 ) ) ;
#1308 = CARTESIAN_POINT ( 'NONE',  ( -1.001125366774804600, 1.173121159304160400, 0.5790000000000116200 ) ) ;
#1309 = DIRECTION ( 'NONE',  ( -1.110223024625158300E-016, -1.000000000000000000, 0.0000000000000000000 ) ) ;
#1310 = DIRECTION ( 'NONE',  ( 0.8660254037844329300, 0.0000000000000000000, -0.5000000000000098800 ) ) ;
#1311 = DIRECTION ( 'NONE',  ( 0.0000000000000000000, 0.7071067811865470200, 0.7071067811865479100 ) ) ;
#1312 = CARTESIAN_POINT ( 'NONE',  ( -8.039359836777358700E-017, 1.474121159304160500, 0.2819999999999998100 ) ) ;
#1313 = CARTESIAN_POINT ( 'NONE',  ( -4.230708291429089400E-017, 1.674121159304160700, -0.3100000000000002200 ) ) ;
#1314 = CARTESIAN_POINT ( 'NONE',  ( -8.039359836777358700E-017, 1.474121159304160500, 0.0009999999999997981400 ) ) ;
#1315 = DIRECTION ( 'NONE',  ( -0.0000000000000000000, -1.000000000000000000, -0.0000000000000000000 ) ) ;
#1316 = DIRECTION ( 'NONE',  ( 0.0000000000000000000, 0.0000000000000000000, 1.000000000000000000 ) ) ;
#1317 = DIRECTION ( 'NONE',  ( 8.659560562354937800E-017, 0.7071067811865470200, -0.7071067811865479100 ) ) ;
#1318 = CARTESIAN_POINT ( 'NONE',  ( -8.039359836777358700E-017, 1.173121159304160200, 0.0009999999999997981400 ) ) ;
#1319 = DIRECTION ( 'NONE',  ( 1.110223024625158300E-016, 1.000000000000000000, 0.0000000000000000000 ) ) ;
#1320 = DIRECTION ( 'NONE',  ( -1.000000000000000000, 0.0000000000000000000, 0.0000000000000000000 ) ) ;
#1321 = CARTESIAN_POINT ( 'NONE',  ( 1.001125366774813000, 0.6731211593041596100, 0.4464999999999975700 ) ) ;
#1322 = CARTESIAN_POINT ( 'NONE',  ( -1.159042865596237300E-016, 3.846121159304161500, -0.1240000000000004200 ) ) ;
#1323 = CARTESIAN_POINT ( 'NONE',  ( -4.598102331173295800E-017, 1.474121159304160500, -0.2800000000000002500 ) ) ;
#1324 = ORIENTED_EDGE ( 'NONE', *, *, #615, .T. ) ;
#1325 = ORIENTED_EDGE ( 'NONE', *, *, #671, .T. ) ;
#1326 = ORIENTED_EDGE ( 'NONE', *, *, #569, .T. ) ;
#1327 = ORIENTED_EDGE ( 'NONE', *, *, #617, .T. ) ;
#1328 = ORIENTED_EDGE ( 'NONE', *, *, #2070, .F. ) ;
#1329 = ORIENTED_EDGE ( 'NONE', *, *, #680, .F. ) ;
#1330 = ORIENTED_EDGE ( 'NONE', *, *, #587, .T. ) ;
#1331 = ORIENTED_EDGE ( 'NONE', *, *, #567, .F. ) ;
#1332 = ORIENTED_EDGE ( 'NONE', *, *, #1534, .T. ) ;
#1333 = ORIENTED_EDGE ( 'NONE', *, *, #661, .T. ) ;
#1334 = ORIENTED_EDGE ( 'NONE', *, *, #2277, .F. ) ;
#1335 = ORIENTED_EDGE ( 'NONE', *, *, #1700, .F. ) ;
#1336 = ORIENTED_EDGE ( 'NONE', *, *, #2277, .T. ) ;
#1337 = ORIENTED_EDGE ( 'NONE', *, *, #648, .F. ) ;
#1338 = ORIENTED_EDGE ( 'NONE', *, *, #2278, .T. ) ;
#1339 = ORIENTED_EDGE ( 'NONE', *, *, #2841, .F. ) ;
#1340 = ORIENTED_EDGE ( 'NONE', *, *, #690, .F. ) ;
#1341 = ORIENTED_EDGE ( 'NONE', *, *, #1704, .T. ) ;
#1342 = ORIENTED_EDGE ( 'NONE', *, *, #591, .F. ) ;
#1343 = ORIENTED_EDGE ( 'NONE', *, *, #584, .F. ) ;
#1344 = ORIENTED_EDGE ( 'NONE', *, *, #604, .T. ) ;
#1345 = ORIENTED_EDGE ( 'NONE', *, *, #606, .T. ) ;
#1346 = ORIENTED_EDGE ( 'NONE', *, *, #2274, .F. ) ;
#1347 = ORIENTED_EDGE ( 'NONE', *, *, #596, .F. ) ;
#1348 = ORIENTED_EDGE ( 'NONE', *, *, #566, .F. ) ;
#1349 = ORIENTED_EDGE ( 'NONE', *, *, #2538, .F. ) ;
#1350 = ORIENTED_EDGE ( 'NONE', *, *, #2662, .T. ) ;
#1351 = ORIENTED_EDGE ( 'NONE', *, *, #605, .T. ) ;
#1352 = ORIENTED_EDGE ( 'NONE', *, *, #2833, .F. ) ;
#1353 = ORIENTED_EDGE ( 'NONE', *, *, #293, .T. ) ;
#1354 = ORIENTED_EDGE ( 'NONE', *, *, #2666, .T. ) ;
#1355 = ORIENTED_EDGE ( 'NONE', *, *, #655, .T. ) ;
#1356 = ORIENTED_EDGE ( 'NONE', *, *, #2667, .F. ) ;
#1357 = ORIENTED_EDGE ( 'NONE', *, *, #1693, .F. ) ;
#1358 = ORIENTED_EDGE ( 'NONE', *, *, #701, .T. ) ;
#1359 = ORIENTED_EDGE ( 'NONE', *, *, #571, .F. ) ;
#1360 = ORIENTED_EDGE ( 'NONE', *, *, #574, .T. ) ;
#1361 = ORIENTED_EDGE ( 'NONE', *, *, #707, .F. ) ;
#1362 = ORIENTED_EDGE ( 'NONE', *, *, #2542, .F. ) ;
#1363 = ORIENTED_EDGE ( 'NONE', *, *, #567, .T. ) ;
#1364 = ORIENTED_EDGE ( 'NONE', *, *, #651, .T. ) ;
#1365 = ORIENTED_EDGE ( 'NONE', *, *, #682, .F. ) ;
#1366 = ORIENTED_EDGE ( 'NONE', *, *, #566, .T. ) ;
#1367 = ORIENTED_EDGE ( 'NONE', *, *, #1542, .F. ) ;
#1368 = ORIENTED_EDGE ( 'NONE', *, *, #610, .F. ) ;
#1369 = ORIENTED_EDGE ( 'NONE', *, *, #2276, .F. ) ;
#1370 = ORIENTED_EDGE ( 'NONE', *, *, #637, .F. ) ;
#1371 = ORIENTED_EDGE ( 'NONE', *, *, #2668, .F. ) ;
#1372 = ORIENTED_EDGE ( 'NONE', *, *, #640, .F. ) ;
#1373 = ORIENTED_EDGE ( 'NONE', *, *, #618, .F. ) ;
#1374 = ORIENTED_EDGE ( 'NONE', *, *, #326, .F. ) ;
#1375 = ORIENTED_EDGE ( 'NONE', *, *, #611, .F. ) ;
#1376 = ORIENTED_EDGE ( 'NONE', *, *, #2280, .F. ) ;
#1377 = ORIENTED_EDGE ( 'NONE', *, *, #1533, .T. ) ;
#1378 = ORIENTED_EDGE ( 'NONE', *, *, #699, .F. ) ;
#1379 = ORIENTED_EDGE ( 'NONE', *, *, #672, .T. ) ;
#1380 = ORIENTED_EDGE ( 'NONE', *, *, #1705, .T. ) ;
#1381 = ORIENTED_EDGE ( 'NONE', *, *, #573, .T. ) ;
#1382 = ORIENTED_EDGE ( 'NONE', *, *, #618, .T. ) ;
#1383 = ORIENTED_EDGE ( 'NONE', *, *, #1539, .F. ) ;
#1384 = ORIENTED_EDGE ( 'NONE', *, *, #2281, .T. ) ;
#1385 = ORIENTED_EDGE ( 'NONE', *, *, #285, .T. ) ;
#1386 = ORIENTED_EDGE ( 'NONE', *, *, #1538, .F. ) ;
#1387 = ORIENTED_EDGE ( 'NONE', *, *, #2660, .F. ) ;
#1388 = ORIENTED_EDGE ( 'NONE', *, *, #2663, .T. ) ;
#1389 = ORIENTED_EDGE ( 'NONE', *, *, #572, .F. ) ;
#1390 = ORIENTED_EDGE ( 'NONE', *, *, #2839, .F. ) ;
#1391 = ORIENTED_EDGE ( 'NONE', *, *, #2665, .T. ) ;
#1392 = ORIENTED_EDGE ( 'NONE', *, *, #660, .T. ) ;
#1393 = ORIENTED_EDGE ( 'NONE', *, *, #1694, .T. ) ;
#1394 = ORIENTED_EDGE ( 'NONE', *, *, #1697, .T. ) ;
#1395 = ORIENTED_EDGE ( 'NONE', *, *, #613, .F. ) ;
#1396 = ORIENTED_EDGE ( 'NONE', *, *, #597, .F. ) ;
#1397 = ORIENTED_EDGE ( 'NONE', *, *, #2832, .F. ) ;
#1398 = ORIENTED_EDGE ( 'NONE', *, *, #2835, .F. ) ;
#1399 = ORIENTED_EDGE ( 'NONE', *, *, #592, .F. ) ;
#1400 = ORIENTED_EDGE ( 'NONE', *, *, #2540, .T. ) ;
#1401 = FACE_OUTER_BOUND ( 'NONE', #1818, .T. ) ;
#1402 = ORIENTED_EDGE ( 'NONE', *, *, #1696, .T. ) ;
#1403 = ORIENTED_EDGE ( 'NONE', *, *, #1912, .F. ) ;
#1404 = CLOSED_SHELL ( 'NONE', ( #37, #18, #1688, #5, #15, #44, #6, #56, #43, #28, #14, #51, #40, #4, #24, #49, #16, #17, #20, #54, #13, #22, #48, #27, #39, #26, #12, #1, #3, #30, #2, #45, #36, #35, #9, #38, #33, #34, #47, #19, #41, #29, #32, #52, #11, #46, #23, #8, #31, #42, #50, #55, #10, #7, #21, #53, #25, #1659, #1665, #1667, #1671, #1682, #1681, #1690, #1686, #1672, #1676, #1673, #1674, #1689, #1669, #1657, #1653, #1646, #1692, #1684, #1648, #1655, #1652, #1651, #1675, #1654, #1662, #1647, #1680, #1691, #1649, #1661, #1687, #1660, #1668, #1685, #1666, #1656, #1677, #1663, #1670, #1678, #1664, #1645, #1683, #1679, #1658 ) ) ;
#1405 = ORIENTED_EDGE ( 'NONE', *, *, #607, .T. ) ;
#1406 = ORIENTED_EDGE ( 'NONE', *, *, #572, .T. ) ;
#1407 = ORIENTED_EDGE ( 'NONE', *, *, #2276, .T. ) ;
#1408 = ORIENTED_EDGE ( 'NONE', *, *, #693, .T. ) ;
#1409 = ORIENTED_EDGE ( 'NONE', *, *, #2069, .T. ) ;
#1410 = ORIENTED_EDGE ( 'NONE', *, *, #2541, .T. ) ;
#1411 = ORIENTED_EDGE ( 'NONE', *, *, #2838, .T. ) ;
#1412 = ORIENTED_EDGE ( 'NONE', *, *, #612, .F. ) ;
#1413 = ORIENTED_EDGE ( 'NONE', *, *, #650, .F. ) ;
#1414 = ORIENTED_EDGE ( 'NONE', *, *, #2279, .F. ) ;
#1415 = ORIENTED_EDGE ( 'NONE', *, *, #1703, .T. ) ;
#1416 = ORIENTED_EDGE ( 'NONE', *, *, #643, .T. ) ;
#1417 = ORIENTED_EDGE ( 'NONE', *, *, #570, .F. ) ;
#1418 = ORIENTED_EDGE ( 'NONE', *, *, #675, .T. ) ;
#1419 = ORIENTED_EDGE ( 'NONE', *, *, #691, .T. ) ;
#1420 = ORIENTED_EDGE ( 'NONE', *, *, #2281, .F. ) ;
#1421 = ORIENTED_EDGE ( 'NONE', *, *, #671, .F. ) ;
#1422 = ORIENTED_EDGE ( 'NONE', *, *, #678, .F. ) ;
#1423 = ORIENTED_EDGE ( 'NONE', *, *, #2070, .T. ) ;
#1424 = ORIENTED_EDGE ( 'NONE', *, *, #668, .T. ) ;
#1425 = ORIENTED_EDGE ( 'NONE', *, *, #581, .T. ) ;
#1426 = ORIENTED_EDGE ( 'NONE', *, *, #695, .F. ) ;
#1427 = ORIENTED_EDGE ( 'NONE', *, *, #703, .F. ) ;
#1428 = ORIENTED_EDGE ( 'NONE', *, *, #2841, .T. ) ;
#1429 = ORIENTED_EDGE ( 'NONE', *, *, #686, .F. ) ;
#1430 = ORIENTED_EDGE ( 'NONE', *, *, #2280, .T. ) ;
#1431 = ORIENTED_EDGE ( 'NONE', *, *, #1913, .T. ) ;
#1432 = ORIENTED_EDGE ( 'NONE', *, *, #2843, .F. ) ;
#1433 = ORIENTED_EDGE ( 'NONE', *, *, #621, .T. ) ;
#1434 = ORIENTED_EDGE ( 'NONE', *, *, #2275, .F. ) ;
#1435 = ORIENTED_EDGE ( 'NONE', *, *, #2275, .T. ) ;
#1436 = ORIENTED_EDGE ( 'NONE', *, *, #1701, .T. ) ;
#1437 = ORIENTED_EDGE ( 'NONE', *, *, #615, .F. ) ;
#1438 = ORIENTED_EDGE ( 'NONE', *, *, #646, .T. ) ;
#1439 = ORIENTED_EDGE ( 'NONE', *, *, #666, .T. ) ;
#1440 = ORIENTED_EDGE ( 'NONE', *, *, #594, .T. ) ;
#1441 = ORIENTED_EDGE ( 'NONE', *, *, #589, .T. ) ;
#1442 = VERTEX_POINT ( 'NONE', #2984 ) ;
#1443 = ORIENTED_EDGE ( 'NONE', *, *, #608, .T. ) ;
#1444 = ORIENTED_EDGE ( 'NONE', *, *, #1695, .F. ) ;
#1445 = DIRECTION ( 'NONE',  ( -1.110223024625158300E-016, -1.000000000000000000, 0.0000000000000000000 ) ) ;
#1446 = CARTESIAN_POINT ( 'NONE',  ( -2.693810101510244500E-047, 1.052269570902439400E-047, 0.0009999999999997981400 ) ) ;
#1447 = DIRECTION ( 'NONE',  ( -1.110223024625158300E-016, -1.000000000000000000, 0.0000000000000000000 ) ) ;
#1448 = DIRECTION ( 'NONE',  ( 0.0000000000000000000, 0.0000000000000000000, 1.000000000000000000 ) ) ;
#1449 = CARTESIAN_POINT ( 'NONE',  ( -1.001125366774816800, 1.173121159304160400, -0.5769999999999909600 ) ) ;
#1450 = CARTESIAN_POINT ( 'NONE',  ( -7.942062243231884200E-015, 1.173121159304159900, -1.155000000000000500 ) ) ;
#1451 = CARTESIAN_POINT ( 'NONE',  ( -8.039359836777358700E-017, 1.622121159304160700, 0.0009999999999997981400 ) ) ;
#1452 = DIRECTION ( 'NONE',  ( 0.0000000000000000000, 0.0000000000000000000, 1.000000000000000000 ) ) ;
#1453 = DIRECTION ( 'NONE',  ( 0.0000000000000000000, 0.0000000000000000000, -1.000000000000000000 ) ) ;
#1454 = DIRECTION ( 'NONE',  ( 0.0000000000000000000, 0.0000000000000000000, 1.000000000000000000 ) ) ;
#1455 = CARTESIAN_POINT ( 'NONE',  ( -1.001125366774804600, 1.173121159304160400, 0.5790000000000116200 ) ) ;
#1456 = CARTESIAN_POINT ( 'NONE',  ( -0.8249999999999998400, 0.7241211593041599900, 0.0009999999999997981400 ) ) ;
#1457 = CARTESIAN_POINT ( 'NONE',  ( -8.039359836777358700E-017, 1.654121159304160900, 0.0009999999999997981400 ) ) ;
#1458 = DIRECTION ( 'NONE',  ( 0.0000000000000000000, 1.000000000000000000, 0.0000000000000000000 ) ) ;
#1459 = CARTESIAN_POINT ( 'NONE',  ( -1.159042865596237300E-016, 3.846121159304161500, 0.0009999999999997020800 ) ) ;
#1460 = CARTESIAN_POINT ( 'NONE',  ( -1.001125366774804600, 1.173121159304160400, 0.5790000000000116200 ) ) ;
#1461 = DIRECTION ( 'NONE',  ( -1.110223024625158300E-016, -1.000000000000000000, 0.0000000000000000000 ) ) ;
#1462 = DIRECTION ( 'NONE',  ( -1.110223024625158300E-016, -1.000000000000000000, 0.0000000000000000000 ) ) ;
#1463 = DIRECTION ( 'NONE',  ( 0.0000000000000000000, 0.0000000000000000000, -1.000000000000000000 ) ) ;
#1464 = DIRECTION ( 'NONE',  ( 0.0000000000000000000, 0.0000000000000000000, -1.000000000000000000 ) ) ;
#1465 = DIRECTION ( 'NONE',  ( -0.0000000000000000000, -1.000000000000000000, -0.0000000000000000000 ) ) ;
#1466 = DIRECTION ( 'NONE',  ( 0.0000000000000000000, 0.0000000000000000000, -1.000000000000000000 ) ) ;
#1467 = DIRECTION ( 'NONE',  ( 0.0000000000000000000, 0.0000000000000000000, -1.000000000000000000 ) ) ;
#1468 = CARTESIAN_POINT ( 'NONE',  ( -2.693810101510244500E-047, 1.052269570902439400E-047, 0.0009999999999997981400 ) ) ;
#1469 = DIRECTION ( 'NONE',  ( 0.0000000000000000000, 0.0000000000000000000, -1.000000000000000000 ) ) ;
#1470 = DIRECTION ( 'NONE',  ( -1.110223024625158300E-016, -1.000000000000000000, 0.0000000000000000000 ) ) ;
#1471 = CARTESIAN_POINT ( 'NONE',  ( -8.039359836777358700E-017, 2.358621159304160800, 0.0009999999999997163900 ) ) ;
#1472 = DIRECTION ( 'NONE',  ( -1.110223024625158300E-016, -1.000000000000000000, 0.0000000000000000000 ) ) ;
#1473 = DIRECTION ( 'NONE',  ( 0.0000000000000000000, 0.0000000000000000000, -1.000000000000000000 ) ) ;
#1474 = DIRECTION ( 'NONE',  ( -1.881859469626396500E-017, -1.000000000000000000, -5.090600643806248800E-017 ) ) ;
#1475 = DIRECTION ( 'NONE',  ( -1.110223024625158300E-016, -1.000000000000000000, -0.0000000000000000000 ) ) ;
#1476 = CARTESIAN_POINT ( 'NONE',  ( -8.039359836777358700E-017, 2.619121159304161200, 0.0009999999999997981400 ) ) ;
#1477 = PLANE ( 'NONE',  #1556 ) ;
#1478 = DIRECTION ( 'NONE',  ( -2.207906407026225000E-035, 1.000000000000000000, -1.473117160979158800E-031 ) ) ;
#1479 = DIRECTION ( 'NONE',  ( 0.0000000000000000000, 1.000000000000000000, 0.0000000000000000000 ) ) ;
#1480 = DIRECTION ( 'NONE',  ( 0.0000000000000000000, 0.0000000000000000000, -1.000000000000000000 ) ) ;
#1481 = DIRECTION ( 'NONE',  ( 0.0000000000000000000, 0.0000000000000000000, -1.000000000000000000 ) ) ;
#1482 = CARTESIAN_POINT ( 'NONE',  ( 0.2349999999999999300, 2.774121159304161500, 0.0009999999999997981400 ) ) ;
#1483 = DIRECTION ( 'NONE',  ( -2.207906407025408400E-035, -1.473117160979158800E-031, -1.000000000000000000 ) ) ;
#1484 = DIRECTION ( 'NONE',  ( 1.000000000000000000, 0.0000000000000000000, 0.0000000000000000000 ) ) ;
#1485 = CARTESIAN_POINT ( 'NONE',  ( -8.039359836777358700E-017, 2.774121159304161500, 0.0009999999999997981400 ) ) ;
#1486 = DIRECTION ( 'NONE',  ( 2.207906407026225000E-035, -1.000000000000000000, 1.473117160979158800E-031 ) ) ;
#1487 = DIRECTION ( 'NONE',  ( 0.0000000000000000000, 0.0000000000000000000, 1.000000000000000000 ) ) ;
#1488 = CARTESIAN_POINT ( 'NONE',  ( -8.039359836777358700E-017, 2.784121159304161300, 0.0009999999999997981400 ) ) ;
#1489 = DIRECTION ( 'NONE',  ( -2.207906407026225200E-035, 1.000000000000000000, -1.473117160979158800E-031 ) ) ;
#1490 = DIRECTION ( 'NONE',  ( 0.0000000000000000000, 0.0000000000000000000, 1.000000000000000000 ) ) ;
#1491 = CARTESIAN_POINT ( 'NONE',  ( 0.2049999999999999000, 2.744121159304160800, 0.0009999999999997729900 ) ) ;
#1492 = DIRECTION ( 'NONE',  ( 1.224646799147353200E-016, 1.473117160979158800E-031, 1.000000000000000000 ) ) ;
#1493 = DIRECTION ( 'NONE',  ( 1.000000000000000000, 0.0000000000000000000, -1.244982809612620300E-016 ) ) ;
#1494 = CARTESIAN_POINT ( 'NONE',  ( -8.039359836777358700E-017, 2.774121159304161500, 0.0009999999999997981400 ) ) ;
#1495 = DIRECTION ( 'NONE',  ( 2.207906407026225000E-035, -1.000000000000000000, 1.473117160979158800E-031 ) ) ;
#1496 = DIRECTION ( 'NONE',  ( 0.0000000000000000000, 0.0000000000000000000, 1.000000000000000000 ) ) ;
#1497 = CARTESIAN_POINT ( 'NONE',  ( -8.039359836777358700E-017, 2.744121159304160800, 0.0009999999999997981400 ) ) ;
#1498 = DIRECTION ( 'NONE',  ( -2.207906407026225000E-035, 1.000000000000000000, -1.473117160979158800E-031 ) ) ;
#1499 = DIRECTION ( 'NONE',  ( -1.000000000000000000, 0.0000000000000000000, 0.0000000000000000000 ) ) ;
#1500 = DIRECTION ( 'NONE',  ( -2.207906407026225200E-035, 1.000000000000000000, -1.473117160979158800E-031 ) ) ;
#1501 = CARTESIAN_POINT ( 'NONE',  ( -8.039359836777358700E-017, 2.774121159304161500, 0.0009999999999997981400 ) ) ;
#1502 = DIRECTION ( 'NONE',  ( -2.207906407026225200E-035, 1.000000000000000000, -1.473117160979158800E-031 ) ) ;
#1503 = DIRECTION ( 'NONE',  ( 0.0000000000000000000, 0.0000000000000000000, 1.000000000000000000 ) ) ;
#1504 = DIRECTION ( 'NONE',  ( 0.0000000000000000000, 1.000000000000000000, 0.0000000000000000000 ) ) ;
#1505 = CARTESIAN_POINT ( 'NONE',  ( -1.358896341270560300E-016, 2.784121159304161300, 0.0009999999999996480900 ) ) ;
#1506 = DIRECTION ( 'NONE',  ( -1.881859469626396500E-017, -1.000000000000000000, -5.090600643806248800E-017 ) ) ;
#1507 = DIRECTION ( 'NONE',  ( 0.0000000000000000000, 0.0000000000000000000, -1.000000000000000000 ) ) ;
#1508 = CARTESIAN_POINT ( 'NONE',  ( -0.2420000000000000800, 1.622121159304160700, 0.0009999999999997684400 ) ) ;
#1509 = DIRECTION ( 'NONE',  ( -1.224646799147353200E-016, 0.0000000000000000000, 1.000000000000000000 ) ) ;
#1510 = DIRECTION ( 'NONE',  ( -1.000000000000000000, 0.0000000000000000000, -1.208856076297968400E-016 ) ) ;
#1511 = CARTESIAN_POINT ( 'NONE',  ( -5.038975178866343200E-017, 2.619121159304161200, -0.2440000000000001900 ) ) ;
#1512 = CARTESIAN_POINT ( 'NONE',  ( -8.039359836777358700E-017, 1.653929177161298700, 0.0009999999999997981400 ) ) ;
#1513 = DIRECTION ( 'NONE',  ( 0.0000000000000000000, 1.000000000000000000, 0.0000000000000000000 ) ) ;
#1514 = DIRECTION ( 'NONE',  ( 1.000000000000000000, 0.0000000000000000000, 0.0000000000000000000 ) ) ;
#1515 = CARTESIAN_POINT ( 'NONE',  ( -8.039359836777358700E-017, 1.674121159304160700, 0.2759999999999999100 ) ) ;
#1516 = CARTESIAN_POINT ( 'NONE',  ( -8.039359836777358700E-017, 2.784121159304161300, 0.0009999999999997981400 ) ) ;
#1517 = DIRECTION ( 'NONE',  ( -1.881859469626399500E-017, -1.000000000000000000, -5.090600643806250700E-017 ) ) ;
#1518 = DIRECTION ( 'NONE',  ( 0.0000000000000000000, 0.0000000000000000000, -1.000000000000000000 ) ) ;
#1519 = DIRECTION ( 'NONE',  ( -1.881859469626399500E-017, -1.000000000000000000, -5.090600643806250700E-017 ) ) ;
#1520 = CARTESIAN_POINT ( 'NONE',  ( -7.922684549660521700E-017, 2.846121159304161100, -0.1865000000000002200 ) ) ;
#1521 = CARTESIAN_POINT ( 'NONE',  ( -8.039359836777358700E-017, 0.7241211593041606600, 0.0009999999999997981400 ) ) ;
#1522 = DIRECTION ( 'NONE',  ( 0.0000000000000000000, 1.000000000000000000, 0.0000000000000000000 ) ) ;
#1523 = DIRECTION ( 'NONE',  ( 0.0000000000000000000, 0.0000000000000000000, 1.000000000000000000 ) ) ;
#1524 = CARTESIAN_POINT ( 'NONE',  ( -8.039359836777358700E-017, 2.619121159304161200, 0.2459999999999997700 ) ) ;
#1525 = CARTESIAN_POINT ( 'NONE',  ( -8.039359836777358700E-017, 2.774121159304161500, 0.0009999999999997981400 ) ) ;
#1526 = DIRECTION ( 'NONE',  ( 2.207906407026225000E-035, -1.000000000000000000, 1.473117160979158800E-031 ) ) ;
#1527 = DIRECTION ( 'NONE',  ( 0.0000000000000000000, 0.0000000000000000000, 1.000000000000000000 ) ) ;
#1528 = CARTESIAN_POINT ( 'NONE',  ( -4.671581139122136200E-017, 1.674121159304160700, -0.2740000000000003500 ) ) ;
#1529 = DIRECTION ( 'NONE',  ( -2.207906407026225200E-035, 1.000000000000000000, -1.473117160979158800E-031 ) ) ;
#1530 = CARTESIAN_POINT ( 'NONE',  ( -1.159042865596237300E-016, 3.846121159304161500, -0.1240000000000004200 ) ) ;
#1531 = DIRECTION ( 'NONE',  ( -1.881859469626396500E-017, -1.000000000000000000, -5.090600643806248200E-017 ) ) ;
#1532 = DIRECTION ( 'NONE',  ( 0.0000000000000000000, 1.000000000000000000, 0.0000000000000000000 ) ) ;
#1533 = EDGE_CURVE ( 'NONE', #916, #945, #2592, .T. ) ;
#1534 = EDGE_CURVE ( 'NONE', #833, #791, #2594, .T. ) ;
#1535 = EDGE_CURVE ( 'NONE', #879, #731, #2589, .T. ) ;
#1536 = EDGE_CURVE ( 'NONE', #731, #849, #2593, .T. ) ;
#1537 = EDGE_CURVE ( 'NONE', #745, #849, #2076, .T. ) ;
#1538 = EDGE_CURVE ( 'NONE', #879, #745, #2073, .T. ) ;
#1539 = EDGE_CURVE ( 'NONE', #731, #879, #2075, .T. ) ;
#1540 = EDGE_CURVE ( 'NONE', #839, #937, #2078, .T. ) ;
#1541 = EDGE_CURVE ( 'NONE', #1862, #937, #2582, .T. ) ;
#1542 = EDGE_CURVE ( 'NONE', #1819, #1862, #2584, .T. ) ;
#1543 = EDGE_CURVE ( 'NONE', #839, #793, #2585, .T. ) ;
#1544 = EDGE_CURVE ( 'NONE', #1902, #908, #277, .T. ) ;
#1545 = AXIS2_PLACEMENT_3D ( 'NONE', #64, #68, #73 ) ;
#1546 = AXIS2_PLACEMENT_3D ( 'NONE', #2267, #2271, #2270 ) ;
#1547 = AXIS2_PLACEMENT_3D ( 'NONE', #2269, #2265, #2268 ) ;
#1548 = AXIS2_PLACEMENT_3D ( 'NONE', #1450, #1470, #1464 ) ;
#1549 = AXIS2_PLACEMENT_3D ( 'NONE', #1476, #1478, #1448 ) ;
#1550 = AXIS2_PLACEMENT_3D ( 'NONE', #1459, #1474, #1469 ) ;
#1551 = AXIS2_PLACEMENT_3D ( 'NONE', #1457, #1458, #1454 ) ;
#1552 = AXIS2_PLACEMENT_3D ( 'NONE', #1460, #1447, #1473 ) ;
#1553 = AXIS2_PLACEMENT_3D ( 'NONE', #1468, #1462, #1466 ) ;
#1554 = AXIS2_PLACEMENT_3D ( 'NONE', #1446, #1461, #1467 ) ;
#1555 = AXIS2_PLACEMENT_3D ( 'NONE', #1449, #1445, #1463 ) ;
#1556 = AXIS2_PLACEMENT_3D ( 'NONE', #1456, #1475, #1453 ) ;
#1557 = AXIS2_PLACEMENT_3D ( 'NONE', #1455, #1472, #1480 ) ;
#1558 = AXIS2_PLACEMENT_3D ( 'NONE', #1471, #1479, #1452 ) ;
#1559 = AXIS2_PLACEMENT_3D ( 'NONE', #61, #69, #58 ) ;
#1560 = AXIS2_PLACEMENT_3D ( 'NONE', #78, #60, #83 ) ;
#1561 = AXIS2_PLACEMENT_3D ( 'NONE', #88, #77, #65 ) ;
#1562 = AXIS2_PLACEMENT_3D ( 'NONE', #86, #82, #66 ) ;
#1563 = AXIS2_PLACEMENT_3D ( 'NONE', #308, #316, #306 ) ;
#1564 = AXIS2_PLACEMENT_3D ( 'NONE', #295, #296, #321 ) ;
#1565 = AXIS2_PLACEMENT_3D ( 'NONE', #302, #311, #307 ) ;
#1566 = AXIS2_PLACEMENT_3D ( 'NONE', #315, #317, #318 ) ;
#1567 = AXIS2_PLACEMENT_3D ( 'NONE', #538, #539, #540 ) ;
#1568 = AXIS2_PLACEMENT_3D ( 'NONE', #299, #312, #322 ) ;
#1569 = AXIS2_PLACEMENT_3D ( 'NONE', #297, #309, #319 ) ;
#1570 = AXIS2_PLACEMENT_3D ( 'NONE', #555, #550, #557 ) ;
#1571 = AXIS2_PLACEMENT_3D ( 'NONE', #301, #294, #298 ) ;
#1572 = AXIS2_PLACEMENT_3D ( 'NONE', #310, #323, #314 ) ;
#1573 = AXIS2_PLACEMENT_3D ( 'NONE', #304, #313, #300 ) ;
#1574 = AXIS2_PLACEMENT_3D ( 'NONE', #549, #553, #551 ) ;
#1575 = AXIS2_PLACEMENT_3D ( 'NONE', #544, #548, #547 ) ;
#1576 = AXIS2_PLACEMENT_3D ( 'NONE', #535, #545, #546 ) ;
#1577 = AXIS2_PLACEMENT_3D ( 'NONE', #558, #556, #536 ) ;
#1578 = AXIS2_PLACEMENT_3D ( 'NONE', #542, #541, #534 ) ;
#1579 = AXIS2_PLACEMENT_3D ( 'NONE', #3157, #3160, #3146 ) ;
#1580 = AXIS2_PLACEMENT_3D ( 'NONE', #554, #532, #543 ) ;
#1581 = AXIS2_PLACEMENT_3D ( 'NONE', #3142, #3141, #3153 ) ;
#1582 = AXIS2_PLACEMENT_3D ( 'NONE', #3163, #3151, #3150 ) ;
#1583 = AXIS2_PLACEMENT_3D ( 'NONE', #3155, #1196, #1191 ) ;
#1584 = AXIS2_PLACEMENT_3D ( 'NONE', #1199, #1179, #1187 ) ;
#1585 = AXIS2_PLACEMENT_3D ( 'NONE', #1189, #1188, #1182 ) ;
#1586 = AXIS2_PLACEMENT_3D ( 'NONE', #1195, #1177, #1181 ) ;
#1587 = AXIS2_PLACEMENT_3D ( 'NONE', #1194, #1178, #1197 ) ;
#1588 = AXIS2_PLACEMENT_3D ( 'NONE', #1190, #1180, #1193 ) ;
#1589 = AXIS2_PLACEMENT_3D ( 'NONE', #101, #92, #93 ) ;
#1590 = AXIS2_PLACEMENT_3D ( 'NONE', #1186, #1192, #1176 ) ;
#1591 = AXIS2_PLACEMENT_3D ( 'NONE', #1205, #1206, #1204 ) ;
#1592 = AXIS2_PLACEMENT_3D ( 'NONE', #1208, #1213, #1201 ) ;
#1593 = AXIS2_PLACEMENT_3D ( 'NONE', #1210, #1207, #1212 ) ;
#1594 = AXIS2_PLACEMENT_3D ( 'NONE', #1200, #1202, #1209 ) ;
#1595 = AXIS2_PLACEMENT_3D ( 'NONE', #99, #91, #90 ) ;
#1596 = AXIS2_PLACEMENT_3D ( 'NONE', #95, #96, #97 ) ;
#1597 = AXIS2_PLACEMENT_3D ( 'NONE', #978, #981, #979 ) ;
#1598 = AXIS2_PLACEMENT_3D ( 'NONE', #564, #561, #562 ) ;
#1599 = AXIS2_PLACEMENT_3D ( 'NONE', #89, #102, #94 ) ;
#1600 = AXIS2_PLACEMENT_3D ( 'NONE', #3221, #3199, #3224 ) ;
#1601 = AXIS2_PLACEMENT_3D ( 'NONE', #563, #560, #559 ) ;
#1602 = AXIS2_PLACEMENT_3D ( 'NONE', #2085, #2082, #2081 ) ;
#1603 = AXIS2_PLACEMENT_3D ( 'NONE', #2084, #2083, #576 ) ;
#1604 = AXIS2_PLACEMENT_3D ( 'NONE', #578, #580, #1172 ) ;
#1605 = AXIS2_PLACEMENT_3D ( 'NONE', #1175, #1170, #1173 ) ;
#1606 = AXIS2_PLACEMENT_3D ( 'NONE', #3039, #3041, #3040 ) ;
#1607 = AXIS2_PLACEMENT_3D ( 'NONE', #1214, #1211, #1203 ) ;
#1608 = AXIS2_PLACEMENT_3D ( 'NONE', #1451, #1465, #351 ) ;
#1609 = AXIS2_PLACEMENT_3D ( 'NONE', #348, #359, #350 ) ;
#1610 = AXIS2_PLACEMENT_3D ( 'NONE', #331, #337, #346 ) ;
#1611 = AXIS2_PLACEMENT_3D ( 'NONE', #3110, #3111, #3112 ) ;
#1612 = AXIS2_PLACEMENT_3D ( 'NONE', #3113, #3114, #3115 ) ;
#1613 = AXIS2_PLACEMENT_3D ( 'NONE', #3116, #3117, #3118 ) ;
#1614 = AXIS2_PLACEMENT_3D ( 'NONE', #3120, #3121, #3122 ) ;
#1615 = AXIS2_PLACEMENT_3D ( 'NONE', #3124, #3125, #3126 ) ;
#1616 = AXIS2_PLACEMENT_3D ( 'NONE', #3129, #3130, #3131 ) ;
#1617 = AXIS2_PLACEMENT_3D ( 'NONE', #3135, #3136, #3137 ) ;
#1618 = AXIS2_PLACEMENT_3D ( 'NONE', #1784, #1785, #1481 ) ;
#1619 = AXIS2_PLACEMENT_3D ( 'NONE', #1482, #1483, #1484 ) ;
#1620 = AXIS2_PLACEMENT_3D ( 'NONE', #1485, #1486, #1487 ) ;
#1621 = AXIS2_PLACEMENT_3D ( 'NONE', #1488, #1489, #1490 ) ;
#1622 = AXIS2_PLACEMENT_3D ( 'NONE', #1491, #1492, #1493 ) ;
#1623 = AXIS2_PLACEMENT_3D ( 'NONE', #1494, #1495, #1496 ) ;
#1624 = AXIS2_PLACEMENT_3D ( 'NONE', #1497, #1498, #1499 ) ;
#1625 = AXIS2_PLACEMENT_3D ( 'NONE', #1501, #1502, #1503 ) ;
#1626 = AXIS2_PLACEMENT_3D ( 'NONE', #1505, #1506, #1507 ) ;
#1627 = AXIS2_PLACEMENT_3D ( 'NONE', #1508, #1509, #1510 ) ;
#1628 = AXIS2_PLACEMENT_3D ( 'NONE', #1512, #1513, #1514 ) ;
#1629 = AXIS2_PLACEMENT_3D ( 'NONE', #1516, #1517, #1518 ) ;
#1630 = AXIS2_PLACEMENT_3D ( 'NONE', #1521, #1522, #1523 ) ;
#1631 = AXIS2_PLACEMENT_3D ( 'NONE', #1525, #1526, #1527 ) ;
#1632 = AXIS2_PLACEMENT_3D ( 'NONE', #1783, #2147, #2148 ) ;
#1633 = AXIS2_PLACEMENT_3D ( 'NONE', #2151, #2152, #2153 ) ;
#1634 = AXIS2_PLACEMENT_3D ( 'NONE', #2156, #2157, #2158 ) ;
#1635 = AXIS2_PLACEMENT_3D ( 'NONE', #2159, #2160, #2161 ) ;
#1636 = AXIS2_PLACEMENT_3D ( 'NONE', #2162, #2163, #2164 ) ;
#1637 = AXIS2_PLACEMENT_3D ( 'NONE', #2165, #2166, #2167 ) ;
#1638 = AXIS2_PLACEMENT_3D ( 'NONE', #2168, #2169, #2170 ) ;
#1639 = AXIS2_PLACEMENT_3D ( 'NONE', #2173, #2174, #2175 ) ;
#1640 = AXIS2_PLACEMENT_3D ( 'NONE', #2177, #2178, #2179 ) ;
#1641 = AXIS2_PLACEMENT_3D ( 'NONE', #2181, #2182, #2183 ) ;
#1642 = AXIS2_PLACEMENT_3D ( 'NONE', #2187, #2188, #2189 ) ;
#1643 = AXIS2_PLACEMENT_3D ( 'NONE', #2192, #2193, #2194 ) ;
#1644 = AXIS2_PLACEMENT_3D ( 'NONE', #2197, #2318, #2319 ) ;
#1645 = ADVANCED_FACE ( 'NONE', ( #2583, #2580 ), #112, .F. ) ;
#1646 = ADVANCED_FACE ( 'NONE', ( #2567 ), #2598, .T. ) ;
#1647 = ADVANCED_FACE ( 'NONE', ( #3029, #2550 ), #122, .T. ) ;
#1648 = ADVANCED_FACE ( 'NONE', ( #2564, #2309 ), #121, .F. ) ;
#1649 = ADVANCED_FACE ( 'NONE', ( #3060 ), #2672, .T. ) ;
#1650 = DIMENSIONAL_EXPONENTS ( 1.000000000000000000, 0.0000000000000000000, 0.0000000000000000000, 0.0000000000000000000, 0.0000000000000000000, 0.0000000000000000000, 0.0000000000000000000 ) ;
#1651 = ADVANCED_FACE ( 'NONE', ( #2074 ), #959, .T. ) ;
#1652 = ADVANCED_FACE ( 'NONE', ( #3057, #3034 ), #136, .T. ) ;
#1653 = ADVANCED_FACE ( 'NONE', ( #2077, #2556 ), #135, .T. ) ;
#1654 = ADVANCED_FACE ( 'NONE', ( #2597, #2686 ), #140, .T. ) ;
#1655 = ADVANCED_FACE ( 'NONE', ( #2296 ), #2691, .T. ) ;
#1656 = ADVANCED_FACE ( 'NONE', ( #2689, #2692 ), #151, .T. ) ;
#1657 = ADVANCED_FACE ( 'NONE', ( #2687 ), #2695, .T. ) ;
#1658 = ADVANCED_FACE ( 'NONE', ( #2693 ), #2697, .F. ) ;
#1659 = ADVANCED_FACE ( 'NONE', ( #2690 ), #160, .F. ) ;
#1660 = ADVANCED_FACE ( 'NONE', ( #2694 ), #2700, .F. ) ;
#1661 = ADVANCED_FACE ( 'NONE', ( #2698 ), #167, .F. ) ;
#1662 = ADVANCED_FACE ( 'NONE', ( #2696 ), #2703, .T. ) ;
#1663 = ADVANCED_FACE ( 'NONE', ( #2701, #2704 ), #175, .T. ) ;
#1664 = ADVANCED_FACE ( 'NONE', ( #2688 ), #2707, .F. ) ;
#1665 = ADVANCED_FACE ( 'NONE', ( #2705 ), #181, .F. ) ;
#1666 = ADVANCED_FACE ( 'NONE', ( #2699 ), #2710, .F. ) ;
#1667 = ADVANCED_FACE ( 'NONE', ( #2708 ), #188, .F. ) ;
#1668 = ADVANCED_FACE ( 'NONE', ( #2706, #2712 ), #190, .T. ) ;
#1669 = ADVANCED_FACE ( 'NONE', ( #2711 ), #2717, .F. ) ;
#1670 = ADVANCED_FACE ( 'NONE', ( #2713 ), #2702, .T. ) ;
#1671 = ADVANCED_FACE ( 'NONE', ( #2709 ), #2719, .T. ) ;
#1672 = ADVANCED_FACE ( 'NONE', ( #2715 ), #2721, .T. ) ;
#1673 = ADVANCED_FACE ( 'NONE', ( #2716 ), #2723, .T. ) ;
#1674 = ADVANCED_FACE ( 'NONE', ( #2714 ), #2726, .T. ) ;
#1675 = ADVANCED_FACE ( 'NONE', ( #2718 ), #714, .T. ) ;
#1676 = ADVANCED_FACE ( 'NONE', ( #2727 ), #2729, .T. ) ;
#1677 = ADVANCED_FACE ( 'NONE', ( #2722 ), #2724, .F. ) ;
#1678 = ADVANCED_FACE ( 'NONE', ( #2725 ), #713, .F. ) ;
#1679 = ADVANCED_FACE ( 'NONE', ( #2732, #2728 ), #1957, .F. ) ;
#1680 = ADVANCED_FACE ( 'NONE', ( #2731 ), #2735, .T. ) ;
#1681 = ADVANCED_FACE ( 'NONE', ( #2733 ), #2739, .F. ) ;
#1682 = ADVANCED_FACE ( 'NONE', ( #2730, #2734 ), #1967, .F. ) ;
#1683 = ADVANCED_FACE ( 'NONE', ( #2720 ), #2740, .F. ) ;
#1684 = ADVANCED_FACE ( 'NONE', ( #2736 ), #2741, .T. ) ;
#1685 = ADVANCED_FACE ( 'NONE', ( #2738 ), #2848, .F. ) ;
#1686 = ADVANCED_FACE ( 'NONE', ( #2744, #2737 ), #1993, .F. ) ;
#1687 = ADVANCED_FACE ( 'NONE', ( #2743, #2746 ), #1992, .F. ) ;
#1688 = ADVANCED_FACE ( 'NONE', ( #2745 ), #2846, .T. ) ;
#1689 = ADVANCED_FACE ( 'NONE', ( #2750, #2747 ), #2017, .T. ) ;
#1690 = ADVANCED_FACE ( 'NONE', ( #2749 ), #2753, .T. ) ;
#1691 = ADVANCED_FACE ( 'NONE', ( #2751 ), #2023, .T. ) ;
#1692 = ADVANCED_FACE ( 'NONE', ( #2742, #2755 ), #2025, .T. ) ;
#1693 = EDGE_CURVE ( 'NONE', #1804, #940, #2748, .T. ) ;
#1694 = EDGE_CURVE ( 'NONE', #794, #939, #2756, .T. ) ;
#1695 = EDGE_CURVE ( 'NONE', #790, #939, #2754, .T. ) ;
#1696 = EDGE_CURVE ( 'NONE', #787, #921, #2757, .T. ) ;
#1697 = EDGE_CURVE ( 'NONE', #771, #794, #2752, .T. ) ;
#1698 = EDGE_CURVE ( 'NONE', #918, #1442, #2760, .T. ) ;
#1699 = EDGE_CURVE ( 'NONE', #832, #898, #2759, .T. ) ;
#1700 = EDGE_CURVE ( 'NONE', #769, #796, #2763, .T. ) ;
#1701 = EDGE_CURVE ( 'NONE', #899, #1442, #2762, .T. ) ;
#1702 = EDGE_CURVE ( 'NONE', #805, #835, #2767, .T. ) ;
#1703 = EDGE_CURVE ( 'NONE', #1848, #723, #2769, .T. ) ;
#1704 = EDGE_CURVE ( 'NONE', #835, #734, #2770, .T. ) ;
#1705 = EDGE_CURVE ( 'NONE', #742, #832, #2771, .T. ) ;
#1706 = CARTESIAN_POINT ( 'NONE',  ( -0.2031961775571285700, 2.774121159304161500, -0.03124777584996777200 ) ) ;
#1707 = CARTESIAN_POINT ( 'NONE',  ( -0.1979497463478082100, 2.774121159304161000, -0.05305518384046534200 ) ) ;
#1708 = CARTESIAN_POINT ( 'NONE',  ( -0.1945402632103893900, 2.774121159304160600, -0.06380769669667206400 ) ) ;
#1709 = CARTESIAN_POINT ( 'NONE',  ( -0.1926389547584904100, 2.774121159304161500, -0.06914615534001496100 ) ) ;
#1710 = CARTESIAN_POINT ( 'NONE',  ( -0.1917819868041359700, 2.774121159304161900, -0.07142596666185607700 ) ) ;
#1711 = CARTESIAN_POINT ( 'NONE',  ( -0.1912013145067953100, 2.774121159304161900, -0.07294404098190440700 ) ) ;
#1712 = CARTESIAN_POINT ( 'NONE',  ( -0.1909249556477101400, 2.774121159304161900, -0.07365503676940353400 ) ) ;
#1713 = CARTESIAN_POINT ( 'NONE',  ( -0.1880597702785036200, 2.774121159304161500, -0.08089444498642889300 ) ) ;
#1714 = CARTESIAN_POINT ( 'NONE',  ( -0.1837718314592856900, 2.774121159304161900, -0.09031054012908372500 ) ) ;
#1715 = CARTESIAN_POINT ( 'NONE',  ( -0.1787823551496541000, 2.774121159304161900, -0.09937196155167020400 ) ) ;
#1716 = CARTESIAN_POINT ( 'NONE',  ( -0.1753001403898078200, 2.774121159304161900, -0.1053340927844903700 ) ) ;
#1717 = CARTESIAN_POINT ( 'NONE',  ( -0.1735179224662002100, 2.774121159304161000, -0.1082193912268432500 ) ) ;
#1718 = CARTESIAN_POINT ( 'NONE',  ( -0.1638487091343167600, 2.774121159304161500, -0.1230124323123989000 ) ) ;
#1719 = CARTESIAN_POINT ( 'NONE',  ( -0.1549531010068586600, 2.774121159304161500, -0.1339586115659020200 ) ) ;
#1720 = CARTESIAN_POINT ( 'NONE',  ( -0.1399587847114342200, 2.774121159304161000, -0.1489560294319125800 ) ) ;
#1721 = CARTESIAN_POINT ( 'NONE',  ( -0.1321128443001671500, 2.774121159304162800, -0.1560337826054880300 ) ) ;
#1722 = CARTESIAN_POINT ( 'NONE',  ( -0.1237437304935676400, 2.774121159304161500, -0.1624801021399182300 ) ) ;
#1723 = CARTESIAN_POINT ( 'NONE',  ( -0.1180480605346497200, 2.774121159304161000, -0.1666373299097285400 ) ) ;
#1724 = CARTESIAN_POINT ( 'NONE',  ( -0.1150741000067358700, 2.774121159304161900, -0.1686902482206786000 ) ) ;
#1725 = CARTESIAN_POINT ( 'NONE',  ( -0.1063857983183912100, 2.774121159304161000, -0.1743717429581139700 ) ) ;
#1726 = CARTESIAN_POINT ( 'NONE',  ( -0.09745182447624754800, 2.774121159304160600, -0.1795903055665783500 ) ) ;
#1727 = CARTESIAN_POINT ( 'NONE',  ( -0.08659892872459848400, 2.774121159304161000, -0.1848684973840880000 ) ) ;
#1728 = CARTESIAN_POINT ( 'NONE',  ( -0.08185556063050290800, 2.774121159304162800, -0.1869569800432281700 ) ) ;
#1729 = CARTESIAN_POINT ( 'NONE',  ( -0.07867284255495588000, 2.774121159304161000, -0.1883107241385739400 ) ) ;
#1730 = CARTESIAN_POINT ( 'NONE',  ( -0.07700315969448641400, 2.774121159304161500, -0.1889952703714022900 ) ) ;
#1731 = CARTESIAN_POINT ( 'NONE',  ( -0.06928443852297441800, 2.774121159304161500, -0.1920519271033827600 ) ) ;
#1732 = CARTESIAN_POINT ( 'NONE',  ( -0.05988358210560543200, 2.774121159304161500, -0.1952572959935210100 ) ) ;
#1733 = CARTESIAN_POINT ( 'NONE',  ( -0.04867373201512110300, 2.774121159304161500, -0.1981873094525985200 ) ) ;
#1734 = CARTESIAN_POINT ( 'NONE',  ( -0.04300826090232379200, 2.774121159304161900, -0.1994499202872830600 ) ) ;
#1735 = CARTESIAN_POINT ( 'NONE',  ( -0.04056722769664886800, 2.774121159304161500, -0.1999476686675361600 ) ) ;
#1736 = CARTESIAN_POINT ( 'NONE',  ( -0.03893698908012486300, 2.774121159304161900, -0.2002698630212832700 ) ) ;
#1737 = CARTESIAN_POINT ( 'NONE',  ( -0.03807214925518693400, 2.774121159304161000, -0.2004350804560589800 ) ) ;
#1738 = CARTESIAN_POINT ( 'NONE',  ( -0.02498684957333478400, 2.774121159304161500, -0.2028579216348206600 ) ) ;
#1739 = CARTESIAN_POINT ( 'NONE',  ( -0.01252490716488113800, 2.774121159304162800, -0.2039987242912726400 ) ) ;
#1740 = CARTESIAN_POINT ( 'NONE',  ( 0.006262453582440393900, 2.774121159304161900, -0.2040006378543640400 ) ) ;
#1741 = CARTESIAN_POINT ( 'NONE',  ( 0.01562209698733199600, 2.774121159304161900, -0.2035733163108115800 ) ) ;
#1742 = CARTESIAN_POINT ( 'NONE',  ( 0.02648211626435948900, 2.774121159304161900, -0.2023252874410786400 ) ) ;
#1743 = CARTESIAN_POINT ( 'NONE',  ( 0.03189723472903670300, 2.774121159304163300, -0.2015139012389818600 ) ) ;
#1744 = CARTESIAN_POINT ( 'NONE',  ( 0.03421480881950482400, 2.774121159304161900, -0.2011260132022479900 ) ) ;
#1745 = CARTESIAN_POINT ( 'NONE',  ( 0.03575914910963420800, 2.774121159304161900, -0.2008584987126526300 ) ) ;
#1746 = CARTESIAN_POINT ( 'NONE',  ( 0.03648607830683097500, 2.774121159304161000, -0.2007285818573288400 ) ) ;
#1747 = CARTESIAN_POINT ( 'NONE',  ( 0.04383320524575838600, 2.774121159304161500, -0.1993697498699496500 ) ) ;
#1748 = CARTESIAN_POINT ( 'NONE',  ( 0.05350091358617179600, 2.774121159304161500, -0.1970924870274134400 ) ) ;
#1749 = CARTESIAN_POINT ( 'NONE',  ( 0.06455510005488025700, 2.774121159304161900, -0.1936210783739014700 ) ) ;
#1750 = CARTESIAN_POINT ( 'NONE',  ( 0.06924443569966086400, 2.774121159304161500, -0.1919587742358492000 ) ) ;
#1751 = CARTESIAN_POINT ( 'NONE',  ( 0.07235995438689048200, 2.774121159304162800, -0.1908117809055341300 ) ) ;
#1752 = CARTESIAN_POINT ( 'NONE',  ( 0.07385065807862208100, 2.774121159304161500, -0.1902433095776224500 ) ) ;
#1753 = CARTESIAN_POINT ( 'NONE',  ( 0.08189444498643085000, 2.774121159304161500, -0.1870597702785022600 ) ) ;
#1754 = CARTESIAN_POINT ( 'NONE',  ( 0.09131054012908740300, 2.774121159304161500, -0.1827718314592832500 ) ) ;
#1755 = CARTESIAN_POINT ( 'NONE',  ( 0.1003719615516729300, 2.774121159304161900, -0.1777823551496522900 ) ) ;
#1756 = CARTESIAN_POINT ( 'NONE',  ( 0.1063340927844919900, 2.774121159304161900, -0.1743001403898067100 ) ) ;
#1757 = CARTESIAN_POINT ( 'NONE',  ( 0.1092193912268429900, 2.774121159304161500, -0.1725179224662004300 ) ) ;
#1758 = CARTESIAN_POINT ( 'NONE',  ( 0.1240124323123986300, 2.774121159304162800, -0.1628487091343169300 ) ) ;
#1759 = CARTESIAN_POINT ( 'NONE',  ( 0.1349586115659127900, 2.774121159304161900, -0.1539531010068477300 ) ) ;
#1760 = CARTESIAN_POINT ( 'NONE',  ( 0.1499560294319068300, 2.774121159304161900, -0.1389587847114398300 ) ) ;
#1761 = CARTESIAN_POINT ( 'NONE',  ( 0.1570337826054780900, 2.774121159304161500, -0.1311128443001767800 ) ) ;
#1762 = CARTESIAN_POINT ( 'NONE',  ( 0.1634801021399104000, 2.774121159304161500, -0.1227437304935752900 ) ) ;
#1763 = CARTESIAN_POINT ( 'NONE',  ( 0.1676373299097234600, 2.774121159304162800, -0.1170480605346545900 ) ) ;
#1764 = CARTESIAN_POINT ( 'NONE',  ( 0.1696902482206805200, 2.774121159304161900, -0.1140741000067313400 ) ) ;
#1765 = CARTESIAN_POINT ( 'NONE',  ( 0.1753717429581093700, 2.774121159304161900, -0.1053857983184006300 ) ) ;
#1766 = CARTESIAN_POINT ( 'NONE',  ( 0.1805903055665707100, 2.774121159304161900, -0.09645182447626407500 ) ) ;
#1767 = CARTESIAN_POINT ( 'NONE',  ( 0.1858684973840822600, 2.774121159304161900, -0.08559892872461091800 ) ) ;
#1768 = CARTESIAN_POINT ( 'NONE',  ( 0.1879569800432242800, 2.774121159304161500, -0.08085556063051091400 ) ) ;
#1769 = CARTESIAN_POINT ( 'NONE',  ( 0.1893107241385717200, 2.774121159304162800, -0.07767284255496041700 ) ) ;
#1770 = CARTESIAN_POINT ( 'NONE',  ( 0.1899952703713970200, 2.774121159304161900, -0.07600315969449884800 ) ) ;
#1771 = CARTESIAN_POINT ( 'NONE',  ( 0.1930519271034024900, 2.774121159304161500, -0.06828443852292535900 ) ) ;
#1772 = CARTESIAN_POINT ( 'NONE',  ( 0.1962572959935558500, 2.774121159304161500, -0.05888358210551954800 ) ) ;
#1773 = CARTESIAN_POINT ( 'NONE',  ( 0.1991873094526245300, 2.774121159304161000, -0.04767373201505675800 ) ) ;
#1774 = CARTESIAN_POINT ( 'NONE',  ( 0.2004499202872980500, 2.774121159304161500, -0.04200826090228636900 ) ) ;
#1775 = CARTESIAN_POINT ( 'NONE',  ( 0.2009476686675450700, 2.774121159304161500, -0.03956722769662636400 ) ) ;
#1776 = CARTESIAN_POINT ( 'NONE',  ( 0.2012698630212878800, 2.774121159304161900, -0.03793698908011310800 ) ) ;
#1777 = CARTESIAN_POINT ( 'NONE',  ( 0.2014351604528407400, 2.774121159304161500, -0.03707171720794501200 ) ) ;
#1778 = CARTESIAN_POINT ( 'NONE',  ( 0.2038566416863083800, 2.774121159304162800, -0.02399376232920865200 ) ) ;
#1779 = CARTESIAN_POINT ( 'NONE',  ( 0.2049974415111758000, 2.774121159304161500, -0.01155962041437868000 ) ) ;
#1780 = CARTESIAN_POINT ( 'NONE',  ( 0.2049999999999999300, 2.774121159304161500, 0.0009999999999997721200 ) ) ;
#1781 = CARTESIAN_POINT ( 'NONE',  ( -1.159042865596237300E-016, 3.846121159304161500, -0.1240000000000004200 ) ) ;
#1782 = DIRECTION ( 'NONE',  ( -1.881859469626396500E-017, -1.000000000000000000, -5.090600643806248200E-017 ) ) ;
#1783 = CARTESIAN_POINT ( 'NONE',  ( -8.039359836777358700E-017, 2.619121159304161200, 0.0009999999999997981400 ) ) ;
#1784 = CARTESIAN_POINT ( 'NONE',  ( -2.523390981075374700E-016, -3.403878840695839800, 0.0009999999999993330200 ) ) ;
#1785 = DIRECTION ( 'NONE',  ( 1.881859469626396500E-017, 1.000000000000000000, 5.090600643806248800E-017 ) ) ;
#1786 = EDGE_LOOP ( 'NONE', ( #1386, #931, #763, #953 ) ) ;
#1787 = VERTEX_POINT ( 'NONE', #2055 ) ;
#1788 = EDGE_LOOP ( 'NONE', ( #3293, #3274 ) ) ;
#1789 = EDGE_LOOP ( 'NONE', ( #1427, #847, #1358, #874 ) ) ;
#1790 = EDGE_LOOP ( 'NONE', ( #1352, #1370, #1409, #1439 ) ) ;
#1791 = EDGE_LOOP ( 'NONE', ( #1418, #760, #1433, #823 ) ) ;
#1792 = VERTEX_POINT ( 'NONE', #2060 ) ;
#1793 = EDGE_LOOP ( 'NONE', ( #1029, #996, #1016, #1057 ) ) ;
#1794 = EDGE_LOOP ( 'NONE', ( #765, #1331, #1351, #848, #770 ) ) ;
#1795 = EDGE_LOOP ( 'NONE', ( #1397, #1372, #1385, #1424 ) ) ;
#1796 = EDGE_LOOP ( 'NONE', ( #925, #951 ) ) ;
#1797 = EDGE_LOOP ( 'NONE', ( #1025, #1039, #2251, #2234 ) ) ;
#1798 = EDGE_LOOP ( 'NONE', ( #1100, #1077, #1032, #2229, #2238 ) ) ;
#1799 = EDGE_LOOP ( 'NONE', ( #3292, #3285 ) ) ;
#1800 = VERTEX_POINT ( 'NONE', #2429 ) ;
#1801 = EDGE_LOOP ( 'NONE', ( #2258, #2207, #2222, #2249 ) ) ;
#1802 = EDGE_LOOP ( 'NONE', ( #1042, #1024, #1086, #1000, #1083 ) ) ;
#1803 = EDGE_LOOP ( 'NONE', ( #2257, #2256, #2230, #2237, #2227 ) ) ;
#1804 = VERTEX_POINT ( 'NONE', #2059 ) ;
#1805 = EDGE_LOOP ( 'NONE', ( #890, #1402 ) ) ;
#1806 = EDGE_LOOP ( 'NONE', ( #1067, #1014, #1094, #1087, #1002 ) ) ;
#1807 = EDGE_LOOP ( 'NONE', ( #1375, #1337, #775, #1360 ) ) ;
#1808 = EDGE_LOOP ( 'NONE', ( #1022, #1011, #2214, #1018, #997, #2243 ) ) ;
#1809 = EDGE_LOOP ( 'NONE', ( #1423, #1388 ) ) ;
#1810 = VERTEX_POINT ( 'NONE', #2430 ) ;
#1811 = EDGE_LOOP ( 'NONE', ( #1339, #1422 ) ) ;
#1812 = EDGE_LOOP ( 'NONE', ( #1054, #1070, #1081, #1088, #1072 ) ) ;
#1813 = EDGE_LOOP ( 'NONE', ( #910, #758, #852, #1392 ) ) ;
#1814 = EDGE_LOOP ( 'NONE', ( #2235, #2212, #1098, #1005 ) ) ;
#1815 = EDGE_LOOP ( 'NONE', ( #886, #1412 ) ) ;
#1816 = VERTEX_POINT ( 'NONE', #2425 ) ;
#1817 = EDGE_LOOP ( 'NONE', ( #2213, #2221, #2203, #2241 ) ) ;
#1818 = EDGE_LOOP ( 'NONE', ( #1080, #1050, #1084, #1033 ) ) ;
#1819 = VERTEX_POINT ( 'NONE', #2431 ) ;
#1820 = EDGE_LOOP ( 'NONE', ( #859, #799 ) ) ;
#1821 = EDGE_LOOP ( 'NONE', ( #3276, #3299 ) ) ;
#1822 = VERTEX_POINT ( 'NONE', #234 ) ;
#1823 = EDGE_LOOP ( 'NONE', ( #3266, #3246 ) ) ;
#1824 = EDGE_LOOP ( 'NONE', ( #1363, #1405 ) ) ;
#1825 = EDGE_LOOP ( 'NONE', ( #2226, #2228, #2259, #2240 ) ) ;
#1826 = VERTEX_POINT ( 'NONE', #2432 ) ;
#1827 = EDGE_LOOP ( 'NONE', ( #1443, #1435 ) ) ;
#1828 = EDGE_LOOP ( 'NONE', ( #1381, #1354 ) ) ;
#1829 = EDGE_LOOP ( 'NONE', ( #905, #1342 ) ) ;
#1830 = VERTEX_POINT ( 'NONE', #2433 ) ;
#1831 = EDGE_LOOP ( 'NONE', ( #2223, #1019, #1082, #1060 ) ) ;
#1832 = EDGE_LOOP ( 'NONE', ( #1444, #1384, #1440, #1394, #1376 ) ) ;
#1833 = EDGE_LOOP ( 'NONE', ( #3176, #3235 ) ) ;
#1834 = VERTEX_POINT ( 'NONE', #2434 ) ;
#1835 = EDGE_LOOP ( 'NONE', ( #1426, #850, #1408, #843 ) ) ;
#1836 = EDGE_LOOP ( 'NONE', ( #1329, #1432, #911, #1411 ) ) ;
#1837 = EDGE_LOOP ( 'NONE', ( #754, #1406, #1410, #1341, #928 ) ) ;
#1838 = EDGE_LOOP ( 'NONE', ( #1079, #1076, #992, #993 ) ) ;
#1839 = EDGE_LOOP ( 'NONE', ( #840, #1334 ) ) ;
#1840 = EDGE_LOOP ( 'NONE', ( #1361, #1383, #836, #1416 ) ) ;
#1841 = EDGE_LOOP ( 'NONE', ( #871, #1419 ) ) ;
#1842 = EDGE_LOOP ( 'NONE', ( #917, #895, #1344, #825 ) ) ;
#1843 = EDGE_LOOP ( 'NONE', ( #2220, #2224, #2211, #2206 ) ) ;
#1844 = VERTEX_POINT ( 'NONE', #2435 ) ;
#1845 = EDGE_LOOP ( 'NONE', ( #3169, #3187 ) ) ;
#1846 = EDGE_LOOP ( 'NONE', ( #1403, #1327, #1330, #1324 ) ) ;
#1847 = EDGE_LOOP ( 'NONE', ( #994, #2236, #2202, #2244 ) ) ;
#1848 = VERTEX_POINT ( 'NONE', #2436 ) ;
#1849 = VERTEX_POINT ( 'NONE', #2437 ) ;
#1850 = EDGE_LOOP ( 'NONE', ( #943, #864 ) ) ;
#1851 = EDGE_LOOP ( 'NONE', ( #1362, #761, #1436, #762 ) ) ;
#1852 = EDGE_LOOP ( 'NONE', ( #732, #828 ) ) ;
#1853 = EDGE_LOOP ( 'NONE', ( #1378, #1413, #869, #914 ) ) ;
#1854 = EDGE_LOOP ( 'NONE', ( #1438, #1379, #1355, #842 ) ) ;
#1855 = EDGE_LOOP ( 'NONE', ( #1429, #1398 ) ) ;
#1856 = EDGE_LOOP ( 'NONE', ( #784, #744, #897, #837 ) ) ;
#1857 = EDGE_LOOP ( 'NONE', ( #851, #933 ) ) ;
#1858 = EDGE_LOOP ( 'NONE', ( #1382, #767 ) ) ;
#1859 = VERTEX_POINT ( 'NONE', #2438 ) ;
#1860 = EDGE_LOOP ( 'NONE', ( #3277, #3290 ) ) ;
#1861 = EDGE_LOOP ( 'NONE', ( #867, #919, #870, #1338 ) ) ;
#1862 = VERTEX_POINT ( 'NONE', #2439 ) ;
#1863 = EDGE_LOOP ( 'NONE', ( #1396, #1348, #1357, #1353, #1414, #1356 ) ) ;
#1864 = EDGE_LOOP ( 'NONE', ( #3186, #3223, #3229, #3168 ) ) ;
#1865 = EDGE_LOOP ( 'NONE', ( #1340, #1389 ) ) ;
#1866 = EDGE_LOOP ( 'NONE', ( #988, #1062, #1043, #1073 ) ) ;
#1867 = EDGE_LOOP ( 'NONE', ( #949, #778, #780, #1421 ) ) ;
#1868 = EDGE_LOOP ( 'NONE', ( #1343, #811, #1441, #773, #789 ) ) ;
#1869 = EDGE_LOOP ( 'NONE', ( #1335, #920, #1391, #1369 ) ) ;
#1870 = EDGE_LOOP ( 'NONE', ( #2264, #2201, #1071, #1001 ) ) ;
#1871 = EDGE_LOOP ( 'NONE', ( #838, #881 ) ) ;
#1872 = EDGE_LOOP ( 'NONE', ( #1364, #912, #860, #721 ) ) ;
#1873 = EDGE_LOOP ( 'NONE', ( #2246, #2250, #2217, #2209 ) ) ;
#1874 = EDGE_LOOP ( 'NONE', ( #2263, #2245, #2231, #2204 ) ) ;
#1875 = EDGE_LOOP ( 'NONE', ( #797, #936 ) ) ;
#1876 = EDGE_LOOP ( 'NONE', ( #1393, #1430 ) ) ;
#1877 = EDGE_LOOP ( 'NONE', ( #3236, #3216 ) ) ;
#1878 = EDGE_LOOP ( 'NONE', ( #747, #873 ) ) ;
#1879 = EDGE_LOOP ( 'NONE', ( #1371, #1346, #856, #844, #1377 ) ) ;
#1880 = EDGE_LOOP ( 'NONE', ( #1395, #853 ) ) ;
#1881 = EDGE_LOOP ( 'NONE', ( #764, #1407 ) ) ;
#1882 = EDGE_LOOP ( 'NONE', ( #892, #855, #907, #1428 ) ) ;
#1883 = EDGE_LOOP ( 'NONE', ( #1437, #810 ) ) ;
#1884 = EDGE_LOOP ( 'NONE', ( #858, #887 ) ) ;
#1885 = EDGE_LOOP ( 'NONE', ( #1387, #1328, #1350, #1366, #1425 ) ) ;
#1886 = EDGE_LOOP ( 'NONE', ( #1415, #1326 ) ) ;
#1887 = EDGE_LOOP ( 'NONE', ( #1349, #1359, #806, #830 ) ) ;
#1888 = VERTEX_POINT ( 'NONE', #2440 ) ;
#1889 = EDGE_LOOP ( 'NONE', ( #1367, #926, #883, #829 ) ) ;
#1890 = EDGE_LOOP ( 'NONE', ( #2199, #2253, #2225, #2260 ) ) ;
#1891 = EDGE_LOOP ( 'NONE', ( #783, #756, #880, #751 ) ) ;
#1892 = EDGE_LOOP ( 'NONE', ( #800, #947 ) ) ;
#1893 = EDGE_LOOP ( 'NONE', ( #1399, #1420, #1374, #1431, #1417 ) ) ;
#1894 = EDGE_LOOP ( 'NONE', ( #1368, #1336, #1345, #1434 ) ) ;
#1895 = EDGE_LOOP ( 'NONE', ( #1365, #1390 ) ) ;
#1896 = EDGE_LOOP ( 'NONE', ( #729, #1373, #1332, #929 ) ) ;
#1897 = EDGE_LOOP ( 'NONE', ( #3230, #3210 ) ) ;
#1898 = EDGE_LOOP ( 'NONE', ( #820, #1380 ) ) ;
#1899 = EDGE_LOOP ( 'NONE', ( #3238, #3195, #3226, #3177, #3194, #3234, #3174, #3218 ) ) ;
#1900 = EDGE_LOOP ( 'NONE', ( #801, #1325, #889, #824 ) ) ;
#1901 = EDGE_LOOP ( 'NONE', ( #3214, #3190 ) ) ;
#1902 = VERTEX_POINT ( 'NONE', #2441 ) ;
#1903 = EDGE_LOOP ( 'NONE', ( #1055, #1064, #1013, #987, #1036 ) ) ;
#1904 = EDGE_LOOP ( 'NONE', ( #2210, #2232, #2242, #2248, #2262 ) ) ;
#1905 = EDGE_LOOP ( 'NONE', ( #1347, #827 ) ) ;
#1906 = VERTEX_POINT ( 'NONE', #2442 ) ;
#1907 = EDGE_LOOP ( 'NONE', ( #884, #743 ) ) ;
#1908 = EDGE_LOOP ( 'NONE', ( #845, #946, #739, #1400, #877 ) ) ;
#1909 = EDGE_LOOP ( 'NONE', ( #1052, #1085, #1017, #1023, #1049 ) ) ;
#1910 = PRODUCT ( 'A0113-1-CF', 'A0113-1-CF', '', ( #420 ) ) ;
#1911 = PERSON ( 'UNSPECIFIED', 'UNSPECIFIED', 'UNSPECIFIED', ('UNSPECIFIED'), ('UNSPECIFIED'), ('UNSPECIFIED') ) ;
#1912 = EDGE_CURVE ( 'NONE', #950, #752, #2776, .T. ) ;
#1913 = EDGE_CURVE ( 'NONE', #728, #795, #2775, .T. ) ;
#1914 = CARTESIAN_POINT ( 'NONE',  ( 0.1880597702785111500, 2.774121159304161500, 0.08289444498642240000 ) ) ;
#1915 = CARTESIAN_POINT ( 'NONE',  ( 0.1237437304935230000, 2.774121159304161500, 0.1644801021399623400 ) ) ;
#1916 = CARTESIAN_POINT ( 'NONE',  ( 0.1912013145067952000, 2.774121159304161900, 0.07494404098190091100 ) ) ;
#1917 = CARTESIAN_POINT ( 'NONE',  ( 0.1321128443001102800, 2.774121159304161900, 0.1580337826055441800 ) ) ;
#1918 = CARTESIAN_POINT ( 'NONE',  ( 0.1753001403898144500, 2.774121159304162800, 0.1073340927844846400 ) ) ;
#1919 = CARTESIAN_POINT ( 'NONE',  ( 0.1399587847114016600, 2.774121159304161500, 0.1509560294319446100 ) ) ;
#1920 = CARTESIAN_POINT ( 'NONE',  ( 0.08185556063045225400, 2.774121159304161900, 0.1889569800432515100 ) ) ;
#1921 = CARTESIAN_POINT ( 'NONE',  ( 0.07867284255492774900, 2.774121159304162800, 0.1903107241385868200 ) ) ;
#1922 = CARTESIAN_POINT ( 'NONE',  ( 0.1180480605346212200, 2.774121159304161900, 0.1686373299097564400 ) ) ;
#1923 = CARTESIAN_POINT ( 'NONE',  ( 0.1735179224662056200, 2.774121159304161500, 0.1102193912268373800 ) ) ;
#1924 = CARTESIAN_POINT ( 'NONE',  ( 0.1638487091342948600, 2.774121159304161500, 0.1250124323124202900 ) ) ;
#1925 = CARTESIAN_POINT ( 'NONE',  ( 0.1549531010069232200, 2.774121159304161500, 0.1359586115658368800 ) ) ;
#1926 = CARTESIAN_POINT ( 'NONE',  ( 0.08659892872451982500, 2.774121159304161500, 0.1868684973841246400 ) ) ;
#1927 = CARTESIAN_POINT ( 'NONE',  ( 0.1787823551496645900, 2.774121159304161900, 0.1013719615516614400 ) ) ;
#1928 = CARTESIAN_POINT ( 'NONE',  ( 0.04056722769662084900, 2.774121159304161900, 0.2019476686675448200 ) ) ;
#1929 = CARTESIAN_POINT ( 'NONE',  ( 0.04300826090227731500, 2.774121159304161500, 0.2014499202872975800 ) ) ;
#1930 = CARTESIAN_POINT ( 'NONE',  ( 0.07700315969450150000, 2.774121159304161900, 0.1909952703713968800 ) ) ;
#1931 = CARTESIAN_POINT ( 'NONE',  ( 0.1909249556477091200, 2.774121159304161900, 0.07565503676940388300 ) ) ;
#1932 = CARTESIAN_POINT ( 'NONE',  ( 0.1150741000067656100, 2.774121159304161500, 0.1706902482206641100 ) ) ;
#1933 = CARTESIAN_POINT ( 'NONE',  ( 0.1063857983183311300, 2.774121159304161500, 0.1763717429581417000 ) ) ;
#1934 = CARTESIAN_POINT ( 'NONE',  ( 0.09745182447614267300, 2.774121159304161900, 0.1815903055666273600 ) ) ;
#1935 = CARTESIAN_POINT ( 'NONE',  ( 0.04867373201504145200, 2.774121159304161500, 0.2001873094526239200 ) ) ;
#1936 = CARTESIAN_POINT ( 'NONE',  ( 0.05988358210549927400, 2.774121159304161500, 0.1972572959935550700 ) ) ;
#1937 = CARTESIAN_POINT ( 'NONE',  ( 0.06928443852291371600, 2.774121159304161500, 0.1940519271034020500 ) ) ;
#1938 = CARTESIAN_POINT ( 'NONE',  ( 0.1837718314592988700, 2.774121159304161500, 0.09231054012907269300 ) ) ;
#1939 = CARTESIAN_POINT ( 'NONE',  ( -0.2100000000000000800, 1.622121159304160700, 0.0009999999999997723400 ) ) ;
#1940 = CARTESIAN_POINT ( 'NONE',  ( 0.2750000000000000800, 0.8441211593041606500, 0.0009999999999997981400 ) ) ;
#1941 = CARTESIAN_POINT ( 'NONE',  ( -0.2100000000000001600, 1.622121159304160900, 0.4209999999999997100 ) ) ;
#1942 = CARTESIAN_POINT ( 'NONE',  ( 0.2099999999999998000, 1.622121159304160900, 0.4209999999999997100 ) ) ;
#1943 = CARTESIAN_POINT ( 'NONE',  ( 0.2099999999999999100, 1.622121159304160700, 0.0009999999999998495300 ) ) ;
#1944 = CARTESIAN_POINT ( 'NONE',  ( -0.2100000000000000800, 1.639276213832284100, 0.0009999999999997723400 ) ) ;
#1945 = CARTESIAN_POINT ( 'NONE',  ( -0.2100000000000001000, 1.639276213832284100, 0.4209999999999997100 ) ) ;
#1946 = CARTESIAN_POINT ( 'NONE',  ( 0.2099999999999997400, 1.639276213832284100, 0.4209999999999997100 ) ) ;
#1947 = CARTESIAN_POINT ( 'NONE',  ( 0.2099999999999999100, 1.639276213832284100, 0.0009999999999998495300 ) ) ;
#1948 = CARTESIAN_POINT ( 'NONE',  ( -0.2214478662259151100, 1.652052843072285400, 0.0009999999999997710400 ) ) ;
#1949 = CARTESIAN_POINT ( 'NONE',  ( -0.2214478662259151100, 1.652052843072285400, 0.4438957324518297800 ) ) ;
#1950 = CARTESIAN_POINT ( 'NONE',  ( 0.2214478662259147800, 1.652052843072285400, 0.4438957324518297800 ) ) ;
#1951 = CARTESIAN_POINT ( 'NONE',  ( 0.2214478662259149200, 1.652052843072285400, 0.0009999999999998523500 ) ) ;
#1952 = CARTESIAN_POINT ( 'NONE',  ( -0.2385000000000004600, 1.653929177161298700, 0.0009999999999997688700 ) ) ;
#1953 = CARTESIAN_POINT ( 'NONE',  ( -0.2385000000000005700, 1.653929177161298500, 0.4780000000000005400 ) ) ;
#1954 = CARTESIAN_POINT ( 'NONE',  ( 0.2385000000000001800, 1.653929177161298500, 0.4780000000000005400 ) ) ;
#1955 = CARTESIAN_POINT ( 'NONE',  ( 0.2385000000000003000, 1.653929177161298700, 0.0009999999999998564700 ) ) ;
#1956 = DIRECTION ( 'NONE',  ( 0.0000000000000000000, 0.0000000000000000000, 1.000000000000000000 ) ) ;
#1957 = PLANE ( 'NONE',  #522 ) ;
#1958 = DIRECTION ( 'NONE',  ( 0.0000000000000000000, 0.0000000000000000000, -1.000000000000000000 ) ) ;
#1959 = DIRECTION ( 'NONE',  ( 0.0000000000000000000, 1.000000000000000000, 0.0000000000000000000 ) ) ;
#1960 = DIRECTION ( 'NONE',  ( 0.0000000000000000000, -0.0000000000000000000, 1.000000000000000000 ) ) ;
#1961 = DIRECTION ( 'NONE',  ( -1.881859469626396500E-017, -1.000000000000000000, -5.090600643806248800E-017 ) ) ;
#1962 = CARTESIAN_POINT ( 'NONE',  ( -1.159042865596237300E-016, 3.846121159304161500, 0.0009999999999997020800 ) ) ;
#1963 = DIRECTION ( 'NONE',  ( -0.0000000000000000000, 1.000000000000000000, 0.0000000000000000000 ) ) ;
#1964 = CARTESIAN_POINT ( 'NONE',  ( 0.2809999999999999700, 1.474121159304160500, 0.0009999999999997981400 ) ) ;
#1965 = CARTESIAN_POINT ( 'NONE',  ( -8.039359836777358700E-017, 1.474121159304160500, 0.0009999999999997981400 ) ) ;
#1966 = DIRECTION ( 'NONE',  ( 0.0000000000000000000, 0.0000000000000000000, 1.000000000000000000 ) ) ;
#1967 = PLANE ( 'NONE',  #525 ) ;
#1968 = DIRECTION ( 'NONE',  ( 0.0000000000000000000, 0.0000000000000000000, 1.000000000000000000 ) ) ;
#1969 = DIRECTION ( 'NONE',  ( 0.0000000000000000000, -1.000000000000000000, 0.0000000000000000000 ) ) ;
#1970 = DIRECTION ( 'NONE',  ( 0.0000000000000000000, -0.0000000000000000000, -1.000000000000000000 ) ) ;
#1971 = DIRECTION ( 'NONE',  ( 0.0000000000000000000, 1.000000000000000000, 0.0000000000000000000 ) ) ;
#1972 = CARTESIAN_POINT ( 'NONE',  ( -8.039359836777358700E-017, 1.674121159304160700, 0.0009999999999997981400 ) ) ;
#1973 = DIRECTION ( 'NONE',  ( 0.0000000000000000000, 1.000000000000000000, 0.0000000000000000000 ) ) ;
#1974 = CARTESIAN_POINT ( 'NONE',  ( 0.2349999999999999900, 2.744121159304160800, 0.4709999999999995300 ) ) ;
#1975 = CARTESIAN_POINT ( 'NONE',  ( -8.039359836777358700E-017, 2.464121159304160500, 0.0009999999999997981400 ) ) ;
#1976 = CARTESIAN_POINT ( 'NONE',  ( 0.2349999999999998800, 2.744121159304160800, 0.0009999999999997693000 ) ) ;
#1977 = CARTESIAN_POINT ( 'NONE',  ( -8.039359836777358700E-017, 1.654121159304160900, 0.0009999999999997981400 ) ) ;
#1978 = CARTESIAN_POINT ( 'NONE',  ( -0.2349999999999999900, 2.744121159304160800, 0.4709999999999997000 ) ) ;
#1979 = CARTESIAN_POINT ( 'NONE',  ( -0.2350000000000000400, 2.744121159304160800, 0.0009999999999998558200 ) ) ;
#1980 = CARTESIAN_POINT ( 'NONE',  ( 0.2349999999999999000, 2.761694752432968200, 0.0009999999999997693000 ) ) ;
#1981 = CARTESIAN_POINT ( 'NONE',  ( 0.2349999999999999600, 2.761694752432968200, 0.4709999999999995900 ) ) ;
#1982 = CARTESIAN_POINT ( 'NONE',  ( -0.2349999999999999600, 2.761694752432968200, 0.4709999999999997000 ) ) ;
#1983 = CARTESIAN_POINT ( 'NONE',  ( -0.2350000000000000700, 2.761694752432968200, 0.0009999999999998558200 ) ) ;
#1984 = CARTESIAN_POINT ( 'NONE',  ( 0.2225735931288070600, 2.774121159304161000, 0.0009999999999997708200 ) ) ;
#1985 = CARTESIAN_POINT ( 'NONE',  ( 0.2225735931288070900, 2.774121159304160600, 0.4461471862576139600 ) ) ;
#1986 = CARTESIAN_POINT ( 'NONE',  ( -0.2225735931288070900, 2.774121159304160600, 0.4461471862576140700 ) ) ;
#1987 = CARTESIAN_POINT ( 'NONE',  ( -0.2225735931288072000, 2.774121159304161000, 0.0009999999999998523500 ) ) ;
#1988 = CARTESIAN_POINT ( 'NONE',  ( 0.2049999999999999300, 2.774121159304161000, 0.0009999999999997729900 ) ) ;
#1989 = CARTESIAN_POINT ( 'NONE',  ( 0.2049999999999999600, 2.774121159304161500, 0.4109999999999997500 ) ) ;
#1990 = CARTESIAN_POINT ( 'NONE',  ( -0.2049999999999999600, 2.774121159304161500, 0.4109999999999999200 ) ) ;
#1991 = CARTESIAN_POINT ( 'NONE',  ( -0.2050000000000001000, 2.774121159304161000, 0.0009999999999998482300 ) ) ;
#1992 = PLANE ( 'NONE',  #529 ) ;
#1993 = PLANE ( 'NONE',  #528 ) ;
#1994 = CARTESIAN_POINT ( 'NONE',  ( -8.039359836777358700E-017, 2.784121159304161300, 0.0009999999999997981400 ) ) ;
#1995 = DIRECTION ( 'NONE',  ( -0.0000000000000000000, 1.000000000000000000, 0.0000000000000000000 ) ) ;
#1996 = DIRECTION ( 'NONE',  ( 0.0000000000000000000, -0.0000000000000000000, 1.000000000000000000 ) ) ;
#1997 = CARTESIAN_POINT ( 'NONE',  ( -0.4094664657471913100, 1.799149697027445900, 0.0009999999999997163900 ) ) ;
#1998 = CARTESIAN_POINT ( 'NONE',  ( -0.2350000000000001300, 2.784121159304161700, 0.4709999999999996400 ) ) ;
#1999 = DIRECTION ( 'NONE',  ( 1.881859469626399800E-017, 1.000000000000000000, 5.090600643806252500E-017 ) ) ;
#2000 = DIRECTION ( 'NONE',  ( 0.0000000000000000000, -5.090600643806252500E-017, 1.000000000000000000 ) ) ;
#2001 = CARTESIAN_POINT ( 'NONE',  ( -0.2350000000000000400, 2.784121159304161700, 0.0009999999999997693000 ) ) ;
#2002 = CARTESIAN_POINT ( 'NONE',  ( 0.2349999999999997900, 2.784121159304161700, 0.4709999999999996400 ) ) ;
#2003 = CARTESIAN_POINT ( 'NONE',  ( 0.2349999999999998800, 2.784121159304161700, 0.0009999999999998558200 ) ) ;
#2004 = CARTESIAN_POINT ( 'NONE',  ( -0.2408578643762691000, 2.784121159304161700, 0.0009999999999997688700 ) ) ;
#2005 = CARTESIAN_POINT ( 'NONE',  ( -0.2408578643762691300, 2.784121159304162200, 0.4827157287525377100 ) ) ;
#2006 = CARTESIAN_POINT ( 'NONE',  ( 0.2408578643762688300, 2.784121159304162200, 0.4827157287525377100 ) ) ;
#2007 = CARTESIAN_POINT ( 'NONE',  ( 0.2408578643762689400, 2.784121159304161700, 0.0009999999999998571200 ) ) ;
#2008 = CARTESIAN_POINT ( 'NONE',  ( -0.2450000000000000500, 2.779979023680430500, 0.0009999999999997682200 ) ) ;
#2009 = CARTESIAN_POINT ( 'NONE',  ( -0.2450000000000001600, 2.779979023680430000, 0.4909999999999996000 ) ) ;
#2010 = CARTESIAN_POINT ( 'NONE',  ( 0.2449999999999997500, 2.779979023680430000, 0.4909999999999996000 ) ) ;
#2011 = CARTESIAN_POINT ( 'NONE',  ( 0.2449999999999998800, 2.779979023680430500, 0.0009999999999998582100 ) ) ;
#2012 = CARTESIAN_POINT ( 'NONE',  ( -0.2450000000000000800, 2.774121159304161500, 0.0009999999999997680000 ) ) ;
#2013 = CARTESIAN_POINT ( 'NONE',  ( -0.2450000000000001300, 2.774121159304161500, 0.4909999999999996600 ) ) ;
#2014 = CARTESIAN_POINT ( 'NONE',  ( 0.2449999999999998000, 2.774121159304161500, 0.4909999999999996600 ) ) ;
#2015 = CARTESIAN_POINT ( 'NONE',  ( 0.2449999999999999100, 2.774121159304161500, 0.0009999999999998582100 ) ) ;
#2016 = CARTESIAN_POINT ( 'NONE',  ( -1.159042865596237300E-016, 3.846121159304161500, 0.0009999999999997020800 ) ) ;
#2017 = PLANE ( 'NONE',  #530 ) ;
#2018 = DIRECTION ( 'NONE',  ( 0.0000000000000000000, 0.0000000000000000000, 1.000000000000000000 ) ) ;
#2019 = DIRECTION ( 'NONE',  ( 0.0000000000000000000, 1.000000000000000000, 0.0000000000000000000 ) ) ;
#2020 = DIRECTION ( 'NONE',  ( 0.0000000000000000000, -0.0000000000000000000, 1.000000000000000000 ) ) ;
#2021 = DIRECTION ( 'NONE',  ( 0.0000000000000000000, 1.000000000000000000, 0.0000000000000000000 ) ) ;
#2022 = CARTESIAN_POINT ( 'NONE',  ( -8.039359836777358700E-017, 2.358621159304160800, 0.0009999999999997163900 ) ) ;
#2023 = PLANE ( 'NONE',  #1101 ) ;
#2024 = CARTESIAN_POINT ( 'NONE',  ( -8.039359836777358700E-017, 2.464121159304160500, 0.0009999999999997981400 ) ) ;
#2025 = PLANE ( 'NONE',  #1103 ) ;
#2026 = DIRECTION ( 'NONE',  ( 1.881859469626398900E-017, 1.000000000000000000, 5.090600643806249400E-017 ) ) ;
#2027 = DIRECTION ( 'NONE',  ( 0.0000000000000000000, -5.090600643806249400E-017, 1.000000000000000000 ) ) ;
#2028 = DIRECTION ( 'NONE',  ( -0.0000000000000000000, 1.000000000000000000, 0.0000000000000000000 ) ) ;
#2029 = DIRECTION ( 'NONE',  ( 0.0000000000000000000, -0.0000000000000000000, 1.000000000000000000 ) ) ;
#2030 = DIRECTION ( 'NONE',  ( 2.207906407026225200E-035, -1.000000000000000000, 1.473117160979158800E-031 ) ) ;
#2031 = DIRECTION ( 'NONE',  ( 2.207906407026225200E-035, -1.000000000000000000, 1.473117160979158800E-031 ) ) ;
#2032 = CARTESIAN_POINT ( 'NONE',  ( -8.039359836777358700E-017, 1.622121159304160700, 0.0009999999999997981400 ) ) ;
#2033 = DIRECTION ( 'NONE',  ( -0.0000000000000000000, -1.000000000000000000, -0.0000000000000000000 ) ) ;
#2034 = DIRECTION ( 'NONE',  ( 0.0000000000000000000, 0.0000000000000000000, 1.000000000000000000 ) ) ;
#2035 = CARTESIAN_POINT ( 'NONE',  ( -5.161439858781078200E-017, 2.774121159304161500, 0.2359999999999997900 ) ) ;
#2036 = CARTESIAN_POINT ( 'NONE',  ( -8.039359836777358700E-017, 2.604121159304160700, 0.0009999999999997981400 ) ) ;
#2037 = DIRECTION ( 'NONE',  ( -2.207906407026225000E-035, 1.000000000000000000, -1.473117160979158800E-031 ) ) ;
#2038 = DIRECTION ( 'NONE',  ( 0.0000000000000000000, 0.0000000000000000000, -1.000000000000000000 ) ) ;
#2039 = DIRECTION ( 'NONE',  ( 0.0000000000000000000, 1.000000000000000000, 0.0000000000000000000 ) ) ;
#2040 = CARTESIAN_POINT ( 'NONE',  ( -8.039359836777358700E-017, 2.774121159304161500, -0.2340000000000001800 ) ) ;
#2041 = CARTESIAN_POINT ( 'NONE',  ( -8.039359836777358700E-017, 0.8441211593041606500, 0.0009999999999997981400 ) ) ;
#2042 = DIRECTION ( 'NONE',  ( 0.0000000000000000000, 1.000000000000000000, 0.0000000000000000000 ) ) ;
#2043 = DIRECTION ( 'NONE',  ( 0.0000000000000000000, 0.0000000000000000000, 1.000000000000000000 ) ) ;
#2044 = CARTESIAN_POINT ( 'NONE',  ( -8.039359836777358700E-017, 2.358621159304160800, 0.2649999999999998500 ) ) ;
#2045 = CARTESIAN_POINT ( 'NONE',  ( -8.039359836777358700E-017, 2.358621159304160800, 0.2394999999999998200 ) ) ;
#2046 = CARTESIAN_POINT ( 'NONE',  ( -8.039359836777358700E-017, 1.784979023680429700, 0.0009999999999997163900 ) ) ;
#2047 = DIRECTION ( 'NONE',  ( -0.0000000000000000000, -1.000000000000000000, -0.0000000000000000000 ) ) ;
#2048 = DIRECTION ( 'NONE',  ( 0.0000000000000000000, 0.0000000000000000000, 1.000000000000000000 ) ) ;
#2049 = CARTESIAN_POINT ( 'NONE',  ( -6.386086657928431800E-017, 1.654121159304160900, -0.1340000000000001700 ) ) ;
#2050 = DIRECTION ( 'NONE',  ( 0.0000000000000000000, 1.000000000000000000, 0.0000000000000000000 ) ) ;
#2051 = DIRECTION ( 'NONE',  ( 0.0000000000000000000, 1.000000000000000000, 0.0000000000000000000 ) ) ;
#2052 = CARTESIAN_POINT ( 'NONE',  ( -8.039359836777358700E-017, 1.795121159304160700, 0.0009999999999997163900 ) ) ;
#2053 = DIRECTION ( 'NONE',  ( 0.0000000000000000000, 1.000000000000000000, 0.0000000000000000000 ) ) ;
#2054 = DIRECTION ( 'NONE',  ( 0.0000000000000000000, 0.0000000000000000000, 1.000000000000000000 ) ) ;
#2055 = CARTESIAN_POINT ( 'NONE',  ( -1.001125366774816800, 1.173121159304160400, -0.7094999999999910300 ) ) ;
#2056 = CARTESIAN_POINT ( 'NONE',  ( -8.039359836777358700E-017, 1.799149697027445900, 0.0009999999999997127100 ) ) ;
#2057 = DIRECTION ( 'NONE',  ( -3.295785497318745100E-017, -1.000000000000000000, -4.344880817734625800E-033 ) ) ;
#2058 = DIRECTION ( 'NONE',  ( -1.000000000000000000, 0.0000000000000000000, 0.0000000000000000000 ) ) ;
#2059 = CARTESIAN_POINT ( 'NONE',  ( 0.2099999999999999100, 1.622121159304160700, 0.0009999999999997981400 ) ) ;
#2060 = CARTESIAN_POINT ( 'NONE',  ( -7.969817818847513100E-015, 1.173121159304159900, -1.287500000000000300 ) ) ;
#2061 = CARTESIAN_POINT ( 'NONE',  ( -8.039359836777358700E-017, 1.795121159304160700, 0.0009999999999997163900 ) ) ;
#2062 = DIRECTION ( 'NONE',  ( 0.0000000000000000000, 1.000000000000000000, 0.0000000000000000000 ) ) ;
#2063 = DIRECTION ( 'NONE',  ( 0.0000000000000000000, 0.0000000000000000000, 1.000000000000000000 ) ) ;
#2064 = EDGE_CURVE ( 'NONE', #819, #813, #2772, .T. ) ;
#2065 = EDGE_CURVE ( 'NONE', #893, #816, #2779, .T. ) ;
#2066 = EDGE_CURVE ( 'NONE', #733, #1888, #2774, .T. ) ;
#2067 = EDGE_CURVE ( 'NONE', #942, #738, #2777, .T. ) ;
#2068 = EDGE_CURVE ( 'NONE', #834, #724, #2765, .T. ) ;
#2069 = EDGE_CURVE ( 'NONE', #1888, #816, #2781, .T. ) ;
#2070 = EDGE_CURVE ( 'NONE', #749, #923, #2783, .T. ) ;
#2071 = EDGE_CURVE ( 'NONE', #866, #741, #2778, .T. ) ;
#2072 = EDGE_CURVE ( 'NONE', #813, #1816, #2786, .T. ) ;
#2073 = LINE ( 'NONE', #2996, #2079 ) ;
#2074 = FACE_OUTER_BOUND ( 'NONE', #1794, .T. ) ;
#2075 = CIRCLE ( 'NONE', #488, 0.2535000000000001100 ) ;
#2076 = CIRCLE ( 'NONE', #487, 0.2535000000000001100 ) ;
#2077 = FACE_OUTER_BOUND ( 'NONE', #1852, .T. ) ;
#2078 = LINE ( 'NONE', #2995, #2581 ) ;
#2079 = VECTOR ( 'NONE', #2990, 39.37007874015748100 ) ;
#2080 = CARTESIAN_POINT ( 'NONE',  ( -0.03648607830683245300, 2.774121159304161500, 0.2027285818573280100 ) ) ;
#2081 = DIRECTION ( 'NONE',  ( -1.000000000000000000, 0.0000000000000000000, 0.0000000000000000000 ) ) ;
#2082 = DIRECTION ( 'NONE',  ( -2.207906407026225000E-035, 1.000000000000000000, -1.473117160979158800E-031 ) ) ;
#2083 = DIRECTION ( 'NONE',  ( 0.0000000000000000000, 0.0000000000000000000, -1.000000000000000000 ) ) ;
#2084 = CARTESIAN_POINT ( 'NONE',  ( 0.2419999999999999100, 1.622121159304160700, 0.0009999999999997981400 ) ) ;
#2085 = CARTESIAN_POINT ( 'NONE',  ( -8.039359836777358700E-017, 2.744121159304160800, 0.0009999999999997981400 ) ) ;
#2086 = CIRCLE ( 'NONE', #1133, 0.2325000000000001200 ) ;
#2087 = CIRCLE ( 'NONE', #1134, 0.1325000000000000600 ) ;
#2088 = LINE ( 'NONE', #340, #2089 ) ;
#2089 = VECTOR ( 'NONE', #341, 39.37007874015748100 ) ;
#2090 = CIRCLE ( 'NONE', #1135, 0.1325000000000000600 ) ;
#2091 = LINE ( 'NONE', #360, #2093 ) ;
#2092 = CIRCLE ( 'NONE', #1136, 1.374999999999999800 ) ;
#2093 = VECTOR ( 'NONE', #361, 39.37007874015748100 ) ;
#2094 = CIRCLE ( 'NONE', #1137, 0.1325000000000000300 ) ;
#2095 = LINE ( 'NONE', #368, #2096 ) ;
#2096 = VECTOR ( 'NONE', #369, 39.37007874015748100 ) ;
#2097 = CIRCLE ( 'NONE', #1138, 0.1325000000000000300 ) ;
#2098 = LINE ( 'NONE', #373, #2099 ) ;
#2099 = VECTOR ( 'NONE', #377, 39.37007874015748100 ) ;
#2100 = CIRCLE ( 'NONE', #1139, 0.2575000000000000600 ) ;
#2101 = CIRCLE ( 'NONE', #1140, 0.1875000000000000300 ) ;
#2102 = CIRCLE ( 'NONE', #1141, 0.2575000000000000600 ) ;
#2103 = CIRCLE ( 'NONE', #1142, 0.2550000000000000000 ) ;
#2104 = CIRCLE ( 'NONE', #1143, 0.2689999999999997900 ) ;
#2105 = CIRCLE ( 'NONE', #1144, 0.2550000000000000000 ) ;
#2106 = CIRCLE ( 'NONE', #1145, 0.2689999999999997900 ) ;
#2107 = CIRCLE ( 'NONE', #1146, 0.1875000000000000300 ) ;
#2108 = CIRCLE ( 'NONE', #1147, 0.2550000000000000000 ) ;
#2109 = CIRCLE ( 'NONE', #1148, 0.2781706733457228200 ) ;
#2110 = LENGTH_MEASURE_WITH_UNIT ( LENGTH_MEASURE( 0.02539999999999999900 ), #413 );
#2111 = SHAPE_DEFINITION_REPRESENTATION ( #2273, #2847 ) ;
#2112 = ORGANIZATION ( 'UNSPECIFIED', 'UNSPECIFIED', '' ) ;
#2113 = PERSON_AND_ORGANIZATION ( #1911, #2112 ) ;
#2114 = PERSON_AND_ORGANIZATION ( #1911, #2112 ) ;
#2115 = APPROVAL_PERSON_ORGANIZATION ( #2114, #1153, #425 ) ;
#2116 = COORDINATED_UNIVERSAL_TIME_OFFSET ( 5, 0, .BEHIND. ) ;
#2117 = LOCAL_TIME ( 8, 38, 55.00000000000000000, #2116 ) ;
#2118 = CALENDAR_DATE ( 2013, 12, 6 ) ;
#2119 = DATE_AND_TIME ( #2118, #2117 ) ;
#2120 = APPROVAL_DATE_TIME ( #2119, #1153 ) ;
#2121 = PERSON_AND_ORGANIZATION ( #1911, #2112 ) ;
#2122 = COORDINATED_UNIVERSAL_TIME_OFFSET ( 5, 0, .BEHIND. ) ;
#2123 = LOCAL_TIME ( 8, 38, 55.00000000000000000, #2122 ) ;
#2124 = CALENDAR_DATE ( 2013, 12, 6 ) ;
#2125 = DATE_AND_TIME ( #2124, #2123 ) ;
#2126 = PERSON_AND_ORGANIZATION ( #1911, #2112 ) ;
#2127 = APPROVAL_PERSON_ORGANIZATION ( #2126, #1158, #429 ) ;
#2128 = COORDINATED_UNIVERSAL_TIME_OFFSET ( 5, 0, .BEHIND. ) ;
#2129 = LOCAL_TIME ( 8, 38, 55.00000000000000000, #2128 ) ;
#2130 = CALENDAR_DATE ( 2013, 12, 6 ) ;
#2131 = DATE_AND_TIME ( #2130, #2129 ) ;
#2132 = APPROVAL_DATE_TIME ( #2131, #1158 ) ;
#2133 = PERSON_AND_ORGANIZATION ( #1911, #2112 ) ;
#2134 = PERSON_AND_ORGANIZATION ( #1911, #2112 ) ;
#2135 = PERSON_AND_ORGANIZATION ( #1911, #2112 ) ;
#2136 = COORDINATED_UNIVERSAL_TIME_OFFSET ( 5, 0, .BEHIND. ) ;
#2137 = LOCAL_TIME ( 8, 38, 55.00000000000000000, #2136 ) ;
#2138 = CALENDAR_DATE ( 2013, 12, 6 ) ;
#2139 = DATE_AND_TIME ( #2138, #2137 ) ;
#2140 = PERSON_AND_ORGANIZATION ( #1911, #2112 ) ;
#2141 = APPROVAL_PERSON_ORGANIZATION ( #2140, #1165, #436 ) ;
#2142 = COORDINATED_UNIVERSAL_TIME_OFFSET ( 5, 0, .BEHIND. ) ;
#2143 = LOCAL_TIME ( 8, 38, 55.00000000000000000, #2142 ) ;
#2144 = CALENDAR_DATE ( 2013, 12, 6 ) ;
#2145 = DATE_AND_TIME ( #2144, #2143 ) ;
#2146 = APPROVAL_DATE_TIME ( #2145, #1165 ) ;
#2147 = DIRECTION ( 'NONE',  ( 2.207906407026225000E-035, -1.000000000000000000, 1.473117160979158800E-031 ) ) ;
#2148 = DIRECTION ( 'NONE',  ( 0.0000000000000000000, 0.0000000000000000000, 1.000000000000000000 ) ) ;
#2149 = CARTESIAN_POINT ( 'NONE',  ( -1.005962015702817800E-016, 3.846121159304161500, 0.1259999999999998100 ) ) ;
#2150 = CARTESIAN_POINT ( 'NONE',  ( -5.626471801259234000E-017, 2.846121159304161100, 0.1884999999999998100 ) ) ;
#2151 = CARTESIAN_POINT ( 'NONE',  ( -1.347228812558876600E-016, 2.846121159304161100, 0.0009999999999996511200 ) ) ;
#2152 = DIRECTION ( 'NONE',  ( -1.881859469626396500E-017, -1.000000000000000000, -5.090600643806248800E-017 ) ) ;
#2153 = DIRECTION ( 'NONE',  ( 0.0000000000000000000, 0.0000000000000000000, -1.000000000000000000 ) ) ;
#2154 = DIRECTION ( 'NONE',  ( -1.881859469626399500E-017, -1.000000000000000000, -5.090600643806250700E-017 ) ) ;
#2155 = DIRECTION ( 'NONE',  ( -1.881859469626396500E-017, -1.000000000000000000, -5.090600643806248200E-017 ) ) ;
#2156 = CARTESIAN_POINT ( 'NONE',  ( -8.039359836777358700E-017, 0.8441211593041606500, 0.0009999999999997981400 ) ) ;
#2157 = DIRECTION ( 'NONE',  ( 0.0000000000000000000, 1.000000000000000000, 0.0000000000000000000 ) ) ;
#2158 = DIRECTION ( 'NONE',  ( 0.0000000000000000000, 0.0000000000000000000, 1.000000000000000000 ) ) ;
#2159 = CARTESIAN_POINT ( 'NONE',  ( -7.922684549660521700E-017, 2.846121159304161100, 0.0009999999999998013900 ) ) ;
#2160 = DIRECTION ( 'NONE',  ( -1.881859469626399500E-017, -1.000000000000000000, -5.090600643806250700E-017 ) ) ;
#2161 = DIRECTION ( 'NONE',  ( 0.0000000000000000000, 0.0000000000000000000, -1.000000000000000000 ) ) ;
#2162 = CARTESIAN_POINT ( 'NONE',  ( -1.159042865596237300E-016, 3.846121159304161500, 0.0009999999999997020800 ) ) ;
#2163 = DIRECTION ( 'NONE',  ( -1.881859469626396500E-017, -1.000000000000000000, -5.090600643806248800E-017 ) ) ;
#2164 = DIRECTION ( 'NONE',  ( 0.0000000000000000000, 0.0000000000000000000, -1.000000000000000000 ) ) ;
#2165 = CARTESIAN_POINT ( 'NONE',  ( -2.523390981075374700E-016, -3.403878840695839800, 0.0009999999999993330200 ) ) ;
#2166 = DIRECTION ( 'NONE',  ( 1.881859469626396500E-017, 1.000000000000000000, 5.090600643806248800E-017 ) ) ;
#2167 = DIRECTION ( 'NONE',  ( 0.0000000000000000000, 0.0000000000000000000, -1.000000000000000000 ) ) ;
#2168 = CARTESIAN_POINT ( 'NONE',  ( -8.039359836777358700E-017, 2.784121159304161300, 0.0009999999999997981400 ) ) ;
#2169 = DIRECTION ( 'NONE',  ( -2.207906407026225200E-035, 1.000000000000000000, -1.473117160979158800E-031 ) ) ;
#2170 = DIRECTION ( 'NONE',  ( 0.0000000000000000000, 0.0000000000000000000, 1.000000000000000000 ) ) ;
#2171 = CARTESIAN_POINT ( 'NONE',  ( 1.164639105989132900E-016, -1.293009150847994800E-032, 0.9519999999999997400 ) ) ;
#2172 = DIRECTION ( 'NONE',  ( -1.110223024625158300E-016, -1.000000000000000000, 0.0000000000000000000 ) ) ;
#2173 = CARTESIAN_POINT ( 'NONE',  ( -1.358896341270560300E-016, 2.784121159304161300, 0.0009999999999996480900 ) ) ;
#2174 = DIRECTION ( 'NONE',  ( -1.881859469626396500E-017, -1.000000000000000000, -5.090600643806248800E-017 ) ) ;
#2175 = DIRECTION ( 'NONE',  ( 0.0000000000000000000, 0.0000000000000000000, -1.000000000000000000 ) ) ;
#2176 = DIRECTION ( 'NONE',  ( -1.110223024625158300E-016, -1.000000000000000000, 0.0000000000000000000 ) ) ;
#2177 = CARTESIAN_POINT ( 'NONE',  ( -8.039359836777358700E-017, 2.774121159304161500, 0.0009999999999997981400 ) ) ;
#2178 = DIRECTION ( 'NONE',  ( -2.207906407026225200E-035, 1.000000000000000000, -1.473117160979158800E-031 ) ) ;
#2179 = DIRECTION ( 'NONE',  ( 0.0000000000000000000, 0.0000000000000000000, 1.000000000000000000 ) ) ;
#2180 = CARTESIAN_POINT ( 'NONE',  ( -0.5012441101638543900, 1.112985504123318900E-016, -0.8071802657984454800 ) ) ;
#2181 = CARTESIAN_POINT ( 'NONE',  ( 7.473146094218575200E-017, 0.6731211593041599400, 0.0009999999999997981400 ) ) ;
#2182 = DIRECTION ( 'NONE',  ( -1.110223024625158300E-016, -1.000000000000000000, 0.0000000000000000000 ) ) ;
#2183 = DIRECTION ( 'NONE',  ( 0.0000000000000000000, 0.0000000000000000000, -1.000000000000000000 ) ) ;
#2184 = DIRECTION ( 'NONE',  ( -0.5000000000000010000, 1.110223024625158500E-016, -0.8660254037844379300 ) ) ;
#2185 = DIRECTION ( 'NONE',  ( 1.110223024625158300E-016, 1.000000000000000000, -0.0000000000000000000 ) ) ;
#2186 = CARTESIAN_POINT ( 'NONE',  ( -0.8289022138034327600, 0.6731211593041600500, -1.374700748813862700 ) ) ;
#2187 = CARTESIAN_POINT ( 'NONE',  ( 7.695190699143606700E-017, 0.6931211593041599600, 0.0009999999999997981400 ) ) ;
#2188 = DIRECTION ( 'NONE',  ( 1.110223024625158300E-016, 1.000000000000000000, -0.0000000000000000000 ) ) ;
#2189 = DIRECTION ( 'NONE',  ( 0.0000000000000000000, 0.0000000000000000000, 1.000000000000000000 ) ) ;
#2190 = CARTESIAN_POINT ( 'NONE',  ( -2.693810101510244500E-047, 1.052269570902439400E-047, -0.9500000000000000700 ) ) ;
#2191 = CARTESIAN_POINT ( 'NONE',  ( -0.4492825859367879900, 9.976077429403050500E-017, -0.8371802657984456200 ) ) ;
#2192 = CARTESIAN_POINT ( 'NONE',  ( -8.039359836777358700E-017, 1.664979023680720900, 0.0009999999999997163900 ) ) ;
#2193 = DIRECTION ( 'NONE',  ( -0.0000000000000000000, -1.000000000000000000, -0.0000000000000000000 ) ) ;
#2194 = DIRECTION ( 'NONE',  ( 0.0000000000000000000, 0.0000000000000000000, 1.000000000000000000 ) ) ;
#2195 = CARTESIAN_POINT ( 'NONE',  ( 0.8126677011341605400, 0.6731211593041598300, 1.348581748034561700 ) ) ;
#2196 = DIRECTION ( 'NONE',  ( -1.110223024625158300E-016, -1.000000000000000000, 0.0000000000000000000 ) ) ;
#2197 = CARTESIAN_POINT ( 'NONE',  ( 7.473146094218575200E-017, 0.6731211593041599400, 0.0009999999999997981400 ) ) ;
#2198 = ORIENTED_EDGE ( 'NONE', *, *, #2542, .T. ) ;
#2199 = ORIENTED_EDGE ( 'NONE', *, *, #613, .T. ) ;
#2200 = ORIENTED_EDGE ( 'NONE', *, *, #289, .T. ) ;
#2201 = ORIENTED_EDGE ( 'NONE', *, *, #610, .T. ) ;
#2202 = ORIENTED_EDGE ( 'NONE', *, *, #2661, .F. ) ;
#2203 = ORIENTED_EDGE ( 'NONE', *, *, #327, .T. ) ;
#2204 = ORIENTED_EDGE ( 'NONE', *, *, #656, .F. ) ;
#2205 = ORIENTED_EDGE ( 'NONE', *, *, #1701, .F. ) ;
#2206 = ORIENTED_EDGE ( 'NONE', *, *, #287, .F. ) ;
#2207 = ORIENTED_EDGE ( 'NONE', *, *, #2538, .T. ) ;
#2208 = ORIENTED_EDGE ( 'NONE', *, *, #288, .T. ) ;
#2209 = ORIENTED_EDGE ( 'NONE', *, *, #601, .F. ) ;
#2210 = ORIENTED_EDGE ( 'NONE', *, *, #2663, .F. ) ;
#2211 = ORIENTED_EDGE ( 'NONE', *, *, #2830, .F. ) ;
#2212 = ORIENTED_EDGE ( 'NONE', *, *, #1543, .T. ) ;
#2213 = ORIENTED_EDGE ( 'NONE', *, *, #290, .F. ) ;
#2214 = ORIENTED_EDGE ( 'NONE', *, *, #598, .F. ) ;
#2215 = ORIENTED_EDGE ( 'NONE', *, *, #621, .F. ) ;
#2216 = ORIENTED_EDGE ( 'NONE', *, *, #2830, .T. ) ;
#2217 = ORIENTED_EDGE ( 'NONE', *, *, #612, .T. ) ;
#2218 = ORIENTED_EDGE ( 'NONE', *, *, #620, .T. ) ;
#2219 = ORIENTED_EDGE ( 'NONE', *, *, #667, .F. ) ;
#2220 = ORIENTED_EDGE ( 'NONE', *, *, #2071, .T. ) ;
#2221 = ORIENTED_EDGE ( 'NONE', *, *, #284, .T. ) ;
#2222 = ORIENTED_EDGE ( 'NONE', *, *, #2543, .T. ) ;
#2223 = ORIENTED_EDGE ( 'NONE', *, *, #595, .F. ) ;
#2224 = ORIENTED_EDGE ( 'NONE', *, *, #328, .T. ) ;
#2225 = ORIENTED_EDGE ( 'NONE', *, *, #600, .F. ) ;
#2226 = ORIENTED_EDGE ( 'NONE', *, *, #1696, .F. ) ;
#2227 = ORIENTED_EDGE ( 'NONE', *, *, #1699, .F. ) ;
#2228 = ORIENTED_EDGE ( 'NONE', *, *, #2664, .T. ) ;
#2229 = ORIENTED_EDGE ( 'NONE', *, *, #2540, .F. ) ;
#2230 = ORIENTED_EDGE ( 'NONE', *, *, #598, .T. ) ;
#2231 = ORIENTED_EDGE ( 'NONE', *, *, #658, .T. ) ;
#2232 = ORIENTED_EDGE ( 'NONE', *, *, #2660, .T. ) ;
#2233 = ORIENTED_EDGE ( 'NONE', *, *, #1698, .T. ) ;
#2234 = ORIENTED_EDGE ( 'NONE', *, *, #587, .F. ) ;
#2235 = ORIENTED_EDGE ( 'NONE', *, *, #2536, .F. ) ;
#2236 = ORIENTED_EDGE ( 'NONE', *, *, #1700, .T. ) ;
#2237 = ORIENTED_EDGE ( 'NONE', *, *, #2667, .T. ) ;
#2238 = ORIENTED_EDGE ( 'NONE', *, *, #1704, .F. ) ;
#2239 = ORIENTED_EDGE ( 'NONE', *, *, #2072, .F. ) ;
#2240 = ORIENTED_EDGE ( 'NONE', *, *, #2669, .F. ) ;
#2241 = ORIENTED_EDGE ( 'NONE', *, *, #2067, .F. ) ;
#2242 = ORIENTED_EDGE ( 'NONE', *, *, #582, .T. ) ;
#2243 = ORIENTED_EDGE ( 'NONE', *, *, #582, .F. ) ;
#2244 = ORIENTED_EDGE ( 'NONE', *, *, #2665, .F. ) ;
#2245 = ORIENTED_EDGE ( 'NONE', *, *, #2829, .T. ) ;
#2246 = ORIENTED_EDGE ( 'NONE', *, *, #602, .F. ) ;
#2247 = ORIENTED_EDGE ( 'NONE', *, *, #619, .T. ) ;
#2248 = ORIENTED_EDGE ( 'NONE', *, *, #1693, .T. ) ;
#2249 = ORIENTED_EDGE ( 'NONE', *, *, #2535, .F. ) ;
#2250 = ORIENTED_EDGE ( 'NONE', *, *, #611, .T. ) ;
#2251 = ORIENTED_EDGE ( 'NONE', *, *, #588, .T. ) ;
#2252 = ORIENTED_EDGE ( 'NONE', *, *, #2068, .F. ) ;
#2253 = ORIENTED_EDGE ( 'NONE', *, *, #609, .T. ) ;
#2254 = ORIENTED_EDGE ( 'NONE', *, *, #2539, .F. ) ;
#2255 = ORIENTED_EDGE ( 'NONE', *, *, #2831, .T. ) ;
#2256 = ORIENTED_EDGE ( 'NONE', *, *, #2668, .T. ) ;
#2257 = ORIENTED_EDGE ( 'NONE', *, *, #1705, .F. ) ;
#2258 = ORIENTED_EDGE ( 'NONE', *, *, #1698, .F. ) ;
#2259 = ORIENTED_EDGE ( 'NONE', *, *, #2670, .T. ) ;
#2260 = ORIENTED_EDGE ( 'NONE', *, *, #604, .F. ) ;
#2261 = ORIENTED_EDGE ( 'NONE', *, *, #286, .F. ) ;
#2262 = ORIENTED_EDGE ( 'NONE', *, *, #2662, .F. ) ;
#2263 = ORIENTED_EDGE ( 'NONE', *, *, #325, .F. ) ;
#2264 = ORIENTED_EDGE ( 'NONE', *, *, #614, .T. ) ;
#2265 = DIRECTION ( 'NONE',  ( -1.110223024625158300E-016, -1.000000000000000000, 0.0000000000000000000 ) ) ;
#2266 = CARTESIAN_POINT ( 'NONE',  ( -0.03189723472904659700, 2.774121159304162800, 0.2035139012389774500 ) ) ;
#2267 = CARTESIAN_POINT ( 'NONE',  ( -1.001125366774816800, 1.173121159304160400, -0.5769999999999909600 ) ) ;
#2268 = DIRECTION ( 'NONE',  ( 0.0000000000000000000, 0.0000000000000000000, -1.000000000000000000 ) ) ;
#2269 = CARTESIAN_POINT ( 'NONE',  ( 1.001125366774813000, 1.173121159304159700, 0.5789999999999975200 ) ) ;
#2270 = DIRECTION ( 'NONE',  ( 0.0000000000000000000, 0.0000000000000000000, -1.000000000000000000 ) ) ;
#2271 = DIRECTION ( 'NONE',  ( -1.110223024625158300E-016, -1.000000000000000000, 0.0000000000000000000 ) ) ;
#2272 = DESIGN_CONTEXT ( 'detailed design', #422, 'design' ) ;
#2273 = PRODUCT_DEFINITION_SHAPE ( 'NONE', 'NONE',  #1152 ) ;
#2274 = EDGE_CURVE ( 'NONE', #832, #742, #2785, .T. ) ;
#2275 = EDGE_CURVE ( 'NONE', #776, #726, #2787, .T. ) ;
#2276 = EDGE_CURVE ( 'NONE', #796, #922, #2790, .T. ) ;
#2277 = EDGE_CURVE ( 'NONE', #722, #727, #2789, .T. ) ;
#2278 = EDGE_CURVE ( 'NONE', #781, #788, #2792, .T. ) ;
#2279 = EDGE_CURVE ( 'NONE', #898, #916, #2791, .T. ) ;
#2280 = EDGE_CURVE ( 'NONE', #939, #794, #2794, .T. ) ;
#2281 = EDGE_CURVE ( 'NONE', #790, #812, #2795, .T. ) ;
#2282 = EDGE_CURVE ( 'NONE', #921, #787, #2796, .T. ) ;
#2283 = LINE ( 'NONE', #2150, #2304 ) ;
#2284 = CIRCLE ( 'NONE', #1633, 0.1250000000000001100 ) ;
#2285 = LINE ( 'NONE', #1524, #2314 ) ;
#2286 = VECTOR ( 'NONE', #1532, 39.37007874015748100 ) ;
#2287 = CIRCLE ( 'NONE', #1638, 0.1275000000000000000 ) ;
#2288 = LINE ( 'NONE', #2186, #2299 ) ;
#2289 = LINE ( 'NONE', #2180, #2313 ) ;
#2290 = CIRCLE ( 'NONE', #1643, 0.2640000000012623900 ) ;
#2291 = LINE ( 'NONE', #2190, #2310 ) ;
#2292 = VECTOR ( 'NONE', #1531, 39.37007874015748100 ) ;
#2293 = CIRCLE ( 'NONE', #1635, 0.1875000000000000300 ) ;
#2294 = CIRCLE ( 'NONE', #1636, 0.1250000000000001100 ) ;
#2295 = CIRCLE ( 'NONE', #1637, 0.1250000000000001100 ) ;
#2296 = FACE_OUTER_BOUND ( 'NONE', #1882, .T. ) ;
#2297 = CIRCLE ( 'NONE', #1639, 0.1250000000000001100 ) ;
#2298 = CIRCLE ( 'NONE', #1632, 0.2450000000000000000 ) ;
#2299 = VECTOR ( 'NONE', #2184, 39.37007874015748900 ) ;
#2300 = CIRCLE ( 'NONE', #1640, 0.1275000000000000000 ) ;
#2301 = VECTOR ( 'NONE', #1519, 39.37007874015748100 ) ;
#2302 = LINE ( 'NONE', #2171, #2312 ) ;
#2303 = CIRCLE ( 'NONE', #1634, 0.2750000000000001300 ) ;
#2304 = VECTOR ( 'NONE', #2154, 39.37007874015748100 ) ;
#2305 = VECTOR ( 'NONE', #2155, 39.37007874015748100 ) ;
#2306 = VECTOR ( 'NONE', #2185, 39.37007874015748100 ) ;
#2307 = CIRCLE ( 'NONE', #1641, 0.9509999999999999600 ) ;
#2308 = LINE ( 'NONE', #2149, #2305 ) ;
#2309 = FACE_BOUND ( 'NONE', #1796, .T. ) ;
#2310 = VECTOR ( 'NONE', #2196, 39.37007874015748100 ) ;
#2311 = LINE ( 'NONE', #1528, #2286 ) ;
#2312 = VECTOR ( 'NONE', #2172, 39.37007874015748100 ) ;
#2313 = VECTOR ( 'NONE', #2176, 39.37007874015748100 ) ;
#2314 = VECTOR ( 'NONE', #1529, 39.37007874015748100 ) ;
#2315 = LINE ( 'NONE', #2191, #2306 ) ;
#2316 = CIRCLE ( 'NONE', #1642, 0.9509999999999999600 ) ;
#2317 = LINE ( 'NONE', #1530, #2292 ) ;
#2318 = DIRECTION ( 'NONE',  ( -1.110223024625158300E-016, -1.000000000000000000, 0.0000000000000000000 ) ) ;
#2319 = DIRECTION ( 'NONE',  ( 0.0000000000000000000, 0.0000000000000000000, -1.000000000000000000 ) ) ;
#2320 = DIRECTION ( 'NONE',  ( 0.5000000000000010000, -1.110223024625158500E-016, 0.8660254037844380400 ) ) ;
#2321 = CARTESIAN_POINT ( 'NONE',  ( 7.473146094218575200E-017, 0.6731211593041599400, 0.0009999999999997981400 ) ) ;
#2322 = DIRECTION ( 'NONE',  ( -1.110223024625158300E-016, -1.000000000000000000, 0.0000000000000000000 ) ) ;
#2323 = DIRECTION ( 'NONE',  ( 0.0000000000000000000, 0.0000000000000000000, -1.000000000000000000 ) ) ;
#2324 = CARTESIAN_POINT ( 'NONE',  ( 7.473146094218575200E-017, 0.6731211593041599400, 0.0009999999999997981400 ) ) ;
#2325 = DIRECTION ( 'NONE',  ( -1.110223024625158300E-016, -1.000000000000000000, 0.0000000000000000000 ) ) ;
#2326 = DIRECTION ( 'NONE',  ( 0.0000000000000000000, 0.0000000000000000000, -1.000000000000000000 ) ) ;
#2327 = CARTESIAN_POINT ( 'NONE',  ( -1.001125366774804600, 0.6731211593041601700, 0.5790000000000116200 ) ) ;
#2328 = DIRECTION ( 'NONE',  ( -1.110223024625158300E-016, -1.000000000000000000, 0.0000000000000000000 ) ) ;
#2329 = DIRECTION ( 'NONE',  ( 0.8660254037844329300, 0.0000000000000000000, -0.5000000000000098800 ) ) ;
#2330 = CARTESIAN_POINT ( 'NONE',  ( -1.001125366774816800, 0.6731211593041601700, -0.5769999999999909600 ) ) ;
#2331 = DIRECTION ( 'NONE',  ( -1.110223024625158300E-016, -1.000000000000000000, 0.0000000000000000000 ) ) ;
#2332 = DIRECTION ( 'NONE',  ( 0.8660254037844433700, 0.0000000000000000000, 0.4999999999999919500 ) ) ;
#2333 = CARTESIAN_POINT ( 'NONE',  ( 7.473146094218575200E-017, 0.6731211593041599400, 0.0009999999999997981400 ) ) ;
#2334 = DIRECTION ( 'NONE',  ( -1.110223024625158300E-016, -1.000000000000000000, 0.0000000000000000000 ) ) ;
#2335 = DIRECTION ( 'NONE',  ( 0.0000000000000000000, 0.0000000000000000000, -1.000000000000000000 ) ) ;
#2336 = CARTESIAN_POINT ( 'NONE',  ( 1.302426121734436500E-016, 1.173121159304159900, 0.0009999999999997981400 ) ) ;
#2337 = DIRECTION ( 'NONE',  ( -1.110223024625158300E-016, -1.000000000000000000, 0.0000000000000000000 ) ) ;
#2338 = DIRECTION ( 'NONE',  ( 0.0000000000000000000, 0.0000000000000000000, -1.000000000000000000 ) ) ;
#2339 = CARTESIAN_POINT ( 'NONE',  ( 1.269119430995682000E-016, 1.143121159304160100, 0.0009999999999997981400 ) ) ;
#2340 = DIRECTION ( 'NONE',  ( -1.110223024625158300E-016, -1.000000000000000000, 0.0000000000000000000 ) ) ;
#2341 = DIRECTION ( 'NONE',  ( 0.0000000000000000000, 0.0000000000000000000, -1.000000000000000000 ) ) ;
#2342 = CARTESIAN_POINT ( 'NONE',  ( 1.302426121734436500E-016, 1.173121159304159900, 1.157000000000000000 ) ) ;
#2343 = DIRECTION ( 'NONE',  ( -1.110223024625158300E-016, -1.000000000000000000, 0.0000000000000000000 ) ) ;
#2344 = DIRECTION ( 'NONE',  ( 0.0000000000000000000, 0.0000000000000000000, -1.000000000000000000 ) ) ;
#2345 = CARTESIAN_POINT ( 'NONE',  ( 1.001125366774809200, 1.173121159304159700, -0.5770000000000050600 ) ) ;
#2346 = DIRECTION ( 'NONE',  ( -1.110223024625158300E-016, -1.000000000000000000, 0.0000000000000000000 ) ) ;
#2347 = DIRECTION ( 'NONE',  ( -0.8660254037844364900, 0.0000000000000000000, 0.5000000000000038900 ) ) ;
#2348 = CARTESIAN_POINT ( 'NONE',  ( 1.001125366774813000, 1.173121159304159700, 0.5789999999999975200 ) ) ;
#2349 = DIRECTION ( 'NONE',  ( -1.110223024625158300E-016, -1.000000000000000000, 0.0000000000000000000 ) ) ;
#2350 = DIRECTION ( 'NONE',  ( -0.8660254037844398200, 0.0000000000000000000, -0.4999999999999977800 ) ) ;
#2351 = CARTESIAN_POINT ( 'NONE',  ( -8.039359836777358700E-017, 1.654121159304160900, 0.0009999999999997163900 ) ) ;
#2352 = DIRECTION ( 'NONE',  ( -0.0000000000000000000, -1.000000000000000000, -0.0000000000000000000 ) ) ;
#2353 = DIRECTION ( 'NONE',  ( 0.0000000000000000000, 0.0000000000000000000, 1.000000000000000000 ) ) ;
#2354 = CARTESIAN_POINT ( 'NONE',  ( 0.7016476117936916200, 0.6797878138105690700, 1.156289312636033900 ) ) ;
#2355 = CARTESIAN_POINT ( 'NONE',  ( -7.942062243231884200E-015, 1.173121159304159900, -1.155000000000000500 ) ) ;
#2356 = DIRECTION ( 'NONE',  ( -1.110223024625158300E-016, -1.000000000000000000, 0.0000000000000000000 ) ) ;
#2357 = DIRECTION ( 'NONE',  ( 6.982962677686268300E-015, 0.0000000000000000000, 1.000000000000000000 ) ) ;
#2358 = CARTESIAN_POINT ( 'NONE',  ( 8.039359836777404300E-017, 0.7241211593041598800, 0.0009999999999997981400 ) ) ;
#2359 = DIRECTION ( 'NONE',  ( -1.110223024625158300E-016, -1.000000000000000000, 0.0000000000000000000 ) ) ;
#2360 = DIRECTION ( 'NONE',  ( 0.0000000000000000000, 0.0000000000000000000, -1.000000000000000000 ) ) ;
#2361 = CARTESIAN_POINT ( 'NONE',  ( -1.001125366774816800, 1.173121159304160400, -0.5769999999999909600 ) ) ;
#2362 = DIRECTION ( 'NONE',  ( -1.110223024625158300E-016, -1.000000000000000000, 0.0000000000000000000 ) ) ;
#2363 = DIRECTION ( 'NONE',  ( 0.8660254037844433700, 0.0000000000000000000, 0.4999999999999919500 ) ) ;
#2364 = CARTESIAN_POINT ( 'NONE',  ( -8.039359836777358700E-017, 1.474121159304160500, 0.0009999999999997981400 ) ) ;
#2365 = DIRECTION ( 'NONE',  ( -0.0000000000000000000, 1.000000000000000000, 0.0000000000000000000 ) ) ;
#2366 = DIRECTION ( 'NONE',  ( 0.0000000000000000000, 0.0000000000000000000, 1.000000000000000000 ) ) ;
#2367 = CARTESIAN_POINT ( 'NONE',  ( 0.7049817623653451500, 0.6864544806554514500, 1.162064230826222600 ) ) ;
#2368 = CARTESIAN_POINT ( 'NONE',  ( -8.039359836777358700E-017, 1.655979023680429500, 0.0009999999999997981400 ) ) ;
#2369 = DIRECTION ( 'NONE',  ( 0.0000000000000000000, -1.000000000000000000, 0.0000000000000000000 ) ) ;
#2370 = DIRECTION ( 'NONE',  ( 0.0000000000000000000, 0.0000000000000000000, -1.000000000000000000 ) ) ;
#2371 = CARTESIAN_POINT ( 'NONE',  ( 0.6983134550565447400, 0.6731211593041598300, 1.150514383766897600 ) ) ;
#2372 = CARTESIAN_POINT ( 'NONE',  ( 0.7083159070386658700, 0.6931211593041598500, 1.167839138800199400 ) ) ;
#2373 = CARTESIAN_POINT ( 'NONE',  ( 7.695190699143606700E-017, 0.6931211593041599600, 0.0009999999999997981400 ) ) ;
#2374 = DIRECTION ( 'NONE',  ( -1.110223024625158300E-016, -1.000000000000000000, 0.0000000000000000000 ) ) ;
#2375 = DIRECTION ( 'NONE',  ( -1.509903313490213200E-014, 0.0000000000000000000, 1.000000000000000000 ) ) ;
#2376 = CARTESIAN_POINT ( 'NONE',  ( -8.039359836777358700E-017, 1.173121159304160200, 0.0009999999999997981400 ) ) ;
#2377 = DIRECTION ( 'NONE',  ( 1.110223024625158300E-016, 1.000000000000000000, 0.0000000000000000000 ) ) ;
#2378 = DIRECTION ( 'NONE',  ( -1.000000000000000000, 0.0000000000000000000, 0.0000000000000000000 ) ) ;
#2379 = CARTESIAN_POINT ( 'NONE',  ( 0.6530202381393615000, 0.6864544806576173800, 1.192064230828099100 ) ) ;
#2380 = CARTESIAN_POINT ( 'NONE',  ( -8.039359836777358700E-017, 0.7241211593041606600, 0.0009999999999997981400 ) ) ;
#2381 = DIRECTION ( 'NONE',  ( 0.0000000000000000000, 1.000000000000000000, 0.0000000000000000000 ) ) ;
#2382 = DIRECTION ( 'NONE',  ( 0.0000000000000000000, 0.0000000000000000000, 1.000000000000000000 ) ) ;
#2383 = CARTESIAN_POINT ( 'NONE',  ( -8.039359836777358700E-017, 1.654121159304160900, 0.0009999999999997981400 ) ) ;
#2384 = DIRECTION ( 'NONE',  ( -0.0000000000000000000, 1.000000000000000000, -0.0000000000000000000 ) ) ;
#2385 = DIRECTION ( 'NONE',  ( 0.0000000000000000000, 0.0000000000000000000, -1.000000000000000000 ) ) ;
#2386 = CARTESIAN_POINT ( 'NONE',  ( 0.6496860875677243900, 0.6797878138127672100, 1.186289312637938600 ) ) ;
#2387 = CARTESIAN_POINT ( 'NONE',  ( -1.001125366774804600, 1.173121159304160400, 0.5790000000000116200 ) ) ;
#2388 = DIRECTION ( 'NONE',  ( -1.110223024625158300E-016, -1.000000000000000000, 0.0000000000000000000 ) ) ;
#2389 = DIRECTION ( 'NONE',  ( 0.8660254037844329300, 0.0000000000000000000, -0.5000000000000098800 ) ) ;
#2390 = CARTESIAN_POINT ( 'NONE',  ( 0.6563543828115997500, 0.6931211593041598500, 1.197839138800199400 ) ) ;
#2391 = CARTESIAN_POINT ( 'NONE',  ( 0.6463519308294790600, 0.6731211593041598300, 1.180514383766898300 ) ) ;
#2392 = DIRECTION ( 'NONE',  ( 2.160703156275053700E-017, 0.1946188385891714500, 0.9808789464894238600 ) ) ;
#2393 = DIRECTION ( 'NONE',  ( 7.850462293418888200E-017, 0.7071067811865475700, 0.7071067811865473500 ) ) ;
#2394 = CARTESIAN_POINT ( 'NONE',  ( 2.394464554275047500E-016, 0.6731211593041599400, -1.343999999999999900 ) ) ;
#2395 = CARTESIAN_POINT ( 'NONE',  ( 7.473146094218575200E-017, 0.6731211593041599400, 1.345999999999999400 ) ) ;
#2396 = CARTESIAN_POINT ( 'NONE',  ( 7.473146094218575200E-017, 0.6731211593041599400, 0.0009999999999997981400 ) ) ;
#2397 = DIRECTION ( 'NONE',  ( -1.110223024625158300E-016, -1.000000000000000000, 0.0000000000000000000 ) ) ;
#2398 = DIRECTION ( 'NONE',  ( 0.0000000000000000000, 0.0000000000000000000, -1.000000000000000000 ) ) ;
#2399 = CARTESIAN_POINT ( 'NONE',  ( 7.761804080621114900E-017, 0.6991211593041598600, 0.8259999999999996200 ) ) ;
#2400 = DIRECTION ( 'NONE',  ( 1.651002285577382200E-016, 0.7071067811865475700, -0.7071067811865473500 ) ) ;
#2401 = CARTESIAN_POINT ( 'NONE',  ( 0.4492825859367883800, -9.976077429403059100E-017, 0.8391802657984450700 ) ) ;
#2402 = CARTESIAN_POINT ( 'NONE',  ( 7.695190699143606700E-017, 0.6931211593041599600, 0.0009999999999997981400 ) ) ;
#2403 = DIRECTION ( 'NONE',  ( 1.110223024625158300E-016, 1.000000000000000000, -0.0000000000000000000 ) ) ;
#2404 = DIRECTION ( 'NONE',  ( 0.0000000000000000000, 0.0000000000000000000, 1.000000000000000000 ) ) ;
#2405 = DIRECTION ( 'NONE',  ( 0.5000000000000010000, -1.110223024625158500E-016, 0.8660254037844380400 ) ) ;
#2406 = DIRECTION ( 'NONE',  ( 1.110223024625158300E-016, 1.000000000000000000, -0.0000000000000000000 ) ) ;
#2407 = DIRECTION ( 'NONE',  ( -1.110223024625158300E-016, -1.000000000000000000, 0.0000000000000000000 ) ) ;
#2408 = CARTESIAN_POINT ( 'NONE',  ( 0.8126677011341605400, 0.6931211593041598500, 1.348581748034561700 ) ) ;
#2409 = CARTESIAN_POINT ( 'NONE',  ( 8.039359836777404300E-017, 0.7241211593041598800, 0.0009999999999997981400 ) ) ;
#2410 = DIRECTION ( 'NONE',  ( -1.110223024625158300E-016, -1.000000000000000000, 0.0000000000000000000 ) ) ;
#2411 = DIRECTION ( 'NONE',  ( 0.0000000000000000000, 0.0000000000000000000, -1.000000000000000000 ) ) ;
#2412 = CARTESIAN_POINT ( 'NONE',  ( 0.8126677011341605400, 0.6731211593041598300, 1.348581748034561700 ) ) ;
#2413 = DIRECTION ( 'NONE',  ( 0.5000000000000010000, -1.110223024625158500E-016, 0.8660254037844380400 ) ) ;
#2414 = DIRECTION ( 'NONE',  ( -0.5000000000000010000, 1.110223024625158500E-016, -0.8660254037844379300 ) ) ;
#2415 = CARTESIAN_POINT ( 'NONE',  ( -0.8289022138034327600, 0.6931211593041600700, -1.374700748813862700 ) ) ;
#2416 = CARTESIAN_POINT ( 'NONE',  ( 0.5012441101638545100, -1.112985504123319200E-016, 0.8091802657984449300 ) ) ;
#2417 = CARTESIAN_POINT ( 'NONE',  ( 1.001125366774813000, 0.6731211593041596100, 0.5789999999999975200 ) ) ;
#2418 = DIRECTION ( 'NONE',  ( -1.110223024625158300E-016, -1.000000000000000000, 0.0000000000000000000 ) ) ;
#2419 = DIRECTION ( 'NONE',  ( -0.8660254037844398200, 0.0000000000000000000, -0.4999999999999977800 ) ) ;
#2420 = CARTESIAN_POINT ( 'NONE',  ( 7.473146094218575200E-017, 0.6731211593041599400, 0.0009999999999997981400 ) ) ;
#2421 = DIRECTION ( 'NONE',  ( -1.110223024625158300E-016, -1.000000000000000000, 0.0000000000000000000 ) ) ;
#2422 = DIRECTION ( 'NONE',  ( 0.0000000000000000000, 0.0000000000000000000, -1.000000000000000000 ) ) ;
#2423 = CARTESIAN_POINT ( 'NONE',  ( -0.8289022138034327600, 0.6731211593041600500, -1.374700748813862700 ) ) ;
#2424 = DIRECTION ( 'NONE',  ( -0.5000000000000010000, 1.110223024625158500E-016, -0.8660254037844379300 ) ) ;
#2425 = CARTESIAN_POINT ( 'NONE',  ( 7.473146094218575200E-017, 0.6731211593041599400, 1.024500000000000000 ) ) ;
#2426 = CARTESIAN_POINT ( 'NONE',  ( -8.039359836777358700E-017, 1.349121159304160800, 0.0009999999999997163900 ) ) ;
#2427 = DIRECTION ( 'NONE',  ( 0.0000000000000000000, 1.000000000000000000, 0.0000000000000000000 ) ) ;
#2428 = DIRECTION ( 'NONE',  ( 0.0000000000000000000, 0.0000000000000000000, 1.000000000000000000 ) ) ;
#2429 = CARTESIAN_POINT ( 'NONE',  ( -8.039359836777358700E-017, 1.474121159304160500, 0.2819999999999998100 ) ) ;
#2430 = CARTESIAN_POINT ( 'NONE',  ( -8.039359836777358700E-017, 1.474121159304160500, 0.3119999999999998300 ) ) ;
#2431 = CARTESIAN_POINT ( 'NONE',  ( -4.916510498951607500E-017, 1.655979023680429500, 0.2559999999999997800 ) ) ;
#2432 = CARTESIAN_POINT ( 'NONE',  ( -4.230708291429089400E-017, 1.474121159304160500, -0.3100000000000002200 ) ) ;
#2433 = CARTESIAN_POINT ( 'NONE',  ( -7.953591248758811500E-015, 1.173121159304159900, -1.022500000000000400 ) ) ;
#2434 = CARTESIAN_POINT ( 'NONE',  ( -1.001125366774804600, 0.6731211593041601700, 0.4465000000000115500 ) ) ;
#2435 = CARTESIAN_POINT ( 'NONE',  ( -0.4492825859367879400, 0.6931211593041600700, -0.8371802657984456200 ) ) ;
#2436 = CARTESIAN_POINT ( 'NONE',  ( -0.2590285377232845500, 1.799149697027445900, 0.0009999999999997127100 ) ) ;
#2437 = CARTESIAN_POINT ( 'NONE',  ( -0.4492825859367879400, 0.6731211593041600500, -0.8371802657984456200 ) ) ;
#2438 = CARTESIAN_POINT ( 'NONE',  ( -4.598102331173295800E-017, 1.474121159304160500, -0.2800000000000002500 ) ) ;
#2439 = CARTESIAN_POINT ( 'NONE',  ( -4.916510498951607500E-017, 1.654121159304160900, 0.2559999999999997800 ) ) ;
#2440 = CARTESIAN_POINT ( 'NONE',  ( 1.001125366774809200, 1.173121159304159700, -0.7095000000000051300 ) ) ;
#2441 = CARTESIAN_POINT ( 'NONE',  ( -1.001125366774816800, 0.6731211593041601700, -0.4444999999999909600 ) ) ;
#2442 = CARTESIAN_POINT ( 'NONE',  ( -1.001125366774804600, 1.173121159304160400, 0.4465000000000115500 ) ) ;
#2443 = CARTESIAN_POINT ( 'NONE',  ( -1.005962015702817800E-016, 3.846121159304161500, 0.1259999999999998100 ) ) ;
#2444 = DIRECTION ( 'NONE',  ( -1.881859469626396500E-017, -1.000000000000000000, -5.090600643806248200E-017 ) ) ;
#2445 = CARTESIAN_POINT ( 'NONE',  ( -2.693810101510244500E-047, 1.052269570902439400E-047, -0.8239999999999999500 ) ) ;
#2446 = CARTESIAN_POINT ( 'NONE',  ( -0.2050000000000000700, 2.744121159304160800, 0.0009999999999997981400 ) ) ;
#2447 = DIRECTION ( 'NONE',  ( -2.207906407025525500E-035, -1.473117160979158800E-031, -1.000000000000000000 ) ) ;
#2448 = DIRECTION ( 'NONE',  ( -1.000000000000000000, 0.0000000000000000000, 0.0000000000000000000 ) ) ;
#2449 = CARTESIAN_POINT ( 'NONE',  ( 1.302426121734436500E-016, 1.173121159304159900, 1.157000000000000000 ) ) ;
#2450 = DIRECTION ( 'NONE',  ( -1.110223024625158300E-016, -1.000000000000000000, 0.0000000000000000000 ) ) ;
#2451 = DIRECTION ( 'NONE',  ( 0.0000000000000000000, 0.0000000000000000000, -1.000000000000000000 ) ) ;
#2452 = DIRECTION ( 'NONE',  ( -1.110223024625158300E-016, -1.000000000000000000, 0.0000000000000000000 ) ) ;
#2453 = CARTESIAN_POINT ( 'NONE',  ( 1.001125366774809200, 0.6731211593041596100, -0.5770000000000050600 ) ) ;
#2454 = DIRECTION ( 'NONE',  ( -1.110223024625158300E-016, -1.000000000000000000, 0.0000000000000000000 ) ) ;
#2455 = DIRECTION ( 'NONE',  ( -0.8660254037844364900, 0.0000000000000000000, 0.5000000000000038900 ) ) ;
#2456 = CARTESIAN_POINT ( 'NONE',  ( 1.001125366774809200, 1.173121159304159700, -0.5770000000000050600 ) ) ;
#2457 = DIRECTION ( 'NONE',  ( -1.110223024625158300E-016, -1.000000000000000000, 0.0000000000000000000 ) ) ;
#2458 = DIRECTION ( 'NONE',  ( -0.8660254037844364900, 0.0000000000000000000, 0.5000000000000038900 ) ) ;
#2459 = CARTESIAN_POINT ( 'NONE',  ( -2.693810101510244500E-047, 1.052269570902439400E-047, -1.373999999999999900 ) ) ;
#2460 = DIRECTION ( 'NONE',  ( -1.110223024625158300E-016, -1.000000000000000000, 0.0000000000000000000 ) ) ;
#2461 = CARTESIAN_POINT ( 'NONE',  ( 1.001125366774809200, 1.173121159304159700, -0.7095000000000051300 ) ) ;
#2462 = DIRECTION ( 'NONE',  ( -1.110223024625158300E-016, -1.000000000000000000, 0.0000000000000000000 ) ) ;
#2463 = DIRECTION ( 'NONE',  ( -1.110223024625158300E-016, -1.000000000000000000, 0.0000000000000000000 ) ) ;
#2464 = CARTESIAN_POINT ( 'NONE',  ( 1.302426121734436500E-016, 1.173121159304159900, 1.024500000000000000 ) ) ;
#2465 = CARTESIAN_POINT ( 'NONE',  ( -8.039359836777358700E-017, 1.034121159304161000, 0.0009999999999997981400 ) ) ;
#2466 = DIRECTION ( 'NONE',  ( -0.0000000000000000000, -1.000000000000000000, -0.0000000000000000000 ) ) ;
#2467 = DIRECTION ( 'NONE',  ( 0.0000000000000000000, 0.0000000000000000000, 1.000000000000000000 ) ) ;
#2468 = CARTESIAN_POINT ( 'NONE',  ( 1.302426121734436500E-016, 1.173121159304159900, 0.0009999999999997981400 ) ) ;
#2469 = DIRECTION ( 'NONE',  ( -1.110223024625158300E-016, -1.000000000000000000, 0.0000000000000000000 ) ) ;
#2470 = DIRECTION ( 'NONE',  ( 0.0000000000000000000, 0.0000000000000000000, -1.000000000000000000 ) ) ;
#2471 = CARTESIAN_POINT ( 'NONE',  ( -8.039359836777358700E-017, 1.349121159304160800, 0.0009999999999997163900 ) ) ;
#2472 = DIRECTION ( 'NONE',  ( 0.0000000000000000000, 1.000000000000000000, 0.0000000000000000000 ) ) ;
#2473 = DIRECTION ( 'NONE',  ( 0.0000000000000000000, 0.0000000000000000000, 1.000000000000000000 ) ) ;
#2474 = CARTESIAN_POINT ( 'NONE',  ( -1.347228812558876600E-016, 2.846121159304161100, 0.0009999999999996511200 ) ) ;
#2475 = DIRECTION ( 'NONE',  ( -1.881859469626396500E-017, -1.000000000000000000, -5.090600643806248800E-017 ) ) ;
#2476 = DIRECTION ( 'NONE',  ( 0.0000000000000000000, 0.0000000000000000000, -1.000000000000000000 ) ) ;
#2477 = CARTESIAN_POINT ( 'NONE',  ( -8.039359836777358700E-017, 2.604121159304160700, 0.0009999999999997981400 ) ) ;
#2478 = DIRECTION ( 'NONE',  ( -0.0000000000000000000, -1.000000000000000000, -0.0000000000000000000 ) ) ;
#2479 = DIRECTION ( 'NONE',  ( 0.0000000000000000000, 0.0000000000000000000, 1.000000000000000000 ) ) ;
#2480 = CARTESIAN_POINT ( 'NONE',  ( -1.159042865596237300E-016, 3.846121159304161500, 0.0009999999999997020800 ) ) ;
#2481 = DIRECTION ( 'NONE',  ( -1.881859469626396500E-017, -1.000000000000000000, -5.090600643806248800E-017 ) ) ;
#2482 = DIRECTION ( 'NONE',  ( 0.0000000000000000000, 0.0000000000000000000, -1.000000000000000000 ) ) ;
#2483 = CARTESIAN_POINT ( 'NONE',  ( -8.039359836777358700E-017, 1.349121159304160800, 0.0009999999999997981400 ) ) ;
#2484 = DIRECTION ( 'NONE',  ( 0.0000000000000000000, 1.000000000000000000, 0.0000000000000000000 ) ) ;
#2485 = DIRECTION ( 'NONE',  ( 0.0000000000000000000, 0.0000000000000000000, 1.000000000000000000 ) ) ;
#2486 = CARTESIAN_POINT ( 'NONE',  ( -8.039359836777358700E-017, 1.653929177161298700, 0.0009999999999997981400 ) ) ;
#2487 = DIRECTION ( 'NONE',  ( 0.0000000000000000000, 1.000000000000000000, 0.0000000000000000000 ) ) ;
#2488 = DIRECTION ( 'NONE',  ( 1.000000000000000000, 0.0000000000000000000, 0.0000000000000000000 ) ) ;
#2489 = CARTESIAN_POINT ( 'NONE',  ( -8.039359836777358700E-017, 2.604121159304160700, 0.0009999999999997981400 ) ) ;
#2490 = DIRECTION ( 'NONE',  ( -2.207906407026225000E-035, 1.000000000000000000, -1.473117160979158800E-031 ) ) ;
#2491 = DIRECTION ( 'NONE',  ( 0.0000000000000000000, 0.0000000000000000000, -1.000000000000000000 ) ) ;
#2492 = CARTESIAN_POINT ( 'NONE',  ( -8.039359836777358700E-017, 1.799149697028806800, 0.2791706733457225400 ) ) ;
#2493 = DIRECTION ( 'NONE',  ( 0.0000000000000000000, 0.7071067812423831300, 0.7071067811307119000 ) ) ;
#2494 = CARTESIAN_POINT ( 'NONE',  ( -8.039359836777358700E-017, 2.744121159304160800, 0.0009999999999997981400 ) ) ;
#2495 = DIRECTION ( 'NONE',  ( -2.207906407026225000E-035, 1.000000000000000000, -1.473117160979158800E-031 ) ) ;
#2496 = DIRECTION ( 'NONE',  ( -1.000000000000000000, 0.0000000000000000000, 0.0000000000000000000 ) ) ;
#2497 = DIRECTION ( 'NONE',  ( 0.7071067811865040500, 0.7071067811865908700, 8.659560562354400400E-017 ) ) ;
#2498 = CARTESIAN_POINT ( 'NONE',  ( -8.039359836777358700E-017, 0.8441211593041606500, 0.0009999999999997981400 ) ) ;
#2499 = DIRECTION ( 'NONE',  ( 0.0000000000000000000, 1.000000000000000000, 0.0000000000000000000 ) ) ;
#2500 = DIRECTION ( 'NONE',  ( 0.0000000000000000000, 0.0000000000000000000, 1.000000000000000000 ) ) ;
#2501 = CARTESIAN_POINT ( 'NONE',  ( 0.2590285377232844400, 1.799149697027445900, 0.0009999999999997445800 ) ) ;
#2502 = CARTESIAN_POINT ( 'NONE',  ( -4.632751589482324400E-017, 1.799149697028806800, -0.2771706733457231000 ) ) ;
#2503 = CARTESIAN_POINT ( 'NONE',  ( -8.039359836777358700E-017, 1.655979023680429500, 0.0009999999999997981400 ) ) ;
#2504 = DIRECTION ( 'NONE',  ( 0.0000000000000000000, -1.000000000000000000, 0.0000000000000000000 ) ) ;
#2505 = DIRECTION ( 'NONE',  ( 0.0000000000000000000, 0.0000000000000000000, -1.000000000000000000 ) ) ;
#2506 = DIRECTION ( 'NONE',  ( -0.7071067811865040500, 0.7071067811865908700, 3.072294689667694000E-033 ) ) ;
#2507 = DIRECTION ( 'NONE',  ( 8.659560561671143300E-017, 0.7071067812423831300, -0.7071067811307119000 ) ) ;
#2508 = CARTESIAN_POINT ( 'NONE',  ( -0.2590285377232845500, 1.799149697027445900, 0.0009999999999997127100 ) ) ;
#2509 = DIRECTION ( 'NONE',  ( 0.0000000000000000000, 1.000000000000000000, 0.0000000000000000000 ) ) ;
#2510 = CARTESIAN_POINT ( 'NONE',  ( -8.039359836777358700E-017, 1.824121159304161100, -0.2540000000000002300 ) ) ;
#2511 = CARTESIAN_POINT ( 'NONE',  ( -8.039359836777358700E-017, 1.664979023680720900, 0.0009999999999997163900 ) ) ;
#2512 = DIRECTION ( 'NONE',  ( -0.0000000000000000000, -1.000000000000000000, -0.0000000000000000000 ) ) ;
#2513 = DIRECTION ( 'NONE',  ( 0.0000000000000000000, 0.0000000000000000000, 1.000000000000000000 ) ) ;
#2514 = CARTESIAN_POINT ( 'NONE',  ( -5.467601558567917100E-017, 1.034121159304161000, -0.2090000000000001900 ) ) ;
#2515 = DIRECTION ( 'NONE',  ( 0.0000000000000000000, -1.000000000000000000, 0.0000000000000000000 ) ) ;
#2516 = CARTESIAN_POINT ( 'NONE',  ( -4.806292287028344700E-017, 2.358621159304160800, -0.2630000000000004000 ) ) ;
#2517 = DIRECTION ( 'NONE',  ( 0.0000000000000000000, 1.000000000000000000, 0.0000000000000000000 ) ) ;
#2518 = CARTESIAN_POINT ( 'NONE',  ( -8.039359836777358700E-017, 1.034121159304161000, 0.2109999999999997700 ) ) ;
#2519 = DIRECTION ( 'NONE',  ( 0.0000000000000000000, 1.000000000000000000, 0.0000000000000000000 ) ) ;
#2520 = CARTESIAN_POINT ( 'NONE',  ( -8.039359836777358700E-017, 1.799149697028806800, 0.0009999999999997127100 ) ) ;
#2521 = DIRECTION ( 'NONE',  ( 0.0000000000000000000, -1.000000000000000000, -0.0000000000000000000 ) ) ;
#2522 = DIRECTION ( 'NONE',  ( 0.0000000000000000000, 0.0000000000000000000, 1.000000000000000000 ) ) ;
#2523 = CARTESIAN_POINT ( 'NONE',  ( -5.192056028759760800E-017, 1.674121159304160700, -0.2315000000000003200 ) ) ;
#2524 = DIRECTION ( 'NONE',  ( 0.0000000000000000000, 1.000000000000000000, 0.0000000000000000000 ) ) ;
#2525 = CARTESIAN_POINT ( 'NONE',  ( -8.039359836777358700E-017, 2.604121159304160700, 0.0009999999999997981400 ) ) ;
#2526 = DIRECTION ( 'NONE',  ( -0.0000000000000000000, -1.000000000000000000, -0.0000000000000000000 ) ) ;
#2527 = DIRECTION ( 'NONE',  ( 0.0000000000000000000, 0.0000000000000000000, 1.000000000000000000 ) ) ;
#2528 = CARTESIAN_POINT ( 'NONE',  ( -8.039359836777358700E-017, 1.654121159304160900, 0.1359999999999997900 ) ) ;
#2529 = CARTESIAN_POINT ( 'NONE',  ( -8.039359836777358700E-017, 1.034121159304161000, 0.0009999999999997981400 ) ) ;
#2530 = DIRECTION ( 'NONE',  ( -0.0000000000000000000, -1.000000000000000000, -0.0000000000000000000 ) ) ;
#2531 = DIRECTION ( 'NONE',  ( 0.0000000000000000000, 0.0000000000000000000, 1.000000000000000000 ) ) ;
#2532 = DIRECTION ( 'NONE',  ( 0.0000000000000000000, 1.000000000000000000, 0.0000000000000000000 ) ) ;
#2533 = CARTESIAN_POINT ( 'NONE',  ( -5.118577220810919100E-017, 2.358621159304160800, -0.2375000000000003800 ) ) ;
#2534 = DIRECTION ( 'NONE',  ( 0.0000000000000000000, 1.000000000000000000, 0.0000000000000000000 ) ) ;
#2535 = EDGE_CURVE ( 'NONE', #1442, #915, #2797, .T. ) ;
#2536 = EDGE_CURVE ( 'NONE', #839, #1819, #2793, .T. ) ;
#2537 = EDGE_CURVE ( 'NONE', #805, #723, #2800, .T. ) ;
#2538 = EDGE_CURVE ( 'NONE', #918, #878, #2798, .T. ) ;
#2539 = EDGE_CURVE ( 'NONE', #793, #899, #2801, .T. ) ;
#2540 = EDGE_CURVE ( 'NONE', #734, #1848, #2805, .T. ) ;
#2541 = EDGE_CURVE ( 'NONE', #913, #835, #2803, .T. ) ;
#2542 = EDGE_CURVE ( 'NONE', #793, #918, #2808, .T. ) ;
#2543 = EDGE_CURVE ( 'NONE', #878, #915, #2810, .T. ) ;
#2544 = CIRCLE ( 'NONE', #480, 0.1324999999999999800 ) ;
#2545 = LINE ( 'NONE', #1296, #2552 ) ;
#2546 = VECTOR ( 'NONE', #1294, 39.37007874015748100 ) ;
#2547 = VECTOR ( 'NONE', #1303, 39.37007874015748100 ) ;
#2548 = LINE ( 'NONE', #1302, #2547 ) ;
#2549 = VECTOR ( 'NONE', #1295, 39.37007874015748100 ) ;
#2550 = FACE_OUTER_BOUND ( 'NONE', #1880, .T. ) ;
#2551 = CIRCLE ( 'NONE', #481, 0.1325000000000000100 ) ;
#2552 = VECTOR ( 'NONE', #1297, 39.37007874015748100 ) ;
#2553 = CIRCLE ( 'NONE', #479, 0.1325000000000000100 ) ;
#2554 = LINE ( 'NONE', #1313, #2557 ) ;
#2555 = LINE ( 'NONE', #1298, #2546 ) ;
#2556 = FACE_BOUND ( 'NONE', #1865, .T. ) ;
#2557 = VECTOR ( 'NONE', #1307, 39.37007874015748100 ) ;
#2558 = CIRCLE ( 'NONE', #482, 0.3110000000000000500 ) ;
#2559 = CIRCLE ( 'NONE', #472, 0.2550000000000000000 ) ;
#2560 = CIRCLE ( 'NONE', #471, 0.2689999999999997900 ) ;
#2561 = VECTOR ( 'NONE', #1266, 39.37007874015748100 ) ;
#2562 = LINE ( 'NONE', #1258, #2569 ) ;
#2563 = LINE ( 'NONE', #1233, #2575 ) ;
#2564 = FACE_OUTER_BOUND ( 'NONE', #1811, .T. ) ;
#2565 = CIRCLE ( 'NONE', #475, 0.2575000000000000600 ) ;
#2566 = VECTOR ( 'NONE', #1257, 39.37007874015748100 ) ;
#2567 = FACE_OUTER_BOUND ( 'NONE', #1891, .T. ) ;
#2568 = VECTOR ( 'NONE', #1248, 39.37007874015748100 ) ;
#2569 = VECTOR ( 'NONE', #1259, 39.37007874015748100 ) ;
#2570 = LINE ( 'NONE', #1256, #2566 ) ;
#2571 = CIRCLE ( 'NONE', #473, 0.2689999999999997900 ) ;
#2572 = CIRCLE ( 'NONE', #467, 0.3110000000000000500 ) ;
#2573 = CIRCLE ( 'NONE', #474, 0.2550000000000000000 ) ;
#2574 = LINE ( 'NONE', #1268, #2561 ) ;
#2575 = VECTOR ( 'NONE', #1234, 39.37007874015748900 ) ;
#2576 = CIRCLE ( 'NONE', #470, 1.374999999999999800 ) ;
#2577 = CIRCLE ( 'NONE', #468, 1.364999999999999800 ) ;
#2578 = LINE ( 'NONE', #1252, #2568 ) ;
#2579 = VECTOR ( 'NONE', #108, 39.37007874015748100 ) ;
#2580 = FACE_BOUND ( 'NONE', #1875, .T. ) ;
#2581 = VECTOR ( 'NONE', #2994, 39.37007874015748100 ) ;
#2582 = CIRCLE ( 'NONE', #489, 0.2550000000000000000 ) ;
#2583 = FACE_OUTER_BOUND ( 'NONE', #1898, .T. ) ;
#2584 = LINE ( 'NONE', #104, #2579 ) ;
#2585 = LINE ( 'NONE', #109, #249 ) ;
#2586 = CIRCLE ( 'NONE', #484, 0.2810000000000000300 ) ;
#2587 = VECTOR ( 'NONE', #2983, 39.37007874015748100 ) ;
#2588 = VECTOR ( 'NONE', #1311, 39.37007874015748900 ) ;
#2589 = CIRCLE ( 'NONE', #486, 0.2535000000000001100 ) ;
#2590 = LINE ( 'NONE', #1323, #2599 ) ;
#2591 = LINE ( 'NONE', #1312, #2588 ) ;
#2592 = CIRCLE ( 'NONE', #485, 0.2385000000000001000 ) ;
#2593 = LINE ( 'NONE', #2985, #2595 ) ;
#2594 = LINE ( 'NONE', #2986, #2587 ) ;
#2595 = VECTOR ( 'NONE', #2981, 39.37007874015748100 ) ;
#2596 = CIRCLE ( 'NONE', #483, 0.3110000000000000500 ) ;
#2597 = FACE_BOUND ( 'NONE', #1884, .T. ) ;
#2598 = CYLINDRICAL_SURFACE ( 'NONE', #492, 0.2575000000000000600 ) ;
#2599 = VECTOR ( 'NONE', #1317, 39.37007874015748900 ) ;
#2600 = FACE_OUTER_BOUND ( 'NONE', #995, .T. ) ;
#2601 = FACE_BOUND ( 'NONE', #1028, .T. ) ;
#2602 = CYLINDRICAL_SURFACE ( 'NONE', #1573, 0.2325000000000001200 ) ;
#2603 = FACE_BOUND ( 'NONE', #1788, .T. ) ;
#2604 = CYLINDRICAL_SURFACE ( 'NONE', #1580, 1.374999999999999800 ) ;
#2605 = FACE_BOUND ( 'NONE', #1799, .T. ) ;
#2606 = CYLINDRICAL_SURFACE ( 'NONE', #1572, 0.2535000000000001100 ) ;
#2607 = FACE_BOUND ( 'NONE', #1823, .T. ) ;
#2608 = CONICAL_SURFACE ( 'NONE', #1577, 1.344999999999999800, 0.7853981633974482800 ) ;
#2609 = CYLINDRICAL_SURFACE ( 'NONE', #1587, 0.1325000000000000300 ) ;
#2610 = CYLINDRICAL_SURFACE ( 'NONE', #1584, 0.1325000000000000300 ) ;
#2611 = CYLINDRICAL_SURFACE ( 'NONE', #1576, 0.1325000000000000300 ) ;
#2612 = FACE_BOUND ( 'NONE', #1901, .T. ) ;
#2613 = CONICAL_SURFACE ( 'NONE', #1570, 1.374999999999999800, 0.7853981633974482800 ) ;
#2614 = CYLINDRICAL_SURFACE ( 'NONE', #1571, 0.3110000000000000500 ) ;
#2615 = FACE_OUTER_BOUND ( 'NONE', #1034, .T. ) ;
#2616 = CONICAL_SURFACE ( 'NONE', #1564, 0.2639999999990245100, 0.7853981633974482800 ) ;
#2617 = FACE_OUTER_BOUND ( 'NONE', #1843, .T. ) ;
#2618 = FACE_OUTER_BOUND ( 'NONE', #1026, .T. ) ;
#2619 = FACE_OUTER_BOUND ( 'NONE', #1059, .T. ) ;
#2620 = FACE_OUTER_BOUND ( 'NONE', #1866, .T. ) ;
#2621 = CYLINDRICAL_SURFACE ( 'NONE', #1586, 0.2349999999999999900 ) ;
#2622 = FACE_BOUND ( 'NONE', #1821, .T. ) ;
#2623 = CYLINDRICAL_SURFACE ( 'NONE', #1575, 0.1325000000000000300 ) ;
#2624 = FACE_OUTER_BOUND ( 'NONE', #1027, .T. ) ;
#2625 = FACE_OUTER_BOUND ( 'NONE', #1041, .T. ) ;
#2626 = FACE_OUTER_BOUND ( 'NONE', #1044, .T. ) ;
#2627 = FACE_OUTER_BOUND ( 'NONE', #1899, .T. ) ;
#2628 = CYLINDRICAL_SURFACE ( 'NONE', #1585, 0.2385000000000001000 ) ;
#2629 = FACE_OUTER_BOUND ( 'NONE', #1010, .T. ) ;
#2630 = FACE_OUTER_BOUND ( 'NONE', #1890, .T. ) ;
#2631 = FACE_OUTER_BOUND ( 'NONE', #1058, .T. ) ;
#2632 = FACE_OUTER_BOUND ( 'NONE', #1867, .T. ) ;
#2633 = CYLINDRICAL_SURFACE ( 'NONE', #1562, 0.2550000000000000000 ) ;
#2634 = CONICAL_SURFACE ( 'NONE', #1566, 1.374999999999999800, 0.7853981633974482800 ) ;
#2635 = CONICAL_SURFACE ( 'NONE', #1567, 0.8249999999999998400, 1.374927483316077800 ) ;
#2636 = CONICAL_SURFACE ( 'NONE', #1579, 0.8249999999999998400, 1.374927483316077800 ) ;
#2637 = FACE_BOUND ( 'NONE', #1877, .T. ) ;
#2638 = CONICAL_SURFACE ( 'NONE', #1563, 0.2590285377232844900, 0.7853981633973868800 ) ;
#2639 = FACE_OUTER_BOUND ( 'NONE', #1045, .T. ) ;
#2640 = FACE_OUTER_BOUND ( 'NONE', #1806, .T. ) ;
#2641 = FACE_BOUND ( 'NONE', #1833, .T. ) ;
#2642 = FACE_OUTER_BOUND ( 'NONE', #1814, .T. ) ;
#2643 = CYLINDRICAL_SURFACE ( 'NONE', #1568, 0.2689999999999997900 ) ;
#2644 = FACE_OUTER_BOUND ( 'NONE', #1909, .T. ) ;
#2645 = CYLINDRICAL_SURFACE ( 'NONE', #1582, 0.1875000000000000300 ) ;
#2646 = CYLINDRICAL_SURFACE ( 'NONE', #1578, 0.9509999999999999600 ) ;
#2647 = FACE_OUTER_BOUND ( 'NONE', #1006, .T. ) ;
#2648 = FACE_OUTER_BOUND ( 'NONE', #1825, .T. ) ;
#2649 = FACE_OUTER_BOUND ( 'NONE', #1798, .T. ) ;
#2650 = FACE_OUTER_BOUND ( 'NONE', #1803, .T. ) ;
#2651 = FACE_BOUND ( 'NONE', #1860, .T. ) ;
#2652 = FACE_OUTER_BOUND ( 'NONE', #1874, .T. ) ;
#2653 = FACE_OUTER_BOUND ( 'NONE', #1838, .T. ) ;
#2654 = FACE_OUTER_BOUND ( 'NONE', #1031, .T. ) ;
#2655 = FACE_OUTER_BOUND ( 'NONE', #1061, .T. ) ;
#2656 = FACE_BOUND ( 'NONE', #1075, .T. ) ;
#2657 = CONICAL_SURFACE ( 'NONE', #1581, 0.2810000000000000300, 0.7853981633974489500 ) ;
#2658 = FACE_OUTER_BOUND ( 'NONE', #1030, .T. ) ;
#2659 = CYLINDRICAL_SURFACE ( 'NONE', #1574, 0.9509999999999999600 ) ;
#2660 = EDGE_CURVE ( 'NONE', #923, #740, #2812, .T. ) ;
#2661 = EDGE_CURVE ( 'NONE', #922, #796, #2813, .T. ) ;
#2662 = EDGE_CURVE ( 'NONE', #749, #940, #2815, .T. ) ;
#2663 = EDGE_CURVE ( 'NONE', #923, #749, #2816, .T. ) ;
#2664 = EDGE_CURVE ( 'NONE', #787, #788, #2818, .T. ) ;
#2665 = EDGE_CURVE ( 'NONE', #935, #922, #2806, .T. ) ;
#2666 = EDGE_CURVE ( 'NONE', #769, #935, #2819, .T. ) ;
#2667 = EDGE_CURVE ( 'NONE', #904, #898, #2822, .T. ) ;
#2668 = EDGE_CURVE ( 'NONE', #742, #945, #2823, .T. ) ;
#2669 = EDGE_CURVE ( 'NONE', #921, #781, #2824, .T. ) ;
#2670 = EDGE_CURVE ( 'NONE', #788, #781, #2086, .T. ) ;
#2671 = CIRCLE ( 'NONE', #476, 0.2575000000000000600 ) ;
#2672 = CYLINDRICAL_SURFACE ( 'NONE', #495, 0.1250000000000001100 ) ;
#2673 = VECTOR ( 'NONE', #1292, 39.37007874015748100 ) ;
#2674 = LINE ( 'NONE', #1272, #2677 ) ;
#2675 = LINE ( 'NONE', #1286, #2676 ) ;
#2676 = VECTOR ( 'NONE', #1281, 39.37007874015748100 ) ;
#2677 = VECTOR ( 'NONE', #1267, 39.37007874015748100 ) ;
#2678 = CIRCLE ( 'NONE', #477, 0.2550000000000000000 ) ;
#2679 = VECTOR ( 'NONE', #1290, 39.37007874015748100 ) ;
#2680 = LINE ( 'NONE', #1293, #2549 ) ;
#2681 = CIRCLE ( 'NONE', #478, 0.2550000000000000000 ) ;
#2682 = VECTOR ( 'NONE', #1273, 39.37007874015748100 ) ;
#2683 = LINE ( 'NONE', #1291, #2673 ) ;
#2684 = LINE ( 'NONE', #1277, #2682 ) ;
#2685 = LINE ( 'NONE', #1285, #2679 ) ;
#2686 = FACE_OUTER_BOUND ( 'NONE', #1907, .T. ) ;
#2687 = FACE_OUTER_BOUND ( 'NONE', #1837, .T. ) ;
#2688 = FACE_OUTER_BOUND ( 'NONE', #1879, .T. ) ;
#2689 = FACE_OUTER_BOUND ( 'NONE', #1876, .T. ) ;
#2690 = FACE_OUTER_BOUND ( 'NONE', #1813, .T. ) ;
#2691 = CYLINDRICAL_SURFACE ( 'NONE', #500, 0.2689999999999997900 ) ;
#2692 = FACE_BOUND ( 'NONE', #1881, .T. ) ;
#2693 = FACE_OUTER_BOUND ( 'NONE', #1807, .T. ) ;
#2694 = FACE_OUTER_BOUND ( 'NONE', #1896, .T. ) ;
#2695 = CYLINDRICAL_SURFACE ( 'NONE', #502, 0.2550000000000000000 ) ;
#2696 = FACE_OUTER_BOUND ( 'NONE', #1842, .T. ) ;
#2697 = CYLINDRICAL_SURFACE ( 'NONE', #503, 0.2750000000000001300 ) ;
#2698 = FACE_OUTER_BOUND ( 'NONE', #1883, .T. ) ;
#2699 = FACE_OUTER_BOUND ( 'NONE', #1832, .T. ) ;
#2700 = CYLINDRICAL_SURFACE ( 'NONE', #505, 0.1275000000000000000 ) ;
#2701 = FACE_OUTER_BOUND ( 'NONE', #1809, .T. ) ;
#2702 = CYLINDRICAL_SURFACE ( 'NONE', #517, 0.2099999999999999900 ) ;
#2703 = CYLINDRICAL_SURFACE ( 'NONE', #507, 0.1875000000000000300 ) ;
#2704 = FACE_BOUND ( 'NONE', #1828, .T. ) ;
#2705 = FACE_OUTER_BOUND ( 'NONE', #1854, .T. ) ;
#2706 = FACE_BOUND ( 'NONE', #1858, .T. ) ;
#2707 = CYLINDRICAL_SURFACE ( 'NONE', #509, 0.2385000000000001000 ) ;
#2708 = FACE_OUTER_BOUND ( 'NONE', #1872, .T. ) ;
#2709 = FACE_OUTER_BOUND ( 'NONE', #1789, .T. ) ;
#2710 = CYLINDRICAL_SURFACE ( 'NONE', #511, 0.2349999999999999900 ) ;
#2711 = FACE_OUTER_BOUND ( 'NONE', #1908, .T. ) ;
#2712 = FACE_OUTER_BOUND ( 'NONE', #1878, .T. ) ;
#2713 = FACE_OUTER_BOUND ( 'NONE', #1885, .T. ) ;
#2714 = FACE_OUTER_BOUND ( 'NONE', #1887, .T. ) ;
#2715 = FACE_OUTER_BOUND ( 'NONE', #1889, .T. ) ;
#2716 = FACE_OUTER_BOUND ( 'NONE', #1851, .T. ) ;
#2717 = CONICAL_SURFACE ( 'NONE', #513, 0.2590285377232844900, 0.7853981633973868800 ) ;
#2718 = FACE_OUTER_BOUND ( 'NONE', #1868, .T. ) ;
#2719 = CYLINDRICAL_SURFACE ( 'NONE', #518, 0.3110000000000000500 ) ;
#2720 = FACE_OUTER_BOUND ( 'NONE', #1861, .T. ) ;
#2721 = CYLINDRICAL_SURFACE ( 'NONE', #519, 0.2550000000000000000 ) ;
#2722 = FACE_OUTER_BOUND ( 'NONE', #1869, .T. ) ;
#2723 = CYLINDRICAL_SURFACE ( 'NONE', #520, 0.2640000000000001200 ) ;
#2724 = CYLINDRICAL_SURFACE ( 'NONE', #521, 0.1349999999999999800 ) ;
#2725 = FACE_OUTER_BOUND ( 'NONE', #1863, .T. ) ;
#2726 = CONICAL_SURFACE ( 'NONE', #515, 0.2781706733457228200, 0.7853981633184847800 ) ;
#2727 = FACE_OUTER_BOUND ( 'NONE', #1856, .T. ) ;
#2728 = FACE_OUTER_BOUND ( 'NONE', #1815, .T. ) ;
#2729 = CONICAL_SURFACE ( 'NONE', #516, 0.2639999999990245100, 0.7853981633974482800 ) ;
#2730 = FACE_OUTER_BOUND ( 'NONE', #1820, .T. ) ;
#2731 = FACE_OUTER_BOUND ( 'NONE', #1894, .T. ) ;
#2732 = FACE_BOUND ( 'NONE', #1805, .T. ) ;
#2733 = FACE_OUTER_BOUND ( 'NONE', #1840, .T. ) ;
#2734 = FACE_BOUND ( 'NONE', #1871, .T. ) ;
#2735 = CYLINDRICAL_SURFACE ( 'NONE', #524, 0.1250000000000001100 ) ;
#2736 = FACE_OUTER_BOUND ( 'NONE', #1836, .T. ) ;
#2737 = FACE_OUTER_BOUND ( 'NONE', #1892, .T. ) ;
#2738 = FACE_OUTER_BOUND ( 'NONE', #1893, .T. ) ;
#2739 = CONICAL_SURFACE ( 'NONE', #523, 0.2810000000000000300, 0.7853981633974489500 ) ;
#2740 = CYLINDRICAL_SURFACE ( 'NONE', #526, 0.2325000000000001200 ) ;
#2741 = CYLINDRICAL_SURFACE ( 'NONE', #527, 0.2550000000000000000 ) ;
#2742 = FACE_OUTER_BOUND ( 'NONE', #1855, .T. ) ;
#2743 = FACE_BOUND ( 'NONE', #1905, .T. ) ;
#2744 = FACE_BOUND ( 'NONE', #1850, .T. ) ;
#2745 = FACE_OUTER_BOUND ( 'NONE', #1903, .T. ) ;
#2746 = FACE_OUTER_BOUND ( 'NONE', #1829, .T. ) ;
#2747 = FACE_OUTER_BOUND ( 'NONE', #1857, .T. ) ;
#2748 = CIRCLE ( 'NONE', #1102, 0.2099999999999999900 ) ;
#2749 = FACE_OUTER_BOUND ( 'NONE', #1786, .T. ) ;
#2750 = FACE_BOUND ( 'NONE', #1886, .T. ) ;
#2751 = FACE_OUTER_BOUND ( 'NONE', #1839, .T. ) ;
#2752 = LINE ( 'NONE', #2040, #2761 ) ;
#2753 = CYLINDRICAL_SURFACE ( 'NONE', #531, 0.2535000000000001100 ) ;
#2754 = LINE ( 'NONE', #2035, #2758 ) ;
#2755 = FACE_BOUND ( 'NONE', #1841, .T. ) ;
#2756 = CIRCLE ( 'NONE', #1104, 0.2349999999999999900 ) ;
#2757 = CIRCLE ( 'NONE', #1105, 0.2325000000000001200 ) ;
#2758 = VECTOR ( 'NONE', #2031, 39.37007874015748100 ) ;
#2759 = LINE ( 'NONE', #2045, #2764 ) ;
#2760 = CIRCLE ( 'NONE', #1106, 0.2640000000000001200 ) ;
#2761 = VECTOR ( 'NONE', #2030, 39.37007874015748100 ) ;
#2762 = LINE ( 'NONE', #2044, #2768 ) ;
#2763 = LINE ( 'NONE', #2049, #2766 ) ;
#2764 = VECTOR ( 'NONE', #2039, 39.37007874015748100 ) ;
#2765 = LINE ( 'NONE', #2459, #2782 ) ;
#2766 = VECTOR ( 'NONE', #2050, 39.37007874015748100 ) ;
#2767 = CIRCLE ( 'NONE', #1107, 0.2550000000000000000 ) ;
#2768 = VECTOR ( 'NONE', #2051, 39.37007874015748100 ) ;
#2769 = CIRCLE ( 'NONE', #1108, 0.2590285377232844900 ) ;
#2770 = CIRCLE ( 'NONE', #1109, 0.2550000000000000000 ) ;
#2771 = CIRCLE ( 'NONE', #1110, 0.2385000000000001000 ) ;
#2772 = CIRCLE ( 'NONE', #1112, 0.1325000000000000300 ) ;
#2773 = VECTOR ( 'NONE', #2444, 39.37007874015748100 ) ;
#2774 = CIRCLE ( 'NONE', #1114, 0.1325000000000000900 ) ;
#2775 = CIRCLE ( 'NONE', #1111, 0.02999999999999998800 ) ;
#2776 = LINE ( 'NONE', #2443, #2773 ) ;
#2777 = LINE ( 'NONE', #2445, #2780 ) ;
#2778 = CIRCLE ( 'NONE', #1116, 1.344999999999999800 ) ;
#2779 = CIRCLE ( 'NONE', #1113, 0.1325000000000000900 ) ;
#2780 = VECTOR ( 'NONE', #2452, 39.37007874015748100 ) ;
#2781 = LINE ( 'NONE', #2461, #2784 ) ;
#2782 = VECTOR ( 'NONE', #2460, 39.37007874015748100 ) ;
#2783 = CIRCLE ( 'NONE', #1115, 0.2099999999999999900 ) ;
#2784 = VECTOR ( 'NONE', #2462, 39.37007874015748100 ) ;
#2785 = CIRCLE ( 'NONE', #1117, 0.2385000000000001000 ) ;
#2786 = LINE ( 'NONE', #2464, #2788 ) ;
#2787 = CIRCLE ( 'NONE', #1118, 0.1250000000000001100 ) ;
#2788 = VECTOR ( 'NONE', #2463, 39.37007874015748100 ) ;
#2789 = CIRCLE ( 'NONE', #1120, 0.1250000000000001100 ) ;
#2790 = CIRCLE ( 'NONE', #1119, 0.1349999999999999800 ) ;
#2791 = CIRCLE ( 'NONE', #1122, 0.2385000000000001000 ) ;
#2792 = CIRCLE ( 'NONE', #1121, 0.2325000000000001200 ) ;
#2793 = CIRCLE ( 'NONE', #1126, 0.2550000000000000000 ) ;
#2794 = CIRCLE ( 'NONE', #1123, 0.2349999999999999900 ) ;
#2795 = CIRCLE ( 'NONE', #1124, 0.2349999999999999900 ) ;
#2796 = CIRCLE ( 'NONE', #1125, 0.2325000000000001200 ) ;
#2797 = LINE ( 'NONE', #2492, #2799 ) ;
#2798 = LINE ( 'NONE', #2502, #2804 ) ;
#2799 = VECTOR ( 'NONE', #2493, 39.37007874015748100 ) ;
#2800 = LINE ( 'NONE', #2501, #2802 ) ;
#2801 = CIRCLE ( 'NONE', #1127, 0.2640000000012623900 ) ;
#2802 = VECTOR ( 'NONE', #2497, 39.37007874015748900 ) ;
#2803 = LINE ( 'NONE', #2510, #2809 ) ;
#2804 = VECTOR ( 'NONE', #2507, 39.37007874015748100 ) ;
#2805 = LINE ( 'NONE', #2508, #2807 ) ;
#2806 = LINE ( 'NONE', #2528, #2821 ) ;
#2807 = VECTOR ( 'NONE', #2506, 39.37007874015748900 ) ;
#2808 = LINE ( 'NONE', #2516, #2811 ) ;
#2809 = VECTOR ( 'NONE', #2515, 39.37007874015748100 ) ;
#2810 = CIRCLE ( 'NONE', #1128, 0.2781706733457228200 ) ;
#2811 = VECTOR ( 'NONE', #2517, 39.37007874015748100 ) ;
#2812 = LINE ( 'NONE', #2514, #2814 ) ;
#2813 = CIRCLE ( 'NONE', #1129, 0.1349999999999999800 ) ;
#2814 = VECTOR ( 'NONE', #2509, 39.37007874015748100 ) ;
#2815 = LINE ( 'NONE', #2518, #2817 ) ;
#2816 = CIRCLE ( 'NONE', #1130, 0.2099999999999999900 ) ;
#2817 = VECTOR ( 'NONE', #2519, 39.37007874015748100 ) ;
#2818 = LINE ( 'NONE', #2523, #2820 ) ;
#2819 = CIRCLE ( 'NONE', #1131, 0.1349999999999999800 ) ;
#2820 = VECTOR ( 'NONE', #2524, 39.37007874015748100 ) ;
#2821 = VECTOR ( 'NONE', #2532, 39.37007874015748100 ) ;
#2822 = CIRCLE ( 'NONE', #1132, 0.2385000000000001000 ) ;
#2823 = LINE ( 'NONE', #2533, #2825 ) ;
#2824 = LINE ( 'NONE', #347, #280 ) ;
#2825 = VECTOR ( 'NONE', #2534, 39.37007874015748100 ) ;
#2826 = EDGE_CURVE ( 'NONE', #948, #725, #2088, .T. ) ;
#2827 = EDGE_CURVE ( 'NONE', #826, #948, #2087, .T. ) ;
#2828 = EDGE_CURVE ( 'NONE', #750, #725, #2090, .T. ) ;
#2829 = EDGE_CURVE ( 'NONE', #738, #814, #2091, .T. ) ;
#2830 = EDGE_CURVE ( 'NONE', #834, #900, #2092, .T. ) ;
#2831 = EDGE_CURVE ( 'NONE', #808, #1816, #2094, .T. ) ;
#2832 = EDGE_CURVE ( 'NONE', #1830, #876, #2095, .T. ) ;
#2833 = EDGE_CURVE ( 'NONE', #733, #893, #2098, .T. ) ;
#2834 = EDGE_CURVE ( 'NONE', #876, #891, #2097, .T. ) ;
#2835 = EDGE_CURVE ( 'NONE', #872, #846, #2100, .T. ) ;
#2836 = EDGE_CURVE ( 'NONE', #786, #804, #2101, .T. ) ;
#2837 = EDGE_CURVE ( 'NONE', #906, #854, #2102, .T. ) ;
#2838 = EDGE_CURVE ( 'NONE', #941, #952, #2103, .T. ) ;
#2839 = EDGE_CURVE ( 'NONE', #902, #868, #2104, .T. ) ;
#2840 = EDGE_CURVE ( 'NONE', #734, #885, #2105, .T. ) ;
#2841 = EDGE_CURVE ( 'NONE', #909, #785, #2106, .T. ) ;
#2842 = EDGE_CURVE ( 'NONE', #766, #862, #2107, .T. ) ;
#2843 = EDGE_CURVE ( 'NONE', #831, #930, #2108, .T. ) ;
#2844 = EDGE_CURVE ( 'NONE', #915, #878, #2109, .T. ) ;
#2845 = UNCERTAINTY_MEASURE_WITH_UNIT (LENGTH_MEASURE( 1.000000000000000100E-005 ), #414, 'distance_accuracy_value', 'NONE');
#2846 =( BOUNDED_SURFACE ( )  B_SPLINE_SURFACE ( 3, 3, ( 
 ( #2001, #1998, #2002, #2003 ),
 ( #2004, #2005, #2006, #2007 ),
 ( #2008, #2009, #2010, #2011 ),
 ( #2012, #2013, #2014, #2015 ) ),
 .UNSPECIFIED., .F., .F., .T. ) 
 B_SPLINE_SURFACE_WITH_KNOTS ( ( 4, 4 ),
 ( 4, 4 ),
 ( 0.0000000000000000000, 1.000000000000000000 ),
 ( 0.0000000000000000000, 1.000000000000000000 ),
 .UNSPECIFIED. ) 
 GEOMETRIC_REPRESENTATION_ITEM ( )  RATIONAL_B_SPLINE_SURFACE ( (
 ( 1.000000000000000000, 0.3333333333333334300, 0.3333333333333334300, 1.000000000000000000),
 ( 0.8047378541243641600, 0.2682459513747881300, 0.2682459513747881300, 0.8047378541243641600),
 ( 0.8047378541243641600, 0.2682459513747881300, 0.2682459513747881300, 0.8047378541243641600),
 ( 1.000000000000000000, 0.3333333333333334300, 0.3333333333333334300, 1.000000000000000000) ) ) 
 REPRESENTATION_ITEM ( '' )  SURFACE ( )  );
#2847 = ADVANCED_BREP_SHAPE_REPRESENTATION ( 'A0113-1-CF', ( #717, #1150 ), #1149 ) ;
#2848 =( BOUNDED_SURFACE ( )  B_SPLINE_SURFACE ( 3, 3, ( 
 ( #1976, #1974, #1978, #1979 ),
 ( #1980, #1981, #1982, #1983 ),
 ( #1984, #1985, #1986, #1987 ),
 ( #1988, #1989, #1990, #1991 ) ),
 .UNSPECIFIED., .F., .F., .F. ) 
 B_SPLINE_SURFACE_WITH_KNOTS ( ( 4, 4 ),
 ( 4, 4 ),
 ( 0.0000000000000000000, 1.000000000000000000 ),
 ( 0.0000000000000000000, 1.000000000000000000 ),
 .UNSPECIFIED. ) 
 GEOMETRIC_REPRESENTATION_ITEM ( )  RATIONAL_B_SPLINE_SURFACE ( (
 ( 1.000000000000000000, 0.3333333333333334300, 0.3333333333333334300, 1.000000000000000000),
 ( 0.8047378541243652700, 0.2682459513747885200, 0.2682459513747885200, 0.8047378541243652700),
 ( 0.8047378541243652700, 0.2682459513747885200, 0.2682459513747885200, 0.8047378541243652700),
 ( 1.000000000000000000, 0.3333333333333334300, 0.3333333333333334300, 1.000000000000000000) ) ) 
 REPRESENTATION_ITEM ( '' )  SURFACE ( )  );
#2849 = CARTESIAN_POINT ( 'NONE',  ( -8.039359836777358700E-017, 1.474121159304160500, 0.0009999999999997981400 ) ) ;
#2850 = DIRECTION ( 'NONE',  ( -0.0000000000000000000, 1.000000000000000000, 0.0000000000000000000 ) ) ;
#2851 = DIRECTION ( 'NONE',  ( 0.0000000000000000000, 0.0000000000000000000, 1.000000000000000000 ) ) ;
#2852 = CARTESIAN_POINT ( 'NONE',  ( 7.900581958699260200E-017, 0.6991211593041598600, 0.8259999999999996200 ) ) ;
#2853 = CARTESIAN_POINT ( 'NONE',  ( 0.2590285377232844400, 1.799149697027445900, 0.0009999999999997445800 ) ) ;
#2854 = CARTESIAN_POINT ( 'NONE',  ( -1.100054989184137800E-016, 3.846121159304161500, 0.1259999999999998300 ) ) ;
#2855 = CARTESIAN_POINT ( 'NONE',  ( 2.464510648988222700E-016, 0.7031211593041598600, -1.373999999999999900 ) ) ;
#2856 = CARTESIAN_POINT ( 'NONE',  ( -1.347228812558876600E-016, 2.846121159304161100, -0.1240000000000004700 ) ) ;
#2857 = CARTESIAN_POINT ( 'NONE',  ( -0.2350000000000000400, 2.744121159304160800, 0.0009999999999997981400 ) ) ;
#2858 = CARTESIAN_POINT ( 'NONE',  ( 0.5012441101638546200, 0.6731211593041598300, 0.8091802657984449300 ) ) ;
#2859 = CARTESIAN_POINT ( 'NONE',  ( -8.039359836777358700E-017, 1.446621159304160900, 0.2544999999999998900 ) ) ;
#2860 = CARTESIAN_POINT ( 'NONE',  ( -5.467601558567917100E-017, 1.622121159304160700, -0.2090000000000001900 ) ) ;
#2861 = CARTESIAN_POINT ( 'NONE',  ( 1.001125366774809200, 1.173121159304159700, -0.4445000000000050600 ) ) ;
#2862 = CARTESIAN_POINT ( 'NONE',  ( -0.2550000000000000600, 1.795121159304160700, 0.0009999999999997127100 ) ) ;
#2863 = CARTESIAN_POINT ( 'NONE',  ( -8.039359836777358700E-017, 0.7241211593041606600, 0.2759999999999999100 ) ) ;
#2864 = CARTESIAN_POINT ( 'NONE',  ( 0.4492825859367884400, 0.6931211593041598500, 0.8391802657984450700 ) ) ;
#2865 = CARTESIAN_POINT ( 'NONE',  ( 1.877544553512775500E-016, 0.6991211593041598600, -0.8239999999999999500 ) ) ;
#2866 = CARTESIAN_POINT ( 'NONE',  ( -4.934880200938817100E-017, 1.654121159304160900, -0.2525000000000003900 ) ) ;
#2867 = CARTESIAN_POINT ( 'NONE',  ( 2.951292423205459400E-016, 1.173121159304159900, 1.345999999999999400 ) ) ;
#2868 = CARTESIAN_POINT ( 'NONE',  ( -5.118577220810919100E-017, 1.349121159304160800, -0.2375000000000003800 ) ) ;
#2869 = CARTESIAN_POINT ( 'NONE',  ( -8.039359836777358700E-017, 1.034121159304161000, 0.2109999999999997700 ) ) ;
#2870 = CARTESIAN_POINT ( 'NONE',  ( -1.788062811279548300E-016, -3.403878840695839800, 0.1259999999999994500 ) ) ;
#2871 = CARTESIAN_POINT ( 'NONE',  ( -2.523390981075374700E-016, -3.403878840695839800, -0.1240000000000007800 ) ) ;
#2872 = CARTESIAN_POINT ( 'NONE',  ( -0.6983134550565444100, 0.6731211593041600500, -1.148514383766898100 ) ) ;
#2873 = CARTESIAN_POINT ( 'NONE',  ( -4.916510498951607500E-017, 1.824121159304161100, 0.2559999999999997800 ) ) ;
#2874 = CARTESIAN_POINT ( 'NONE',  ( 1.001125366774813000, 0.6731211593041596100, 0.7114999999999975800 ) ) ;
#2875 = CARTESIAN_POINT ( 'NONE',  ( -0.2450000000000000500, 2.774121159304161500, 0.0009999999999997680000 ) ) ;
#2876 = CARTESIAN_POINT ( 'NONE',  ( 0.2049999999999999300, 2.774121159304161500, 0.0009999999999997721200 ) ) ;
#2877 = CARTESIAN_POINT ( 'NONE',  ( -5.684809444817652500E-017, 2.846121159304161100, 0.1884999999999998100 ) ) ;
#2878 = CARTESIAN_POINT ( 'NONE',  ( -6.386086657928431800E-017, 1.034121159304161000, -0.1340000000000001700 ) ) ;
#2879 = CARTESIAN_POINT ( 'NONE',  ( -8.039359836777358700E-017, 1.173121159304160200, 0.3119999999999998300 ) ) ;
#2880 = CARTESIAN_POINT ( 'NONE',  ( 0.7083159070386658700, 0.6931211593041598500, 1.167839138800199400 ) ) ;
#2881 = CARTESIAN_POINT ( 'NONE',  ( -8.039359836777358700E-017, 2.744121159304160800, -0.2340000000000001800 ) ) ;
#2882 = CARTESIAN_POINT ( 'NONE',  ( -1.001125366774804600, 0.6731211593041601700, 0.7115000000000115700 ) ) ;
#2883 = CARTESIAN_POINT ( 'NONE',  ( -5.038975178866343200E-017, 2.619121159304161200, -0.2440000000000001900 ) ) ;
#2884 = CARTESIAN_POINT ( 'NONE',  ( 1.940264402538932300E-016, 0.7241211593041598800, 0.9519999999999997400 ) ) ;
#2885 = CARTESIAN_POINT ( 'NONE',  ( -8.039359836777358700E-017, 1.349121159304160800, 0.2334999999999999000 ) ) ;
#2886 = CARTESIAN_POINT ( 'NONE',  ( 1.940264402538932000E-016, 0.6731211593041599400, 0.9519999999999997400 ) ) ;
#2887 = CARTESIAN_POINT ( 'NONE',  ( -1.100054989184137800E-016, 2.846121159304161100, 0.1259999999999997500 ) ) ;
#2888 = CARTESIAN_POINT ( 'NONE',  ( -4.745059947070980300E-017, 2.484121159304161000, 0.2699999999999995700 ) ) ;
#2889 = CARTESIAN_POINT ( 'NONE',  ( -0.2350000000000000400, 2.784121159304161700, 0.0009999999999997690900 ) ) ;
#2890 = CARTESIAN_POINT ( 'NONE',  ( -5.684809444817652500E-017, 2.784121159304161300, 0.1884999999999998100 ) ) ;
#2891 = CARTESIAN_POINT ( 'NONE',  ( -5.161439858781078200E-017, 2.744121159304160800, 0.2359999999999997900 ) ) ;
#2892 = CARTESIAN_POINT ( 'NONE',  ( -8.039359836777358700E-017, 2.784121159304161300, 0.1284999999999998100 ) ) ;
#2893 = CARTESIAN_POINT ( 'NONE',  ( -5.192056028759760800E-017, 0.8441211593041606500, -0.2315000000000003200 ) ) ;
#2894 = CARTESIAN_POINT ( 'NONE',  ( -5.192056028759760800E-017, 1.349121159304160800, -0.2315000000000003200 ) ) ;
#2895 = CARTESIAN_POINT ( 'NONE',  ( -5.038975178866343200E-017, 2.774121159304161500, -0.2440000000000001900 ) ) ;
#2896 = CARTESIAN_POINT ( 'NONE',  ( 0.2349999999999999300, 2.784121159304161700, 0.0009999999999997981400 ) ) ;
#2897 = CARTESIAN_POINT ( 'NONE',  ( -4.806292287012885500E-017, 1.664979023680720900, -0.2630000000012627200 ) ) ;
#2898 = CARTESIAN_POINT ( 'NONE',  ( -8.039359836777358700E-017, 2.604121159304160700, -0.2340000000000001800 ) ) ;
#2899 = CARTESIAN_POINT ( 'NONE',  ( -0.2050000000000000700, 2.774121159304161500, 0.0009999999999997981400 ) ) ;
#2900 = CARTESIAN_POINT ( 'NONE',  ( -6.386086657928431800E-017, 2.604121159304160700, -0.1340000000000001700 ) ) ;
#2901 = CARTESIAN_POINT ( 'NONE',  ( -6.477935167864482500E-017, 2.784121159304161300, -0.1265000000000002000 ) ) ;
#2902 = CARTESIAN_POINT ( 'NONE',  ( 0.6563543828115997500, 0.6931211593041598500, 1.197839138800199400 ) ) ;
#2903 = CARTESIAN_POINT ( 'NONE',  ( 0.2549999999999999500, 1.795121159304160700, 0.0009999999999997441500 ) ) ;
#2904 = CARTESIAN_POINT ( 'NONE',  ( 1.187136066465171100E-016, 0.6731211593041599400, 1.289500000000000100 ) ) ;
#2905 = CARTESIAN_POINT ( 'NONE',  ( 0.2449999999999999100, 2.774121159304161500, 0.0009999999999997981400 ) ) ;
#2906 = CARTESIAN_POINT ( 'NONE',  ( -8.039359836777358700E-017, 2.784121159304161300, -0.1865000000000002200 ) ) ;
#2907 = CARTESIAN_POINT ( 'NONE',  ( 0.2349999999999998800, 2.744121159304160800, 0.0009999999999997693000 ) ) ;
#2908 = CARTESIAN_POINT ( 'NONE',  ( -4.671581139122136200E-017, 0.7241211593041606600, -0.2740000000000003500 ) ) ;
#2909 = CARTESIAN_POINT ( 'NONE',  ( -8.039359836777358700E-017, 0.8441211593041606500, 0.2759999999999999100 ) ) ;
#2910 = CARTESIAN_POINT ( 'NONE',  ( 0.6983134550565447400, 0.6731211593041598300, 1.150514383766897600 ) ) ;
#2911 = CARTESIAN_POINT ( 'NONE',  ( 1.302426121734436500E-016, 1.173121159304159900, 1.024500000000000000 ) ) ;
#2912 = CARTESIAN_POINT ( 'NONE',  ( 8.039359836777404300E-017, 0.7241211593041598800, -0.9500000000000000700 ) ) ;
#2913 = CARTESIAN_POINT ( 'NONE',  ( -4.671581139122136200E-017, 0.8441211593041606500, -0.2740000000000003500 ) ) ;
#2914 = CARTESIAN_POINT ( 'NONE',  ( 1.001125366774809200, 0.6731211593041596100, -0.7095000000000051300 ) ) ;
#2915 = CARTESIAN_POINT ( 'NONE',  ( -0.6563543828115991900, 0.6931211593041600700, -1.195839138800200100 ) ) ;
#2916 = CARTESIAN_POINT ( 'NONE',  ( 1.187136066465171100E-016, 1.173121159304159900, 1.289500000000000100 ) ) ;
#2917 = CARTESIAN_POINT ( 'NONE',  ( 1.001125366774813000, 1.173121159304159700, 0.7114999999999975800 ) ) ;
#2918 = CARTESIAN_POINT ( 'NONE',  ( 7.639679547912346300E-017, 0.6731211593041599400, 1.345999999999999400 ) ) ;
#2919 = CARTESIAN_POINT ( 'NONE',  ( -8.039359836777358700E-017, 1.654121159304160900, 0.2544999999999998400 ) ) ;
#2920 = CARTESIAN_POINT ( 'NONE',  ( 1.302426121734436500E-016, 1.173121159304159900, -1.343999999999999900 ) ) ;
#2921 = CARTESIAN_POINT ( 'NONE',  ( -8.039359836777358700E-017, 2.464121159304160500, 0.2559999999999997800 ) ) ;
#2922 = CARTESIAN_POINT ( 'NONE',  ( -8.039359836777358700E-017, 1.349121159304160800, 0.2394999999999998200 ) ) ;
#2923 = CARTESIAN_POINT ( 'NONE',  ( 1.269119430995682000E-016, 1.143121159304160100, -1.373999999999999900 ) ) ;
#2924 = CARTESIAN_POINT ( 'NONE',  ( -8.039359836777358700E-017, 2.774121159304161500, 0.1284999999999998100 ) ) ;
#2925 = CARTESIAN_POINT ( 'NONE',  ( -8.039359836777358700E-017, 1.795121159304160700, -0.2540000000000002800 ) ) ;
#2926 = CARTESIAN_POINT ( 'NONE',  ( -0.5012441101638543900, 0.6931211593041600700, -0.8071802657984454800 ) ) ;
#2927 = CARTESIAN_POINT ( 'NONE',  ( -8.039359836777358700E-017, 1.655979023680429500, -0.2540000000000002300 ) ) ;
#2928 = CARTESIAN_POINT ( 'NONE',  ( -8.039359836777358700E-017, 2.464121159304160500, -0.2565000000000002300 ) ) ;
#2929 = CARTESIAN_POINT ( 'NONE',  ( 0.6463519308294790600, 0.6731211593041598300, 1.180514383766898300 ) ) ;
#2930 = CARTESIAN_POINT ( 'NONE',  ( -8.039359836777358700E-017, 1.824121159304161100, -0.2565000000000002300 ) ) ;
#2931 = CARTESIAN_POINT ( 'NONE',  ( -0.2100000000000000500, 1.622121159304160700, 0.0009999999999997706000 ) ) ;
#2932 = CARTESIAN_POINT ( 'NONE',  ( -1.001125366774804600, 1.173121159304160400, 0.7115000000000115700 ) ) ;
#2933 = CARTESIAN_POINT ( 'NONE',  ( -7.922684549660521700E-017, 2.846121159304161100, -0.1865000000000002200 ) ) ;
#2934 = CARTESIAN_POINT ( 'NONE',  ( -8.039359836777358700E-017, 2.619121159304161200, -0.2679999999999999600 ) ) ;
#2935 = CARTESIAN_POINT ( 'NONE',  ( 7.806213001606121200E-017, 0.7031211593041598600, 1.375999999999999400 ) ) ;
#2936 = CARTESIAN_POINT ( 'NONE',  ( -4.632751589482324400E-017, 1.799149697028806800, -0.2771706733457231000 ) ) ;
#2937 = CARTESIAN_POINT ( 'NONE',  ( -4.885894328972923100E-017, 2.464121159304160500, 0.2584999999999998400 ) ) ;
#2938 = CARTESIAN_POINT ( 'NONE',  ( -0.6463519308294780600, 0.6731211593041600500, -1.178514383766898500 ) ) ;
#2939 = CARTESIAN_POINT ( 'NONE',  ( -7.953591248758811500E-015, 0.6731211593041599400, -1.022500000000000400 ) ) ;
#2940 = CARTESIAN_POINT ( 'NONE',  ( 1.001125366774809200, 0.6731211593041596100, -0.4445000000000050600 ) ) ;
#2941 = CARTESIAN_POINT ( 'NONE',  ( 0.5012441101638546200, 0.6931211593041598500, 0.8091802657984449300 ) ) ;
#2942 = CARTESIAN_POINT ( 'NONE',  ( -4.230708291429089400E-017, 1.173121159304160200, -0.3100000000000002200 ) ) ;
#2943 = CARTESIAN_POINT ( 'NONE',  ( -4.766491266056056800E-017, 1.446621159304160900, -0.2525000000000003400 ) ) ;
#2944 = CARTESIAN_POINT ( 'NONE',  ( -4.916510498951607500E-017, 1.795121159304160700, 0.2559999999999997300 ) ) ;
#2945 = CARTESIAN_POINT ( 'NONE',  ( 0.4492825859367884400, 0.6731211593041598300, 0.8391802657984450700 ) ) ;
#2946 = CARTESIAN_POINT ( 'NONE',  ( -7.969817818847513100E-015, 0.6731211593041599400, -1.287500000000000300 ) ) ;
#2947 = CARTESIAN_POINT ( 'NONE',  ( -4.885894328972923100E-017, 1.824121159304161100, 0.2584999999999998400 ) ) ;
#2948 = CARTESIAN_POINT ( 'NONE',  ( -8.039359836777358700E-017, 1.653929177161298700, 0.2394999999999999100 ) ) ;
#2949 = CARTESIAN_POINT ( 'NONE',  ( -6.477935167864482500E-017, 2.774121159304161500, -0.1265000000000002000 ) ) ;
#2950 = CARTESIAN_POINT ( 'NONE',  ( -4.745059947070980300E-017, 2.619121159304161200, 0.2699999999999995700 ) ) ;
#2951 = CARTESIAN_POINT ( 'NONE',  ( -8.039359836777358700E-017, 1.664979023680720900, 0.2650000000012621700 ) ) ;
#2952 = CARTESIAN_POINT ( 'NONE',  ( 2.953008779823292600E-016, 1.143121159304160100, 1.375999999999999400 ) ) ;
#2953 = CARTESIAN_POINT ( 'NONE',  ( -8.039359836777358700E-017, 2.619121159304161200, 0.2459999999999997700 ) ) ;
#2954 = CARTESIAN_POINT ( 'NONE',  ( -8.039359836777358700E-017, 2.774121159304161500, 0.2459999999999997700 ) ) ;
#2955 = CARTESIAN_POINT ( 'NONE',  ( -0.2385000000000004600, 1.653929177161298700, 0.0009999999999997688700 ) ) ;
#2956 = CARTESIAN_POINT ( 'NONE',  ( -4.806292287028344700E-017, 1.784979023680429700, -0.2630000000000004000 ) ) ;
#2957 = CARTESIAN_POINT ( 'NONE',  ( -8.039359836777358700E-017, 1.824121159304161100, -0.2540000000000002300 ) ) ;
#2958 = CARTESIAN_POINT ( 'NONE',  ( -1.001125366774816800, 0.6731211593041601700, -0.7094999999999910300 ) ) ;
#2959 = CARTESIAN_POINT ( 'NONE',  ( -8.039359836777358700E-017, 2.484121159304161000, -0.2679999999999999600 ) ) ;
#2960 = CARTESIAN_POINT ( 'NONE',  ( -8.039359836777358700E-017, 1.799149697028806800, 0.2791706733457225400 ) ) ;
#2961 = CARTESIAN_POINT ( 'NONE',  ( -1.358896341270560300E-016, 2.784121159304161300, -0.1240000000000004700 ) ) ;
#2962 = CARTESIAN_POINT ( 'NONE',  ( -8.039359836777358700E-017, 0.8441211593041606500, 0.2334999999999999000 ) ) ;
#2963 = CARTESIAN_POINT ( 'NONE',  ( 0.2385000000000003500, 1.653929177161298700, 0.0009999999999997981400 ) ) ;
#2964 = CARTESIAN_POINT ( 'NONE',  ( -5.467601558567917100E-017, 1.034121159304161000, -0.2090000000000001900 ) ) ;
#2965 = CARTESIAN_POINT ( 'NONE',  ( 2.429487601631635100E-016, 0.6731211593041599400, -1.343999999999999900 ) ) ;
#2966 = CARTESIAN_POINT ( 'NONE',  ( -8.039359836777358700E-017, 2.604121159304160700, 0.1359999999999997900 ) ) ;
#2967 = CARTESIAN_POINT ( 'NONE',  ( 7.756252965497989700E-017, 0.6731211593041599400, -0.9500000000000000700 ) ) ;
#2968 = CARTESIAN_POINT ( 'NONE',  ( -4.916510498951607500E-017, 2.464121159304160500, -0.2540000000000002300 ) ) ;
#2969 = CARTESIAN_POINT ( 'NONE',  ( 1.800391805166492500E-016, 0.7241211593041598800, 0.8259999999999996200 ) ) ;
#2970 = CARTESIAN_POINT ( 'NONE',  ( -8.039359836777358700E-017, 1.034121159304161000, 0.1359999999999997900 ) ) ;
#2971 = CARTESIAN_POINT ( 'NONE',  ( -8.039359836777358700E-017, 1.654121159304160900, -0.2540000000000002300 ) ) ;
#2972 = CARTESIAN_POINT ( 'NONE',  ( -8.039359836777358700E-017, 1.622121159304160700, 0.2109999999999997700 ) ) ;
#2973 = CARTESIAN_POINT ( 'NONE',  ( -0.7083159070386656500, 0.6931211593041600700, -1.165839138800199800 ) ) ;
#2974 = CARTESIAN_POINT ( 'NONE',  ( -0.5012441101638543900, 0.6731211593041600500, -0.8071802657984454800 ) ) ;
#2975 = CARTESIAN_POINT ( 'NONE',  ( -5.161439858781078200E-017, 2.604121159304160700, 0.2359999999999997900 ) ) ;
#2976 = CARTESIAN_POINT ( 'NONE',  ( -8.039359836777358700E-017, 2.484121159304161000, 0.2559999999999997800 ) ) ;
#2977 = CARTESIAN_POINT ( 'NONE',  ( 8.039359836777404300E-017, 0.7241211593041598800, -0.8239999999999999500 ) ) ;
#2978 = CARTESIAN_POINT ( 'NONE',  ( -1.788062811279549000E-016, 2.784121159304161300, 0.1259999999999997800 ) ) ;
#2979 = CARTESIAN_POINT ( 'NONE',  ( -5.118577220810919100E-017, 1.653929177161298700, -0.2375000000000002900 ) ) ;
#2980 = CARTESIAN_POINT ( 'NONE',  ( -4.916510498951607500E-017, 2.484121159304161000, -0.2540000000000002300 ) ) ;
#2981 = DIRECTION ( 'NONE',  ( 0.0000000000000000000, 1.000000000000000000, 0.0000000000000000000 ) ) ;
#2982 = CARTESIAN_POINT ( 'NONE',  ( 1.001125366774813000, 1.173121159304159700, 0.4464999999999975700 ) ) ;
#2983 = DIRECTION ( 'NONE',  ( -2.207906407026225200E-035, 1.000000000000000000, -1.473117160979158800E-031 ) ) ;
#2984 = CARTESIAN_POINT ( 'NONE',  ( -8.039359836777358700E-017, 1.784979023680429700, 0.2649999999999998500 ) ) ;
#2985 = CARTESIAN_POINT ( 'NONE',  ( -8.039359836777358700E-017, 2.358621159304160800, 0.2544999999999998400 ) ) ;
#2986 = CARTESIAN_POINT ( 'NONE',  ( -8.039359836777358700E-017, 2.484121159304161000, 0.1284999999999998100 ) ) ;
#2987 = CARTESIAN_POINT ( 'NONE',  ( -8.039359836777358700E-017, 1.653929177161298700, 0.0009999999999997981400 ) ) ;
#2988 = DIRECTION ( 'NONE',  ( 0.0000000000000000000, 1.000000000000000000, 0.0000000000000000000 ) ) ;
#2989 = DIRECTION ( 'NONE',  ( 1.000000000000000000, 0.0000000000000000000, 0.0000000000000000000 ) ) ;
#2990 = DIRECTION ( 'NONE',  ( 0.0000000000000000000, 1.000000000000000000, 0.0000000000000000000 ) ) ;
#2991 = CARTESIAN_POINT ( 'NONE',  ( -8.039359836777358700E-017, 1.446621159304160900, 0.0009999999999997981400 ) ) ;
#2992 = DIRECTION ( 'NONE',  ( 0.0000000000000000000, 1.000000000000000000, 0.0000000000000000000 ) ) ;
#2993 = DIRECTION ( 'NONE',  ( 0.0000000000000000000, 0.0000000000000000000, 1.000000000000000000 ) ) ;
#2994 = DIRECTION ( 'NONE',  ( 0.0000000000000000000, -1.000000000000000000, 0.0000000000000000000 ) ) ;
#2995 = CARTESIAN_POINT ( 'NONE',  ( -8.039359836777358700E-017, 1.824121159304161100, -0.2540000000000002300 ) ) ;
#2996 = CARTESIAN_POINT ( 'NONE',  ( -4.934880200938817100E-017, 2.358621159304160800, -0.2525000000000003900 ) ) ;
#2997 = CARTESIAN_POINT ( 'NONE',  ( -8.039359836777358700E-017, 1.654121159304160900, 0.0009999999999997163900 ) ) ;
#2998 = DIRECTION ( 'NONE',  ( -0.0000000000000000000, -1.000000000000000000, -0.0000000000000000000 ) ) ;
#2999 = DIRECTION ( 'NONE',  ( 0.0000000000000000000, 0.0000000000000000000, 1.000000000000000000 ) ) ;
#3000 = CARTESIAN_POINT ( 'NONE',  ( -8.039359836777358700E-017, 1.654121159304160900, 0.0009999999999997981400 ) ) ;
#3001 = CARTESIAN_POINT ( 'NONE',  ( -8.039359836777358700E-017, 1.446621159304160900, 0.0009999999999997981400 ) ) ;
#3002 = DIRECTION ( 'NONE',  ( 0.0000000000000000000, 1.000000000000000000, 0.0000000000000000000 ) ) ;
#3003 = DIRECTION ( 'NONE',  ( 0.0000000000000000000, 0.0000000000000000000, 1.000000000000000000 ) ) ;
#3004 = CIRCLE ( 'NONE', #441, 0.9509999999999999600 ) ;
#3005 = CIRCLE ( 'NONE', #451, 0.2810000000000000300 ) ;
#3006 = CIRCLE ( 'NONE', #449, 0.8249999999999998400 ) ;
#3007 = CIRCLE ( 'NONE', #438, 1.344999999999999800 ) ;
#3008 = CIRCLE ( 'NONE', #440, 0.1324999999999999800 ) ;
#3009 = VECTOR ( 'NONE', #2320, 39.37007874015748100 ) ;
#3010 = CIRCLE ( 'NONE', #442, 1.344999999999999800 ) ;
#3011 = CIRCLE ( 'NONE', #452, 0.2550000000000000000 ) ;
#3012 = CIRCLE ( 'NONE', #445, 0.1325000000000000900 ) ;
#3013 = CIRCLE ( 'NONE', #447, 0.2535000000000001100 ) ;
#3014 = CIRCLE ( 'NONE', #444, 0.1325000000000000300 ) ;
#3015 = CIRCLE ( 'NONE', #1644, 0.9509999999999999600 ) ;
#3016 = CIRCLE ( 'NONE', #459, 0.9509999999999999600 ) ;
#3017 = CIRCLE ( 'NONE', #437, 1.344999999999999800 ) ;
#3018 = LINE ( 'NONE', #2195, #3009 ) ;
#3019 = VECTOR ( 'NONE', #2400, 39.37007874015748900 ) ;
#3020 = CIRCLE ( 'NONE', #448, 0.1325000000000000300 ) ;
#3021 = CIRCLE ( 'NONE', #455, 0.2750000000000001300 ) ;
#3022 = VECTOR ( 'NONE', #2392, 39.37007874015748100 ) ;
#3023 = CIRCLE ( 'NONE', #454, 0.3110000000000000500 ) ;
#3024 = CIRCLE ( 'NONE', #456, 0.2550000000000000000 ) ;
#3025 = CIRCLE ( 'NONE', #457, 0.1325000000000000100 ) ;
#3026 = VECTOR ( 'NONE', #2393, 39.37007874015748900 ) ;
#3027 = LINE ( 'NONE', #2394, #3019 ) ;
#3028 = LINE ( 'NONE', #2399, #3022 ) ;
#3029 = FACE_BOUND ( 'NONE', #1827, .T. ) ;
#3030 = LINE ( 'NONE', #2401, #972 ) ;
#3031 = CIRCLE ( 'NONE', #446, 0.1325000000000000600 ) ;
#3032 = CIRCLE ( 'NONE', #458, 1.344999999999999800 ) ;
#3033 = CIRCLE ( 'NONE', #453, 1.364999999999999800 ) ;
#3034 = FACE_BOUND ( 'NONE', #1824, .T. ) ;
#3035 = CIRCLE ( 'NONE', #443, 1.374999999999999800 ) ;
#3036 = CIRCLE ( 'NONE', #450, 0.1324999999999999800 ) ;
#3037 = CIRCLE ( 'NONE', #439, 0.1325000000000000100 ) ;
#3038 = LINE ( 'NONE', #2395, #3026 ) ;
#3039 = CARTESIAN_POINT ( 'NONE',  ( 7.761804080621114900E-017, 0.6991211593041598600, 0.0009999999999997981400 ) ) ;
#3040 = DIRECTION ( 'NONE',  ( 0.0000000000000000000, 0.0000000000000000000, -1.000000000000000000 ) ) ;
#3041 = DIRECTION ( 'NONE',  ( -1.110223024625158300E-016, -1.000000000000000000, 0.0000000000000000000 ) ) ;
#3042 = CARTESIAN_POINT ( 'NONE',  ( 0.01252490716490639100, 2.774121159304161900, 0.2059987242912824600 ) ) ;
#3043 = CIRCLE ( 'NONE', #1613, 0.1349999999999999800 ) ;
#3044 = CIRCLE ( 'NONE', #1619, 0.009999999999999995000 ) ;
#3045 = LINE ( 'NONE', #1515, #3071 ) ;
#3046 = CIRCLE ( 'NONE', #1629, 0.1875000000000000300 ) ;
#3047 = LINE ( 'NONE', #1511, #3059 ) ;
#3048 = CIRCLE ( 'NONE', #1620, 0.2450000000000000000 ) ;
#3049 = CIRCLE ( 'NONE', #1618, 0.1250000000000001100 ) ;
#3050 = CIRCLE ( 'NONE', #1626, 0.1250000000000001100 ) ;
#3051 = CIRCLE ( 'NONE', #1617, 0.009999999999999995000 ) ;
#3052 = LINE ( 'NONE', #1781, #3074 ) ;
#3053 = CIRCLE ( 'NONE', #1616, 0.2099999999999999900 ) ;
#3054 = CIRCLE ( 'NONE', #1611, 0.2640000000000001200 ) ;
#3055 = CIRCLE ( 'NONE', #1627, 0.03199999999999999400 ) ;
#3056 = CIRCLE ( 'NONE', #1631, 0.2450000000000000000 ) ;
#3057 = FACE_OUTER_BOUND ( 'NONE', #1895, .T. ) ;
#3058 = CIRCLE ( 'NONE', #1615, 0.2099999999999999900 ) ;
#3059 = VECTOR ( 'NONE', #1500, 39.37007874015748100 ) ;
#3060 = FACE_OUTER_BOUND ( 'NONE', #1846, .T. ) ;
#3061 = CIRCLE ( 'NONE', #1612, 0.2550000000000000000 ) ;
#3062 = CIRCLE ( 'NONE', #1614, 0.2750000000000001300 ) ;
#3063 = LINE ( 'NONE', #1520, #2301 ) ;
#3064 = CIRCLE ( 'NONE', #1625, 0.1275000000000000000 ) ;
#3065 = CIRCLE ( 'NONE', #1610, 0.2590285377232844900 ) ;
#3066 = CIRCLE ( 'NONE', #1628, 0.2385000000000001000 ) ;
#3067 = CIRCLE ( 'NONE', #1622, 0.02999999999999998800 ) ;
#3068 = CIRCLE ( 'NONE', #1621, 0.1275000000000000000 ) ;
#3069 = CIRCLE ( 'NONE', #1624, 0.2349999999999999900 ) ;
#3070 = CIRCLE ( 'NONE', #1623, 0.2450000000000000000 ) ;
#3071 = VECTOR ( 'NONE', #1504, 39.37007874015748100 ) ;
#3072 = VECTOR ( 'NONE', #3123, 39.37007874015748100 ) ;
#3073 = CIRCLE ( 'NONE', #1630, 0.2750000000000001300 ) ;
#3074 = VECTOR ( 'NONE', #1782, 39.37007874015748100 ) ;
#3075 = LINE ( 'NONE', #3128, #3072 ) ;
#3076 = CARTESIAN_POINT ( 'NONE',  ( -0.04383320524574820000, 2.774121159304161500, 0.2013697498699541500 ) ) ;
#3077 = CARTESIAN_POINT ( 'NONE',  ( -0.05350091358615380300, 2.774121159304161500, 0.1990924870274215500 ) ) ;
#3078 = CARTESIAN_POINT ( 'NONE',  ( -0.06455510005486676800, 2.774121159304161900, 0.1956210783739074100 ) ) ;
#3079 = CARTESIAN_POINT ( 'NONE',  ( -0.06924443569965228800, 2.774121159304161500, 0.1939587742358528700 ) ) ;
#3080 = CARTESIAN_POINT ( 'NONE',  ( -0.07235995438688579100, 2.774121159304161900, 0.1928117809055358300 ) ) ;
#3081 = CARTESIAN_POINT ( 'NONE',  ( -0.07385065807861764000, 2.774121159304161500, 0.1922433095776240600 ) ) ;
#3082 = CARTESIAN_POINT ( 'NONE',  ( -0.08189444498644972400, 2.774121159304161000, 0.1890597702784935800 ) ) ;
#3083 = CARTESIAN_POINT ( 'NONE',  ( -0.09131054012912033500, 2.774121159304162800, 0.1847718314592684800 ) ) ;
#3084 = CARTESIAN_POINT ( 'NONE',  ( -0.1003719615516989500, 2.774121159304161900, 0.1797823551496405500 ) ) ;
#3085 = CARTESIAN_POINT ( 'NONE',  ( -0.1063340927845085300, 2.774121159304161500, 0.1763001403897990200 ) ) ;
#3086 = CARTESIAN_POINT ( 'NONE',  ( -0.1092193912268288600, 2.774121159304161000, 0.1745179224662113700 ) ) ;
#3087 = CARTESIAN_POINT ( 'NONE',  ( -0.1240124323124558200, 2.774121159304162800, 0.1648487091342709900 ) ) ;
#3088 = CARTESIAN_POINT ( 'NONE',  ( -0.1349586115658155400, 2.774121159304162800, 0.1559531010069561400 ) ) ;
#3089 = CARTESIAN_POINT ( 'NONE',  ( -0.1499560294319556300, 2.774121159304161500, 0.1409587847113850400 ) ) ;
#3090 = CARTESIAN_POINT ( 'NONE',  ( -0.1570337826055633300, 2.774121159304161500, 0.1331128443000812500 ) ) ;
#3091 = CARTESIAN_POINT ( 'NONE',  ( -0.1634801021399775200, 2.774121159304161500, 0.1247437304935001300 ) ) ;
#3092 = CARTESIAN_POINT ( 'NONE',  ( -0.1676373299097661000, 2.774121159304161500, 0.1190480605346066300 ) ) ;
#3093 = CARTESIAN_POINT ( 'NONE',  ( -0.1696902482206636100, 2.774121159304161000, 0.1160741000067665900 ) ) ;
#3094 = CARTESIAN_POINT ( 'NONE',  ( -0.1753717429581434000, 2.774121159304161900, 0.1073857983183288000 ) ) ;
#3095 = CARTESIAN_POINT ( 'NONE',  ( -0.1805903055666302200, 2.774121159304161900, 0.09845182447613866400 ) ) ;
#3096 = CARTESIAN_POINT ( 'NONE',  ( -0.1858684973841268900, 2.774121159304161900, 0.08759892872451673100 ) ) ;
#3097 = CARTESIAN_POINT ( 'NONE',  ( -0.1879569800432530400, 2.774121159304161500, 0.08285556063045027000 ) ) ;
#3098 = CARTESIAN_POINT ( 'NONE',  ( -0.1893107241385876800, 2.774121159304161500, 0.07967284255492655700 ) ) ;
#3099 = CARTESIAN_POINT ( 'NONE',  ( -0.1899952703713971000, 2.774121159304161500, 0.07800315969450200000 ) ) ;
#3100 = CARTESIAN_POINT ( 'NONE',  ( -0.1930519271034027400, 2.774121159304161500, 0.07028443852291103900 ) ) ;
#3101 = CARTESIAN_POINT ( 'NONE',  ( -0.1962572959935561500, 2.774121159304161500, 0.06088358210549465300 ) ) ;
#3102 = CARTESIAN_POINT ( 'NONE',  ( -0.1991873094526248600, 2.774121159304161500, 0.04967373201503787900 ) ) ;
#3103 = CARTESIAN_POINT ( 'NONE',  ( -0.2004499202872983300, 2.774121159304162800, 0.04400826090227517900 ) ) ;
#3104 = CARTESIAN_POINT ( 'NONE',  ( -0.2009476686675452900, 2.774121159304161900, 0.04156722769661946900 ) ) ;
#3105 = CARTESIAN_POINT ( 'NONE',  ( -0.2012698630212880800, 2.774121159304163300, 0.03993698908010930700 ) ) ;
#3106 = CARTESIAN_POINT ( 'NONE',  ( -0.2014351604528409100, 2.774121159304161000, 0.03907171720794300200 ) ) ;
#3107 = CARTESIAN_POINT ( 'NONE',  ( -0.2038566416863084300, 2.774121159304161900, 0.02599376232923352600 ) ) ;
#3108 = CARTESIAN_POINT ( 'NONE',  ( -0.2049974415111758500, 2.774121159304162800, 0.01355962041440380400 ) ) ;
#3109 = CARTESIAN_POINT ( 'NONE',  ( -0.2050000000000000700, 2.774121159304161500, 0.0009999999999997981400 ) ) ;
#3110 = CARTESIAN_POINT ( 'NONE',  ( -8.039359836777358700E-017, 1.784979023680429700, 0.0009999999999997163900 ) ) ;
#3111 = DIRECTION ( 'NONE',  ( -0.0000000000000000000, -1.000000000000000000, -0.0000000000000000000 ) ) ;
#3112 = DIRECTION ( 'NONE',  ( 0.0000000000000000000, 0.0000000000000000000, 1.000000000000000000 ) ) ;
#3113 = CARTESIAN_POINT ( 'NONE',  ( -8.039359836777358700E-017, 1.824121159304161100, 0.0009999999999997981400 ) ) ;
#3114 = DIRECTION ( 'NONE',  ( 0.0000000000000000000, -1.000000000000000000, 0.0000000000000000000 ) ) ;
#3115 = DIRECTION ( 'NONE',  ( 0.0000000000000000000, 0.0000000000000000000, -1.000000000000000000 ) ) ;
#3116 = CARTESIAN_POINT ( 'NONE',  ( -8.039359836777358700E-017, 1.034121159304161000, 0.0009999999999997981400 ) ) ;
#3117 = DIRECTION ( 'NONE',  ( 0.0000000000000000000, 1.000000000000000000, 0.0000000000000000000 ) ) ;
#3118 = DIRECTION ( 'NONE',  ( 0.0000000000000000000, 0.0000000000000000000, 1.000000000000000000 ) ) ;
#3119 = CARTESIAN_POINT ( 'NONE',  ( 0.2349999999999999300, 2.784121159304161700, 0.0009999999999997981400 ) ) ;
#3120 = CARTESIAN_POINT ( 'NONE',  ( -8.039359836777358700E-017, 0.8441211593041606500, 0.0009999999999997981400 ) ) ;
#3121 = DIRECTION ( 'NONE',  ( 0.0000000000000000000, 1.000000000000000000, 0.0000000000000000000 ) ) ;
#3122 = DIRECTION ( 'NONE',  ( 0.0000000000000000000, 0.0000000000000000000, 1.000000000000000000 ) ) ;
#3123 = DIRECTION ( 'NONE',  ( -2.207906407026225200E-035, 1.000000000000000000, -1.473117160979158800E-031 ) ) ;
#3124 = CARTESIAN_POINT ( 'NONE',  ( -8.039359836777358700E-017, 1.622121159304160700, 0.0009999999999997981400 ) ) ;
#3125 = DIRECTION ( 'NONE',  ( -0.0000000000000000000, -1.000000000000000000, -0.0000000000000000000 ) ) ;
#3126 = DIRECTION ( 'NONE',  ( 0.0000000000000000000, 0.0000000000000000000, 1.000000000000000000 ) ) ;
#3127 = CARTESIAN_POINT ( 'NONE',  ( 0.2349999999999999600, 2.784121159304161700, 0.4709999999999997000 ) ) ;
#3128 = CARTESIAN_POINT ( 'NONE',  ( -6.477935167864482500E-017, 2.484121159304161000, -0.1265000000000002000 ) ) ;
#3129 = CARTESIAN_POINT ( 'NONE',  ( -8.039359836777358700E-017, 1.622121159304160700, 0.0009999999999997981400 ) ) ;
#3130 = DIRECTION ( 'NONE',  ( -0.0000000000000000000, -1.000000000000000000, -0.0000000000000000000 ) ) ;
#3131 = DIRECTION ( 'NONE',  ( 0.0000000000000000000, 0.0000000000000000000, 1.000000000000000000 ) ) ;
#3132 = CARTESIAN_POINT ( 'NONE',  ( -0.2350000000000001300, 2.784121159304161700, 0.4709999999999997000 ) ) ;
#3133 = CARTESIAN_POINT ( 'NONE',  ( -0.2350000000000000400, 2.784121159304161700, 0.0009999999999997690900 ) ) ;
#3134 = CARTESIAN_POINT ( 'NONE',  ( -0.2049973441956593800, 2.774121159304161500, -0.01203734223853995800 ) ) ;
#3135 = CARTESIAN_POINT ( 'NONE',  ( -0.2350000000000001000, 2.774121159304161500, 0.0009999999999997693000 ) ) ;
#3136 = DIRECTION ( 'NONE',  ( -1.224646799147353200E-016, 1.473117160979158800E-031, 1.000000000000000000 ) ) ;
#3137 = DIRECTION ( 'NONE',  ( -1.000000000000000000, 0.0000000000000000000, -1.200519137840741300E-016 ) ) ;
#3138 = CARTESIAN_POINT ( 'NONE',  ( -0.2050000000000000700, 2.774121159304161500, 0.0009999999999997981400 ) ) ;
#3139 = CARTESIAN_POINT ( 'NONE',  ( 0.2225735931288070300, 2.774121159304161000, 0.0009999999999997708200 ) ) ;
#3140 = CARTESIAN_POINT ( 'NONE',  ( -0.2050000000000000700, 2.774121159304161000, 0.0009999999999997981400 ) ) ;
#3141 = DIRECTION ( 'NONE',  ( -0.0000000000000000000, 1.000000000000000000, 0.0000000000000000000 ) ) ;
#3142 = CARTESIAN_POINT ( 'NONE',  ( -8.039359836777358700E-017, 1.474121159304160500, 0.0009999999999997981400 ) ) ;
#3143 = CARTESIAN_POINT ( 'NONE',  ( -0.2050000000000000400, 2.774121159304161500, -0.4090000000000001400 ) ) ;
#3144 = CARTESIAN_POINT ( 'NONE',  ( 0.2049999999999998500, 2.774121159304161500, -0.4090000000000000300 ) ) ;
#3145 = CARTESIAN_POINT ( 'NONE',  ( 0.2225735931288069200, 2.774121159304161000, -0.4441471862576142900 ) ) ;
#3146 = DIRECTION ( 'NONE',  ( 0.0000000000000000000, 0.0000000000000000000, 1.000000000000000000 ) ) ;
#3147 = CARTESIAN_POINT ( 'NONE',  ( 0.2349999999999998200, 2.744121159304160800, -0.4689999999999999200 ) ) ;
#3148 = CARTESIAN_POINT ( 'NONE',  ( -0.2225735931288072000, 2.774121159304161000, -0.4441471862576143500 ) ) ;
#3149 = CARTESIAN_POINT ( 'NONE',  ( -0.2225735931288072000, 2.774121159304161000, 0.0009999999999997981400 ) ) ;
#3150 = DIRECTION ( 'NONE',  ( 0.0000000000000000000, 0.0000000000000000000, -1.000000000000000000 ) ) ;
#3151 = DIRECTION ( 'NONE',  ( -1.881859469626399500E-017, -1.000000000000000000, -5.090600643806250700E-017 ) ) ;
#3152 = CARTESIAN_POINT ( 'NONE',  ( -0.2350000000000000100, 2.761694752432968200, 0.0009999999999997981400 ) ) ;
#3153 = DIRECTION ( 'NONE',  ( 0.0000000000000000000, 0.0000000000000000000, 1.000000000000000000 ) ) ;
#3154 = CARTESIAN_POINT ( 'NONE',  ( 0.2349999999999998500, 2.761694752432968200, 0.0009999999999997693000 ) ) ;
#3155 = CARTESIAN_POINT ( 'NONE',  ( -1.345000000000000000, 0.6731211593041601700, 0.0009999999999997981400 ) ) ;
#3156 = CARTESIAN_POINT ( 'NONE',  ( 0.2049999999999999000, 2.774121159304161000, 0.0009999999999997729900 ) ) ;
#3157 = CARTESIAN_POINT ( 'NONE',  ( 7.761804080621114900E-017, 0.6991211593041598600, 0.0009999999999997981400 ) ) ;
#3158 = PLANE ( 'NONE',  #1583 ) ;
#3159 = CARTESIAN_POINT ( 'NONE',  ( 0.2349999999999998800, 2.744121159304160800, 0.0009999999999997693000 ) ) ;
#3160 = DIRECTION ( 'NONE',  ( 1.110223024625158300E-016, 1.000000000000000000, 0.0000000000000000000 ) ) ;
#3161 = CARTESIAN_POINT ( 'NONE',  ( -0.2349999999999999900, 2.761694752432967400, -0.4690000000000000300 ) ) ;
#3162 = CARTESIAN_POINT ( 'NONE',  ( 0.2349999999999997900, 2.761694752432967400, -0.4689999999999998100 ) ) ;
#3163 = CARTESIAN_POINT ( 'NONE',  ( -7.922684549660521700E-017, 2.846121159304161100, 0.0009999999999998013900 ) ) ;
#3164 = ORIENTED_EDGE ( 'NONE', *, *, #657, .F. ) ;
#3165 = ORIENTED_EDGE ( 'NONE', *, *, #676, .T. ) ;
#3166 = ORIENTED_EDGE ( 'NONE', *, *, #627, .T. ) ;
#3167 = ORIENTED_EDGE ( 'NONE', *, *, #654, .F. ) ;
#3168 = ORIENTED_EDGE ( 'NONE', *, *, #325, .T. ) ;
#3169 = ORIENTED_EDGE ( 'NONE', *, *, #648, .T. ) ;
#3170 = ORIENTED_EDGE ( 'NONE', *, *, #628, .T. ) ;
#3171 = ORIENTED_EDGE ( 'NONE', *, *, #622, .F. ) ;
#3172 = ORIENTED_EDGE ( 'NONE', *, *, #620, .F. ) ;
#3173 = ORIENTED_EDGE ( 'NONE', *, *, #626, .T. ) ;
#3174 = ORIENTED_EDGE ( 'NONE', *, *, #646, .F. ) ;
#3175 = ORIENTED_EDGE ( 'NONE', *, *, #655, .F. ) ;
#3176 = ORIENTED_EDGE ( 'NONE', *, *, #632, .F. ) ;
#3177 = ORIENTED_EDGE ( 'NONE', *, *, #653, .F. ) ;
#3178 = ORIENTED_EDGE ( 'NONE', *, *, #2065, .F. ) ;
#3179 = ORIENTED_EDGE ( 'NONE', *, *, #658, .F. ) ;
#3180 = ORIENTED_EDGE ( 'NONE', *, *, #633, .F. ) ;
#3181 = ORIENTED_EDGE ( 'NONE', *, *, #676, .F. ) ;
#3182 = ORIENTED_EDGE ( 'NONE', *, *, #633, .T. ) ;
#3183 = ORIENTED_EDGE ( 'NONE', *, *, #630, .F. ) ;
#3184 = ORIENTED_EDGE ( 'NONE', *, *, #623, .F. ) ;
#3185 = ORIENTED_EDGE ( 'NONE', *, *, #662, .F. ) ;
#3186 = ORIENTED_EDGE ( 'NONE', *, *, #284, .F. ) ;
#3187 = ORIENTED_EDGE ( 'NONE', *, *, #602, .T. ) ;
#3188 = ORIENTED_EDGE ( 'NONE', *, *, #656, .T. ) ;
#3189 = ORIENTED_EDGE ( 'NONE', *, *, #668, .F. ) ;
#3190 = ORIENTED_EDGE ( 'NONE', *, *, #696, .F. ) ;
#3191 = ORIENTED_EDGE ( 'NONE', *, *, #625, .F. ) ;
#3192 = ORIENTED_EDGE ( 'NONE', *, *, #677, .T. ) ;
#3193 = CARTESIAN_POINT ( 'NONE',  ( -7.942062243231884200E-015, 1.173121159304159900, -1.287500000000000300 ) ) ;
#3194 = ORIENTED_EDGE ( 'NONE', *, *, #652, .F. ) ;
#3195 = ORIENTED_EDGE ( 'NONE', *, *, #654, .T. ) ;
#3196 = DIRECTION ( 'NONE',  ( -1.110223024625158300E-016, -1.000000000000000000, 0.0000000000000000000 ) ) ;
#3197 = ORIENTED_EDGE ( 'NONE', *, *, #652, .T. ) ;
#3198 = ORIENTED_EDGE ( 'NONE', *, *, #660, .F. ) ;
#3199 = DIRECTION ( 'NONE',  ( 0.0000000000000000000, 1.000000000000000000, 0.0000000000000000000 ) ) ;
#3200 = ORIENTED_EDGE ( 'NONE', *, *, #2834, .F. ) ;
#3201 = ORIENTED_EDGE ( 'NONE', *, *, #626, .F. ) ;
#3202 = ORIENTED_EDGE ( 'NONE', *, *, #665, .F. ) ;
#3203 = ORIENTED_EDGE ( 'NONE', *, *, #629, .F. ) ;
#3205 = ORIENTED_EDGE ( 'NONE', *, *, #669, .F. ) ;
#3204 = CARTESIAN_POINT ( 'NONE',  ( 1.464691822621461000E-016, 1.173121159304159900, 1.289500000000000100 ) ) ;
#3206 = ORIENTED_EDGE ( 'NONE', *, *, #627, .F. ) ;
#3207 = ORIENTED_EDGE ( 'NONE', *, *, #327, .F. ) ;
#3208 = ORIENTED_EDGE ( 'NONE', *, *, #670, .F. ) ;
#3209 = ORIENTED_EDGE ( 'NONE', *, *, #2829, .F. ) ;
#3210 = ORIENTED_EDGE ( 'NONE', *, *, #290, .T. ) ;
#3211 = CARTESIAN_POINT ( 'NONE',  ( 1.010333609296566300E-016, -1.121695635593685900E-032, 0.8259999999999996200 ) ) ;
#3212 = ORIENTED_EDGE ( 'NONE', *, *, #667, .T. ) ;
#3213 = ORIENTED_EDGE ( 'NONE', *, *, #663, .T. ) ;
#3214 = ORIENTED_EDGE ( 'NONE', *, *, #631, .F. ) ;
#3215 = DIRECTION ( 'NONE',  ( -1.110223024625158300E-016, -1.000000000000000000, 0.0000000000000000000 ) ) ;
#3216 = ORIENTED_EDGE ( 'NONE', *, *, #647, .F. ) ;
#3217 = ORIENTED_EDGE ( 'NONE', *, *, #663, .F. ) ;
#3218 = ORIENTED_EDGE ( 'NONE', *, *, #645, .F. ) ;
#3219 = DIRECTION ( 'NONE',  ( -1.110223024625158300E-016, -1.000000000000000000, 0.0000000000000000000 ) ) ;
#3220 = ORIENTED_EDGE ( 'NONE', *, *, #674, .F. ) ;
#3221 = CARTESIAN_POINT ( 'NONE',  ( -8.039359836777358700E-017, 1.034121159304161000, 0.0009999999999997981400 ) ) ;
#3222 = ORIENTED_EDGE ( 'NONE', *, *, #2828, .F. ) ;
#3223 = ORIENTED_EDGE ( 'NONE', *, *, #641, .F. ) ;
#3224 = DIRECTION ( 'NONE',  ( 0.0000000000000000000, 0.0000000000000000000, 1.000000000000000000 ) ) ;
#3225 = ORIENTED_EDGE ( 'NONE', *, *, #629, .T. ) ;
#3226 = ORIENTED_EDGE ( 'NONE', *, *, #286, .T. ) ;
#3227 = ORIENTED_EDGE ( 'NONE', *, *, #619, .F. ) ;
#3228 = ORIENTED_EDGE ( 'NONE', *, *, #2831, .F. ) ;
#3229 = ORIENTED_EDGE ( 'NONE', *, *, #2067, .T. ) ;
#3230 = ORIENTED_EDGE ( 'NONE', *, *, #641, .T. ) ;
#3231 = ORIENTED_EDGE ( 'NONE', *, *, #675, .F. ) ;
#3232 = ORIENTED_EDGE ( 'NONE', *, *, #666, .F. ) ;
#3233 = ORIENTED_EDGE ( 'NONE', *, *, #661, .F. ) ;
#3234 = ORIENTED_EDGE ( 'NONE', *, *, #651, .F. ) ;
#3235 = ORIENTED_EDGE ( 'NONE', *, *, #1544, .F. ) ;
#3236 = ORIENTED_EDGE ( 'NONE', *, *, #704, .F. ) ;
#3237 = ORIENTED_EDGE ( 'NONE', *, *, #653, .T. ) ;
#3238 = ORIENTED_EDGE ( 'NONE', *, *, #628, .F. ) ;
#3239 = FACE_OUTER_BOUND ( 'NONE', #1835, .T. ) ;
#3240 = FACE_OUTER_BOUND ( 'NONE', #1802, .T. ) ;
#3241 = ORIENTED_EDGE ( 'NONE', *, *, #638, .T. ) ;
#3242 = FACE_OUTER_BOUND ( 'NONE', #1808, .T. ) ;
#3243 = ORIENTED_EDGE ( 'NONE', *, *, #635, .T. ) ;
#3244 = FACE_OUTER_BOUND ( 'NONE', #1812, .T. ) ;
#3245 = ORIENTED_EDGE ( 'NONE', *, *, #2068, .T. ) ;
#3246 = ORIENTED_EDGE ( 'NONE', *, *, #700, .T. ) ;
#3247 = ORIENTED_EDGE ( 'NONE', *, *, #324, .F. ) ;
#3248 = ORIENTED_EDGE ( 'NONE', *, *, #328, .F. ) ;
#3249 = FACE_OUTER_BOUND ( 'NONE', #1847, .T. ) ;
#3250 = CYLINDRICAL_SURFACE ( 'NONE', #1557, 0.1325000000000000300 ) ;
#3251 = ORIENTED_EDGE ( 'NONE', *, *, #2071, .F. ) ;
#3252 = ORIENTED_EDGE ( 'NONE', *, *, #677, .F. ) ;
#3253 = FACE_OUTER_BOUND ( 'NONE', #1897, .T. ) ;
#3254 = FACE_OUTER_BOUND ( 'NONE', #1056, .T. ) ;
#3255 = CYLINDRICAL_SURFACE ( 'NONE', #1561, 0.2575000000000000600 ) ;
#3256 = CYLINDRICAL_SURFACE ( 'NONE', #1546, 0.1325000000000000300 ) ;
#3257 = CYLINDRICAL_SURFACE ( 'NONE', #1553, 1.374999999999999800 ) ;
#3258 = ORIENTED_EDGE ( 'NONE', *, *, #638, .F. ) ;
#3259 = FACE_OUTER_BOUND ( 'NONE', #1040, .T. ) ;
#3260 = FACE_OUTER_BOUND ( 'NONE', #1853, .T. ) ;
#3261 = ORIENTED_EDGE ( 'NONE', *, *, #2827, .T. ) ;
#3262 = ORIENTED_EDGE ( 'NONE', *, *, #634, .F. ) ;
#3263 = CYLINDRICAL_SURFACE ( 'NONE', #1558, 0.2640000000000001200 ) ;
#3264 = ORIENTED_EDGE ( 'NONE', *, *, #670, .T. ) ;
#3265 = CYLINDRICAL_SURFACE ( 'NONE', #1547, 0.1325000000000000300 ) ;
#3266 = ORIENTED_EDGE ( 'NONE', *, *, #650, .T. ) ;
#3267 = ORIENTED_EDGE ( 'NONE', *, *, #634, .T. ) ;
#3268 = ORIENTED_EDGE ( 'NONE', *, *, #288, .F. ) ;
#3269 = CYLINDRICAL_SURFACE ( 'NONE', #1552, 0.1325000000000000300 ) ;
#3270 = ORIENTED_EDGE ( 'NONE', *, *, #2826, .T. ) ;
#3271 = CYLINDRICAL_SURFACE ( 'NONE', #1550, 0.1250000000000001100 ) ;
#3272 = FACE_OUTER_BOUND ( 'NONE', #1097, .T. ) ;
#3273 = FACE_OUTER_BOUND ( 'NONE', #1817, .T. ) ;
#3274 = ORIENTED_EDGE ( 'NONE', *, *, #291, .T. ) ;
#3275 = ORIENTED_EDGE ( 'NONE', *, *, #2072, .T. ) ;
#3276 = ORIENTED_EDGE ( 'NONE', *, *, #642, .T. ) ;
#3277 = ORIENTED_EDGE ( 'NONE', *, *, #637, .T. ) ;
#3278 = FACE_OUTER_BOUND ( 'NONE', #1900, .T. ) ;
#3279 = FACE_OUTER_BOUND ( 'NONE', #1063, .T. ) ;
#3280 = FACE_OUTER_BOUND ( 'NONE', #1873, .T. ) ;
#3281 = ORIENTED_EDGE ( 'NONE', *, *, #289, .F. ) ;
#3282 = ORIENTED_EDGE ( 'NONE', *, *, #287, .T. ) ;
#3283 = FACE_OUTER_BOUND ( 'NONE', #985, .T. ) ;
#3284 = CYLINDRICAL_SURFACE ( 'NONE', #1551, 0.1349999999999999800 ) ;
#3285 = ORIENTED_EDGE ( 'NONE', *, *, #2064, .T. ) ;
#3286 = CYLINDRICAL_SURFACE ( 'NONE', #1560, 0.1275000000000000000 ) ;
#3287 = CYLINDRICAL_SURFACE ( 'NONE', #1548, 0.1325000000000000300 ) ;
#3288 = FACE_BOUND ( 'NONE', #1845, .T. ) ;
#3289 = FACE_OUTER_BOUND ( 'NONE', #1797, .T. ) ;
#3290 = ORIENTED_EDGE ( 'NONE', *, *, #2066, .T. ) ;
#3291 = FACE_OUTER_BOUND ( 'NONE', #1089, .T. ) ;
#3292 = ORIENTED_EDGE ( 'NONE', *, *, #636, .T. ) ;
#3293 = ORIENTED_EDGE ( 'NONE', *, *, #640, .T. ) ;
#3294 = CYLINDRICAL_SURFACE ( 'NONE', #1555, 0.1325000000000000300 ) ;
#3295 = FACE_OUTER_BOUND ( 'NONE', #1831, .T. ) ;
#3296 = CYLINDRICAL_SURFACE ( 'NONE', #1554, 0.8249999999999998400 ) ;
#3297 = CYLINDRICAL_SURFACE ( 'NONE', #1549, 0.2450000000000000000 ) ;
#3298 = CONICAL_SURFACE ( 'NONE', #1545, 1.344999999999999800, 0.7853981633974482800 ) ;
#3299 = ORIENTED_EDGE ( 'NONE', *, *, #698, .T. ) ;
#3300 = ORIENTED_EDGE ( 'NONE', *, *, #636, .F. ) ;
#3301 = CYLINDRICAL_SURFACE ( 'NONE', #1559, 0.2750000000000001300 ) ;
#3302 = ORIENTED_EDGE ( 'NONE', *, *, #635, .F. ) ;
ENDSEC;
END-ISO-10303-21;
